,key,name,type,country_code,country_name,supports_region,supports_city
0,4079,England,region,GB,United Kingdom,True,True
1,2459,Addu Atoll,region,MV,Maldives,True,True
2,14,Umm al-Quwain,region,AE,United Arab Emirates,True,True
3,3161,Ryazan Oblast,region,RU,Russia,True,True
4,4366,Mubarak Al-Kabeer Governorate,region,KW,Kuwait,True,True
5,2033,West Kazakhstan Province,region,KZ,Kazakhstan,True,True
6,3729,Ardahan Province,region,TR,Turkey,True,True
7,983,Saare County,region,EE,Estonia,True,True
8,3130,Republic of Khakassia,region,RU,Russia,True,True
9,4934,Plateaux Region,region,TG,Togo,True,True
10,4644,Alif Alif Atoll,region,MV,Maldives,True,True
11,1727,Dadra and Nagar Haveli,region,IN,India,True,True
12,3114,Chukotka Autonomous Okrug,region,RU,Russia,True,True
13,4581,Amoron'i Mania,region,MG,Madagascar,True,True
14,3186,Yamalo-Nenets Autonomous Okrug,region,RU,Russia,True,True
15,4072,Mashonaland East Province,region,ZW,Zimbabwe,True,True
16,1429,Upper East Region,region,GH,Ghana,True,True
17,3106,Astrakhan Oblast,region,RU,Russia,True,True
18,2385,Ségou Region,region,ML,Mali,True,True
19,3465,Lower Shebelle,region,SO,Somalia,True,True
20,3479,São Tomé Island,region,ST,Sao Tome and Principe,True,True
21,4804,Masindi District,region,UG,Uganda,True,True
22,1430,Upper West Region,region,GH,Ghana,True,True
23,4573,Atsimo-Atsinanana,region,MG,Madagascar,True,True
24,3832,Mbale District,region,UG,Uganda,True,True
25,3159,Pskov Oblast,region,RU,Russia,True,True
26,3168,Smolensk Oblast,region,RU,Russia,True,True
27,3124,Kaluga Oblast,region,RU,Russia,True,True
28,361,Silistra Province,region,BG,Bulgaria,True,True
29,3125,Kamchatka Krai,region,RU,Russia,True,True
30,4576,Osh Region,region,KG,Kyrgyzstan,True,True
31,366,Targovishte Province,region,BG,Bulgaria,True,True
32,4590,Anosy,region,MG,Madagascar,True,True
33,2406,Arkhangai Province,region,MN,Mongolia,True,True
34,2740,Al Batinah North Governorate,region,OM,Oman,True,True
35,2030,Aktobe Region,region,KZ,Kazakhstan,True,True
36,2427,Darkhan-Uul Province,region,MN,Mongolia,True,True
37,3141,Leningrad Oblast,region,RU,Russia,True,True
38,2044,Attapeu Province,region,LA,Laos,True,True
39,71,Armavir Region,region,AM,Armenia,True,True
40,2415,Khentii Province,region,MN,Mongolia,True,True
41,4745,Mityana District,region,UG,Uganda,True,True
42,4810,Sheema District,region,UG,Uganda,True,True
43,3449,Kaolack,region,SN,Senegal,True,True
44,62,Gjirokastër County,region,AL,Albania,True,True
45,1723,Andaman and Nicobar Islands,region,IN,India,True,True
46,64,Kukës County,region,AL,Albania,True,True
47,3145,Republic of Mordovia,region,RU,Russia,True,True
48,3199,Al Bahah Region,region,SA,Saudi Arabia,True,True
49,157,Ganja,region,AZ,Azerbaijan,True,True
50,2257,Atsimo-Andrefana,region,MG,Madagascar,True,True
51,3914,Bukhara Region,region,UZ,Uzbekistan,True,True
52,2040,Kyzylorda Region,region,KZ,Kazakhstan,True,True
53,1442,Boké Region,region,GN,Guinea,True,True
54,4381,Racha-Lechkhumi and Kvemo Svaneti,region,GE,Georgia,True,True
55,3108,Belgorod Oblast,region,RU,Russia,True,True
56,3469,Commewijne District,region,SR,Suriname,True,True
57,2423,Uvs Province,region,MN,Mongolia,True,True
58,1459,Mamou Region,region,GN,Guinea,True,True
59,3167,North Ossetia-Alania,region,RU,Russia,True,True
60,1468,Labé Region,region,GN,Guinea,True,True
61,3624,Ahal Region,region,TM,Turkmenistan,True,True
62,2029,Akmola Region,region,KZ,Kazakhstan,True,True
63,400,Atakora Department,region,BJ,Benin,True,True
64,4610,Haa Dhaalu Atoll,region,MV,Maldives,True,True
65,1940,Jalal-Abad Region,region,KG,Kyrgyzstan,True,True
66,4932,Awdal Region,region,SO,Somalia,True,True
67,3104,Amur Oblast,region,RU,Russia,True,True
68,3123,Republic of Kalmykia,region,RU,Russia,True,True
69,4904,Northern Red Sea Region,region,ER,Eritrea,True,True
70,494,Paro District,region,BT,Bhutan,True,True
71,4205,Adjuntas,region,PR,Puerto Rico,True,True
72,3472,Nickerie District,region,SR,Suriname,True,True
73,2791,East New Britain,region,PG,Papua New Guinea,True,True
74,1567,Essequibo Islands-West Demerara,region,GY,Guyana,True,True
75,4705,Amran Governorate,region,YE,Yemen,True,True
76,4579,Alaotra-Mangoro,region,MG,Madagascar,True,True
77,3824,Kabarole District,region,UG,Uganda,True,True
78,4700,Ash Sharqiyah South Governorate,region,OM,Oman,True,True
79,2042,North Kazakhstan Region,region,KZ,Kazakhstan,True,True
80,4580,Analanjirofo,region,MG,Madagascar,True,True
81,4208,Arroyo,region,PR,Puerto Rico,True,True
82,4702,Al Buraimi Governorate,region,OM,Oman,True,True
83,3926,Tashkent Region,region,UZ,Uzbekistan,True,True
84,2410,Dornod Province,region,MN,Mongolia,True,True
85,4536,Leeward Islands,region,PF,French Polynesia,True,True
86,3121,Kabardino-Balkar Republic,region,RU,Russia,True,True
87,3922,Samarqand Region,region,UZ,Uzbekistan,True,True
88,4603,Baa Atoll,region,MV,Maldives,True,True
89,172,Nakhchivan Autonomous Republic,region,AZ,Azerbaijan,True,True
90,2489,Mzimba District,region,MW,Malawi,True,True
91,4523,Alibori Department,region,BJ,Benin,True,True
92,3109,Bryansk Oblast,region,RU,Russia,True,True
93,4207,Aguas Buenas,region,PR,Puerto Rico,True,True
94,2411,Dornogovi Province,region,MN,Mongolia,True,True
95,3148,Murmansk Oblast,region,RU,Russia,True,True
96,3180,Ulyanovsk Oblast,region,RU,Russia,True,True
97,3621,Gorno-Badakhshan Autonomous Province,region,TJ,Tajikistan,True,True
98,580,Appenzell Ausserrhoden,region,CH,Switzerland,True,True
99,4785,Lira District,region,UG,Uganda,True,True
100,3051,Al Khor,region,QA,Qatar,True,True
101,92,Zaire Province,region,AO,Angola,True,True
102,4779,Gulu District,region,UG,Uganda,True,True
103,1941,Naryn Region,region,KG,Kyrgyzstan,True,True
104,3834,Mpigi District,region,UG,Uganda,True,True
105,2037,Pavlodar Region,region,KZ,Kazakhstan,True,True
106,895,Hato Mayor Province,region,DO,Dominican Republic,True,True
107,2438,Adrar Region,region,MR,Mauritania,True,True
108,2437,Trarza Region,region,MR,Mauritania,True,True
109,3941,Delta Amacuro,region,VE,Venezuela,True,True
110,1566,East Berbice-Corentyne,region,GY,Guyana,True,True
111,2121,Leribe District,region,LS,Lesotho,True,True
112,514,Brest Region,region,BY,Belarus,True,True
113,2421,Sükhbaatar Province,region,MN,Mongolia,True,True
114,374,Muharraq Governorate,region,BH,Bahrain,True,True
115,4165,Perm Krai,region,RU,Russia,True,True
116,4209,Añasco,region,PR,Puerto Rico,True,True
117,2027,Almaty Region,region,KZ,Kazakhstan,True,True
118,2425,Bulgan Province,region,MN,Mongolia,True,True
119,363,Smolyan Province,region,BG,Bulgaria,True,True
120,1472,Nzérékoré Region,region,GN,Guinea,True,True
121,2936,Federally Administered Tribal Areas,region,PK,Pakistan,True,True
122,4288,South Caribbean Coast Autonomous Region,region,NI,Nicaragua,True,True
123,2137,Utena County,region,LT,Lithuania,True,True
124,65,Lezhë County,region,AL,Albania,True,True
125,1591,Bjelovar-Bilogora County,region,HR,Croatia,True,True
126,401,Atlantique Department,region,BJ,Benin,True,True
127,4517,El Tarf Province,region,DZ,Algeria,True,True
128,680,Adamawa,region,CM,Cameroon,True,True
129,4250,Trujillo Alto,region,PR,Puerto Rico,True,True
130,2417,Khövsgöl Province,region,MN,Mongolia,True,True
131,1453,Kindia Region,region,GN,Guinea,True,True
132,351,Kyustendil Province,region,BG,Bulgaria,True,True
133,2743,Ad Dhahirah Governorate,region,OM,Oman,True,True
134,4455,Minsk Region,region,BY,Belarus,True,True
135,870,Azua Province,region,DO,Dominican Republic,True,True
136,52,Saint John Parish,region,AG,Antigua,True,True
137,4253,Vega Alta,region,PR,Puerto Rico,True,True
138,4248,Toa Alta,region,PR,Puerto Rico,True,True
139,3659,Amasya Province,region,TR,Turkey,True,True
140,1943,Issyk-Kul Region,region,KG,Kyrgyzstan,True,True
141,358,Razgrad Province,region,BG,Bulgaria,True,True
142,4394,Al Wakra,region,QA,Qatar,True,True
143,3798,Sumy Oblast,region,UA,Ukraine,True,True
144,2038,Karaganda Region,region,KZ,Kazakhstan,True,True
145,3087,Sălaj County,region,RO,Romania,True,True
146,371,Yambol Province,region,BG,Bulgaria,True,True
147,2136,Telšiai County,region,LT,Lithuania,True,True
148,4387,Dakhla-Oued Ed-Dahab,region,MA,Morocco,True,True
149,2232,Laâyoune-Boujdour-Sakia El Hamra,region,MA,Morocco,True,True
150,3172,Republic of Tatarstan,region,RU,Russia,True,True
151,3152,Novosibirsk Oblast,region,RU,Russia,True,True
152,3158,Primorsky Krai,region,RU,Russia,True,True
153,4378,Samegrelo-Zemo Svaneti,region,GE,Georgia,True,True
154,3658,Ağrı Province,region,TR,Turkey,True,True
155,352,Lovech Province,region,BG,Bulgaria,True,True
156,2132,Marijampolė County,region,LT,Lithuania,True,True
157,3112,Chelyabinsk Oblast,region,RU,Russia,True,True
158,350,Kardzhali Province,region,BG,Bulgaria,True,True
159,1597,Krapina-Zagorje County,region,HR,Croatia,True,True
160,1879,Tafilah Governorate,region,JO,Jordan,True,True
161,2178,Wadi al Shatii District,region,LY,Libya,True,True
162,370,Vratsa Province,region,BG,Bulgaria,True,True
163,4337,Madaba Governorate,region,JO,Jordan,True,True
164,2622,Adamawa,region,NG,Nigeria,True,True
165,1599,Međimurje County,region,HR,Croatia,True,True
166,2253,Atsinanana,region,MG,Madagascar,True,True
167,2416,Khovd Province,region,MN,Mongolia,True,True
168,369,Vidin Province,region,BG,Bulgaria,True,True
169,3132,Kirov Oblast,region,RU,Russia,True,True
170,1613,Artibonite Department,region,HT,Haiti,True,True
171,3175,Tula Oblast,region,RU,Russia,True,True
172,3835,Mukono District,region,UG,Uganda,True,True
173,3122,Kaliningrad Oblast,region,RU,Russia,True,True
174,4454,Marj District,region,LY,Libya,True,True
175,4701,Ad Dakhiliyah Governorate,region,OM,Oman,True,True
176,2407,Bayankhongor Province,region,MN,Mongolia,True,True
177,1041,Afar,region,ET,Ethiopia,True,True
178,4744,Masaka District,region,UG,Uganda,True,True
179,2386,Sikasso Region,region,ML,Mali,True,True
180,4036,Al Mahrah Governorate,region,YE,Yemen,True,True
181,4062,Eastern Province,region,ZM,Zambia,True,True
182,4335,Ajloun Governorate,region,JO,Jordan,True,True
183,2727,Gisborne District,region,NZ,New Zealand,True,True
184,3103,Altai Krai,region,RU,Russia,True,True
185,42,Jowzjan,region,AF,Afghanistan,True,True
186,3033,Caazapá,region,PY,Paraguay,True,True
187,353,Montana Province,region,BG,Bulgaria,True,True
188,4164,Altai Republic,region,RU,Russia,True,True
189,3177,Tyumen Oblast,region,RU,Russia,True,True
190,2414,Govi-Altai Province,region,MN,Mongolia,True,True
191,3176,Tver Oblast,region,RU,Russia,True,True
192,1466,Kankan Region,region,GN,Guinea,True,True
193,3153,Omsk Oblast,region,RU,Russia,True,True
194,1884,Akita Prefecture,region,JP,Japan,True,True
195,3185,Voronezh Oblast,region,RU,Russia,True,True
196,3171,Tambov Oblast,region,RU,Russia,True,True
197,355,Pernik Province,region,BG,Bulgaria,True,True
198,2032,Atyrau Region,region,KZ,Kazakhstan,True,True
199,3131,Khanty-Mansi Autonomous Okrug,region,RU,Russia,True,True
200,3129,Khabarovsk Krai,region,RU,Russia,True,True
201,6,Andorra la Vella,region,AD,Andorra,True,True
202,2041,East Kazakhstan Region,region,KZ,Kazakhstan,True,True
203,3047,Alto Paraguay Department,region,PY,Paraguay,True,True
204,3105,Arkhangelsk Oblast,region,RU,Russia,True,True
205,3183,Volgograd Oblast,region,RU,Russia,True,True
206,2413,Zavkhan Province,region,MN,Mongolia,True,True
207,940,Naama Province,region,DZ,Algeria,True,True
208,3128,Kemerovo Oblast,region,RU,Russia,True,True
209,1866,Saint Ann Parish,region,JM,Jamaica,True,True
210,2384,Mopti Region,region,ML,Mali,True,True
211,2420,Selenge Province,region,MN,Mongolia,True,True
212,3166,Saratov Oblast,region,RU,Russia,True,True
213,4039,Al Hudaydah Governorate,region,YE,Yemen,True,True
214,677,Northwest,region,CM,Cameroon,True,True
215,2036,South Kazakhstan Region,region,KZ,Kazakhstan,True,True
216,69,Aragatsotn Region,region,AM,Armenia,True,True
217,3255,Gotland County,region,SE,Sweden,True,True
218,57,Berat County,region,AL,Albania,True,True
219,3477,Wanica District,region,SR,Suriname,True,True
220,138,Absheron District,region,AZ,Azerbaijan,True,True
221,3661,Artvin Province,region,TR,Turkey,True,True
222,2383,Kayes Region,region,ML,Mali,True,True
223,4287,North Caribbean Coast Autonomous Region,region,NI,Nicaragua,True,True
224,2109,Bong County,region,LR,Liberia,True,True
225,53,Saint Mary Parish,region,AG,Antigua,True,True
226,362,Sliven Province,region,BG,Bulgaria,True,True
227,55,Saint Peter Parish,region,AG,Antigua,True,True
228,1734,Lakshadweep,region,IN,India,True,True
229,4646,Faafu Atoll,region,MV,Maldives,True,True
230,4531,Marquesas Islands,region,PF,French Polynesia,True,True
231,4861,Maryland County,region,LR,Liberia,True,True
232,860,Saint Andrew Parish,region,DM,Dominica,True,True
233,497,Samtse District,region,BT,Bhutan,True,True
234,4354,Saint Andrew,region,GG,Guernsey,True,True
235,139,Aghjabadi District,region,AZ,Azerbaijan,True,True
236,4738,Kiboga District,region,UG,Uganda,True,True
237,4768,Ngora District,region,UG,Uganda,True,True
238,4769,Pallisa District,region,UG,Uganda,True,True
239,4795,Bundibugyo District,region,UG,Uganda,True,True
240,156,Gədəbəy,region,AZ,Azerbaijan,True,True
241,3816,Adjumani District,region,UG,Uganda,True,True
242,4687,Meemu Atoll,region,MV,Maldives,True,True
243,4409,Grand'Anse Mahé,region,SC,Seychelles,True,True
244,4780,Kaabong District,region,UG,Uganda,True,True
245,4820,Aitutaki,region,CK,Cook Islands,True,True
246,3826,Kamwenge District,region,UG,Uganda,True,True
247,4418,Grand'Anse Praslin,region,SC,Seychelles,True,True
248,2499,Mwanza District,region,MW,Malawi,True,True
249,212,Saint Andrew,region,BB,Barbados,True,True
250,149,Beylagan District,region,AZ,Azerbaijan,True,True
251,4852,Kwajalein,region,MH,Marshall Islands,True,True
252,155,Fizuli District,region,AZ,Azerbaijan,True,True
253,203,Yardymli District,region,AZ,Azerbaijan,True,True
254,4777,Apac District,region,UG,Uganda,True,True
255,168,Lerik District,region,AZ,Azerbaijan,True,True
256,173,Neftchala District,region,AZ,Azerbaijan,True,True
257,2111,Grand Cape Mount County,region,LR,Liberia,True,True
258,140,Agdam District,region,AZ,Azerbaijan,True,True
259,3053,Madinat ash Shamal,region,QA,Qatar,True,True
260,4799,Ibanda District,region,UG,Uganda,True,True
261,4789,Nebbi District,region,UG,Uganda,True,True
262,4650,Gaafu Dhaalu Atoll,region,MV,Maldives,True,True
263,190,Siazan District,region,AZ,Azerbaijan,True,True
264,4400,Anse Boileau,region,SC,Seychelles,True,True
265,159,Goychay,region,AZ,Azerbaijan,True,True
266,4772,Agago District,region,UG,Uganda,True,True
267,4640,Shaviyani Atoll,region,MV,Maldives,True,True
268,4787,Moyo District,region,UG,Uganda,True,True
269,174,Oghuz District,region,AZ,Azerbaijan,True,True
270,4655,Andrijevica Municipality,region,ME,Montenegro,True,True
271,2488,Mchinji District,region,MW,Malawi,True,True
272,4847,Arta Region,region,DJ,Djibouti,True,True
273,182,Saatly District,region,AZ,Azerbaijan,True,True
274,2259,Aračinovo Municipality,region,MK,Macedonia,True,True
275,4040,Al Mahwit Governorate,region,YE,Yemen,True,True
276,145,Astara District,region,AZ,Azerbaijan,True,True
277,4808,Ntungamo District,region,UG,Uganda,True,True
278,3188,Jewish Autonomous Oblast,region,RU,Russia,True,True
279,164,Kurdamir District,region,AZ,Azerbaijan,True,True
280,4649,Kolhumadulhu Atoll,region,MV,Maldives,True,True
281,4815,Abim District,region,UG,Uganda,True,True
282,4773,Alebtong District,region,UG,Uganda,True,True
283,154,Shabran District,region,AZ,Azerbaijan,True,True
284,161,Imishli District,region,AZ,Azerbaijan,True,True
285,4916,Ebon Atoll,region,MH,Marshall Islands,True,True
286,4868,Arno Atoll,region,MH,Marshall Islands,True,True
287,4954,Nukunonu,region,TK,Tokelau,True,True
288,4950,Atafu,region,TK,Tokelau,True,True
289,4645,Vaavu Atoll,region,MV,Maldives,True,True
290,4873,Enewetak Atoll,region,MH,Marshall Islands,True,True
291,4479,Scrub Island,region,AI,Anguilla,True,True
292,4883,Mili Atoll,region,MH,Marshall Islands,True,True
293,4891,Wotje Atoll,region,MH,Marshall Islands,True,True
294,4881,Maloelap Atoll,region,MH,Marshall Islands,True,True
295,4870,Ailuk Atoll,region,MH,Marshall Islands,True,True
296,4867,Ailinglaplap Atoll,region,MH,Marshall Islands,True,True
297,4872,Jaluit Atoll,region,MH,Marshall Islands,True,True
298,4909,Anibare District,region,NR,Nauru,True,True
299,4908,Anetan District,region,NR,Nauru,True,True
300,4884,Rongelap Atoll,region,MH,Marshall Islands,True,True
301,4399,Dog Island,region,AI,Anguilla,True,True
302,4888,Wotho Atoll,region,MH,Marshall Islands,True,True
303,4886,Ujae Atoll,region,MH,Marshall Islands,True,True
304,4882,Namu Atoll,region,MH,Marshall Islands,True,True
305,4851,Rose Atoll,region,AS,American Samoa,True,True
306,4461,Seal Island,region,AI,Anguilla,True,True
307,4876,Lae Atoll,region,MH,Marshall Islands,True,True
308,4887,Utirik Atoll,region,MH,Marshall Islands,True,True
309,4869,Aur Atoll,region,MH,Marshall Islands,True,True
310,4466,Sombrero,region,AI,Anguilla,True,True
311,4943,Alarm Forest,region,SH,Saint Helena,True,True
312,3248,Bahr el Ghazal,region,SS,South Sudan,True,True
313,3839,Sironko District,region,UG,Uganda,True,True
314,4806,Mitooma District,region,UG,Uganda,True,True
315,4403,Anse Royale,region,SC,Seychelles,True,True
316,3470,Coronie District,region,SR,Suriname,True,True
317,4740,Kyankwanzi District,region,UG,Uganda,True,True
318,4402,Au Cap,region,SC,Seychelles,True,True
319,4774,Amolatar District,region,UG,Uganda,True,True
320,151,Jabrayil District,region,AZ,Azerbaijan,True,True
321,3028,Azores,region,PT,Portugal,True,True
322,4602,Haa Alif Atoll,region,MV,Maldives,True,True
323,3842,Yumbe District,region,UG,Uganda,True,True
324,3653,Haʻapai,region,TO,Tonga,True,True
325,180,Qubadli District,region,AZ,Azerbaijan,True,True
326,4765,Manafwa District,region,UG,Uganda,True,True
327,4416,Takamaka,region,SC,Seychelles,True,True
328,4822,Atiu,region,CK,Cook Islands,True,True
329,4641,Raa Atoll,region,MV,Maldives,True,True
330,4775,Amudat District,region,UG,Uganda,True,True
331,4750,Budaka District,region,UG,Uganda,True,True
332,4906,Aiwo District,region,NR,Nauru,True,True
333,4397,Anse-aux-Pins,region,SC,Seychelles,True,True
334,4401,Anse Etoile,region,SC,Seychelles,True,True
335,4907,Anabar District,region,NR,Nauru,True,True
336,4817,Manu'a District,region,AS,American Samoa,True,True
337,3924,Surxondaryo Region,region,UZ,Uzbekistan,True,True
338,3830,Kyenjojo District,region,UG,Uganda,True,True
339,3478,Príncipe,region,ST,Sao Tome and Principe,True,True
340,3822,Arua District,region,UG,Uganda,True,True
341,2485,Kasungu District,region,MW,Malawi,True,True
342,179,Quba District,region,AZ,Azerbaijan,True,True
343,4776,Amuru District,region,UG,Uganda,True,True
344,3100,Republic of Adygea,region,RU,Russia,True,True
345,3828,Kayunga District,region,UG,Uganda,True,True
346,54,Saint Paul Parish,region,AG,Antigua,True,True
347,51,Saint George Parish,region,AG,Antigua,True,True
348,2792,East Sepik Province,region,PG,Papua New Guinea,True,True
349,56,Saint Philip Parish,region,AG,Antigua,True,True
350,3840,Soroti District,region,UG,Uganda,True,True
351,4043,Saada Governorate,region,YE,Yemen,True,True
352,2117,Grand Bassa County,region,LR,Liberia,True,True
353,2115,Nimba,region,LR,Liberia,True,True
354,2797,Western Highlands Province,region,PG,Papua New Guinea,True,True
355,4722,Kédougou,region,SN,Senegal,True,True
356,4605,Laamu Atoll,region,MV,Maldives,True,True
357,4748,Rakai District,region,UG,Uganda,True,True
358,186,Salyan District,region,AZ,Azerbaijan,True,True
359,1615,Grand'Anse Department,region,HT,Haiti,True,True
360,500,Trashigang District,region,BT,Bhutan,True,True
361,4746,Mubende District,region,UG,Uganda,True,True
362,1581,Gracias a Dios Department,region,HN,Honduras,True,True
363,4558,Santo Antão,region,CV,Cape Verde,True,True
364,4707,Al Bayda' Governorate,region,YE,Yemen,True,True
365,162,Ismailli District,region,AZ,Azerbaijan,True,True
366,4642,Noonu Atoll,region,MV,Maldives,True,True
367,2492,Nkhotakota District,region,MW,Malawi,True,True
368,4651,Gnaviyani Atoll,region,MV,Maldives,True,True
369,3475,Saramacca District,region,SR,Suriname,True,True
370,4587,Androy,region,MG,Madagascar,True,True
371,4708,Al Jawf Governorate,region,YE,Yemen,True,True
372,3473,Para District,region,SR,Suriname,True,True
373,4699,Kasese District,region,UG,Uganda,True,True
374,4749,Amuria District,region,UG,Uganda,True,True
375,4801,Kabale District,region,UG,Uganda,True,True
376,1750,Daman and Diu,region,IN,India,True,True
377,4406,Bel Air,region,SC,Seychelles,True,True
378,175,Qabala District,region,AZ,Azerbaijan,True,True
379,4453,Wadi al Hayaa District,region,LY,Libya,True,True
380,1358,Abkhazia,region,GE,Georgia,True,True
381,3149,Nenets Autonomous Okrug,region,RU,Russia,True,True
382,4643,Lhaviyani Atoll,region,MV,Maldives,True,True
383,2786,Southern Highlands Province,region,PG,Papua New Guinea,True,True
384,3915,Fergana Region,region,UZ,Uzbekistan,True,True
385,3913,Andijan Region,region,UZ,Uzbekistan,True,True
386,3829,Kitgum District,region,UG,Uganda,True,True
387,4848,Eastern District,region,AS,American Samoa,True,True
388,588,Appenzell Innerrhoden,region,CH,Switzerland,True,True
389,4467,Mavrovo and Rostuša Municipality,region,MK,Macedonia,True,True
390,2790,Eastern Highlands Province,region,PG,Papua New Guinea,True,True
391,2487,Mangochi District,region,MW,Malawi,True,True
392,3163,Sakhalin Oblast,region,RU,Russia,True,True
393,19,Farah,region,AF,Afghanistan,True,True
394,4545,Harari Region,region,ET,Ethiopia,True,True
395,3918,Namangan Region,region,UZ,Uzbekistan,True,True
396,184,Shaki District,region,AZ,Azerbaijan,True,True
397,2742,Ash Sharqiyah North Governorate,region,OM,Oman,True,True
398,4798,Hoima District,region,UG,Uganda,True,True
399,503,Wangdue Phodrang District,region,BT,Bhutan,True,True
400,4035,Abyan Governorate,region,YE,Yemen,True,True
401,150,Bilasuvar District,region,AZ,Azerbaijan,True,True
402,4878,Majuro,region,MH,Marshall Islands,True,True
403,4647,Dhaalu Atoll,region,MV,Maldives,True,True
404,1351,Saint Andrew Parish,region,GD,Grenada,True,True
405,2503,Mulanje District,region,MW,Malawi,True,True
406,4410,La Rivière Anglaise,region,SC,Seychelles,True,True
407,142,Agstafa District,region,AZ,Azerbaijan,True,True
408,2482,Dedza District,region,MW,Malawi,True,True
409,141,Agdash District,region,AZ,Azerbaijan,True,True
410,4846,Ali Sabieh Region,region,DJ,Djibouti,True,True
411,188,Shamkir District,region,AZ,Azerbaijan,True,True
412,3917,Xorazm Region,region,UZ,Uzbekistan,True,True
413,3433,Acquaviva,region,SM,San Marino,True,True
414,4900,Anseba Region,region,ER,Eritrea,True,True
415,4856,Bomi County,region,LR,Liberia,True,True
416,493,Mongar District,region,BT,Bhutan,True,True
417,499,Zhemgang District,region,BT,Bhutan,True,True
418,4537,Austral Islands,region,PF,French Polynesia,True,True
419,2788,Bougainville,region,PG,Papua New Guinea,True,True
420,4421,La Digue and Inner Islands,region,SC,Seychelles,True,True
421,195,Tovuz District,region,AZ,Azerbaijan,True,True
422,2490,Ntcheu District,region,MW,Malawi,True,True
423,2502,Machinga District,region,MW,Malawi,True,True
424,1554,Bafatá,region,GW,Guinea-Bissau,True,True
425,4735,Gomba District,region,UG,Uganda,True,True
426,3468,Brokopondo District,region,SR,Suriname,True,True
427,176,Qakh District,region,AZ,Azerbaijan,True,True
428,143,Agsu District,region,AZ,Azerbaijan,True,True
429,2434,Assaba Region,region,MR,Mauritania,True,True
430,3838,Rukungiri District,region,UG,Uganda,True,True
431,4528,Plateau Department,region,BJ,Benin,True,True
432,2428,Govisümber Province,region,MN,Mongolia,True,True
433,4800,Isingiro District,region,UG,Uganda,True,True
434,207,Zaqatala District,region,AZ,Azerbaijan,True,True
435,2491,Nkhata Bay District,region,MW,Malawi,True,True
436,1474,Annobón Province,region,GQ,Equatorial Guinea,True,True
437,1969,Anjouan,region,KM,Comoros,True,True
438,3820,Nakasongola District,region,UG,Uganda,True,True
439,971,Hiiu County,region,EE,Estonia,True,True
440,3126,Karachay-Cherkess Republic,region,RU,Russia,True,True
441,4849,Western District,region,AS,American Samoa,True,True
442,3827,Kanungu District,region,UG,Uganda,True,True
443,4612,Anenii Noi District,region,MD,Moldova,True,True
444,4797,Bushenyi District,region,UG,Uganda,True,True
445,2796,New Ireland Province,region,PG,Papua New Guinea,True,True
446,2496,Salima District,region,MW,Malawi,True,True
447,2120,Butha-Buthe District,region,LS,Lesotho,True,True
448,4604,Gaafu Alif Atoll,region,MV,Maldives,True,True
449,2798,West New Britain Province,region,PG,Papua New Guinea,True,True
450,498,Samdrup Jongkhar District,region,BT,Bhutan,True,True
451,4759,Kamuli District,region,UG,Uganda,True,True
452,4419,Baie Sainte Anne,region,SC,Seychelles,True,True
453,2112,Lofa County,region,LR,Liberia,True,True
454,496,Punakha District,region,BT,Bhutan,True,True
455,177,Qazakh District,region,AZ,Azerbaijan,True,True
456,148,Barda District,region,AZ,Azerbaijan,True,True
457,2478,Chikwawa District,region,MW,Malawi,True,True
458,4781,Koboko District,region,UG,Uganda,True,True
459,4206,Aguada,region,PR,Puerto Rico,True,True
460,3875,New York,region,US,United States,True,True
461,4176,Thessaly,region,GR,Greece,True,True
462,993,Beheira Governorate,region,EG,Egypt,True,True
463,3092,Timiș County,region,RO,Romania,True,True
464,3001,Podkarpackie Voivodeship,region,PL,Poland,True,True
465,913,Blida Province,region,DZ,Algeria,True,True
466,135,Tasmania,region,AU,Australia,True,True
467,111,Neuquen,region,AR,Argentina,True,True
468,4364,Al Farwaniyah Governorate,region,KW,Kuwait,True,True
469,3019,Leiria District,region,PT,Portugal,True,True
470,3724,Adana Province,region,TR,Turkey,True,True
471,3800,Vinnytsia Oblast,region,UA,Ukraine,True,True
472,4376,Rangpur Division,region,BD,Bangladesh,True,True
473,1610,Zagreb County,region,HR,Croatia,True,True
474,992,Red Sea Governorate,region,EG,Egypt,True,True
475,1022,Principality of Asturias,region,ES,Spain,True,True
476,3080,Iași County,region,RO,Romania,True,True
477,1673,East Kalimantan,region,ID,Indonesia,True,True
478,999,Monufia Governorate,region,EG,Egypt,True,True
479,3071,Constanța County,region,RO,Romania,True,True
480,665,Araucanía Region,region,CL,Chile,True,True
481,1005,Suez Governorate,region,EG,Egypt,True,True
482,114,San Juan Province,region,AR,Argentina,True,True
483,4371,Barisal Division,region,BD,Bangladesh,True,True
484,3023,Santarém District,region,PT,Portugal,True,True
485,997,Ismailia Governorate,region,EG,Egypt,True,True
486,2767,Ica Region,region,PE,Peru,True,True
487,2772,Loreto Region,region,PE,Peru,True,True
488,851,North Denmark Region,region,DK,Denmark,True,True
489,2474,Kaafu Atoll,region,MV,Maldives,True,True
490,4175,South Aegean,region,GR,Greece,True,True
491,794,Limassol District,region,CY,Cyprus,True,True
492,1007,Asyut Governorate,region,EG,Egypt,True,True
493,3029,Alto Paraná Department,region,PY,Paraguay,True,True
494,949,Azuay Province,region,EC,Ecuador,True,True
495,123,Lower Austria,region,AT,Austria,True,True
496,1025,Aragon,region,ES,Spain,True,True
497,3016,Faro District,region,PT,Portugal,True,True
498,3099,Ilfov County,region,RO,Romania,True,True
499,4052,Free State,region,ZA,South Africa,True,True
500,357,Plovdiv Province,region,BG,Bulgaria,True,True
501,2764,Cusco Region,region,PE,Peru,True,True
502,2130,Kaunas County,region,LT,Lithuania,True,True
503,102,Corrientes,region,AR,Argentina,True,True
504,1759,Basra Governorate,region,IQ,Iraq,True,True
505,2776,Piura Region,region,PE,Peru,True,True
506,812,South Moravian Region,region,CZ,Czech Republic,True,True
507,1000,Minya Governorate,region,EG,Egypt,True,True
508,1717,Southern District,region,IL,Israel,True,True
509,4343,Al Rayyan,region,QA,Qatar,True,True
510,2937,Balochistan,region,PK,Pakistan,True,True
511,2770,Lambayeque Region,region,PE,Peru,True,True
512,681,Centre,region,CM,Cameroon,True,True
513,127,Tyrol,region,AT,Austria,True,True
514,4058,North West,region,ZA,South Africa,True,True
515,4180,Cordillera Administrative Region,region,PH,Philippines,True,True
516,1774,Najaf Governorate,region,IQ,Iraq,True,True
517,3014,Coimbra District,region,PT,Portugal,True,True
518,3490,Santa Ana Department,region,SV,El Salvador,True,True
519,3009,Aveiro District,region,PT,Portugal,True,True
520,1038,"Southern Nations, Nationalities, and Peoples' Region",region,ET,Ethiopia,True,True
521,3428,Žilina Region,region,SK,Slovakia,True,True
522,2766,Huánuco Region,region,PE,Peru,True,True
523,3208,Northern Borders Region,region,SA,Saudi Arabia,True,True
524,360,Shumen Province,region,BG,Bulgaria,True,True
525,1034,Amhara Region,region,ET,Ethiopia,True,True
526,2781,Ucayali Region,region,PE,Peru,True,True
527,664,Antofagasta Region,region,CL,Chile,True,True
528,2778,San Martín Region,region,PE,Peru,True,True
529,918,Laghouat Province,region,DZ,Algeria,True,True
530,1015,South Sinai Governorate,region,EG,Egypt,True,True
531,345,Burgas Province,region,BG,Bulgaria,True,True
532,3062,Bihor County,region,RO,Romania,True,True
533,4171,East Macedonia and Thrace,region,GR,Greece,True,True
534,3425,Prešov Region,region,SK,Slovakia,True,True
535,930,Bordj Bou Arréridj Province,region,DZ,Algeria,True,True
536,9,Ajman Emirate,region,AE,United Arab Emirates,True,True
537,4389,Gharb-Chrarda-Béni Hssen,region,MA,Morocco,True,True
538,2131,Klaipėda County,region,LT,Lithuania,True,True
539,1422,Ashanti Region,region,GH,Ghana,True,True
540,3790,Kyiv Oblast,region,UA,Ukraine,True,True
541,3634,Mahdia Governorate,region,TN,Tunisia,True,True
542,3662,Aydın Province,region,TR,Turkey,True,True
543,1006,Aswan Governorate,region,EG,Egypt,True,True
544,925,Adrar Province,region,DZ,Algeria,True,True
545,3090,Suceava County,region,RO,Romania,True,True
546,3427,Trnava Region,region,SK,Slovakia,True,True
547,3794,Odessa Oblast,region,UA,Ukraine,True,True
548,3066,Brașov County,region,RO,Romania,True,True
549,3792,Lviv Oblast,region,UA,Ukraine,True,True
550,3201,Al Madinah Region,region,SA,Saudi Arabia,True,True
551,838,Saxony-Anhalt,region,DE,Germany,True,True
552,822,Central Bohemian Region,region,CZ,Czech Republic,True,True
553,1880,Zarqa Governorate,region,JO,Jordan,True,True
554,819,Moravian-Silesian Region,region,CZ,Czech Republic,True,True
555,1883,Aichi Prefecture,region,JP,Japan,True,True
556,367,Varna Province,region,BG,Bulgaria,True,True
557,3784,Kharkiv Oblast,region,UA,Ukraine,True,True
558,4349,Al Daayen,region,QA,Qatar,True,True
559,928,Annaba Province,region,DZ,Algeria,True,True
560,1670,West Kalimantan,region,ID,Indonesia,True,True
561,3423,Košice Region,region,SK,Slovakia,True,True
562,1661,Aceh,region,ID,Indonesia,True,True
563,3966,Long An,region,VN,Vietnam,True,True
564,2636,Rivers State,region,NG,Nigeria,True,True
565,1770,Kirkuk Governorate,region,IQ,Iraq,True,True
566,4145,Riau Islands,region,ID,Indonesia,True,True
567,824,Zlín Region,region,CZ,Czech Republic,True,True
568,3147,Moscow Oblast,region,RU,Russia,True,True
569,2758,Ancash Region,region,PE,Peru,True,True
570,1758,Al Anbar Governorate,region,IQ,Iraq,True,True
571,130,Australian Capital Territory,region,AU,Australia,True,True
572,1605,Split-Dalmatia County,region,HR,Croatia,True,True
573,1011,Kafr el-Sheikh Governorate,region,EG,Egypt,True,True
574,836,Mecklenburg-Vorpommern,region,DE,Germany,True,True
575,132,Northern Territory,region,AU,Australia,True,True
576,2762,Cajamarca Region,region,PE,Peru,True,True
577,4363,Capital Governorate,region,KW,Kuwait,True,True
578,3641,Ben Arous Governorate,region,TN,Tunisia,True,True
579,1676,East Nusa Tenggara,region,ID,Indonesia,True,True
580,3711,Ankara Province,region,TR,Turkey,True,True
581,3205,Riyadh Region,region,SA,Saudi Arabia,True,True
582,1856,Tuscany,region,IT,Italy,True,True
583,2724,Auckland Region,region,NZ,New Zealand,True,True
584,1853,Puglia,region,IT,Italy,True,True
585,4137,Wallonia,region,BE,Belgium,True,True
586,348,Sofia City Province,region,BG,Bulgaria,True,True
587,4375,Rajshahi Division,region,BD,Bangladesh,True,True
588,4372,Chittagong Division,region,BD,Bangladesh,True,True
589,117,Santa Fe,region,AR,Argentina,True,True
590,1721,Tel Aviv District,region,IL,Israel,True,True
591,2138,Vilnius County,region,LT,Lithuania,True,True
592,3022,Porto District,region,PT,Portugal,True,True
593,8,Abu Dhabi Emirate,region,AE,United Arab Emirates,True,True
594,101,Córdoba Province,region,AR,Argentina,True,True
595,3846,Arkansas,region,US,United States,True,True
596,828,Hamburg,region,DE,Germany,True,True
597,1724,Andhra Pradesh,region,IN,India,True,True
598,1003,New Valley Governorate,region,EG,Egypt,True,True
599,3422,Bratislava Region,region,SK,Slovakia,True,True
600,991,Dakahlia Governorate,region,EG,Egypt,True,True
601,527,Alberta,region,CA,Canada,True,True
602,1421,Greater Accra Region,region,GH,Ghana,True,True
603,137,Western Australia,region,AU,Australia,True,True
604,3815,Kampala District,region,UG,Uganda,True,True
605,3867,Mississippi,region,US,United States,True,True
606,1865,Saint Andrew,region,JM,Jamaica,True,True
607,4286,Asunción,region,PY,Paraguay,True,True
608,4059,Western Cape,region,ZA,South Africa,True,True
609,146,Baku,region,AZ,Azerbaijan,True,True
610,459,Santa Catarina,region,BR,Brazil,True,True
611,454,Rio de Janeiro,region,BR,Brazil,True,True
612,4373,Dhaka Division,region,BD,Bangladesh,True,True
613,1001,Cairo Governorate,region,EG,Egypt,True,True
614,2771,Lima Region,region,PE,Peru,True,True
615,97,Province of Buenos Aires,region,AR,Argentina,True,True
616,456,Rio Grande do Sul,region,BR,Brazil,True,True
617,103,Ciudad Autónoma de Buenos Aires,region,AR,Argentina,True,True
618,998,Giza Governorate,region,EG,Egypt,True,True
619,452,Paraná,region,BR,Brazil,True,True
620,1019,Community of Madrid,region,ES,Spain,True,True
621,131,New South Wales,region,AU,Australia,True,True
622,1882,Amman Governorate,region,JO,Jordan,True,True
623,3853,Georgia,region,US,United States,True,True
624,2206,Grand Casablanca,region,MA,Morocco,True,True
625,3843,Alabama,region,US,United States,True,True
626,3890,Washington,region,US,United States,True,True
627,1515,Attica,region,GR,Greece,True,True
628,136,Victoria,region,AU,Australia,True,True
629,4184,Calabarzon,region,PH,Philippines,True,True
630,3845,Arizona,region,US,United States,True,True
631,1024,Andalusia,region,ES,Spain,True,True
632,296,Brussels-Capital Region,region,BE,Belgium,True,True
633,1729,Gujarat,region,IN,India,True,True
634,900,Algiers Province,region,DZ,Algeria,True,True
635,4133,Capital Region of Denmark,region,DK,Denmark,True,True
636,996,Alexandria Governorate,region,EG,Egypt,True,True
637,1667,East Java,region,ID,Indonesia,True,True
638,829,Hessen,region,DE,Germany,True,True
639,1768,Erbil Governorate,region,IQ,Iraq,True,True
640,67,Tirana County,region,AL,Albania,True,True
641,1020,Region of Murcia,region,ES,Spain,True,True
642,2230,Guelmim-Es Semara,region,MA,Morocco,True,True
643,3872,New Hampshire,region,US,United States,True,True
644,1881,Irbid Governorate,region,JO,Jordan,True,True
645,1089,Alsace,region,FR,France,True,True
646,3011,Braga District,region,PT,Portugal,True,True
647,4181,Ilocos Region,region,PH,Philippines,True,True
648,2676,Akershus,region,NO,Norway,True,True
649,667,Bío Bío Region,region,CL,Chile,True,True
650,1037,Addis Ababa,region,ET,Ethiopia,True,True
651,4186,Bicol Region,region,PH,Philippines,True,True
652,3202,Eastern Province,region,SA,Saudi Arabia,True,True
653,3421,Banská Bystrica Region,region,SK,Slovakia,True,True
654,3956,Capital District,region,VE,Venezuela,True,True
655,4577,Analamanga,region,MG,Madagascar,True,True
656,4134,Region of Southern Denmark,region,DK,Denmark,True,True
657,3070,Cluj County,region,RO,Romania,True,True
658,4377,Sylhet Division,region,BD,Bangladesh,True,True
659,3844,Alaska,region,US,United States,True,True
660,120,Tucuman,region,AR,Argentina,True,True
661,3998,Nghệ An,region,VN,Vietnam,True,True
662,4374,Khulna Division,region,BD,Bangladesh,True,True
663,1720,Haifa District,region,IL,Israel,True,True
664,2608,Federal Capital Territory,region,NG,Nigeria,True,True
665,439,Alagoas,region,BR,Brazil,True,True
666,124,Upper Austria,region,AT,Austria,True,True
667,3024,Setúbal District,region,PT,Portugal,True,True
668,1032,Basque Autonomous Country,region,ES,Spain,True,True
669,1857,Trentino-Alto Adige/Südtirol,region,IT,Italy,True,True
670,4190,Northern Mindanao,region,PH,Philippines,True,True
671,5061,Abidjan Autonomous District,region,CI,Côte d&#039;Ivoire,True,True
672,3869,Montana,region,US,United States,True,True
673,1017,Balearic Islands,region,ES,Spain,True,True
674,1762,Sulaymaniyah Governorate,region,IQ,Iraq,True,True
675,134,South Australia,region,AU,Australia,True,True
676,2825,Davao Region,region,PH,Philippines,True,True
677,1028,Castile and León,region,ES,Spain,True,True
678,1718,Central District,region,IL,Israel,True,True
679,441,Amazonas,region,BR,Brazil,True,True
680,793,Nicosia District,region,CY,Cyprus,True,True
681,4462,Ariana Governorate,region,TN,Tunisia,True,True
682,1732,Jammu and Kashmir,region,IN,India,True,True
683,995,Gharbia Governorate,region,EG,Egypt,True,True
684,1026,Canary Islands,region,ES,Spain,True,True
685,1850,Marche,region,IT,Italy,True,True
686,2993,Lower Silesian Voivodeship,region,PL,Poland,True,True
687,2760,Arequipa Region,region,PE,Peru,True,True
688,1725,Assam,region,IN,India,True,True
689,3086,Prahova County,region,RO,Romania,True,True
690,1854,Sardinia,region,IT,Italy,True,True
691,13,Sharjah Emirate,region,AE,United Arab Emirates,True,True
692,792,Larnaca District,region,CY,Cyprus,True,True
693,2218,Marrakesh-Tensift-El Haouz,region,MA,Morocco,True,True
694,1841,Abruzzo,region,IT,Italy,True,True
695,1002,Qalyubia Governorate,region,EG,Egypt,True,True
696,752,Alajuela Province,region,CR,Costa Rica,True,True
697,2505,Aguascalientes,region,MX,Mexico,True,True
698,3474,Paramaribo District,region,SR,Suriname,True,True
699,4053,Eastern Cape,region,ZA,South Africa,True,True
700,1004,Al Sharqia Governorate,region,EG,Egypt,True,True
701,3027,Viseu District,region,PT,Portugal,True,True
702,3089,Sibiu County,region,RO,Romania,True,True
703,4367,Al Ahmadi Governorate,region,KW,Kuwait,True,True
704,1693,County Clare,region,IE,Ireland,True,True
705,70,Ararat Province,region,AM,Armenia,True,True
706,3894,Artigas Department,region,UY,Uruguay,True,True
707,3063,Bistrița-Năsăud County,region,RO,Romania,True,True
708,3778,Cherkasy Oblast,region,UA,Ukraine,True,True
709,3935,Apure,region,VE,Venezuela,True,True
710,3079,Ialomița County,region,RO,Romania,True,True
711,1016,North Sinai Governorate,region,EG,Egypt,True,True
712,3170,Sverdlovsk Oblast,region,RU,Russia,True,True
713,349,Haskovo Province,region,BG,Bulgaria,True,True
714,66,Shkodër County,region,AL,Albania,True,True
715,1609,Zadar County,region,HR,Croatia,True,True
716,3076,Gorj County,region,RO,Romania,True,True
717,2419,Övörkhangai Province,region,MN,Mongolia,True,True
718,2188,Nuqat al Khams,region,LY,Libya,True,True
719,3069,Caraș-Severin County,region,RO,Romania,True,True
720,4451,Jabal al Gharbi District,region,LY,Libya,True,True
721,24,Herat,region,AF,Afghanistan,True,True
722,3803,Zaporizhzhya Oblast,region,UA,Ukraine,True,True
723,2412,Dundgovi Province,region,MN,Mongolia,True,True
724,354,Pazardzhik Province,region,BG,Bulgaria,True,True
725,2133,Panevėžys County,region,LT,Lithuania,True,True
726,60,Elbasan County,region,AL,Albania,True,True
727,919,Mascara Province,region,DZ,Algeria,True,True
728,3064,Botoșani County,region,RO,Romania,True,True
729,1885,Aomori Prefecture,region,JP,Japan,True,True
730,4117,Aksaray Province,region,TR,Turkey,True,True
731,2610,Akwa Ibom,region,NG,Nigeria,True,True
732,121,Burgenland,region,AT,Austria,True,True
733,3032,Caaguazú,region,PY,Paraguay,True,True
734,59,Durrës County,region,AL,Albania,True,True
735,1447,Faranah Region,region,GN,Guinea,True,True
736,534,Prince Edward Island,region,CA,Canada,True,True
737,2486,Lilongwe District,region,MW,Malawi,True,True
738,2408,Bayan-Ölgii Province,region,MN,Mongolia,True,True
739,1859,Aosta Valley,region,IT,Italy,True,True
740,914,Bouïra Province,region,DZ,Algeria,True,True
741,3096,Vrancea County,region,RO,Romania,True,True
742,1573,Atlántida Department,region,HN,Honduras,True,True
743,2123,Maseru District,region,LS,Lesotho,True,True
744,926,Aïn Defla Province,region,DZ,Algeria,True,True
745,2388,Tombouctou Region,region,ML,Mali,True,True
746,2773,Madre de Dios Region,region,PE,Peru,True,True
747,3093,Tulcea County,region,RO,Romania,True,True
748,2631,Abia,region,NG,Nigeria,True,True
749,3116,Republic of Dagestan,region,RU,Russia,True,True
750,3137,Krasnodar Krai,region,RU,Russia,True,True
751,3203,Al-Qassim Region,region,SA,Saudi Arabia,True,True
752,3212,Al Jawf Region,region,SA,Saudi Arabia,True,True
753,1714,County Westmeath,region,IE,Ireland,True,True
754,3091,Teleorman County,region,RO,Romania,True,True
755,663,Aysén Region,region,CL,Chile,True,True
756,1426,Northern Region,region,GH,Ghana,True,True
757,2765,Huancavelica Region,region,PE,Peru,True,True
758,2186,Jabal al Akhdar,region,LY,Libya,True,True
759,4384,Kvemo Kartli,region,GE,Georgia,True,True
760,1532,Alta Verapaz Department,region,GT,Guatemala,True,True
761,943,Souk Ahras Province,region,DZ,Algeria,True,True
762,3779,Chernihiv Oblast,region,UA,Ukraine,True,True
763,2129,Alytus County,region,LT,Lithuania,True,True
764,3030,Amambay Department,region,PY,Paraguay,True,True
765,3160,Rostov Oblast,region,RU,Russia,True,True
766,3150,Nizhny Novgorod Oblast,region,RU,Russia,True,True
767,3785,Kherson Oblast,region,UA,Ukraine,True,True
768,3841,Wakiso District,region,UG,Uganda,True,True
769,1423,Brong-Ahafo Region,region,GH,Ghana,True,True
770,1748,Arunachal Pradesh,region,IN,India,True,True
771,2734,Southland Region,region,NZ,New Zealand,True,True
772,3629,Kasserine Governorate,region,TN,Tunisia,True,True
773,3110,Republic of Buryatia,region,RU,Russia,True,True
774,1583,Bay Islands Department,region,HN,Honduras,True,True
775,927,Aïn Témouchent Province,region,DZ,Algeria,True,True
776,3169,Stavropol Krai,region,RU,Russia,True,True
777,3786,Khmelnytsky Oblast,region,UA,Ukraine,True,True
778,63,Korçë County,region,AL,Albania,True,True
779,3480,Ahuachapán Department,region,SV,El Salvador,True,True
780,3780,Chernivtsi Oblast,region,UA,Ukraine,True,True
781,3801,Volyn Oblast,region,UA,Ukraine,True,True
782,88,Huíla Province,region,AO,Angola,True,True
783,3633,Kef Governorate,region,TN,Tunisia,True,True
784,675,East,region,CM,Cameroon,True,True
785,1604,Sisak-Moslavina County,region,HR,Croatia,True,True
786,3187,Yaroslavl Oblast,region,RU,Russia,True,True
787,1608,Vukovar-Syrmia County,region,HR,Croatia,True,True
788,1606,Varaždin County,region,HR,Croatia,True,True
789,3098,Giurgiu County,region,RO,Romania,True,True
790,4115,Düzce Province,region,TR,Turkey,True,True
791,2677,Aust-Agder,region,NO,Norway,True,True
792,791,Kyrenia District,region,CY,Cyprus,True,True
793,3097,Călărași County,region,RO,Romania,True,True
794,364,Sofia Province,region,BG,Bulgaria,True,True
795,2759,Apurímac Region,region,PE,Peru,True,True
796,2390,Kidal Region,region,ML,Mali,True,True
797,683,North,region,CM,Cameroon,True,True
798,3085,Olt County,region,RO,Romania,True,True
799,3804,Zhytomyr Oblast,region,UA,Ukraine,True,True
800,2735,Taranaki Region,region,NZ,New Zealand,True,True
801,2774,Moquegua Region,region,PE,Peru,True,True
802,3933,Amazonas,region,VE,Venezuela,True,True
803,1603,Šibenik-Knin County,region,HR,Croatia,True,True
804,3094,Vaslui County,region,RO,Romania,True,True
805,3072,Covasna County,region,RO,Romania,True,True
806,3799,Ternopil Oblast,region,UA,Ukraine,True,True
807,3082,Mehedinți County,region,RO,Romania,True,True
808,1425,Eastern Region,region,GH,Ghana,True,True
809,3164,Samara Oblast,region,RU,Russia,True,True
810,3796,Rivne Oblast,region,UA,Ukraine,True,True
811,61,Fier County,region,AL,Albania,True,True
812,2387,Koulikoro Region,region,ML,Mali,True,True
813,2780,Tumbes Region,region,PE,Peru,True,True
814,3787,Kirovohrad Oblast,region,UA,Ukraine,True,True
815,3656,Adıyaman Province,region,TR,Turkey,True,True
816,356,Pleven Province,region,BG,Bulgaria,True,True
817,3065,Braila,region,RO,Romania,True,True
818,2389,Gao Region,region,ML,Mali,True,True
819,2134,Šiauliai County,region,LT,Lithuania,True,True
820,3017,Madeira,region,PT,Portugal,True,True
821,3042,Presidente Hayes Department,region,PY,Paraguay,True,True
822,3138,Krasnoyarsk Krai,region,RU,Russia,True,True
823,440,Amapá,region,BR,Brazil,True,True
824,2725,Bay of Plenty Region,region,NZ,New Zealand,True,True
825,1021,Navarre,region,ES,Spain,True,True
826,4166,Ionian Islands Region,region,GR,Greece,True,True
827,1875,Balqa Governorate,region,JO,Jordan,True,True
828,1602,Primorje-Gorski Kotar County,region,HR,Croatia,True,True
829,3060,Arges,region,RO,Romania,True,True
830,903,Médéa Province,region,DZ,Algeria,True,True
831,2941,Azad Kashmir,region,PK,Pakistan,True,True
832,1059,Central Division,region,FJ,Fiji,True,True
833,1624,Borsod-Abaúj-Zemplén County,region,HU,Hungary,True,True
834,119,Tierra del Fuego,region,AR,Argentina,True,True
835,108,La Rioja Province,region,AR,Argentina,True,True
836,2228,Taza-Al Hoceima-Taounate,region,MA,Morocco,True,True
837,4468,Aerodrom Municipality,region,MK,Macedonia,True,True
838,813,South Bohemian Region,region,CZ,Czech Republic,True,True
839,3081,Maramureș County,region,RO,Romania,True,True
840,3061,Bacău County,region,RO,Romania,True,True
841,579,Aargau,region,CH,Switzerland,True,True
842,885,Puerto Plata Province,region,DO,Dominican Republic,True,True
843,878,La Altagracia Province,region,DO,Dominican Republic,True,True
844,2687,Østfold,region,NO,Norway,True,True
845,922,Sidi Bel Abbès Province,region,DZ,Algeria,True,True
846,2775,Pasco Region,region,PE,Peru,True,True
847,3119,Irkutsk Oblast,region,RU,Russia,True,True
848,2498,Blantyre District,region,MW,Malawi,True,True
849,821,Plzeň Region,region,CZ,Czech Republic,True,True
850,3075,Galați County,region,RO,Romania,True,True
851,4201,'Asir Region,region,SA,Saudi Arabia,True,True
852,4527,Littoral Department,region,BJ,Benin,True,True
853,3025,Viana do Castelo District,region,PT,Portugal,True,True
854,2777,Puno Region,region,PE,Peru,True,True
855,2779,Tacna Region,region,PE,Peru,True,True
856,994,Faiyum Governorate,region,EG,Egypt,True,True
857,3424,Nitra Region,region,SK,Slovakia,True,True
858,3975,An Giang,region,VN,Vietnam,True,True
859,2761,Ayacucho Region,region,PE,Peru,True,True
860,3781,Dnipropetrovsk Oblast,region,UA,Ukraine,True,True
861,1760,Al Muthanna Governorate,region,IQ,Iraq,True,True
862,4390,Chaouia-Ouardigha,region,MA,Morocco,True,True
863,3426,Trenčín Region,region,SK,Slovakia,True,True
864,1360,Adjara,region,GE,Georgia,True,True
865,12,Ras Al Khaimah,region,AE,United Arab Emirates,True,True
866,1877,Karak Governorate,region,JO,Jordan,True,True
867,920,M'Sila Province,region,DZ,Algeria,True,True
868,4392,Doukkala-Abda,region,MA,Morocco,True,True
869,716,Amazonas,region,CO,Colombia,True,True
870,4193,Autonomous Region in Muslim Mindanao,region,PH,Philippines,True,True
871,1876,Ma'an Governorate,region,JO,Jordan,True,True
872,2118,Montserrado County,region,LR,Liberia,True,True
873,438,Acre,region,BR,Brazil,True,True
874,3074,Dolj County,region,RO,Romania,True,True
875,4393,Tadla-Azilal,region,MA,Morocco,True,True
876,3083,Mureș County,region,RO,Romania,True,True
877,3059,Arad County,region,RO,Romania,True,True
878,1878,Mafraq Governorate,region,JO,Jordan,True,True
879,1761,Al-Qādisiyyah Governorate,region,IQ,Iraq,True,True
880,3013,Castelo Branco District,region,PT,Portugal,True,True
881,3068,Buzău County,region,RO,Romania,True,True
882,359,Ruse Province,region,BG,Bulgaria,True,True
883,3021,Portalegre District,region,PT,Portugal,True,True
884,1600,Osijek-Baranja County,region,HR,Croatia,True,True
885,820,Pardubice Region,region,CZ,Czech Republic,True,True
886,3783,Ivano-Frankivsk Oblast,region,UA,Ukraine,True,True
887,3077,Harghita County,region,RO,Romania,True,True
888,3095,Vâlcea County,region,RO,Romania,True,True
889,3934,Anzoátegui,region,VE,Venezuela,True,True
890,4322,Nabatieh Governorate,region,LB,Lebanon,True,True
891,2418,Ömnögovi Province,region,MN,Mongolia,True,True
892,666,Atacama Region,region,CL,Chile,True,True
893,2190,Zawiya District,region,LY,Libya,True,True
894,68,Vlorë County,region,AL,Albania,True,True
895,4198,Arica y Parinacota Region,region,CL,Chile,True,True
896,2422,Töv Province,region,MN,Mongolia,True,True
897,817,Liberec Region,region,CZ,Czech Republic,True,True
898,1035,Somali Region,region,ET,Ethiopia,True,True
899,3088,Satu Mare County,region,RO,Romania,True,True
900,795,Paphos District,region,CY,Cyprus,True,True
901,3793,Mykolaiv Oblast,region,UA,Ukraine,True,True
902,2614,Anambra,region,NG,Nigeria,True,True
903,4173,North Aegean Region,region,GR,Greece,True,True
904,368,Veliko Tarnovo Province,region,BG,Bulgaria,True,True
905,933,El Bayadh Province,region,DZ,Algeria,True,True
906,1712,County Tipperary,region,IE,Ireland,True,True
907,814,Vysočina Region,region,CZ,Czech Republic,True,True
908,3795,Poltava Oblast,region,UA,Ukraine,True,True
909,4194,Luxor Governorate,region,EG,Egypt,True,True
910,2757,Amazonas Region,region,PE,Peru,True,True
911,3657,Afyonkarahisar Province,region,TR,Turkey,True,True
912,3058,Alba,region,RO,Romania,True,True
913,1628,Fejér County,region,HU,Hungary,True,True
914,2693,Vest-Agder,region,NO,Norway,True,True
915,921,Oum El Bouaghi Province,region,DZ,Algeria,True,True
916,3802,Zakarpattia Oblast,region,UA,Ukraine,True,True
917,798,Hradec Králové Region,region,CZ,Czech Republic,True,True
918,823,Ústí nad Labem Region,region,CZ,Czech Republic,True,True
919,671,Magallanes y la Antártica Chilena Region,region,CL,Chile,True,True
920,1707,County Meath,region,IE,Ireland,True,True
921,4703,Al Wusta Governorate,region,OM,Oman,True,True
922,4338,Aqaba Governorate,region,JO,Jordan,True,True
923,3936,Aragua,region,VE,Venezuela,True,True
924,818,Olomouc Region,region,CZ,Czech Republic,True,True
925,3010,Beja District,region,PT,Portugal,True,True
926,1594,Istria County,region,HR,Croatia,True,True
927,2176,Jufra,region,LY,Libya,True,True
928,344,Blagoevgrad Province,region,BG,Bulgaria,True,True
929,2600,Agadez Region,region,NE,Niger,True,True
930,934,El Oued Province,region,DZ,Algeria,True,True
931,4477,Al Wahat District,region,LY,Libya,True,True
932,3084,Neamț County,region,RO,Romania,True,True
933,932,Chlef Province,region,DZ,Algeria,True,True
934,1593,Dubrovnik-Neretva County,region,HR,Croatia,True,True
935,365,Stara Zagora Province,region,BG,Bulgaria,True,True
936,3432,Western Area,region,SL,Sierra Leone,True,True
937,1773,Wasit Governorate,region,IQ,Iraq,True,True
938,1775,Saladin Governorate,region,IQ,Iraq,True,True
939,3078,Hunedoara County,region,RO,Romania,True,True
940,4718,'Adan Governorate,region,YE,Yemen,True,True
941,3073,Dâmbovița County,region,RO,Romania,True,True
942,4465,Anguillita,region,AI,Anguilla,True,True
1,4530,Northern Governorate,region,BH,Bahrain,True,True
2,3210,Jizan Region,region,SA,Saudi Arabia,True,True
3,2558,Niassa Province,region,MZ,Mozambique,True,True
4,93,Lunda Norte Province,region,AO,Angola,True,True
5,2641,Gombe State,region,NG,Nigeria,True,True
6,4666,Herceg Novi Municipality,region,ME,Montenegro,True,True
7,3454,Bari,region,SO,Somalia,True,True
9,2432,Hodh Ech Chargui Region,region,MR,Mauritania,True,True
11,1475,Bioko Norte Province,region,GQ,Equatorial Guinea,True,True
12,3666,Bitlis Province,region,TR,Turkey,True,True
15,4660,Bar Municipality,region,ME,Montenegro,True,True
17,2455,Savanne District,region,MU,Mauritius,True,True
18,4211,Barceloneta,region,PR,Puerto Rico,True,True
20,4836,Bahr el Gazel,region,TD,Chad,True,True
21,4212,Barranquitas,region,PR,Puerto Rico,True,True
22,508,Kgatleng District,region,BW,Botswana,True,True
23,4163,Zabaykalsky Krai,region,RU,Russia,True,True
24,2357,Struga Municipality,region,MK,Macedonia,True,True
25,4565,Diana Region,region,MG,Madagascar,True,True
26,211,Christ Church,region,BB,Barbados,True,True
27,402,Borgou Department,region,BJ,Benin,True,True
28,2356,Štip Municipality,region,MK,Macedonia,True,True
30,4500,Bas-Sassandra District,region,CI,Côte d&#039;Ivoire,True,True
31,3665,Bingöl Province,region,TR,Turkey,True,True
33,511,North-East District,region,BW,Botswana,True,True
34,506,Ghanzi District,region,BW,Botswana,True,True
35,4151,Bắc Kạn,region,VN,Vietnam,True,True
36,2644,Boaco Department,region,NI,Nicaragua,True,True
37,3107,Bashkortostan,region,RU,Russia,True,True
38,2553,Gaza Province,region,MZ,Mozambique,True,True
39,1588,Santa Bárbara Department,region,HN,Honduras,True,True
40,4518,Southern Governorate,region,BH,Bahrain,True,True
41,3952,Trujillo,region,VE,Venezuela,True,True
42,3513,Batha Region,region,TD,Chad,True,True
43,2730,Marlborough Region,region,NZ,New Zealand,True,True
44,89,Malanje Province,region,AO,Angola,True,True
45,2638,Bayelsa,region,NG,Nigeria,True,True
46,2559,Tete Province,region,MZ,Mozambique,True,True
47,75,Shirak Region,region,AM,Armenia,True,True
48,678,West,region,CM,Cameroon,True,True
49,4064,Northern Province,region,ZM,Zambia,True,True
50,4289,Boquerón department,region,PY,Paraguay,True,True
53,4065,Northwestern Province,region,ZM,Zambia,True,True
56,2135,Tauragė County,region,LT,Lithuania,True,True
57,4295,North District,region,HK,Hong Kong,True,True
58,684,South,region,CM,Cameroon,True,True
61,507,Kgalagadi District,region,BW,Botswana,True,True
62,2291,Gevgelija Municipality,region,MK,Macedonia,True,True
64,86,Cunene Province,region,AO,Angola,True,True
65,2296,Jegunovce Municipality,region,MK,Macedonia,True,True
66,4515,Namibe Province,region,AO,Angola,True,True
67,3443,Diourbel Region,region,SN,Senegal,True,True
68,3516,Chari-Baguirmi Region,region,TD,Chad,True,True
70,682,Far North Region,region,CM,Cameroon,True,True
71,4541,Belait District,region,BN,Brunei,True,True
74,2443,Inchiri Region,region,MR,Mauritania,True,True
75,4113,Bayburt Province,region,TR,Turkey,True,True
77,586,Glarus,region,CH,Switzerland,True,True
78,1970,Grande Comore,region,KM,Comoros,True,True
79,3455,Bay,region,SO,Somalia,True,True
80,4063,Luapula Province,region,ZM,Zambia,True,True
81,4345,Northwestern Region,region,IS,Iceland,True,True
84,1561,Bissau,region,GW,Guinea-Bissau,True,True
85,2552,Cabo Delgado Province,region,MZ,Mozambique,True,True
86,2300,Kavadarci Municipality,region,MK,Macedonia,True,True
87,82,Cabinda Province,region,AO,Angola,True,True
88,2304,Kočani Municipality,region,MK,Macedonia,True,True
90,1438,West Coast Division,region,GM,The Gambia,True,True
91,4667,Nikšić Municipality,region,ME,Montenegro,True,True
92,81,Bié Province,region,AO,Angola,True,True
94,4842,Tibesti Region,region,TD,Chad,True,True
95,84,Cuanza Norte Province,region,AO,Angola,True,True
96,2738,West Coast Region,region,NZ,New Zealand,True,True
97,2301,Kičevo Municipality,region,MK,Macedonia,True,True
98,513,Southern District,region,BW,Botswana,True,True
100,2747,Bocas del Toro Province,region,PA,Panama,True,True
102,95,Bengo Province,region,AO,Angola,True,True
103,4060,Western Province,region,ZM,Zambia,True,True
106,872,Barahona Province,region,DO,Dominican Republic,True,True
108,4572,Bongolava,region,MG,Madagascar,True,True
109,2440,Tagant Region,region,MR,Mauritania,True,True
111,2053,Vientiane Province,region,LA,Laos,True,True
112,1592,Brod-Posavina County,region,HR,Croatia,True,True
113,15,Badakhshan,region,AF,Afghanistan,True,True
114,595,Schwyz,region,CH,Switzerland,True,True
115,3524,Ouaddaï Region,region,TD,Chad,True,True
116,1739,Nagaland,region,IN,India,True,True
117,4141,West Sulawesi,region,ID,Indonesia,True,True
118,1963,Takéo Province,region,KH,Cambodia,True,True
119,1428,Western Region,region,GH,Ghana,True,True
120,4140,West Papua,region,ID,Indonesia,True,True
122,1749,Mizoram,region,IN,India,True,True
123,4061,Central Province,region,ZM,Zambia,True,True
127,4066,Southern Province,region,ZM,Zambia,True,True
128,4448,Murqub,region,LY,Libya,True,True
129,538,Northwest Territories,region,CA,Canada,True,True
131,3719,Batman Province,region,TR,Turkey,True,True
132,3252,Blekinge County,region,SE,Sweden,True,True
133,4717,Bulawayo,region,ZW,Zimbabwe,True,True
135,4298,Tai Po District,region,HK,Hong Kong,True,True
138,2556,Sofala Province,region,MZ,Mozambique,True,True
139,4936,districts of Republican Subordination,region,TJ,Tajikistan,True,True
140,4567,Bolikhamsai Province,region,LA,Laos,True,True
141,2448,Flacq District,region,MU,Mauritius,True,True
142,4152,Điện Biên,region,VN,Vietnam,True,True
144,2627,Kogi,region,NG,Nigeria,True,True
146,2634,Ondo State,region,NG,Nigeria,True,True
147,929,Béchar Province,region,DZ,Algeria,True,True
148,521,Belize District,region,BZ,Belize,True,True
149,2555,Maputo Province,region,MZ,Mozambique,True,True
150,1434,Banjul,region,GM,The Gambia,True,True
151,4251,Toa Baja,region,PR,Puerto Rico,True,True
152,4161,Bạc Liêu,region,VN,Vietnam,True,True
153,4300,Tuen Mun District,region,HK,Hong Kong,True,True
154,3945,Mérida,region,VE,Venezuela,True,True
158,2613,Katsina State,region,NG,Nigeria,True,True
159,41,Balkh,region,AF,Afghanistan,True,True
160,4144,Bangka-Belitung Islands,region,ID,Indonesia,True,True
163,2447,Rivière Noire District,region,MU,Mauritius,True,True
164,4326,Lower Sava Statistical Region,region,SI,Slovenia,True,True
165,3668,Burdur Province,region,TR,Turkey,True,True
167,2442,Tiris Zemmour Region,region,MR,Mauritania,True,True
168,1595,Karlovac County,region,HR,Croatia,True,True
170,4087,Nong Bua Lam Phu,region,TH,Thailand,True,True
171,950,Bolívar Province,region,EC,Ecuador,True,True
172,83,Cuando Cubango Province,region,AO,Angola,True,True
173,3664,Bilecik Province,region,TR,Turkey,True,True
174,4661,Budva Municipality,region,ME,Montenegro,True,True
175,4501,Vallée du Bandama District,region,CI,Côte d&#039;Ivoire,True,True
176,2561,Manica Province,region,MZ,Mozambique,True,True
177,94,Lunda Sul Province,region,AO,Angola,True,True
178,2560,Zambezia Province,region,MZ,Mozambique,True,True
180,1427,Volta Region,region,GH,Ghana,True,True
181,4348,Southern Region,region,IS,Iceland,True,True
182,90,Moxico Province,region,AO,Angola,True,True
183,91,Uíge Province,region,AO,Angola,True,True
184,4346,Northeastern Region,region,IS,Iceland,True,True
185,4975,North Karelia,region,FI,Finland,True,True
190,2637,Sokoto State,region,NG,Nigeria,True,True
193,2449,Grand Port District,region,MU,Mauritius,True,True
195,2292,Gostivar Municipality,region,MK,Macedonia,True,True
197,3430,Northern Province,region,SL,Sierra Leone,True,True
198,4101,Bartın Province,region,TR,Turkey,True,True
199,4252,Vega Baja,region,PR,Puerto Rico,True,True
200,679,Southwest,region,CM,Cameroon,True,True
201,2332,Ohrid Municipality,region,MK,Macedonia,True,True
202,4719,Mashonaland West Province,region,ZW,Zimbabwe,True,True
203,4676,Ulcinj Municipality,region,ME,Montenegro,True,True
206,2632,Bauchi State,region,NG,Nigeria,True,True
207,4138,North Maluku,region,ID,Indonesia,True,True
208,87,Huambo Province,region,AO,Angola,True,True
209,2358,Strumica Municipality,region,MK,Macedonia,True,True
210,3515,Borkou Region,region,TD,Chad,True,True
211,4989,Penghu,region,TW,Taiwan,True,True
212,2616,Borno State,region,NG,Nigeria,True,True
213,3960,Cao Bằng Province,region,VN,Vietnam,True,True
214,842,Djibouti,region,DJ,Djibouti,True,True
215,1533,Baja Verapaz Department,region,GT,Guatemala,True,True
216,4552,North-West District,region,BW,Botswana,True,True
217,4139,North Kalimantan,region,ID,Indonesia,True,True
218,1039,Tigray Region,region,ET,Ethiopia,True,True
219,4472,Gazi Baba Municipality,region,MK,Macedonia,True,True
220,2340,Prilep Municipality,region,MK,Macedonia,True,True
221,3937,Barinas,region,VE,Venezuela,True,True
224,509,Kweneng District,region,BW,Botswana,True,True
225,2554,Inhambane Province,region,MZ,Mozambique,True,True
226,1926,Yamagata Prefecture,region,JP,Japan,True,True
227,85,Cuanza Sul,region,AO,Angola,True,True
228,4563,Central Governorate,region,BH,Bahrain,True,True
231,526,Toledo District,region,BZ,Belize,True,True
232,1917,Shiga Prefecture,region,JP,Japan,True,True
233,1556,Oio Region,region,GW,Guinea-Bissau,True,True
234,4905,Southern Red Sea Region,region,ER,Eritrea,True,True
236,2320,Makedonska Kamenica Municipality,region,MK,Macedonia,True,True
237,2282,Demir Hisar Municipality,region,MK,Macedonia,True,True
238,4756,Buyende District,region,UG,Uganda,True,True
239,2441,Guidimaka Region,region,MR,Mauritania,True,True
240,4404,Baie Lazare,region,SC,Seychelles,True,True
243,2286,Dolneni Municipality,region,MK,Macedonia,True,True
244,2343,Rankovce Municipality,region,MK,Macedonia,True,True
245,407,Hamilton Parish,region,BM,Bermuda,True,True
246,2283,Demir Kapija Municipality,region,MK,Macedonia,True,True
248,2500,Balaka District,region,MW,Malawi,True,True
250,4733,Bukomansimbi District,region,UG,Uganda,True,True
251,1435,Lower River Division,region,GM,The Gambia,True,True
252,4897,Western Province,region,SB,Solomon Islands,True,True
254,4369,Cayman Brac,region,KY,Cayman Islands,True,True
255,4841,Bujumbura Rural Province,region,BI,Burundi,True,True
256,2293,Gradsko Municipality,region,MK,Macedonia,True,True
257,416,Warwick Parish,region,BM,Bermuda,True,True
258,1555,Quinara Region,region,GW,Guinea-Bissau,True,True
259,2330,Novo Selo Municipality,region,MK,Macedonia,True,True
260,4752,Bukedea District,region,UG,Uganda,True,True
261,413,Sandys Parish,region,BM,Bermuda,True,True
263,3227,Beau Vallon,region,SC,Seychelles,True,True
265,219,Saint Peter,region,BB,Barbados,True,True
266,2270,Brvenica Municipality,region,MK,Macedonia,True,True
268,844,Tadjourah Region,region,DJ,Djibouti,True,True
270,2373,Vrapčište Municipality,region,MK,Macedonia,True,True
272,4839,Mayo-Kebbi Ouest Region,region,TD,Chad,True,True
273,2321,Makedonski Brod Municipality,region,MK,Macedonia,True,True
276,4671,Plužine Municipality,region,ME,Montenegro,True,True
277,221,Saint Thomas,region,BB,Barbados,True,True
279,2266,Bogdanci Municipality,region,MK,Macedonia,True,True
280,2309,Kratovo Municipality,region,MK,Macedonia,True,True
281,486,Bumthang District,region,BT,Bhutan,True,True
283,1439,North Bank Division,region,GM,The Gambia,True,True
284,1563,Barima-Waini,region,GY,Guyana,True,True
286,1945,Batken Region,region,KG,Kyrgyzstan,True,True
287,2305,Konče Municipality,region,MK,Macedonia,True,True
289,2336,Pehčevo Municipality,region,MK,Macedonia,True,True
290,4407,Bel Ombre,region,SC,Seychelles,True,True
291,2278,Čučer-Sandevo Municipality,region,MK,Macedonia,True,True
292,2338,Plasnica Municipality,region,MK,Macedonia,True,True
293,1559,Tombali Region,region,GW,Guinea-Bissau,True,True
294,1562,Biombo Region,region,GW,Guinea-Bissau,True,True
295,4476,Debarca Municipality,region,MK,Macedonia,True,True
296,4853,Buada District,region,NR,Nauru,True,True
297,4778,Dokolo District,region,UG,Uganda,True,True
298,4734,Butambala District,region,UG,Uganda,True,True
299,4751,Bududa District,region,UG,Uganda,True,True
300,2318,Lozovo Municipality,region,MK,Macedonia,True,True
302,4793,Buhweju District,region,UG,Uganda,True,True
303,4754,Bulambuli District,region,UG,Uganda,True,True
304,2264,Bitola Municipality,region,MK,Macedonia,True,True
305,4896,Rennell and Bellona Province,region,SB,Solomon Islands,True,True
307,4858,Boe District,region,NR,Nauru,True,True
308,4195,Ngöbe-Buglé Comarca,region,PA,Panama,True,True
309,147,Balakan District,region,AZ,Azerbaijan,True,True
310,4725,Muchinga Province,region,ZM,Zambia,True,True
311,4910,Baiti District,region,NR,Nauru,True,True
312,4522,Redonda,region,AG,Antigua,True,True
313,4921,Sandy Bay,region,SH,Saint Helena,True,True
314,4755,Butaleja District,region,UG,Uganda,True,True
315,2311,Krivogaštani Municipality,region,MK,Macedonia,True,True
316,414,Smith's Parish,region,BM,Bermuda,True,True
317,4357,Saint Peter,region,GG,Guernsey,True,True
318,4724,Bulisa District,region,UG,Uganda,True,True
319,215,Saint John,region,BB,Barbados,True,True
320,4540,Temburong District,region,BN,Brunei,True,True
322,386,Bururi Province,region,BI,Burundi,True,True
323,2269,Bosilovo Municipality,region,MK,Macedonia,True,True
325,1437,Upper River Division,region,GM,The Gambia,True,True
326,1476,Bioko Sur Province,region,GQ,Equatorial Guinea,True,True
328,385,Bubanza Province,region,BI,Burundi,True,True
330,5004,Jervis Bay Territory,region,AU,Australia,True,True
331,843,Obock Region,region,DJ,Djibouti,True,True
332,4613,Briceni District,region,MD,Moldova,True,True
333,2277,Češinovo-Obleševo Municipality,region,MK,Macedonia,True,True
334,841,Dikhil Region,region,DJ,Djibouti,True,True
335,217,Saint Lucy,region,BB,Barbados,True,True
336,216,Saint Joseph,region,BB,Barbados,True,True
337,50,Barbuda,region,AG,Antigua,True,True
338,4753,Bukwo District,region,UG,Uganda,True,True
339,2381,Zrnovci Municipality,region,MK,Macedonia,True,True
340,4611,Basarabeasca District,region,MD,Moldova,True,True
341,4767,Namutumba District,region,UG,Uganda,True,True
342,1557,Bolama Region,region,GW,Guinea-Bissau,True,True
344,4475,Centar Župa Municipality,region,MK,Macedonia,True,True
345,2436,Brakna Region,region,MR,Mauritania,True,True
346,3818,Busia District,region,UG,Uganda,True,True
347,1061,Northern Division,region,FJ,Fiji,True,True
350,2294,Ilinden Municipality,region,MK,Macedonia,True,True
351,3445,Tambacounda Region,region,SN,Senegal,True,True
352,2359,Studeničani Municipality,region,MK,Macedonia,True,True
353,4663,Old Royal Capital Cetinje,region,ME,Montenegro,True,True
355,2342,Radoviš Municipality,region,MK,Macedonia,True,True
356,4566,Bokeo Province,region,LA,Laos,True,True
357,213,Saint George,region,BB,Barbados,True,True
358,2361,Sveti Nikole Municipality,region,MK,Macedonia,True,True
360,3625,Balkan Region,region,TM,Turkmenistan,True,True
362,4855,Western Province,region,RW,Rwanda,True,True
366,4901,Gash-Barka Region,region,ER,Eritrea,True,True
369,4585,Sofia Region,region,MG,Madagascar,True,True
370,577,Pool Department,region,CG,Republic of the Congo,True,True
371,4857,Northern Province,region,RW,Rwanda,True,True
372,4344,Westfjords,region,IS,Iceland,True,True
374,569,Bouenza Department,region,CG,Republic of the Congo,True,True
375,214,Saint James,region,BB,Barbados,True,True
378,575,Plateaux Department,region,CG,Republic of the Congo,True,True
379,2242,Bălți,region,MD,Moldova,True,True
381,18,Bamyan,region,AF,Afghanistan,True,True
382,2590,Hardap Region,region,NA,Namibia,True,True
386,2327,Negotino Municipality,region,MK,Macedonia,True,True
387,3439,City of San Marino,region,SM,San Marino,True,True
390,2344,Resen Municipality,region,MK,Macedonia,True,True
391,17,Baghlan,region,AF,Afghanistan,True,True
392,3460,Lower Juba,region,SO,Somalia,True,True
393,4659,Bijelo Polje Municipality,region,ME,Montenegro,True,True
394,4411,Mont Buxton,region,SC,Seychelles,True,True
396,4818,Cuvette-Ouest Department,region,CG,Republic of the Congo,True,True
397,4347,Austurland,region,IS,Iceland,True,True
398,4529,Zou Department,region,BJ,Benin,True,True
401,2273,Čaška Municipality,region,MK,Macedonia,True,True
402,4840,Sila Region,region,TD,Chad,True,True
403,4639,North Province,region,NC,New Caledonia,True,True
405,4554,Boa Vista,region,CV,Cape Verde,True,True
406,2317,Lipkovo Municipality,region,MK,Macedonia,True,True
407,489,Dagana District,region,BT,Bhutan,True,True
408,3817,Bugiri District,region,UG,Uganda,True,True
410,3452,Bakool,region,SO,Somalia,True,True
411,2362,Tearce Municipality,region,MK,Macedonia,True,True
412,2350,Sopište Municipality,region,MK,Macedonia,True,True
413,2268,Bogovinje Municipality,region,MK,Macedonia,True,True
416,4665,Kolašin Municipality,region,ME,Montenegro,True,True
417,16,Badghis,region,AF,Afghanistan,True,True
418,2378,Želino Municipality,region,MK,Macedonia,True,True
419,2365,Valandovo Municipality,region,MK,Macedonia,True,True
420,871,Baoruco Province,region,DO,Dominican Republic,True,True
421,4546,Vágar,region,FO,Faroe Islands,True,True
422,4601,Brava,region,CV,Cape Verde,True,True
423,2377,Zelenikovo Municipality,region,MK,Macedonia,True,True
424,1036,Gambela Region,region,ET,Ethiopia,True,True
426,4662,Berane Municipality,region,ME,Montenegro,True,True
427,412,St. George's Parish,region,BM,Bermuda,True,True
429,2784,Milne Bay Province,region,PG,Papua New Guinea,True,True
430,406,Devonshire Parish,region,BM,Bermuda,True,True
431,2074,Balzers,region,LI,Liechtenstein,True,True
432,415,Southampton Parish,region,BM,Bermuda,True,True
433,2783,Gulf,region,PG,Papua New Guinea,True,True
434,1040,Benishangul-Gumuz Region,region,ET,Ethiopia,True,True
436,2341,Probištip Municipality,region,MK,Macedonia,True,True
437,403,Mono Department,region,BJ,Benin,True,True
438,1571,Upper Demerara-Berbice,region,GY,Guyana,True,True
439,2787,Western Province,region,PG,Papua New Guinea,True,True
440,4838,Mandoul Region,region,TD,Chad,True,True
441,4538,Tutong District,region,BN,Brunei,True,True
442,4526,Donga Department,region,BJ,Benin,True,True
443,1568,Mahaica-Berbice,region,GY,Guyana,True,True
444,4672,Pljevlja Municipality,region,ME,Montenegro,True,True
446,2279,Debar Municipality,region,MK,Macedonia,True,True
447,4485,Saint Brélade,region,JE,Jersey,True,True
448,4664,Danilovgrad Municipality,region,ME,Montenegro,True,True
449,2262,Berovo Municipality,region,MK,Macedonia,True,True
451,4732,Buikwe District,region,UG,Uganda,True,True
453,4521,Pembroke Parish,region,BM,Bermuda,True,True
454,4677,Šavnik Municipality,region,ME,Montenegro,True,True
455,4739,Buvuma District,region,UG,Uganda,True,True
456,2119,Berea District,region,LS,Lesotho,True,True
457,4474,Dojran Municipality,region,MK,Macedonia,True,True
459,2310,Kriva Palanka Municipality,region,MK,Macedonia,True,True
460,220,Saint Philip,region,BB,Barbados,True,True
461,2280,Delčevo Municipality,region,MK,Macedonia,True,True
462,4678,Žabljak Municipality,region,ME,Montenegro,True,True
467,4306,Yau Tsim Mong District,region,HK,Hong Kong,True,True
468,1740,Odisha,region,IN,India,True,True
469,1669,Special Region of Yogyakarta,region,ID,Indonesia,True,True
470,1662,Bali,region,ID,Indonesia,True,True
472,1757,Uttarakhand,region,IN,India,True,True
473,432,La Paz Department,region,BO,Bolivia,True,True
474,3855,Idaho,region,US,United States,True,True
478,3862,Maine,region,US,United States,True,True
479,4303,Kwun Tong District,region,HK,Hong Kong,True,True
481,2668,Utrecht,region,NL,Netherlands,True,True
483,3891,West Virginia,region,US,United States,True,True
484,455,Rio Grande do Norte,region,BR,Brazil,True,True
485,4131,Central Denmark Region,region,DK,Denmark,True,True
486,451,Paraíba,region,BR,Brazil,True,True
487,1843,Calabria,region,IT,Italy,True,True
488,4307,Central and Western District,region,HK,Hong Kong,True,True
490,4119,Taoyuan,region,TW,Taiwan,True,True
491,4068,Lusaka Province,region,ZM,Zambia,True,True
492,3850,Delaware,region,US,United States,True,True
493,1027,Castilla-La Mancha,region,ES,Spain,True,True
495,3854,Hawaii,region,US,United States,True,True
496,3007,Greater Poland Voivodeship,region,PL,Poland,True,True
499,448,Mato Grosso,region,BR,Brazil,True,True
501,446,Mato Grosso do Sul,region,BR,Brazil,True,True
502,4143,Banten,region,ID,Indonesia,True,True
503,2665,North Brabant,region,NL,Netherlands,True,True
505,3858,Iowa,region,US,United States,True,True
508,603,canton of Zürich,region,CH,Switzerland,True,True
509,445,Espírito Santo,region,BR,Brazil,True,True
511,4340,Capital Region,region,IS,Iceland,True,True
512,4514,Luanda Province,region,AO,Angola,True,True
513,4080,Wales,region,GB,United Kingdom,True,True
514,4082,Northern Ireland,region,GB,United Kingdom,True,True
516,2998,Lesser Poland Voivodeship,region,PL,Poland,True,True
517,3874,New Mexico,region,US,United States,True,True
518,450,Pará,region,BR,Brazil,True,True
519,4187,Western Visayas,region,PH,Philippines,True,True
520,1682,North Sumatra,region,ID,Indonesia,True,True
521,4310,Wan Chai District,region,HK,Hong Kong,True,True
522,3870,Nebraska,region,US,United States,True,True
527,4051,KwaZulu-Natal,region,ZA,South Africa,True,True
528,3008,West Pomeranian Voivodeship,region,PL,Poland,True,True
533,3893,Wyoming,region,US,United States,True,True
534,2540,Melaka,region,MY,Malaysia,True,True
535,1681,West Sumatra,region,ID,Indonesia,True,True
536,3888,Vermont,region,US,United States,True,True
537,1914,Osaka Prefecture,region,JP,Japan,True,True
538,457,Rondônia,region,BR,Brazil,True,True
539,512,South-East District,region,BW,Botswana,True,True
543,1071,Bourgogne,region,FR,France,True,True
547,2664,Limburg,region,NL,Netherlands,True,True
549,453,Piauí,region,BR,Brazil,True,True
550,4057,Limpopo,region,ZA,South Africa,True,True
551,532,Nova Scotia,region,CA,Canada,True,True
555,1846,Friuli-Venezia Giulia,region,IT,Italy,True,True
557,1726,Chandigarh,region,IN,India,True,True
559,4309,Southern District,region,HK,Hong Kong,True,True
560,447,Maranhão,region,BR,Brazil,True,True
561,1731,Himachal Pradesh,region,IN,India,True,True
562,4450,Benghazi,region,LY,Libya,True,True
564,1722,Jerusalem,region,IL,Israel,True,True
565,1072,Bretagne,region,FR,France,True,True
570,3669,Bursa Province,region,TR,Turkey,True,True
574,1756,Jharkhand,region,IN,India,True,True
575,3884,South Dakota,region,US,United States,True,True
576,4534,Windward Islands,region,PF,French Polynesia,True,True
577,2507,Baja California Sur,region,MX,Mexico,True,True
578,3882,Rhode Island,region,US,United States,True,True
579,218,Saint Michael,region,BB,Barbados,True,True
580,1719,Northern District,region,IL,Israel,True,True
582,4159,Bình Dương,region,VN,Vietnam,True,True
584,1755,Chhattisgarh,region,IN,India,True,True
585,1752,Bihar,region,IN,India,True,True
587,3851,Washington D. C.,region,US,United States,True,True
588,5000,Hong Kong,region,HK,Hong Kong,True,True
590,3067,Bucharest,region,RO,Romania,True,True
592,1685,West Java,region,ID,Indonesia,True,True
593,3881,Pennsylvania,region,US,United States,True,True
594,1744,Tamil Nadu,region,IN,India,True,True
595,1738,Karnataka,region,IN,India,True,True
596,3878,Ohio,region,US,United States,True,True
597,1029,Catalonia,region,ES,Spain,True,True
598,747,Distrito Especial,region,CO,Colombia,True,True
600,673,Santiago Metropolitan Region,region,CL,Chile,True,True
601,3865,Michigan,region,US,United States,True,True
602,3864,Massachusetts,region,US,United States,True,True
603,4478,Western Province,region,LK,Sri Lanka,True,True
604,3873,New Jersey,region,US,United States,True,True
605,1746,West Bengal,region,IN,India,True,True
607,1733,Kerala,region,IN,India,True,True
608,826,Bayern,region,DE,Germany,True,True
609,3020,Lisbon District,region,PT,Portugal,True,True
610,4685,Bagmati Zone,region,NP,Nepal,True,True
611,2424,Ulaanbaatar,region,MN,Mongolia,True,True
612,1743,Rajasthan,region,IN,India,True,True
613,3885,Tennessee,region,US,United States,True,True
614,3889,Virginia,region,US,United States,True,True
615,3848,Colorado,region,US,United States,True,True
616,449,Minas Gerais,region,BR,Brazil,True,True
617,460,São Paulo (state),region,BR,Brazil,True,True
618,2513,Distrito Federal,region,MX,Mexico,True,True
619,3984,Ho Chi Minh City,region,VN,Vietnam,True,True
620,3983,Hanoi,region,VN,Vietnam,True,True
621,3852,Florida,region,US,United States,True,True
623,3886,Texas,region,US,United States,True,True
624,3847,California,region,US,United States,True,True
625,3586,Bangkok Metropolis,region,TH,Thailand,True,True
626,1728,Delhi,region,IN,India,True,True
627,1735,Maharashtra,region,IN,India,True,True
631,3876,North Carolina,region,US,United States,True,True
632,4054,Gauteng,region,ZA,South Africa,True,True
635,3856,Illinois,region,US,United States,True,True
636,1764,Baghdad Governorate,region,IQ,Iraq,True,True
637,10,Dubai,region,AE,United Arab Emirates,True,True
638,3751,Taipei,region,TW,Taiwan,True,True
641,2940,Sindh,region,PK,Pakistan,True,True
642,1754,Uttar Pradesh,region,IN,India,True,True
644,2523,Nuevo Leon,region,MX,Mexico,True,True
646,2519,México,region,MX,Mexico,True,True
647,2059,Beirut Governorate,region,LB,Lebanon,True,True
648,129,Vienna,region,AT,Austria,True,True
649,436,Santa Cruz Department,region,BO,Bolivia,True,True
650,443,Ceará,region,BR,Brazil,True,True
652,3861,Louisiana,region,US,United States,True,True
653,825,Baden-Württemberg,region,DE,Germany,True,True
654,1033,Comunidad Valenciana,region,ES,Spain,True,True
657,3859,Kansas,region,US,United States,True,True
659,463,Pernambuco,region,BR,Brazil,True,True
660,528,British Columbia,region,CA,Canada,True,True
662,444,Federal District,region,BR,Brazil,True,True
663,3880,Oregon,region,US,United States,True,True
664,2754,Panama,region,PA,Panama,True,True
666,830,Lower Saxony,region,DE,Germany,True,True
667,4188,Central Visayas,region,PH,Philippines,True,True
668,3207,Makkah Region,region,SA,Saudi Arabia,True,True
669,3592,Chon Buri,region,TH,Thailand,True,True
670,3849,Connecticut,region,US,United States,True,True
671,2943,Islamabad Capital Territory,region,PK,Pakistan,True,True
673,2530,Sonora,region,MX,Mexico,True,True
675,4121,New Taipei City,region,TW,Taiwan,True,True
677,1860,Veneto,region,IT,Italy,True,True
678,3883,South Carolina,region,US,United States,True,True
679,1922,Tokyo,region,JP,Japan,True,True
680,2666,North Holland,region,NL,Netherlands,True,True
683,1730,Haryana,region,IN,India,True,True
684,4100,Telangana,region,IN,India,True,True
685,1753,Madhya Pradesh,region,IN,India,True,True
686,3868,Missouri,region,US,United States,True,True
687,1625,Budapest,region,HU,Hungary,True,True
688,840,Berlin,region,DE,Germany,True,True
689,4136,Flemish Region,region,BE,Belgium,True,True
691,1742,Punjab,region,IN,India,True,True
692,3879,Oklahoma,region,US,United States,True,True
693,3863,Maryland,region,US,United States,True,True
694,462,Goiás,region,BR,Brazil,True,True
695,3887,Utah,region,US,United States,True,True
696,3857,Indiana,region,US,United States,True,True
697,3892,Wisconsin,region,US,United States,True,True
698,2607,Lagos,region,NG,Nigeria,True,True
699,3871,Nevada,region,US,United States,True,True
700,2506,Baja California,region,MX,Mexico,True,True
701,4081,Scotland,region,GB,United Kingdom,True,True
702,442,Bahia,region,BR,Brazil,True,True
704,3860,Kentucky,region,US,United States,True,True
705,3866,Minnesota,region,US,United States,True,True
706,4189,Eastern Visayas,region,PH,Philippines,True,True
707,3877,North Dakota,region,US,United States,True,True
708,4447,Butnan District,region,LY,Libya,True,True
709,1929,Okinawa Prefecture,region,JP,Japan,True,True
711,3959,Bến Tre,region,VN,Vietnam,True,True
712,2450,Moka District,region,MU,Mauritius,True,True
713,4299,Tsuen Wan District,region,HK,Hong Kong,True,True
714,2000,Jeollabuk-do,region,KR,South Korea,True,True
715,2623,Delta State,region,NG,Nigeria,True,True
718,4067,Copperbelt Province,region,ZM,Zambia,True,True
719,1745,Tripura,region,IN,India,True,True
720,3993,Hòa Bình,region,VN,Vietnam,True,True
721,2729,Manawatu-Wanganui Region,region,NZ,New Zealand,True,True
723,593,Canton of St. Gallen,region,CH,Switzerland,True,True
726,4440,Northern Province,region,LK,Sri Lanka,True,True
727,3206,Ha'il Region,region,SA,Saudi Arabia,True,True
729,581,Basel-Landschaft,region,CH,Switzerland,True,True
731,1663,Bengkulu,region,ID,Indonesia,True,True
732,431,Beni Department,region,BO,Bolivia,True,True
733,2633,Enugu State,region,NG,Nigeria,True,True
734,384,Bujumbura,region,BI,Burundi,True,True
735,2001,Chungcheongbuk-do,region,KR,South Korea,True,True
737,2007,Gyeongsangbuk-do,region,KR,South Korea,True,True
738,4456,Banteay Meanchey Province,region,KH,Cambodia,True,True
739,3999,Ninh Bình,region,VN,Vietnam,True,True
740,2618,Kano State,region,NG,Nigeria,True,True
742,4085,Prachin Buri,region,TH,Thailand,True,True
743,602,Canton of Zug,region,CH,Switzerland,True,True
745,2624,Edo,region,NG,Nigeria,True,True
746,4637,South Province,region,NC,New Caledonia,True,True
747,2612,Kaduna State,region,NG,Nigeria,True,True
749,1672,Central Kalimantan,region,ID,Indonesia,True,True
750,4294,Kwai Tsing District,region,HK,Hong Kong,True,True
751,4002,Quảng Bình,region,VN,Vietnam,True,True
754,2733,Otago Region,region,NZ,New Zealand,True,True
755,4297,Sha Tin District,region,HK,Hong Kong,True,True
757,931,Boumerdès Province,region,DZ,Algeria,True,True
758,2669,Zeeland,region,NL,Netherlands,True,True
759,912,Biskra,region,DZ,Algeria,True,True
761,1622,Baranya County,region,HU,Hungary,True,True
763,582,Basel-City,region,CH,Switzerland,True,True
764,578,Brazzaville,region,CG,Republic of the Congo,True,True
766,2942,Gilgit-Baltistan,region,PK,Pakistan,True,True
768,3667,Bolu Province,region,TR,Turkey,True,True
769,2315,Kumanovo Municipality,region,MK,Macedonia,True,True
770,2732,Northland Region,region,NZ,New Zealand,True,True
771,4089,Bueng Kan,region,TH,Thailand,True,True
772,4865,Central River Division,region,GM,The Gambia,True,True
773,3646,Sidi Bouzid Governorate,region,TN,Tunisia,True,True
774,3264,Norrbotten County,region,SE,Sweden,True,True
775,2620,Niger State,region,NG,Nigeria,True,True
779,2557,Nampula Province,region,MZ,Mozambique,True,True
784,3636,Kassrine,region,TN,Tunisia,True,True
785,4202,Najran Region,region,SA,Saudi Arabia,True,True
786,3012,Bragança District,region,PT,Portugal,True,True
787,504,Central District,region,BW,Botswana,True,True
790,4469,Butel Municipality,region,MK,Macedonia,True,True
791,1424,Central Region,region,GH,Ghana,True,True
792,2628,Osun,region,NG,Nigeria,True,True
793,4305,Wong Tai Sin District,region,HK,Hong Kong,True,True
794,2728,Hawke's Bay,region,NZ,New Zealand,True,True
796,790,Famagusta District,region,CY,Cyprus,True,True
797,2454,Rivière du Rempart District,region,MU,Mauritius,True,True
798,1737,Meghalaya,region,IN,India,True,True
799,2615,Benué,region,NG,Nigeria,True,True
802,4010,Yên Bái,region,VN,Vietnam,True,True
803,4439,North Central Province,region,LK,Sri Lanka,True,True
805,4178,West Macedonia Region,region,GR,Greece,True,True
807,1623,Békés County,region,HU,Hungary,True,True
810,4690,Bheri Zone,region,NP,Nepal,True,True
813,1893,Hiroshima Prefecture,region,JP,Japan,True,True
815,1741,Puducherry,region,IN,India,True,True
819,4157,Bình Phước,region,VN,Vietnam,True,True
820,4301,Yuen Long District,region,HK,Hong Kong,True,True
821,1747,Sikkim,region,IN,India,True,True
822,80,Benguela Province,region,AO,Angola,True,True
824,2363,Tetovo Municipality,region,MK,Macedonia,True,True
826,674,Tarapacá Region,region,CL,Chile,True,True
827,1938,Bishkek,region,KG,Kyrgyzstan,True,True
828,2003,Busan,region,KR,South Korea,True,True
829,2726,Canterbury,region,NZ,New Zealand,True,True
830,901,Batna Province,region,DZ,Algeria,True,True
831,1936,Rift Valley Province,region,KE,Kenya,True,True
832,1763,Babylon Governorate,region,IQ,Iraq,True,True
833,3938,Bolívar,region,VE,Venezuela,True,True
834,3574,Buriram,region,TH,Thailand,True,True
836,1904,Kyoto Prefecture,region,JP,Japan,True,True
840,2058,North Governorate,region,LB,Lebanon,True,True
841,2452,Plaines Wilhems District,region,MU,Mauritius,True,True
842,1894,Hokkaido,region,JP,Japan,True,True
844,827,Bremen,region,DE,Germany,True,True
846,1751,Goa,region,IN,India,True,True
847,3986,Bình Định,region,VN,Vietnam,True,True
848,4548,Oromia Region,region,ET,Ethiopia,True,True
850,1675,West Nusa Tenggara,region,ID,Indonesia,True,True
853,1008,Beni Suef Governorate,region,EG,Egypt,True,True
854,4177,West Greece Region,region,GR,Greece,True,True
855,4056,Northern Cape,region,ZA,South Africa,True,True
858,1686,North Sulawesi,region,ID,Indonesia,True,True
859,2382,Bamako,region,ML,Mali,True,True
863,2932,Zamboanga Peninsula,region,PH,Philippines,True,True
864,835,Brandenburg,region,DE,Germany,True,True
867,1009,Port Said Governorate,region,EG,Egypt,True,True
869,4055,Mpumalanga,region,ZA,South Africa,True,True
870,461,Sergipe,region,BR,Brazil,True,True
871,2737,Wellington Region,region,NZ,New Zealand,True,True
872,464,Tocantins,region,BR,Brazil,True,True
873,676,Littoral,region,CM,Cameroon,True,True
874,672,Maule Region,region,CL,Chile,True,True
876,3961,Bắc Ninh,region,VN,Vietnam,True,True
878,3985,Bà Rịa-Vũng Tàu,region,VN,Vietnam,True,True
879,530,New Brunswick,region,CA,Canada,True,True
880,670,Los Lagos Region,region,CL,Chile,True,True
881,2212,Fès-Boulemane,region,MA,Morocco,True,True
883,4132,Region Zealand,region,DK,Denmark,True,True
885,583,Canton of Bern,region,CH,Switzerland,True,True
886,3637,Bizerte Governorate,region,TN,Tunisia,True,True
888,4302,Kowloon City District,region,HK,Hong Kong,True,True
890,4158,Gia Lai,region,VN,Vietnam,True,True
891,4308,Eastern District,region,HK,Hong Kong,True,True
893,4669,Podgorica Municipality,region,ME,Montenegro,True,True
894,1671,South Kalimantan,region,ID,Indonesia,True,True
898,4197,Los Ríos Region,region,CL,Chile,True,True
900,4457,Battambang Province,region,KH,Cambodia,True,True
902,2057,Beqaa Governorate,region,LB,Lebanon,True,True
906,1621,Bács-Kiskun County,region,HU,Hungary,True,True
908,4125,Pirkanmaa,region,FI,Finland,True,True
909,3987,Bình Thuận,region,VN,Vietnam,True,True
910,2609,Ogun,region,NG,Nigeria,True,True
913,1638,Szabolcs-Szatmár-Bereg County,region,HU,Hungary,True,True
915,1018,La Rioja,region,ES,Spain,True,True
917,3211,Emirate of Tabuk,region,SA,Saudi Arabia,True,True
918,2621,Oyo State,region,NG,Nigeria,True,True
919,4532,Brunei-Muara District,region,BN,Brunei,True,True
920,4990,Pingtung County,region,TW,Taiwan,True,True
921,3597,Suphan Buri,region,TH,Thailand,True,True
922,3453,Banaadir,region,SO,Somalia,True,True
923,669,O'Higgins,region,CL,Chile,True,True
925,2451,Pamplemousses District,region,MU,Mauritius,True,True
927,4210,Bayamón,region,PR,Puerto Rico,True,True
928,2678,Buskerud,region,NO,Norway,True,True
929,4441,North Western Province,region,LK,Sri Lanka,True,True
931,1889,Fukuoka Prefecture,region,JP,Japan,True,True
932,1842,Basilicata,region,IT,Italy,True,True
934,668,Coquimbo Region,region,CL,Chile,True,True
935,1023,Cantabria,region,ES,Spain,True,True
937,4516,Capital Governorate,region,BH,Bahrain,True,True
938,4148,Bắc Giang,region,VN,Vietnam,True,True
939,3972,Thái Bình,region,VN,Vietnam,True,True
940,3663,Balıkesir Province,region,TR,Turkey,True,True
941,1736,Manipur,region,IN,India,True,True
942,1630,Hajdú-Bihar County,region,HU,Hungary,True,True
944,4304,Sham Shui Po District,region,HK,Hong Kong,True,True
945,911,Béjaïa Province,region,DZ,Algeria,True,True
946,4953,Blue Hill,region,SH,Saint Helena,True,True
1,1704,County Longford,region,IE,Ireland,True,True
2,3727,Kars Province,region,TR,Turkey,True,True
6,1574,Choluteca Department,region,HN,Honduras,True,True
7,4426,Penal-Debe Regional Corporation,region,TT,Trinidad and Tobago,True,True
9,3725,Çankırı Province,region,TR,Turkey,True,True
11,2645,Carazo Department,region,NI,Nicaragua,True,True
13,1607,Virovitica-Podravina County,region,HR,Croatia,True,True
15,2647,Chontales Department,region,NI,Nicaragua,True,True
16,2750,Colon,region,PA,Panama,True,True
17,4215,Canóvanas,region,PR,Puerto Rico,True,True
18,3483,Cuscatlán Department,region,SV,El Salvador,True,True
19,48,Khost,region,AF,Afghanistan,True,True
22,2749,Coclé Province,region,PA,Panama,True,True
23,1541,Jalapa Department,region,GT,Guatemala,True,True
26,952,Carchi Province,region,EC,Ecuador,True,True
29,347,Gabrovo Province,region,BG,Bulgaria,True,True
31,1598,Lika-Senj County,region,HR,Croatia,True,True
40,3044,Canindeyú Department,region,PY,Paraguay,True,True
41,980,Pärnu County,region,EE,Estonia,True,True
43,3896,Cerro Largo Department,region,UY,Uruguay,True,True
47,3909,San José Department,region,UY,Uruguay,True,True
49,3035,Concepción Department,region,PY,Paraguay,True,True
50,4425,Diego Martin Regional Corporation,region,TT,Trinidad and Tobago,True,True
53,3142,Lipetsk Oblast,region,RU,Russia,True,True
57,5062,Comoé District,region,CI,Côte d&#039;Ivoire,True,True
58,3482,Chalatenango Department,region,SV,El Salvador,True,True
60,989,Viljandi County,region,EE,Estonia,True,True
62,889,San Juan Province,region,DO,Dominican Republic,True,True
63,738,San Andres y Providencia,region,CO,Colombia,True,True
65,4977,Kainuu,region,FI,Finland,True,True
66,3174,Tomsk Oblast,region,RU,Russia,True,True
68,1601,Požega-Slavonia County,region,HR,Croatia,True,True
70,573,Likouala Department,region,CG,Republic of the Congo,True,True
72,4214,Camuy,region,PR,Puerto Rico,True,True
84,3940,Cojedes,region,VE,Venezuela,True,True
85,4985,Kinmen,region,TW,Taiwan,True,True
86,4325,Carinthia Statistical Region,region,SI,Slovenia,True,True
91,4976,South Karelia,region,FI,Finland,True,True
94,1701,County Leitrim,region,IE,Ireland,True,True
95,592,Obwalden,region,CH,Switzerland,True,True
98,572,Lékoumou Department,region,CG,Republic of the Congo,True,True
100,2650,Jinotega Department,region,NI,Nicaragua,True,True
102,576,Sangha Department,region,CG,Republic of the Congo,True,True
105,4217,Coamo,region,PR,Puerto Rico,True,True
110,404,Ouémé Department,region,BJ,Benin,True,True
112,4219,Corozal,region,PR,Puerto Rico,True,True
114,3491,San Vicente Department,region,SV,El Salvador,True,True
117,2009,Jeollanam-do,region,KR,South Korea,True,True
118,522,Cayo District,region,BZ,Belize,True,True
119,3911,Tacuarembó Department,region,UY,Uruguay,True,True
123,4086,Amnat Charoen,region,TH,Thailand,True,True
124,1641,Tolna County,region,HU,Hungary,True,True
125,2654,Masaya Department,region,NI,Nicaragua,True,True
129,4385,Kakheti,region,GE,Georgia,True,True
130,4213,Cabo Rojo,region,PR,Puerto Rico,True,True
131,3990,Hà Giang,region,VN,Vietnam,True,True
132,2611,Cross River,region,NG,Nigeria,True,True
133,3685,Kastamonu Province,region,TR,Turkey,True,True
134,2655,Matagalpa Department,region,NI,Nicaragua,True,True
135,4423,Couva-Tabaquite-Talparo Regional Corporation,region,TT,Trinidad and Tobago,True,True
136,4216,Ciales,region,PR,Puerto Rico,True,True
139,1542,Jutiapa Department,region,GT,Guatemala,True,True
142,1711,County Sligo,region,IE,Ireland,True,True
148,4560,Santiago,region,CV,Cape Verde,True,True
154,3897,Colonia Department,region,UY,Uruguay,True,True
155,3162,Sakha Republic,region,RU,Russia,True,True
157,2648,Estelí Department,region,NI,Nicaragua,True,True
160,3679,Giresun Province,region,TR,Turkey,True,True
163,1596,Koprivnica-Križevci County,region,HR,Croatia,True,True
166,3671,Çorum Province,region,TR,Turkey,True,True
168,4331,Coastal–Karst Statistical Region,region,SI,Slovenia,True,True
169,3493,Usulután Department,region,SV,El Salvador,True,True
170,3262,Kronoberg County,region,SE,Sweden,True,True
171,1947,Kampong Chhnang Province,region,KH,Cambodia,True,True
172,966,Zamora-Chinchipe Province,region,EC,Ecuador,True,True
174,2684,Nord-Trøndelag,region,NO,Norway,True,True
175,1710,Roscommon,region,IE,Ireland,True,True
178,4696,Monte Carlo,region,MC,Monaco,True,True
180,1575,Colón Department,region,HN,Honduras,True,True
181,604,Jura,region,CH,Switzerland,True,True
182,2646,Chinandega Department,region,NI,Nicaragua,True,True
184,4380,Samtskhe-Javakheti,region,GE,Georgia,True,True
186,2043,Jambyl Region,region,KZ,Kazakhstan,True,True
187,3481,Cabañas Department,region,SV,El Salvador,True,True
188,3133,Komi Republic,region,RU,Russia,True,True
193,1634,Nógrád County,region,HU,Hungary,True,True
194,1577,Copán Department,region,HN,Honduras,True,True
196,1691,County Carlow,region,IE,Ireland,True,True
199,4218,Cidra,region,PR,Puerto Rico,True,True
200,346,Dobrich Province,region,BG,Bulgaria,True,True
202,1861,Clarendon Parish,region,JM,Jamaica,True,True
205,2045,Champasak Province,region,LA,Laos,True,True
208,951,Cañar Province,region,EC,Ecuador,True,True
210,1702,County Laois,region,IE,Ireland,True,True
214,5063,Lacs District,region,CI,Côte d&#039;Ivoire,True,True
216,1867,Saint Catherine Parish,region,JM,Jamaica,True,True
217,3446,Thiès Region,region,SN,Senegal,True,True
218,1708,County Monaghan,region,IE,Ireland,True,True
219,1692,Cavan,region,IE,Ireland,True,True
221,596,Canton of Solothurn,region,CH,Switzerland,True,True
222,4470,Čair Municipality,region,MK,Macedonia,True,True
227,735,Putumayo,region,CO,Colombia,True,True
228,1534,Chimaltenango Department,region,GT,Guatemala,True,True
229,3523,Moyen-Chari Region,region,TD,Chad,True,True
231,4382,Shida Kartli,region,GE,Georgia,True,True
233,3182,Vladimir Oblast,region,RU,Russia,True,True
235,4864,Margibi County,region,LR,Liberia,True,True
236,197,Khachmaz District,region,AZ,Azerbaijan,True,True
242,2360,Šuto Orizari Municipality,region,MK,Macedonia,True,True
244,4674,Rožaje Municipality,region,ME,Montenegro,True,True
245,4726,Jizzakh Region,region,UZ,Uzbekistan,True,True
246,4351,Shusha,region,AZ,Azerbaijan,True,True
248,4556,Fogo,region,CV,Cape Verde,True,True
249,877,Independencia,region,DO,Dominican Republic,True,True
250,4361,Vale,region,GG,Guernsey,True,True
251,26,Kapisa,region,AF,Afghanistan,True,True
252,2110,Grand Gedeh County,region,LR,Liberia,True,True
255,152,Jalilabad District,region,AZ,Azerbaijan,True,True
256,4614,Călărași District,region,MD,Moldova,True,True
257,487,Chukha District,region,BT,Bhutan,True,True
259,4559,São Nicolau,region,CV,Cape Verde,True,True
263,4615,Căușeni District,region,MD,Moldova,True,True
264,1477,Centro Sur Province,region,GQ,Equatorial Guinea,True,True
267,3144,Mari El Republic,region,RU,Russia,True,True
268,3139,Kurgan Oblast,region,RU,Russia,True,True
269,523,Corozal District,region,BZ,Belize,True,True
270,4986,Matsu Islands,region,TW,Taiwan,True,True
275,2127,Quthing District,region,LS,Lesotho,True,True
277,4420,Roche Caiman,region,SC,Seychelles,True,True
279,2128,Thaba-Tseka District,region,LS,Lesotho,True,True
281,4408,Cascade,region,SC,Seychelles,True,True
282,3143,Magadan Oblast,region,RU,Russia,True,True
284,4352,Castel,region,GG,Guernsey,True,True
287,3622,Khatlon Province,region,TJ,Tajikistan,True,True
288,2782,Central Province,region,PG,Papua New Guinea,True,True
290,2588,Zambezi Region,region,NA,Namibia,True,True
293,2116,Sinoe County,region,LR,Liberia,True,True
295,2240,Monaco City,region,MC,Monaco,True,True
296,4668,Petnjica Municipality,region,ME,Montenegro,True,True
298,387,Cankuzo Province,region,BI,Burundi,True,True
299,4863,River Gee County,region,LR,Liberia,True,True
304,4892,Choiseul Province,region,SB,Solomon Islands,True,True
305,4859,Grand Kru County,region,LR,Liberia,True,True
308,4890,Central Province,region,SB,Solomon Islands,True,True
309,4557,Santa Luzia,region,CV,Cape Verde,True,True
311,2690,Sør-Trøndelag,region,NO,Norway,True,True
312,4291,Chaco,region,PY,Paraguay,True,True
313,4828,Pukapuka,region,CK,Cook Islands,True,True
314,4829,Palmerston Island,region,CK,Cook Islands,True,True
315,4398,Prickly Pear Cays,region,AI,Anguilla,True,True
316,4317,Central Region,region,MT,Malta,True,True
317,202,Martuni,region,AZ,Azerbaijan,True,True
318,4656,La Colle,region,MC,Monaco,True,True
319,2479,Chiradzulu District,region,MW,Malawi,True,True
320,3434,Chiesanuova,region,SM,San Marino,True,True
321,571,Kouilou Department,region,CG,Republic of the Congo,True,True
322,488,Tsirang District,region,BT,Bhutan,True,True
323,4525,Kouffo Department,region,BJ,Benin,True,True
324,4670,Plav Municipality,region,ME,Montenegro,True,True
326,2789,Chimbu Province,region,PG,Papua New Guinea,True,True
327,2126,Qacha's Nek District,region,LS,Lesotho,True,True
329,4486,Saint Clement,region,JE,Jersey,True,True
330,192,Shusha District,region,AZ,Azerbaijan,True,True
332,4866,Gbarpolu County,region,LR,Liberia,True,True
335,4569,Carriacou,region,GD,Grenada,True,True
336,1558,Cacheu Region,region,GW,Guinea-Bissau,True,True
340,388,Cibitoke Province,region,BI,Burundi,True,True
341,4616,Cantemir District,region,MD,Moldova,True,True
342,2480,Chitipa district,region,MW,Malawi,True,True
343,4860,River Cess County,region,LR,Liberia,True,True
344,4370,Little Cayman,region,KY,Cayman Islands,True,True
345,4553,Maio,region,CV,Cape Verde,True,True
346,574,Niari Department,region,CG,Republic of the Congo,True,True
347,2243,Cahul District,region,MD,Moldova,True,True
348,3154,Orenburg Oblast,region,RU,Russia,True,True
349,3155,Oryol Oblast,region,RU,Russia,True,True
355,982,Rapla County,region,EE,Estonia,True,True
360,4446,Jafara,region,LY,Libya,True,True
361,3487,Morazán Department,region,SV,El Salvador,True,True
362,972,Ida-Viru County,region,EE,Estonia,True,True
363,886,Salcedo,region,DO,Dominican Republic,True,True
365,4561,São Vicente,region,CV,Cape Verde,True,True
368,3120,Ivanovo Oblast,region,RU,Russia,True,True
369,3921,Karakalpakstan,region,UZ,Uzbekistan,True,True
370,3115,Chuvash Republic,region,RU,Russia,True,True
372,4899,Maekel Region,region,ER,Eritrea,True,True
373,2652,Madriz Department,region,NI,Nicaragua,True,True
376,4979,Rarotonga,region,CK,Cook Islands,True,True
379,4427,Princes Town Regional Corporation,region,TT,Trinidad and Tobago,True,True
381,2656,Nueva Segovia Department,region,NI,Nicaragua,True,True
382,4459,Oddar Meanchey Province,region,KH,Cambodia,True,True
384,4618,Criuleni District,region,MD,Moldova,True,True
386,3964,Lai Châu,region,VN,Vietnam,True,True
387,3111,Chechen Republic,region,RU,Russia,True,True
388,977,Lääne-Viru County,region,EE,Estonia,True,True
390,4127,Central Ostrobothnia,region,FI,Finland,True,True
392,58,Dibër County,region,AL,Albania,True,True
393,591,Nidwalden,region,CH,Switzerland,True,True
397,4429,Sangre Grande Regional Corporation,region,TT,Trinidad and Tobago,True,True
399,594,Canton of Schaffhausen,region,CH,Switzerland,True,True
401,973,Järva County,region,EE,Estonia,True,True
404,3136,Kostroma Oblast,region,RU,Russia,True,True
405,4617,Cimișlia District,region,MD,Moldova,True,True
406,4673,Tivat Municipality,region,ME,Montenegro,True,True
407,4714,Shabwah Governorate,region,YE,Yemen,True,True
412,1614,Centre Department,region,HT,Haiti,True,True
413,3151,Novgorod Oblast,region,RU,Russia,True,True
414,4430,Siparia Regional Corporation,region,TT,Trinidad and Tobago,True,True
418,974,Jõgeva County,region,EE,Estonia,True,True
419,1564,Cuyuni-Mazaruni,region,GY,Guyana,True,True
421,4929,Centrale Region,region,TG,Togo,True,True
422,525,Stann Creek District,region,BZ,Belize,True,True
423,988,Valga County,region,EE,Estonia,True,True
424,1939,Chuy Region,region,KG,Kyrgyzstan,True,True
426,2592,Kunene Region,region,NA,Namibia,True,True
430,981,Põlva County,region,EE,Estonia,True,True
431,4285,San José de Ocoa Province,region,DO,Dominican Republic,True,True
433,4555,Sal,region,CV,Cape Verde,True,True
434,4524,Collines Department,region,BJ,Benin,True,True
435,4328,Central Sava Statistical Region,region,SI,Slovenia,True,True
437,882,Monte Cristi Province,region,DO,Dominican Republic,True,True
439,2657,Río San Juan Department,region,NI,Nicaragua,True,True
442,570,Cuvette Department,region,CG,Republic of the Congo,True,True
444,3156,Penza Oblast,region,RU,Russia,True,True
447,4321,Littoral–Inner Carniola Statistical Region,region,SI,Slovenia,True,True
449,990,Võru County,region,EE,Estonia,True,True
450,4071,Mashonaland Central Province,region,ZW,Zimbabwe,True,True
452,4220,Comerío,region,PR,Puerto Rico,True,True
454,976,Lääne County,region,EE,Estonia,True,True
456,3739,Rio Claro-Mayaro Regional Corporation,region,TT,Trinidad and Tobago,True,True
460,3257,Jämtland County,region,SE,Sweden,True,True
464,3276,Västra Götaland County,region,SE,Sweden,True,True
465,1636,Pest County,region,HU,Hungary,True,True
469,1678,South Sulawesi,region,ID,Indonesia,True,True
472,755,Heredia Province,region,CR,Costa Rica,True,True
473,3988,Cần Thơ,region,VN,Vietnam,True,True
474,3608,Phuket,region,TH,Thailand,True,True
476,739,Santander,region,CO,Colombia,True,True
483,3275,Skåne County,region,SE,Sweden,True,True
485,3484,La Libertad Department,region,SV,El Salvador,True,True
496,3265,Örebro County,region,SE,Sweden,True,True
498,2509,Chiapas,region,MX,Mexico,True,True
499,3034,Central Department,region,PY,Paraguay,True,True
501,2244,Chișinău,region,MD,Moldova,True,True
509,430,Cochabamba Department,region,BO,Bolivia,True,True
510,1578,Cortés Department,region,HN,Honduras,True,True
511,905,Oran Province,region,DZ,Algeria,True,True
517,4368,Grand Cayman,region,KY,Cayman Islands,True,True
518,25,Kabul,region,AF,Afghanistan,True,True
521,4170,Crete,region,GR,Greece,True,True
522,1694,County Cork,region,IE,Ireland,True,True
523,753,Provincia de Cartago,region,CR,Costa Rica,True,True
524,4437,Central Province,region,LK,Sri Lanka,True,True
525,2763,Callao,region,PE,Peru,True,True
528,902,Constantine Province,region,DZ,Algeria,True,True
534,4182,Cagayan Valley,region,PH,Philippines,True,True
535,4146,Hải Dương,region,VN,Vietnam,True,True
537,4981,Changhua County,region,TW,Taiwan,True,True
538,3165,Saint Petersburg,region,RU,Russia,True,True
540,1443,Conakry,region,GN,Guinea,True,True
542,3594,Chanthaburi,region,TH,Thailand,True,True
544,729,Huila,region,CO,Colombia,True,True
547,757,Puntarenas Province,region,CR,Costa Rica,True,True
557,3550,Chiang Rai,region,TH,Thailand,True,True
558,732,Meta,region,CO,Colombia,True,True
566,907,Sétif Province,region,DZ,Algeria,True,True
567,4471,Centar Municipality,region,MK,Macedonia,True,True
569,2994,Kuyavian-Pomeranian Voivodeship,region,PL,Poland,True,True
570,3971,Thanh Hóa,region,VN,Vietnam,True,True
572,1960,Siem Reap Province,region,KH,Cambodia,True,True
574,2512,Colima,region,MX,Mexico,True,True
576,2508,Campeche,region,MX,Mexico,True,True
579,2938,Khyber Pakhtunkhwa,region,PK,Pakistan,True,True
580,5003,Hsinchu,region,TW,Taiwan,True,True
584,535,Quebec,region,CA,Canada,True,True
590,3274,Stockholm County,region,SE,Sweden,True,True
597,2004,Seoul,region,KR,South Korea,True,True
599,1844,Campania,region,IT,Italy,True,True
603,1933,Nairobi,region,KE,Kenya,True,True
607,758,San José Province,region,CR,Costa Rica,True,True
609,809,Prague,region,CZ,Czech Republic,True,True
612,3683,Istanbul Province,region,TR,Turkey,True,True
620,1664,Jakarta,region,ID,Indonesia,True,True
621,4179,Metro Manila,region,PH,Philippines,True,True
622,1955,Phnom Penh,region,KH,Cambodia,True,True
630,533,Ontario,region,CA,Canada,True,True
638,4386,Tbilisi,region,GE,Georgia,True,True
641,2511,Coahuila de Zaragoza,region,MX,Mexico,True,True
642,3549,Chiang Mai,region,TH,Thailand,True,True
649,4120,Taichung,region,TW,Taiwan,True,True
650,970,Harju County,region,EE,Estonia,True,True
652,3489,San Salvador Department,region,SV,El Salvador,True,True
656,585,Canton of Geneva,region,CH,Switzerland,True,True
661,1073,Centre,region,FR,France,True,True
664,4169,Central Macedonia,region,GR,Greece,True,True
665,2653,Managua Department,region,NI,Nicaragua,True,True
667,601,Vaud,region,CH,Switzerland,True,True
668,3750,Kaohsiung,region,TW,Taiwan,True,True
669,1087,Provence-Alpes-Cote d'Azur,region,FR,France,True,True
680,4183,Central Luzon,region,PH,Philippines,True,True
687,1666,Central Java,region,ID,Indonesia,True,True
694,4329,Central Slovenia Statistical Region,region,SI,Slovenia,True,True
695,2060,Mount Lebanon Governorate,region,LB,Lebanon,True,True
698,2537,Johor,region,MY,Malaysia,True,True
699,1696,County Dublin,region,IE,Ireland,True,True
702,1535,Chiquimula Department,region,GT,Guatemala,True,True
703,4424,Chaguanas,region,TT,Trinidad and Tobago,True,True
705,4362,Al Jahra Governorate,region,KW,Kuwait,True,True
706,3256,Halland County,region,SE,Sweden,True,True
707,3670,Çanakkale Province,region,TR,Turkey,True,True
709,4160,Cà Mau,region,VN,Vietnam,True,True
710,3127,Karelia,region,RU,Russia,True,True
711,4330,Upper Carniola Statistical Region,region,SI,Slovenia,True,True
714,1705,County Louth,region,IE,Ireland,True,True
715,3270,Värmland County,region,SE,Sweden,True,True
716,1632,Komárom-Esztergom County,region,HU,Hungary,True,True
719,1644,Zala County,region,HU,Hungary,True,True
720,3018,Guarda District,region,PT,Portugal,True,True
721,3258,Jönköping County,region,SE,Sweden,True,True
723,740,Sucre,region,CO,Colombia,True,True
724,3036,Cordillera Department,region,PY,Paraguay,True,True
730,4982,Chiayi County,region,TW,Taiwan,True,True
731,1698,Kerry,region,IE,Ireland,True,True
732,2177,Kufra District,region,LY,Libya,True,True
734,3551,Nan,region,TH,Thailand,True,True
736,437,Tarija Department,region,BO,Bolivia,True,True
738,3997,Hà Nam,region,VN,Vietnam,True,True
739,128,Vorarlberg,region,AT,Austria,True,True
741,4435,Sihanoukville Province,region,KH,Cambodia,True,True
744,4431,Tunapuna-Piarco Regional Corporation,region,TT,Trinidad and Tobago,True,True
745,1716,County Wicklow,region,IE,Ireland,True,True
746,1637,Somogy County,region,HU,Hungary,True,True
747,3615,Pattani,region,TH,Thailand,True,True
750,899,San Cristóbal Province,region,DO,Dominican Republic,True,True
752,4991,Taitung County,region,TW,Taiwan,True,True
756,1766,Dhi Qar Governorate,region,IQ,Iraq,True,True
757,917,Jijel Province,region,DZ,Algeria,True,True
761,587,Graubünden,region,CH,Switzerland,True,True
762,1631,Heves County,region,HU,Hungary,True,True
763,1713,County Waterford,region,IE,Ireland,True,True
765,584,Canton of Fribourg,region,CH,Switzerland,True,True
774,956,Esmeraldas,region,EC,Ecuador,True,True
775,1946,Kampong Cham Province,region,KH,Cambodia,True,True
776,435,Potosí Department,region,BO,Bolivia,True,True
782,2748,Chiriquí Province,region,PA,Panama,True,True
784,1999,Jeju-do,region,KR,South Korea,True,True
785,3178,Tuva Republic,region,RU,Russia,True,True
786,3272,Västernorrland County,region,SE,Sweden,True,True
787,3492,Sonsonate Department,region,SV,El Salvador,True,True
790,3631,Jendouba Governorate,region,TN,Tunisia,True,True
791,1543,Petén Department,region,GT,Guatemala,True,True
792,3268,Södermanland County,region,SE,Sweden,True,True
793,4128,Central Finland,region,FI,Finland,True,True
795,4428,San Juan-Laventille Regional Corporation,region,TT,Trinidad and Tobago,True,True
796,3690,Kütahya Province,region,TR,Turkey,True,True
797,5002,Keelung,region,TW,Taiwan,True,True
798,1640,Jász-Nagykun-Szolnok County,region,HU,Hungary,True,True
801,1706,County Mayo,region,IE,Ireland,True,True
802,938,Khenchela Province,region,DZ,Algeria,True,True
803,4005,Sóc Trăng,region,VN,Vietnam,True,True
804,1700,County Kilkenny,region,IE,Ireland,True,True
805,3253,Gävleborg County,region,SE,Sweden,True,True
806,3259,Kalmar County,region,SE,Sweden,True,True
809,599,Uri,region,CH,Switzerland,True,True
810,1642,Vas County,region,HU,Hungary,True,True
812,954,Cotopaxi Province,region,EC,Ecuador,True,True
814,987,Tartu County,region,EE,Estonia,True,True
815,4007,Trà Vinh,region,VN,Vietnam,True,True
816,1576,Comayagua Department,region,HN,Honduras,True,True
817,3273,Västmanland County,region,SE,Sweden,True,True
820,1709,County Offaly,region,IE,Ireland,True,True
821,589,Canton of Lucerne,region,CH,Switzerland,True,True
824,4168,Central Greece Region,region,GR,Greece,True,True
827,3575,Surin,region,TH,Thailand,True,True
829,3895,Canelones Department,region,UY,Uruguay,True,True
830,4988,Nantou County,region,TW,Taiwan,True,True
833,4992,Yilan County,region,TW,Taiwan,True,True
834,429,Chuquisaca Department,region,BO,Bolivia,True,True
835,3939,Carabobo,region,VE,Venezuela,True,True
837,3680,Hatay Province,region,TR,Turkey,True,True
839,598,Ticino,region,CH,Switzerland,True,True
840,1075,Corse,region,FR,France,True,True
842,3260,Dalarna County,region,SE,Sweden,True,True
843,122,Carinthia,region,AT,Austria,True,True
846,3609,Krabi Province,region,TH,Thailand,True,True
848,1697,County Galway,region,IE,Ireland,True,True
853,4681,Khomas Region,region,NA,Namibia,True,True
856,4192,Caraga,region,PH,Philippines,True,True
857,1931,Coast Province,region,KE,Kenya,True,True
865,915,Djelfa Province,region,DZ,Algeria,True,True
866,2061,South Governorate,region,LB,Lebanon,True,True
867,1930,Central Province,region,KE,Kenya,True,True
869,3005,Świętokrzyskie Voivodeship,region,PL,Poland,True,True
870,3686,Kayseri Province,region,TR,Turkey,True,True
872,936,Ghardaïa Province,region,DZ,Algeria,True,True
877,1886,Chiba Prefecture,region,JP,Japan,True,True
880,2010,Chungcheongnam-do,region,KR,South Korea,True,True
882,3266,Östergötland County,region,SE,Sweden,True,True
890,1703,County Limerick,region,IE,Ireland,True,True
891,597,Thurgau,region,CH,Switzerland,True,True
895,4995,Yala,region,TH,Thailand,True,True
896,1699,County Kildare,region,IE,Ireland,True,True
900,98,Catamarca Province,region,AR,Argentina,True,True
901,3996,Lào Cai,region,VN,Vietnam,True,True
902,1680,Southeast Sulawesi,region,ID,Indonesia,True,True
905,1715,County Wexford,region,IE,Ireland,True,True
907,3271,Västerbotten County,region,SE,Sweden,True,True
910,1629,Győr-Moson-Sopron County,region,HU,Hungary,True,True
917,3269,Uppsala County,region,SE,Sweden,True,True
920,4984,Hualien County,region,TW,Taiwan,True,True
922,600,Valais,region,CH,Switzerland,True,True
925,1643,Veszprém County,region,HU,Hungary,True,True
927,1679,Central Sulawesi,region,ID,Indonesia,True,True
928,1626,Csongrád County,region,HU,Hungary,True,True
929,4993,Yunlin County,region,TW,Taiwan,True,True
930,4987,Miaoli County,region,TW,Taiwan,True,True
933,953,Chimborazo Province,region,EC,Ecuador,True,True
935,4983,Hsinchu County,region,TW,Taiwan,True,True
937,3488,San Miguel Department,region,SV,El Salvador,True,True
9,1620,Sud-Est Department,region,HT,Haiti,True,True
14,2497,Zomba District,region,MW,Malawi,True,True
20,4736,Kalangala District,region,UG,Uganda,True,True
22,4626,Ialoveni District,region,MD,Moldova,True,True
24,2249,Orhei District,region,MD,Moldova,True,True
27,862,Saint George Parish,region,DM,Dominica,True,True
28,3899,Flores Department,region,UY,Uruguay,True,True
41,4041,Dhamar Governorate,region,YE,Yemen,True,True
42,4452,Ghat District,region,LY,Libya,True,True
43,1961,Stung Treng Province,region,KH,Cambodia,True,True
44,1619,Sud Department,region,HT,Haiti,True,True
48,434,Pando Department,region,BO,Bolivia,True,True
54,4741,Luwero District,region,UG,Uganda,True,True
58,5,Sant Julià de Lòria,region,AD,Andorra,True,True
59,4747,Nakaseke District,region,UG,Uganda,True,True
60,2602,Dosso Region,region,NE,Niger,True,True
61,2252,Ungheni District,region,MD,Moldova,True,True
63,4784,Lamwo District,region,UG,Uganda,True,True
66,4792,Nwoya District,region,UG,Uganda,True,True
69,1617,Nord-Est Department,region,HT,Haiti,True,True
70,4623,Hîncești District,region,MD,Moldova,True,True
72,3837,Pader District,region,UG,Uganda,True,True
74,2439,Dakhlet Nouadhibou,region,MR,Mauritania,True,True
76,3823,Iganga District,region,UG,Uganda,True,True
77,2122,Mafeteng District,region,LS,Lesotho,True,True
82,4520,Panjshir,region,AF,Afghanistan,True,True
90,4497,Denguélé District,region,CI,Côte d&#039;Ivoire,True,True
94,4633,Strășeni District,region,MD,Moldova,True,True
96,2124,Mohale's Hoek District,region,LS,Lesotho,True,True
98,78,Vayots Dzor Province,region,AM,Armenia,True,True
105,4634,Ștefan Vodă District,region,MD,Moldova,True,True
106,166,Lankaran District,region,AZ,Azerbaijan,True,True
110,873,Dajabón Province,region,DO,Dominican Republic,True,True
111,2245,Transnistria,region,MD,Moldova,True,True
113,4339,Gobustan District,region,AZ,Azerbaijan,True,True
115,1582,Intibucá Department,region,HN,Honduras,True,True
118,1536,El Progreso Department,region,GT,Guatemala,True,True
119,3901,Lavalleja Department,region,UY,Uruguay,True,True
126,2746,Dhofar Governorate,region,OM,Oman,True,True
135,3905,Río Negro Department,region,UY,Uruguay,True,True
138,1959,Ratanakiri Province,region,KH,Cambodia,True,True
139,1553,Zacapa Department,region,GT,Guatemala,True,True
140,2601,Diffa Region,region,NE,Niger,True,True
141,3040,Ñeembucú Department,region,PY,Paraguay,True,True
142,4706,Ad Dali' Governorate,region,YE,Yemen,True,True
149,875,Duarte Province,region,DO,Dominican Republic,True,True
150,1953,Kratié Province,region,KH,Cambodia,True,True
151,2140,Grevenmacher District,region,LU,Luxembourg,True,True
154,3486,La Unión Department,region,SV,El Salvador,True,True
156,1956,Pursat Province,region,KH,Cambodia,True,True
159,2180,Sabha District,region,LY,Libya,True,True
161,3910,Soriano Department,region,UY,Uruguay,True,True
162,2649,Granada Department,region,NI,Nicaragua,True,True
166,2139,Diekirch District,region,LU,Luxembourg,True,True
169,4688,Dhaulagiri Zone,region,NP,Nepal,True,True
171,1546,Retalhuleu Department,region,GT,Guatemala,True,True
173,1957,Preah Vihear Province,region,KH,Cambodia,True,True
176,3912,Treinta y Tres Department,region,UY,Uruguay,True,True
181,3476,Sipaliwini District,region,SR,Suriname,True,True
182,1584,La Paz Department,region,HN,Honduras,True,True
187,1616,Nord Department,region,HT,Haiti,True,True
189,948,Galápagos Province,region,EC,Ecuador,True,True
191,1586,Ocotepeque Department,region,HN,Honduras,True,True
192,23,Helmand,region,AF,Afghanistan,True,True
193,4482,Savanes District,region,CI,Côte d&#039;Ivoire,True,True
195,3706,Tunceli Province,region,TR,Turkey,True,True
196,1589,Valle Department,region,HN,Honduras,True,True
199,524,Orange Walk District,region,BZ,Belize,True,True
201,1585,Lempira Department,region,HN,Honduras,True,True
204,1952,Koh Kong Province,region,KH,Cambodia,True,True
206,3039,Misiones Department,region,PY,Paraguay,True,True
207,4805,Mbarara District,region,UG,Uganda,True,True
210,4228,Juana Díaz,region,PR,Puerto Rico,True,True
211,4757,Jinja District,region,UG,Uganda,True,True
214,5071,Lagunes District,region,CI,Côte d&#039;Ivoire,True,True
219,4167,Tasman District,region,NZ,New Zealand,True,True
224,1552,Lomas turbas,region,GT,Guatemala,True,True
229,5065,Gôh-Djiboua District,region,CI,Côte d&#039;Ivoire,True,True
232,3043,San Pedro Department,region,PY,Paraguay,True,True
234,868,Saint Paul Parish,region,DM,Dominica,True,True
235,4737,Kalungu District,region,UG,Uganda,True,True
237,4763,Kween District,region,UG,Uganda,True,True
238,200,Khizi District,region,AZ,Azerbaijan,True,True
240,4619,Dubăsari District,region,MD,Moldova,True,True
243,206,Zangilan District,region,AZ,Azerbaijan,True,True
244,4632,Șoldănești District,region,MD,Moldova,True,True
245,4788,Napak District,region,UG,Uganda,True,True
246,4592,Neno District,region,MW,Malawi,True,True
249,3825,Kaberamaido District,region,UG,Uganda,True,True
252,189,Samukh District,region,AZ,Azerbaijan,True,True
253,4628,Ocnița District,region,MD,Moldova,True,True
254,4770,Serere District,region,UG,Uganda,True,True
256,4636,Taraclia District,region,MD,Moldova,True,True
257,4743,Lyantonde District,region,UG,Uganda,True,True
263,4764,Luuka District,region,UG,Uganda,True,True
264,495,Pemagatshel District,region,BT,Bhutan,True,True
265,2495,Rumphi District,region,MW,Malawi,True,True
270,4621,Glodeni District,region,MD,Moldova,True,True
272,163,Kalbajar District,region,AZ,Azerbaijan,True,True
274,4832,Gasa District,region,BT,Bhutan,True,True
276,3821,Sembabule District,region,UG,Uganda,True,True
278,194,Tartar District,region,AZ,Azerbaijan,True,True
279,4809,Rubirizi District,region,UG,Uganda,True,True
280,4624,Florești District,region,MD,Moldova,True,True
281,4811,Kiryandongo District,region,UG,Uganda,True,True
291,4648,Dondușeni District,region,MD,Moldova,True,True
292,4625,Leova District,region,MD,Moldova,True,True
294,4758,Kaliro District,region,UG,Uganda,True,True
296,4912,Meneng District,region,NR,Nauru,True,True
299,4782,Kole District,region,UG,Uganda,True,True
301,869,Saint Peter Parish,region,DM,Dominica,True,True
302,4591,Likoma District,region,MW,Malawi,True,True
304,4519,Daykundi,region,AF,Afghanistan,True,True
305,4917,Yaren District,region,NR,Nauru,True,True
307,4911,Ewa District,region,NR,Nauru,True,True
308,4786,Maracha District,region,UG,Uganda,True,True
309,4790,Otuke District,region,UG,Uganda,True,True
310,153,Dashkasan District,region,AZ,Azerbaijan,True,True
313,4874,Denigomodu District,region,NR,Nauru,True,True
314,4333,Lefkoşa District,region,CY,Cyprus,True,True
316,165,Lachin District,region,AZ,Azerbaijan,True,True
317,3955,Federal Dependencies of Venezuela,region,VE,Venezuela,True,True
318,4914,Nibok District,region,NR,Nauru,True,True
322,4199,Kuna de Madugandí,region,PA,Panama,True,True
323,4200,Kuna de Wargandí,region,PA,Panama,True,True
328,492,Lhuntse District,region,BT,Bhutan,True,True
331,2504,Phalombe District,region,MW,Malawi,True,True
332,3819,Katakwi District,region,UG,Uganda,True,True
337,4796,Zombo District,region,UG,Uganda,True,True
341,3836,Nakapiripirit District,region,UG,Uganda,True,True
342,4807,Ntoroko District,region,UG,Uganda,True,True
344,4783,Kotido District,region,UG,Uganda,True,True
345,867,Saint Patrick Parish,region,DM,Dominica,True,True
346,4766,Namayingo District,region,UG,Uganda,True,True
349,866,Saint Mark Parish,region,DM,Dominica,True,True
352,4761,Kibuku District,region,UG,Uganda,True,True
353,865,Saint Luke Parish,region,DM,Dominica,True,True
356,2493,Nsanje District,region,MW,Malawi,True,True
357,3471,Marowijne District,region,SR,Suriname,True,True
358,181,Qusar District,region,AZ,Azerbaijan,True,True
362,502,Trongsa District,region,BT,Bhutan,True,True
363,4802,Kiruhura District,region,UG,Uganda,True,True
364,4794,Kibale District,region,UG,Uganda,True,True
368,490,Sarpang District,region,BT,Bhutan,True,True
379,491,Haa District,region,BT,Bhutan,True,True
384,4631,Sîngerei District,region,MD,Moldova,True,True
385,4803,Kisoro District,region,UG,Uganda,True,True
388,208,Zardab District,region,AZ,Azerbaijan,True,True
393,2751,Darién Province,region,PA,Panama,True,True
394,4771,Tororo District,region,UG,Uganda,True,True
395,4627,Nisporeni District,region,MD,Moldova,True,True
399,2125,Mokhotlong District,region,LS,Lesotho,True,True
403,2250,Soroca District,region,MD,Moldova,True,True
407,3831,Mayuge District,region,UG,Uganda,True,True
408,3626,Daşoguz Region,region,TM,Turkmenistan,True,True
410,187,Shamakhi District,region,AZ,Azerbaijan,True,True
411,158,Goranboy District,region,AZ,Azerbaijan,True,True
416,1612,Nord-Ouest Department,region,HT,Haiti,True,True
417,201,Khojaly District,region,AZ,Azerbaijan,True,True
418,2484,Karonga District,region,MW,Malawi,True,True
421,1060,Eastern Division,region,FJ,Fiji,True,True
427,2483,Dowa District,region,MW,Malawi,True,True
431,1352,Saint David Parish,region,GD,Grenada,True,True
434,4635,Telenești District,region,MD,Moldova,True,True
436,183,Sabirabad District,region,AZ,Azerbaijan,True,True
438,4629,Rezina District,region,MD,Moldova,True,True
442,160,Hajigabul District,region,AZ,Azerbaijan,True,True
444,4742,Lwengo District,region,UG,Uganda,True,True
446,864,Saint Joseph Parish,region,DM,Dominica,True,True
447,861,Saint David Parish,region,DM,Dominica,True,True
448,204,Yevlakh District,region,AZ,Azerbaijan,True,True
453,2246,Edineț District,region,MD,Moldova,True,True
454,3833,Moroto District,region,UG,Uganda,True,True
455,4791,Oyam District,region,UG,Uganda,True,True
457,4833,Trashiyangtse District,region,BT,Bhutan,True,True
461,2481,Thyolo District,region,MW,Malawi,True,True
465,4630,Rîșcani District,region,MD,Moldova,True,True
467,2494,Ntchisi District,region,MW,Malawi,True,True
468,4762,Kumi District,region,UG,Uganda,True,True
470,4564,Nippes Department,region,HT,Haiti,True,True
471,4620,Drochia District,region,MD,Moldova,True,True
472,4760,Kapchorwa District,region,UG,Uganda,True,True
473,196,Ujar District,region,AZ,Azerbaijan,True,True
475,4622,Fălești District,region,MD,Moldova,True,True
476,199,Goygol District,region,AZ,Azerbaijan,True,True
478,863,Saint John Parish,region,DM,Dominica,True,True
481,3041,Paraguarí Department,region,PY,Paraguay,True,True
485,1010,Damietta Governorate,region,EG,Egypt,True,True
486,1687,South Sumatra,region,ID,Indonesia,True,True
489,4006,Thừa Thiên-Huế,region,VN,Vietnam,True,True
491,2141,Luxembourg District,region,LU,Luxembourg,True,True
494,113,Salta Province,region,AR,Argentina,True,True
505,1769,Karbala Governorate,region,IQ,Iraq,True,True
507,1014,Sohag Governorate,region,EG,Egypt,True,True
512,2744,Muscat Governorate,region,OM,Oman,True,True
513,3976,Đắk Lắk,region,VN,Vietnam,True,True
514,4284,Santo Domingo Province,region,DO,Dominican Republic,True,True
516,2006,Gyeonggi-do,region,KR,South Korea,True,True
525,2514,Durango,region,MX,Mexico,True,True
530,3638,Nabeul Governorate,region,TN,Tunisia,True,True
534,2453,Port Louis District,region,MU,Mauritius,True,True
535,3965,Lâm Đồng,region,VN,Vietnam,True,True
543,3977,Đồng Nai,region,VN,Vietnam,True,True
549,1618,Ouest Department,region,HT,Haiti,True,True
553,754,Guanacaste Province,region,CR,Costa Rica,True,True
554,2002,Gangwon-do,region,KR,South Korea,True,True
555,4149,Nam Định,region,VN,Vietnam,True,True
560,3642,Medenine Governorate,region,TN,Tunisia,True,True
562,965,Tungurahua Province,region,EC,Ecuador,True,True
563,910,Tlemcen Province,region,DZ,Algeria,True,True
564,3967,Quảng Nam,region,VN,Vietnam,True,True
565,1565,Demerara-Mahaica,region,GY,Guyana,True,True
568,946,Tipasa Province,region,DZ,Algeria,True,True
578,961,Manabí Province,region,EC,Ecuador,True,True
579,944,Tamanrasset Province,region,DZ,Algeria,True,True
583,3968,Quảng Ninh,region,VN,Vietnam,True,True
587,3694,Muğla Province,region,TR,Turkey,True,True
589,1951,Kandal Province,region,KH,Cambodia,True,True
591,2195,Misrata District,region,LY,Libya,True,True
598,3726,Gaziantep Province,region,TR,Turkey,True,True
605,3982,Vĩnh Phúc,region,VN,Vietnam,True,True
611,1538,Guatemala Department,region,GT,Guatemala,True,True
624,2534,Veracruz,region,MX,Mexico,True,True
633,4155,Da Nang,region,VN,Vietnam,True,True
646,2939,Punjab,region,PK,Pakistan,True,True
656,831,North Rhine-Westphalia,region,DE,Germany,True,True
666,3903,Montevideo Department,region,UY,Uruguay,True,True
678,1580,Francisco Morazán Department,region,HN,Honduras,True,True
679,3640,Sousse Governorate,region,TN,Tunisia,True,True
689,109,Mendoza,region,AR,Argentina,True,True
691,4388,Souss-Massa-Drâa,region,MA,Morocco,True,True
702,874,Distrito Nacional,region,DO,Dominican Republic,True,True
704,2520,Michoacán de Ocampo,region,MX,Mexico,True,True
712,3442,Dakar,region,SN,Senegal,True,True
726,3684,İzmir Province,region,TR,Turkey,True,True
728,4147,Hưng Yên,region,VN,Vietnam,True,True
729,906,Saïda Province,region,DZ,Algeria,True,True
731,3898,Durazno Department,region,UY,Uruguay,True,True
738,2651,León Department,region,NI,Nicaragua,True,True
739,1590,Yoro Department,region,HN,Honduras,True,True
749,1539,Huehuetenango Department,region,GT,Guatemala,True,True
751,1545,Quiché Department,region,GT,Guatemala,True,True
752,501,Thimphu District,region,BT,Bhutan,True,True
753,4000,Ninh Thuận,region,VN,Vietnam,True,True
755,3900,Florida Department,region,UY,Uruguay,True,True
756,3691,Malatya Province,region,TR,Turkey,True,True
757,1948,Kampong Speu Province,region,KH,Cambodia,True,True
758,4142,Gorontalo,region,ID,Indonesia,True,True
760,1063,Western Division,region,FJ,Fiji,True,True
761,1054,Lapland,region,FI,Finland,True,True
769,433,Oruro Department,region,BO,Bolivia,True,True
771,1949,Kampong Thom Province,region,KH,Cambodia,True,True
776,939,Mila Province,region,DZ,Algeria,True,True
778,2617,Imo,region,NG,Nigeria,True,True
789,1954,Mondulkiri Province,region,KH,Cambodia,True,True
792,1587,Olancho Department,region,HN,Honduras,True,True
793,4154,Đắk Nông,region,VN,Vietnam,True,True
799,890,San Pedro de Macorís,region,DO,Dominican Republic,True,True
802,4843,N'Djamena,region,TD,Chad,True,True
804,3906,Rivera Department,region,UY,Uruguay,True,True
805,3904,Paysandú Department,region,UY,Uruguay,True,True
807,2192,Derna District,region,LY,Libya,True,True
813,1551,Suchitepéquez Department,region,GT,Guatemala,True,True
817,30,Nangarhar,region,AF,Afghanistan,True,True
821,880,La Romana Province,region,DO,Dominican Republic,True,True
823,1540,Izabal Department,region,GT,Guatemala,True,True
825,1549,Santa Rosa Department,region,GT,Guatemala,True,True
827,3908,Salto Department,region,UY,Uruguay,True,True
829,2658,Rivas Department,region,NI,Nicaragua,True,True
830,3675,Elazığ Province,region,TR,Turkey,True,True
834,1550,Sololá Department,region,GT,Guatemala,True,True
835,1950,Kampot Province,region,KH,Cambodia,True,True
836,3708,Uşak Province,region,TR,Turkey,True,True
837,1548,San Marcos Department,region,GT,Guatemala,True,True
838,3485,La Paz Department,region,SV,El Salvador,True,True
840,3907,Rocha Department,region,UY,Uruguay,True,True
841,3037,Guairá Department,region,PY,Paraguay,True,True
846,3677,Erzurum Province,region,TR,Turkey,True,True
849,3038,Itapúa,region,PY,Paraguay,True,True
855,1765,Dohuk Governorate,region,IQ,Iraq,True,True
856,4324,Drava Statistical Region,region,SI,Slovenia,True,True
859,4204,Santo Domingo de los Tsáchilas Province,region,EC,Ecuador,True,True
860,3902,Maldonado Department,region,UY,Uruguay,True,True
862,904,Mostaganem Province,region,DZ,Algeria,True,True
865,4153,Phú Thọ,region,VN,Vietnam,True,True
867,1547,Sacatepéquez Department,region,GT,Guatemala,True,True
873,3973,Tiền Giang,region,VN,Vietnam,True,True
880,3979,Kiên Giang,region,VN,Vietnam,True,True
882,3692,Manisa Province,region,TR,Turkey,True,True
892,531,Newfoundland and Labrador,region,CA,Canada,True,True
894,1665,Jambi,region,ID,Indonesia,True,True
898,1767,Diyala Governorate,region,IQ,Iraq,True,True
903,909,Tizi Ouzou Province,region,DZ,Algeria,True,True
904,955,El Oro Province,region,EC,Ecuador,True,True
905,3672,Denizli Province,region,TR,Turkey,True,True
906,1544,Quetzaltenango Department,region,GT,Guatemala,True,True
907,2660,Drenthe,region,NL,Netherlands,True,True
908,1695,Donegal,region,IE,Ireland,True,True
912,2008,Daegu,region,KR,South Korea,True,True
913,2197,Sirte District,region,LY,Libya,True,True
918,908,Tiaret Province,region,DZ,Algeria,True,True
919,2012,Daejeon,region,KR,South Korea,True,True
927,2179,Murzuq District,region,LY,Libya,True,True
930,4293,Islands District,region,HK,Hong Kong,True,True
931,2013,Gyeongsangnam-do,region,KR,South Korea,True,True
932,1537,Escuintla Department,region,GT,Guatemala,True,True
937,1579,El Paraíso Department,region,HN,Honduras,True,True
940,4449,Nalut District,region,LY,Libya,True,True
942,1668,Papua,region,ID,Indonesia,True,True
944,3026,Vila Real District,region,PT,Portugal,True,True
946,923,Skikda Province,region,DZ,Algeria,True,True
950,3673,Diyarbakır Province,region,TR,Turkey,True,True
952,3015,Évora District,region,PT,Portugal,True,True
955,916,Guelma Province,region,DZ,Algeria,True,True
962,3707,Şanlıurfa Province,region,TR,Turkey,True,True
966,3978,Đồng Tháp,region,VN,Vietnam,True,True
972,4913,Ijuw District,region,NR,Nauru,True,True
1,815,Karlovy Vary Region,region,CZ,Czech Republic,True,True
3,3687,Kırklareli Province,region,TR,Turkey,True,True
5,4972,Satakunta,region,FI,Finland,True,True
11,3716,Niğde Province,region,TR,Turkey,True,True
13,2589,Erongo Region,region,NA,Namibia,True,True
31,4973,Etelä-Savo,region,FI,Finland,True,True
34,4974,Pohjois-Savo,region,FI,Finland,True,True
55,2366,Vasilevo Municipality,region,MK,Macedonia,True,True
60,2640,Ekiti,region,NG,Nigeria,True,True
61,3734,Osmaniye Province,region,TR,Turkey,True,True
62,3947,Monagas,region,VE,Venezuela,True,True
64,2643,Zamfara,region,NG,Nigeria,True,True
65,3688,Kırşehir Province,region,TR,Turkey,True,True
67,4969,Kymenlaakso,region,FI,Finland,True,True
68,1887,Ehime Prefecture,region,JP,Japan,True,True
74,3942,Falcón,region,VE,Venezuela,True,True
79,2345,Rosoman Municipality,region,MK,Macedonia,True,True
80,3950,Sucre,region,VE,Venezuela,True,True
83,4315,Southeast Slovenia Statistical Region,region,SI,Slovenia,True,True
84,4970,Tavastia Proper,region,FI,Finland,True,True
85,3710,Yozgat Province,region,TR,Turkey,True,True
94,4129,Ostrobothnia,region,FI,Finland,True,True
95,2642,Nasarawa,region,NG,Nigeria,True,True
101,3733,Kilis Province,region,TR,Turkey,True,True
109,3948,Nueva Esparta,region,VE,Venezuela,True,True
110,4126,Southern Ostrobothnia,region,FI,Finland,True,True
111,2635,Plateau,region,NG,Nigeria,True,True
114,3697,Ordu Province,region,TR,Turkey,True,True
126,4203,Santa Elena Province,region,EC,Ecuador,True,True
145,4438,Eastern Province,region,LK,Sri Lanka,True,True
165,3693,Kahramanmaraş Province,region,TR,Turkey,True,True
171,937,Illizi Province,region,DZ,Algeria,True,True
172,3951,Táchira,region,VE,Venezuela,True,True
173,3698,Rize Province,region,TR,Turkey,True,True
176,942,Relizane Province,region,DZ,Algeria,True,True
177,3728,Zonguldak Province,region,TR,Turkey,True,True
178,2619,Kwara,region,NG,Nigeria,True,True
183,1934,North Eastern Province,region,KE,Kenya,True,True
187,3943,Guárico,region,VE,Venezuela,True,True
192,2337,Petrovec Municipality,region,MK,Macedonia,True,True
193,590,Neuchatel,region,CH,Switzerland,True,True
198,3735,Yalova Province,region,TR,Turkey,True,True
200,3704,Tokat Province,region,TR,Turkey,True,True
204,3674,Edirne Province,region,TR,Turkey,True,True
208,2329,Novaci Municipality,region,MK,Macedonia,True,True
212,3721,Karaman Province,region,TR,Turkey,True,True
227,3702,Sivas Province,region,TR,Turkey,True,True
231,4675,Kavango East Region,region,NA,Namibia,True,True
237,1479,Litoral Province,region,GQ,Equatorial Guinea,True,True
242,4721,Kaffrine,region,SN,Senegal,True,True
246,1868,Saint Elizabeth Parish,region,JM,Jamaica,True,True
250,1572,Upper Takutu-Upper Essequibo,region,GY,Guyana,True,True
254,4862,Eastern Province,region,RW,Rwanda,True,True
261,2325,Mogila Municipality,region,MK,Macedonia,True,True
262,2433,Hodh El Gharbi Region,region,MR,Mauritania,True,True
268,3431,Southern Province,region,SL,Sierra Leone,True,True
271,3522,Mayo-Kebbi Est Region,region,TD,Chad,True,True
273,3448,Fatick,region,SN,Senegal,True,True
274,4535,Eysturoy,region,FO,Faroe Islands,True,True
275,3429,Eastern Province,region,SL,Sierra Leone,True,True
276,2075,Eschen,region,LI,Liechtenstein,True,True
282,4422,Outer Islands,region,SC,Seychelles,True,True
287,4935,ʻEua,region,TO,Tonga,True,True
292,4938,Equatoria,region,SS,South Sudan,True,True
294,4320,South Eastern Region,region,MT,Malta,True,True
295,4837,Ennedi Region,region,TD,Chad,True,True
300,4902,Debub Region,region,ER,Eritrea,True,True
301,4715,Matam,region,SN,Senegal,True,True
303,3450,Kolda,region,SN,Senegal,True,True
308,4539,Norðoyar,region,FO,Faroe Islands,True,True
314,2800,Enga Province,region,PG,Papua New Guinea,True,True
315,4723,Sédhiou,region,SN,Senegal,True,True
316,879,Elías Piña Province,region,DO,Dominican Republic,True,True
322,2298,Karbinci,region,MK,Macedonia,True,True
325,2035,Mangystau Region,region,KZ,Kazakhstan,True,True
330,11,Fujairah,region,AE,United Arab Emirates,True,True
333,3953,Yaracuy,region,VE,Venezuela,True,True
337,2626,Kebbi,region,NG,Nigeria,True,True
339,2639,Ebonyi,region,NG,Nigeria,True,True
340,947,Tissemsilt Province,region,DZ,Algeria,True,True
342,3957,Estado La Guaira,region,VE,Venezuela,True,True
348,7,Escaldes-Engordany,region,AD,Andorra,True,True
349,3695,Muş Province,region,TR,Turkey,True,True
353,876,Espaillat Province,region,DO,Dominican Republic,True,True
360,4116,Kırıkkale Province,region,TR,Turkey,True,True
365,2629,Taraba,region,NG,Nigeria,True,True
366,3723,Şırnak Province,region,TR,Turkey,True,True
367,3676,Erzincan Province,region,TR,Turkey,True,True
372,3701,Sinop Province,region,TR,Turkey,True,True
379,2355,Staro Nagoričane Municipality,region,MK,Macedonia,True,True
385,2039,Kostanay Region,region,KZ,Kazakhstan,True,True
389,4496,Yamoussoukro,region,CI,Côte d&#039;Ivoire,True,True
394,4854,Southern Province,region,RW,Rwanda,True,True
405,3451,Ziguinchor,region,SN,Senegal,True,True
409,3731,Iğdır Province,region,TR,Turkey,True,True
414,2630,Yobe,region,NG,Nigeria,True,True
417,3444,Saint-Louis,region,SN,Senegal,True,True
418,887,Samaná Province,region,DO,Dominican Republic,True,True
419,4110,Siirt Province,region,TR,Turkey,True,True
420,2369,Vevčani Municipality,region,MK,Macedonia,True,True
422,3713,Hakkâri Province,region,TR,Turkey,True,True
425,894,El Seibo Province,region,DO,Dominican Republic,True,True
428,3447,Louga,region,SN,Senegal,True,True
434,3712,Gümüşhane Province,region,TR,Turkey,True,True
435,2625,Jigawa,region,NG,Nigeria,True,True
438,3741,Port of Spain,region,TT,Trinidad and Tobago,True,True
440,1852,Piedmont,region,IT,Italy,True,True
449,79,Yerevan,region,AM,Armenia,True,True
478,4978,Uusimaa,region,FI,Finland,True,True
486,957,Guayas Province,region,EC,Ecuador,True,True
493,2302,Kisela Voda Municipality,region,MK,Macedonia,True,True
496,104,Entre Rios,region,AR,Argentina,True,True
503,1858,Umbria,region,IT,Italy,True,True
518,2367,Veles Municipality,region,MK,Macedonia,True,True
530,1031,Galicia,region,ES,Spain,True,True
537,4652,Saint Roman,region,MC,Monaco,True,True
546,3747,Tobago,region,TT,Trinidad and Tobago,True,True
573,3006,Warmian-Masurian Voivodeship,region,PL,Poland,True,True
598,44,Sar-e Pol,region,AF,Afghanistan,True,True
603,1845,Emilia-Romagna,region,IT,Italy,True,True
615,1847,Lazio,region,IT,Italy,True,True
628,2299,Karpoš Municipality,region,MK,Macedonia,True,True
637,3146,Moscow,region,RU,Russia,True,True
657,4679,Maputo,region,MZ,Mozambique,True,True
660,1849,Lombardy,region,IT,Italy,True,True
671,3696,Nevşehir Province,region,TR,Turkey,True,True
672,4130,Southwest Finland,region,FI,Finland,True,True
673,3944,Lara,region,VE,Venezuela,True,True
675,3954,Zulia,region,VE,Venezuela,True,True
687,3705,Trabzon Province,region,TR,Turkey,True,True
698,105,Formosa Province,region,AR,Argentina,True,True
706,3678,Eskişehir Province,region,TR,Turkey,True,True
720,4443,Southern Province,region,LK,Sri Lanka,True,True
723,941,Ouargla Province,region,DZ,Algeria,True,True
734,3703,Tekirdağ Province,region,TR,Turkey,True,True
741,1090,Estuaire Province,region,GA,Gabon,True,True
751,945,Tindouf Province,region,DZ,Algeria,True,True
758,3949,Portuguesa,region,VE,Venezuela,True,True
764,4122,Northern Ostrobothnia,region,FI,Finland,True,True
769,3571,Roi Et,region,TH,Thailand,True,True
784,4172,Epirus Region,region,GR,Greece,True,True
789,3714,Konya Province,region,TR,Turkey,True,True
803,1030,Extremadura,region,ES,Spain,True,True
808,1674,Lampung,region,ID,Indonesia,True,True
824,2674,Overijssel,region,NL,Netherlands,True,True
830,1677,Riau,region,ID,Indonesia,True,True
838,4473,Gjorče Petrov Municipality,region,MK,Macedonia,True,True
839,126,Styria,region,AT,Austria,True,True
844,3946,Miranda,region,VE,Venezuela,True,True
850,4112,Mersin Province,region,TR,Turkey,True,True
858,125,Salzburg,region,AT,Austria,True,True
865,1932,Eastern Province,region,KE,Kenya,True,True
868,2348,Saraj Municipality,region,MK,Macedonia,True,True
891,3699,Sakarya Province,region,TR,Turkey,True,True
892,118,Santiago del Estero,region,AR,Argentina,True,True
899,115,San Luis Province,region,AR,Argentina,True,True
900,4956,Saint Paul's,region,SH,Saint Helena,True,True
3,516,Grodno Region,region,BY,Belarus,True,True
4,1888,Fukui Prefecture,region,JP,Japan,True,True
5,515,Gomel Region,region,BY,Belarus,True,True
13,20,Faryab,region,AF,Afghanistan,True,True
17,4544,Streymoy,region,FO,Faroe Islands,True,True
22,4269,Fajardo,region,PR,Puerto Rico,True,True
47,3179,Udmurt Republic,region,RU,Russia,True,True
55,520,Vitebsk Region,region,BY,Belarus,True,True
64,2550,Labuan,region,MY,Malaysia,True,True
73,4971,Päijät-Häme,region,FI,Finland,True,True
77,2689,Sogn og Fjordane,region,NO,Norway,True,True
80,1890,Fukushima Prefecture,region,JP,Japan,True,True
95,3184,Vologda Oblast,region,RU,Russia,True,True
106,2679,Finnmark,region,NO,Norway,True,True
107,4694,Fontvieille,region,MC,Monaco,True,True
128,4412,Mont Fleuri,region,SC,Seychelles,True,True
131,4728,Fiorentino,region,SM,San Marino,True,True
133,4543,Suðuroy,region,FO,Faroe Islands,True,True
137,3118,Ingushetia,region,RU,Russia,True,True
143,4968,Funafuti,region,TV,Tuvalu,True,True
144,2683,Nordland,region,NO,Norway,True,True
148,4533,Îles Tuamotu-Gambier,region,PF,French Polynesia,True,True
149,4952,Fakaofo,region,TK,Tokelau,True,True
151,4814,Faetano,region,SM,San Marino,True,True
152,4353,Forest,region,GG,Guernsey,True,True
157,4542,Sandoy,region,FO,Faroe Islands,True,True
171,3140,Kursk Oblast,region,RU,Russia,True,True
173,4586,Vatovavy-Fitovinany,region,MG,Madagascar,True,True
184,4583,Itasy,region,MG,Madagascar,True,True
191,519,Mogilev Region,region,BY,Belarus,True,True
198,2050,Phongsaly Province,region,LA,Laos,True,True
205,4221,Florida,region,PR,Puerto Rico,True,True
207,4835,Wadi Fira Region,region,TD,Chad,True,True
208,4480,Point Fortin,region,TT,Trinidad and Tobago,True,True
214,2691,Telemark,region,NO,Norway,True,True
222,1084,Pays de la Loire,region,FR,France,True,True
230,2226,Tangier-Tetouan,region,MA,Morocco,True,True
233,1068,Aquitaine,region,FR,France,True,True
236,2223,Rabat-Salé-Zemmour-Zaer,region,MA,Morocco,True,True
239,1079,Languedoc-Roussillon,region,FR,France,True,True
241,1082,Midi-Pyrenees,region,FR,France,True,True
242,1083,Nord-Pas-de-Calais,region,FR,France,True,True
249,1069,Auvergne,region,FR,France,True,True
252,4191,Soccsksargen,region,PH,Philippines,True,True
255,1074,Champagne-Ardenne,region,FR,France,True,True
256,1081,Lorraine,region,FR,France,True,True
265,4185,Mimaropa,region,PH,Philippines,True,True
267,1085,Picardie,region,FR,France,True,True
274,517,Minsk,region,BY,Belarus,True,True
282,1086,Poitou-Charentes,region,FR,France,True,True
312,1078,Ile-de-France,region,FR,France,True,True
324,1088,Rhône-Alpes,region,FR,France,True,True
361,2694,Vestfold,region,NO,Norway,True,True
363,2692,Troms,region,NO,Norway,True,True
368,2685,Oppland,region,NO,Norway,True,True
398,2680,Hedmark,region,NO,Norway,True,True
409,4001,Phú Yên,region,VN,Vietnam,True,True
410,2682,Møre og Romsdal,region,NO,Norway,True,True
430,1076,Franche-Comte,region,FR,France,True,True
434,2661,Friesland,region,NL,Netherlands,True,True
435,2681,Hordaland,region,NO,Norway,True,True
436,2688,Rogaland,region,NO,Norway,True,True
444,1077,Haute-Normandie,region,FR,France,True,True
445,1070,Basse-Normandie,region,FR,France,True,True
447,2219,Meknès-Tafilalet,region,MA,Morocco,True,True
456,1080,Limousin,region,FR,France,True,True
467,3746,San Fernando,region,TT,Trinidad and Tobago,True,True
485,2675,Flevoland,region,NL,Netherlands,True,True
1,1873,Westmoreland Parish,region,JM,Jamaica,True,True
6,4244,San Germán,region,PR,Puerto Rico,True,True
8,4816,Socotra Governorate,region,YE,Yemen,True,True
11,1091,Haut-Ogooué Province,region,GA,Gabon,True,True
17,893,Valverde Province,region,DO,Dominican Republic,True,True
20,4334,Halabja Governorate,region,IQ,Iraq,True,True
22,4356,Saint Peter Port,region,GG,Guernsey,True,True
24,884,Peravia Province,region,DO,Dominican Republic,True,True
36,1918,Shimane Prefecture,region,JP,Japan,True,True
37,1923,Tottori Prefecture,region,JP,Japan,True,True
38,1353,Saint George Parish,region,GD,Grenada,True,True
43,1921,Tokushima Prefecture,region,JP,Japan,True,True
50,2795,Morobe Province,region,PG,Papua New Guinea,True,True
51,4609,Mahakali Zone,region,NP,Nepal,True,True
56,4395,Guria,region,GE,Georgia,True,True
58,1863,Manchester Parish,region,JM,Jamaica,True,True
59,4342,Western Region,region,IS,Iceland,True,True
63,3456,Galguduud,region,SO,Somalia,True,True
67,898,Monte Plata Province,region,DO,Dominican Republic,True,True
76,4222,Guánica,region,PR,Puerto Rico,True,True
89,3457,Gedo,region,SO,Somalia,True,True
91,21,Ghazni,region,AF,Afghanistan,True,True
100,4283,Hermanas Mirabal Province,region,DO,Dominican Republic,True,True
101,72,Gegharkunik Province,region,AM,Armenia,True,True
107,3517,Guéra Region,region,TD,Chad,True,True
110,4235,Loíza,region,PR,Puerto Rico,True,True
115,1912,Ōita Prefecture,region,JP,Japan,True,True
121,1909,Nagasaki Prefecture,region,JP,Japan,True,True
123,1925,Wakayama Prefecture,region,JP,Japan,True,True
125,4704,Ta'izz Governorate,region,YE,Yemen,True,True
130,1928,Yamanashi Prefecture,region,JP,Japan,True,True
131,4550,Sermersooq,region,GL,Greenland,True,True
135,4336,Jerash Governorate,region,JO,Jordan,True,True
141,4225,Hatillo,region,PR,Puerto Rico,True,True
142,1910,Nara Prefecture,region,JP,Japan,True,True
149,4713,Sana'a Governorate,region,YE,Yemen,True,True
151,1897,Ishikawa Prefecture,region,JP,Japan,True,True
154,1771,Maysan Governorate,region,IQ,Iraq,True,True
155,4162,Hậu Giang,region,VN,Vietnam,True,True
158,1900,Kagoshima Prefecture,region,JP,Japan,True,True
160,3648,Tozeur Governorate,region,TN,Tunisia,True,True
171,1899,Kagawa Prefecture,region,JP,Japan,True,True
172,1915,Saga Prefecture,region,JP,Japan,True,True
174,1902,Kōchi Prefecture,region,JP,Japan,True,True
186,4243,Río Grande,region,PR,Puerto Rico,True,True
190,2014,Ulsan,region,KR,South Korea,True,True
191,3639,Siliana Governorate,region,TN,Tunisia,True,True
193,4341,Southern Peninsula Region,region,IS,Iceland,True,True
195,4239,Orocovis,region,PR,Puerto Rico,True,True
197,4710,Ibb Governorate,region,YE,Yemen,True,True
203,4319,Gozo,region,MT,Malta,True,True
211,4691,Karnali Zone,region,NP,Nepal,True,True
212,1927,Yamaguchi Prefecture,region,JP,Japan,True,True
213,888,Sánchez Ramírez Province,region,DO,Dominican Republic,True,True
214,1924,Toyama Prefecture,region,JP,Japan,True,True
215,4232,Manatí,region,PR,Puerto Rico,True,True
219,1907,Miyazaki Prefecture,region,JP,Japan,True,True
222,4227,Juncos,region,PR,Puerto Rico,True,True
230,4484,Grouville,region,JE,Jersey,True,True
231,4730,Hela,region,PG,Papua New Guinea,True,True
253,2435,Gorgol Region,region,MR,Mauritania,True,True
255,4405,Glacis,region,SC,Seychelles,True,True
259,1942,Talas Region,region,KG,Kyrgyzstan,True,True
269,1560,Gabú Region,region,GW,Guinea-Bissau,True,True
274,2785,Oro Province,region,PG,Papua New Guinea,True,True
277,3655,Vavaʻu,region,TO,Tonga,True,True
280,883,Pedernales Province,region,DO,Dominican Republic,True,True
294,4712,Raymah Governorate,region,YE,Yemen,True,True
295,4360,Torteval,region,GG,Guernsey,True,True
302,2755,San Blas,region,PA,Panama,True,True
304,409,Paget Parish,region,BM,Bermuda,True,True
307,4965,Greater Upper Nile,region,SS,South Sudan,True,True
308,1354,Saint John Parish,region,GD,Grenada,True,True
310,2794,Manus Province,region,PG,Papua New Guinea,True,True
314,4731,Jiwaka Province,region,PG,Papua New Guinea,True,True
320,1356,Saint Patrick Parish,region,GD,Grenada,True,True
325,1355,Saint Mark Parish,region,GD,Grenada,True,True
327,2076,Gamprin,region,LI,Liechtenstein,True,True
337,4359,Saint Saviour,region,GG,Guernsey,True,True
338,4414,Port Glaud,region,SC,Seychelles,True,True
348,1864,Portland Parish,region,JM,Jamaica,True,True
356,2793,Madang Province,region,PG,Papua New Guinea,True,True
359,1094,Nyanga Province,region,GA,Gabon,True,True
361,2247,Gagauzia,region,MD,Moldova,True,True
363,1870,Saint Mary Parish,region,JM,Jamaica,True,True
366,4549,Qeqqata,region,GL,Greenland,True,True
368,892,Santiago Rodríguez Province,region,DO,Dominican Republic,True,True
369,4355,Saint Martin,region,GG,Guernsey,True,True
372,4234,Maunabo,region,PR,Puerto Rico,True,True
377,22,Ghōr,region,AF,Afghanistan,True,True
378,4226,Jayuya,region,PR,Puerto Rico,True,True
381,2370,Vinica Municipality,region,MK,Macedonia,True,True
382,1862,Hanover Parish,region,JM,Jamaica,True,True
383,4240,Patillas,region,PR,Puerto Rico,True,True
388,1872,Trelawny Parish,region,JM,Jamaica,True,True
390,3459,Middle Juba,region,SO,Somalia,True,True
392,4223,Guayanilla,region,PR,Puerto Rico,True,True
404,4358,Saint Sampson,region,GG,Guernsey,True,True
406,2745,Musandam Governorate,region,OM,Oman,True,True
407,2799,Sandaun Province,region,PG,Papua New Guinea,True,True
412,4709,Hajjah Governorate,region,YE,Yemen,True,True
425,4196,Guna Yala,region,PA,Panama,True,True
430,1871,Saint Thomas Parish,region,JM,Jamaica,True,True
431,389,Gitega Province,region,BI,Burundi,True,True
447,4224,Gurabo,region,PR,Puerto Rico,True,True
451,4893,Guadalcanal Province,region,SB,Solomon Islands,True,True
466,4270,Guaynabo,region,PR,Puerto Rico,True,True
487,839,Thüringen,region,DE,Germany,True,True
492,3635,Monastir Governorate,region,TN,Tunisia,True,True
496,834,Schleswig-Holstein,region,DE,Germany,True,True
529,891,Santiago Province,region,DO,Dominican Republic,True,True
534,4174,Peloponnese Region,region,GR,Greece,True,True
536,2663,Groningen,region,NL,Netherlands,True,True
540,4689,Lumbini Zone,region,NP,Nepal,True,True
541,1895,Hyōgo Prefecture,region,JP,Japan,True,True
544,4683,Kosi Zone,region,NP,Nepal,True,True
550,4608,Gandaki Zone,region,NP,Nepal,True,True
556,1012,Matrouh Governorate,region,EG,Egypt,True,True
564,1772,Nineveh Governorate,region,IQ,Iraq,True,True
573,727,Guaviare,region,CO,Colombia,True,True
581,3649,Tunis Governorate,region,TN,Tunisia,True,True
603,2515,Guanajuato,region,MX,Mexico,True,True
630,2549,Kuala Lumpur,region,MY,Malaysia,True,True
637,1611,Zagreb,region,HR,Croatia,True,True
639,832,Rhineland-Palatinate,region,DE,Germany,True,True
641,3004,Silesian Voivodeship,region,PL,Poland,True,True
647,2662,Gelderland,region,NL,Netherlands,True,True
657,1901,Kanagawa Prefecture,region,JP,Japan,True,True
662,837,Saxony,region,DE,Germany,True,True
664,2995,Łódź Voivodeship,region,PL,Poland,True,True
674,2516,Guerrero,region,MX,Mexico,True,True
698,1892,Gunma Prefecture,region,JP,Japan,True,True
700,1874,Kingston Parish,region,JM,Jamaica,True,True
704,4686,Janakpur Zone,region,NP,Nepal,True,True
708,896,La Vega Province,region,DO,Dominican Republic,True,True
709,1906,Miyagi Prefecture,region,JP,Japan,True,True
711,1891,Gifu Prefecture,region,JP,Japan,True,True
714,1896,Ibaraki Prefecture,region,JP,Japan,True,True
718,897,Monseñor Nouel Province,region,DO,Dominican Republic,True,True
719,4692,Rapti Zone,region,NP,Nepal,True,True
735,4379,Imereti,region,GE,Georgia,True,True
740,1920,Tochigi Prefecture,region,JP,Japan,True,True
741,1911,Niigata Prefecture,region,JP,Japan,True,True
746,881,María Trinidad Sánchez Province,region,DO,Dominican Republic,True,True
752,4463,Gafsa Governorate,region,TN,Tunisia,True,True
755,4075,Matabeleland South Province,region,ZW,Zimbabwe,True,True
756,4037,Hadhramaut Governorate,region,YE,Yemen,True,True
760,1903,Kumamoto Prefecture,region,JP,Japan,True,True
763,3650,Zaghouan Governorate,region,TN,Tunisia,True,True
766,4606,Sagarmatha Zone,region,NP,Nepal,True,True
767,1913,Okayama Prefecture,region,JP,Japan,True,True
776,4332,Goriška Statistical Region,region,SI,Slovenia,True,True
779,2011,Gwangju,region,KR,South Korea,True,True
785,4693,Seti Zone,region,NP,Nepal,True,True
791,4238,Naranjito,region,PR,Puerto Rico,True,True
792,730,La Guajira,region,CO,Colombia,True,True
802,4711,Lahij Governorate,region,YE,Yemen,True,True
808,1905,Mie Prefecture,region,JP,Japan,True,True
819,1869,Saint James Parish,region,JM,Jamaica,True,True
826,4682,Nouakchott,region,MR,Mauritania,True,True
836,1919,Shizuoka Prefecture,region,JP,Japan,True,True
837,4042,Ma'rib Governorate,region,YE,Yemen,True,True
839,2801,Port Moresby,region,PG,Papua New Guinea,True,True
842,4607,Narayani Zone,region,NP,Nepal,True,True
844,1916,Saitama Prefecture,region,JP,Japan,True,True
848,4365,Hawalli Governorate,region,KW,Kuwait,True,True
854,833,Saarland,region,DE,Germany,True,True
871,1898,Iwate Prefecture,region,JP,Japan,True,True
873,1908,Nagano Prefecture,region,JP,Japan,True,True
883,4233,Mayagüez,region,PR,Puerto Rico,True,True
889,3644,Kebili Governorate,region,TN,Tunisia,True,True
894,4464,Manouba Governorate,region,TN,Tunisia,True,True
898,2005,Incheon,region,KR,South Korea,True,True
904,1013,Qena Governorate,region,EG,Egypt,True,True
908,4684,Mechi Zone,region,NP,Nepal,True,True
911,3643,Gabès Governorate,region,TN,Tunisia,True,True
912,3630,Kairouan Governorate,region,TN,Tunisia,True,True
914,3647,Tataouine Governorate,region,TN,Tunisia,True,True
918,3467,Woqooyi Galbeed,region,SO,Somalia,True,True
29,3548,Mae Hong Son,region,TH,Thailand,True,True
45,4487,Saint Helier,region,JE,Jersey,True,True
65,4274,Hormigueros,region,PR,Puerto Rico,True,True
80,3508,Hhohho District,region,SZ,Swaziland,True,True
94,4582,Haute Matsiatra,region,MG,Madagascar,True,True
112,539,Nunavut,region,CA,Canada,True,True
119,4383,Mtskheta-Mtianeti,region,GE,Georgia,True,True
152,4272,Humacao,region,PR,Puerto Rico,True,True
266,4955,Half Tree Hollow,region,SH,Saint Helena,True,True
267,4926,Levelwood,region,SH,Saint Helena,True,True
314,2752,Herrera,region,PA,Panama,True,True
377,3458,Hiran,region,SO,Somalia,True,True
383,4834,Hadjer-Lamis Region,region,TD,Chad,True,True
386,2046,Houaphanh Province,region,LA,Laos,True,True
405,2517,Hidalgo,region,MX,Mexico,True,True
414,2521,Morelos,region,MX,Mexico,True,True
422,3003,Pomeranian Voivodeship,region,PL,Poland,True,True
472,4698,Harare Province,region,ZW,Zimbabwe,True,True
473,3994,Khánh Hòa,region,VN,Vietnam,True,True
485,4150,Haiphong,region,VN,Vietnam,True,True
568,2670,Zuid-Holland,region,NL,Netherlands,True,True
643,4819,Pointe-Noire,region,CG,Republic of the Congo,True,True
715,2047,Khammouane Province,region,LA,Laos,True,True
770,4903,Honiara,region,SB,Solomon Islands,True,True
802,3992,Hà Tĩnh,region,VN,Vietnam,True,True
9,4114,Karabük Province,region,TR,Turkey,True,True
38,4074,Matabeleland North Province,region,ZW,Zimbabwe,True,True
67,537,Yukon,region,CA,Canada,True,True
102,4925,Shefa,region,VU,Vanuatu,True,True
120,4111,Mardin Province,region,TR,Turkey,True,True
132,4076,Masvingo Province,region,ZW,Zimbabwe,True,True
155,1683,Maluku,region,ID,Indonesia,True,True
171,3682,Isparta Province,region,TR,Turkey,True,True
184,35,Kandahar,region,AF,Afghanistan,True,True
211,3709,Van Province,region,TR,Turkey,True,True
235,4920,Malampa,region,VU,Vanuatu,True,True
244,395,Ngozi Province,region,BI,Burundi,True,True
246,394,Muyinga Province,region,BI,Burundi,True,True
248,397,Ruyigi Province,region,BI,Burundi,True,True
253,4727,Sirdaryo Region,region,UZ,Uzbekistan,True,True
254,392,Kirundo Province,region,BI,Burundi,True,True
281,393,Makamba Province,region,BI,Burundi,True,True
284,4924,Torba,region,VU,Vanuatu,True,True
285,3218,Makira-Ulawa Province,region,SB,Solomon Islands,True,True
293,4961,Vaitupu,region,TV,Tuvalu,True,True
294,4922,Penama,region,VU,Vanuatu,True,True
295,4850,Swains Island,region,AS,American Samoa,True,True
299,4875,Kili Island,region,MH,Marshall Islands,True,True
302,4880,Mejit Island,region,MH,Marshall Islands,True,True
304,4871,Jabat Island,region,MH,Marshall Islands,True,True
311,4638,Loyalty Islands,region,NC,New Caledonia,True,True
315,391,Kayanza Province,region,BI,Burundi,True,True
317,4844,Muramvya Province,region,BI,Burundi,True,True
318,4021,Tafea,region,VU,Vanuatu,True,True
320,396,Rutana Province,region,BI,Burundi,True,True
323,4894,Isabel Province,region,SB,Solomon Islands,True,True
327,4845,Mwaro Province,region,BI,Burundi,True,True
329,390,Karuzi Province,region,BI,Burundi,True,True
331,4895,Malaita Province,region,SB,Solomon Islands,True,True
373,1095,Ogooué-Ivindo Province,region,GA,Gabon,True,True
385,4249,Santa Isabel,region,PR,Puerto Rico,True,True
391,36,Kunduz Province,region,AF,Afghanistan,True,True
397,3919,Navoiy Region,region,UZ,Uzbekistan,True,True
402,43,Samangan,region,AF,Afghanistan,True,True
414,2598,Oshikoto Region,region,NA,Namibia,True,True
432,76,Syunik Province,region,AM,Armenia,True,True
541,1848,Liguria,region,IT,Italy,True,True
637,1855,Sicilia,region,IT,Italy,True,True
660,964,Pichincha Province,region,EC,Ecuador,True,True
712,958,Imbabura Province,region,EC,Ecuador,True,True
719,4090,Putrajaya,region,MY,Malaysia,True,True
778,1851,Molise,region,IT,Italy,True,True
791,458,Roraima,region,BR,Brazil,True,True
855,3689,Kocaeli Province,region,TR,Turkey,True,True
878,3700,Samsun Province,region,TR,Turkey,True,True
881,756,Limón Province,region,CR,Costa Rica,True,True
921,4879,Lib Island,region,MH,Marshall Islands,True,True
1,2731,Nelson Province,region,NZ,New Zealand,True,True
7,5072,Sassandra-Marahoué District,region,CI,Côte d&#039;Ivoire,True,True
49,4503,Zanzan District,region,CI,Côte d&#039;Ivoire,True,True
180,4490,Saint Martin,region,JE,Jersey,True,True
186,4491,Saint Ouen,region,JE,Jersey,True,True
211,4966,Jamestown,region,SH,Saint Helena,True,True
212,4495,Trinity,region,JE,Jersey,True,True
219,4489,Saint Lawrence,region,JE,Jersey,True,True
261,4488,Saint John,region,JE,Jersey,True,True
263,4493,Saint Mary,region,JE,Jersey,True,True
302,5070,Woroba District,region,CI,Côte d&#039;Ivoire,True,True
308,4492,Saint Peter,region,JE,Jersey,True,True
346,4494,Saint Saviour,region,JE,Jersey,True,True
399,2768,Junin,region,PE,Peru,True,True
403,2736,Waikato,region,NZ,New Zealand,True,True
482,2518,Jalisco,region,MX,Mexico,True,True
499,4281,San Juan,region,PR,Puerto Rico,True,True
653,106,Jujuy,region,AR,Argentina,True,True
25,4460,Tbong Khmum Province,region,KH,Cambodia,True,True
53,73,Kotayk Region,region,AM,Armenia,True,True
73,2055,Xiangkhouang Province,region,LA,Laos,True,True
155,3995,Kon Tum,region,VN,Vietnam,True,True
200,1937,Western Province,region,KE,Kenya,True,True
201,2606,Zinder Region,region,NE,Niger,True,True
218,4889,Tillabéri Region,region,NE,Niger,True,True
252,4547,Kujalleq,region,GL,Greenland,True,True
266,1478,Kié-Ntem Province,region,GQ,Equatorial Guinea,True,True
277,2593,Ohangwena Region,region,NA,Namibia,True,True
281,2596,Omusati Region,region,NA,Namibia,True,True
314,4680,Kavango West Region,region,NA,Namibia,True,True
348,2603,Maradi Region,region,NE,Niger,True,True
394,2605,Tahoua Region,region,NE,Niger,True,True
432,4584,Sava Region,region,MG,Madagascar,True,True
441,4458,Kep Province,region,KH,Cambodia,True,True
447,3518,Kanem Region,region,TD,Chad,True,True
453,4930,Kara Region,region,TG,Togo,True,True
548,27,Kunar,region,AF,Afghanistan,True,True
612,133,Queensland,region,AU,Australia,True,True
639,4290,Kyiv,region,UA,Ukraine,True,True
643,2539,Kelantan,region,MY,Malaysia,True,True
645,4118,Tainan,region,TW,Taiwan,True,True
662,2538,Kedah,region,MY,Malaysia,True,True
706,1935,Nyanza Province,region,KE,Kenya,True,True
748,4004,Quảng Trị,region,VN,Vietnam,True,True
806,4008,Tuyên Quang,region,VN,Vietnam,True,True
914,4003,Quảng Ngãi,region,VN,Vietnam,True,True
920,3197,Kigali,region,RW,Rwanda,True,True
12,4434,Semigallia,region,LV,Latvia,True,True
29,4432,Kurzeme Planning Region,region,LV,Latvia,True,True
41,4436,Vidzeme,region,LV,Latvia,True,True
63,2051,Salavan Province,region,LA,Laos,True,True
65,4275,Las Piedras,region,PR,Puerto Rico,True,True
88,4433,Latgale,region,LV,Latvia,True,True
97,74,Lori Region,region,AM,Armenia,True,True
124,3969,Sơn La,region,VN,Vietnam,True,True
135,3974,Lạng Sơn,region,VN,Vietnam,True,True
143,4697,La Condamine,region,MC,Monaco,True,True
158,2756,Veraguas Province,region,PA,Panama,True,True
186,2056,Luang Prabang Province,region,LA,Laos,True,True
200,4229,Las Marías,region,PR,Puerto Rico,True,True
205,4413,Pointe La Rue,region,SC,Seychelles,True,True
208,2079,Ruggell,region,LI,Liechtenstein,True,True
213,4415,Saint Louis,region,SC,Seychelles,True,True
215,2083,Triesenberg,region,LI,Liechtenstein,True,True
220,3520,Logone Occidental Region,region,TD,Chad,True,True
221,3509,Lubombo District,region,SZ,Swaziland,True,True
233,4939,Savanes Region,region,TG,Togo,True,True
242,2078,Planken,region,LI,Liechtenstein,True,True
248,4417,Les Mamelles,region,SC,Seychelles,True,True
250,4877,Likiep Atoll,region,MH,Marshall Islands,True,True
251,4658,Les Révoires,region,MC,Monaco,True,True
256,4967,Longwood,region,SH,Saint Helena,True,True
265,2077,Mauren,region,LI,Liechtenstein,True,True
286,2753,Los Santos Province,region,PA,Panama,True,True
298,4575,Sekong Province,region,LA,Laos,True,True
309,4246,San Lorenzo,region,PR,Puerto Rico,True,True
311,2054,Sainyabuli Province,region,LA,Laos,True,True
315,4276,Luquillo,region,PR,Puerto Rico,True,True
316,4230,Lajas,region,PR,Puerto Rico,True,True
317,1093,Ngounié Province,region,GA,Gabon,True,True
319,4231,Lares,region,PR,Puerto Rico,True,True
325,46,Laghman,region,AF,Afghanistan,True,True
332,29,Logar,region,AF,Afghanistan,True,True
342,3,La Massana,region,AD,Andorra,True,True
347,2049,Oudomxay Province,region,LA,Laos,True,True
348,3521,Logone Oriental Region,region,TD,Chad,True,True
349,2084,Vaduz,region,LI,Liechtenstein,True,True
359,3627,Lebap Region,region,TM,Turkmenistan,True,True
365,4568,Luang Namtha Province,region,LA,Laos,True,True
367,4653,Larvotto,region,MC,Monaco,True,True
369,3519,Lac Region,region,TD,Chad,True,True
370,4444,Uva Province,region,LK,Sri Lanka,True,True
371,2052,Savannakhet Province,region,LA,Laos,True,True
389,2769,La Libertad Region,region,PE,Peru,True,True
403,2528,San Luis Potosí,region,MX,Mexico,True,True
420,4574,Vientiane Prefecture,region,LA,Laos,True,True
439,3559,Phitsanulok,region,TH,Thailand,True,True
466,1096,Ogooué-Lolo Province,region,GA,Gabon,True,True
468,1097,Ogooué-Maritime Province,region,GA,Gabon,True,True
485,4135,Masovian Voivodeship,region,PL,Poland,True,True
521,4391,Oriental,region,MA,Morocco,True,True
527,2166,Riga Planning Region,region,LV,Latvia,True,True
566,4445,Tripoli District,region,LY,Libya,True,True
581,3552,Lamphun,region,TH,Thailand,True,True
597,4442,Sabaragamuwa Province,region,LK,Sri Lanka,True,True
599,960,Los Ríos Province,region,EC,Ecuador,True,True
604,3565,Loei,region,TH,Thailand,True,True
613,4009,Vĩnh Long,region,VN,Vietnam,True,True
698,3580,Lop Buri,region,TH,Thailand,True,True
701,107,La Pampa,region,AR,Argentina,True,True
716,2996,Lublin Voivodeship,region,PL,Poland,True,True
737,3553,Lampang,region,TH,Thailand,True,True
739,3000,Opole Voivodeship,region,PL,Poland,True,True
752,959,Loja Province,region,EC,Ecuador,True,True
760,3002,Podlaskie Voivodeship,region,PL,Poland,True,True
779,2997,Lubusz Voivodeship,region,PL,Poland,True,True
783,4657,Le Portier,region,MC,Monaco,True,True
16,3510,Manzini District,region,SZ,Swaziland,True,True
31,4323,Mura Statistical Region,region,SI,Slovenia,True,True
33,967,Sucumbíos Province,region,EC,Ecuador,True,True
68,5064,Montagnes District,region,CI,Côte d&#039;Ivoire,True,True
70,4716,Manicaland,region,ZW,Zimbabwe,True,True
79,34,Parwan,region,AF,Afghanistan,True,True
86,40,Paktika Province,region,AF,Afghanistan,True,True
98,4236,Moca,region,PR,Puerto Rico,True,True
111,38,Maidan Wardak,region,AF,Afghanistan,True,True
167,969,Orellana Province,region,EC,Ecuador,True,True
188,968,Napo Province,region,EC,Ecuador,True,True
220,4720,Midlands Province,region,ZW,Zimbabwe,True,True
237,4578,Melaky,region,MG,Madagascar,True,True
258,169,Masally District,region,AZ,Azerbaijan,True,True
262,170,Mingachevir,region,AZ,Azerbaijan,True,True
295,4821,Mangaia,region,CK,Cook Islands,True,True
302,4823,Manihiki,region,CK,Cook Islands,True,True
303,4824,Mauke,region,CK,Cook Islands,True,True
304,4826,Mitiaro,region,CK,Cook Islands,True,True
305,4597,Petite Martinique,region,GD,Grenada,True,True
313,1971,Mohéli,region,KM,Comoros,True,True
316,4729,Montegiardino,region,SM,San Marino,True,True
349,3464,Middle Shebelle,region,SO,Somalia,True,True
367,1092,Moyen-Ogooué Province,region,GA,Gabon,True,True
378,3461,Mudug,region,SO,Somalia,True,True
398,4237,Morovis,region,PR,Puerto Rico,True,True
407,37,Takhar,region,AF,Afghanistan,True,True
408,49,Nuristan,region,AF,Afghanistan,True,True
436,39,Zabul,region,AF,Afghanistan,True,True
437,3054,Umm Salal,region,QA,Qatar,True,True
447,4588,Menabe,region,MG,Madagascar,True,True
448,33,Paktia,region,AF,Afghanistan,True,True
457,3628,Mary Region,region,TM,Turkmenistan,True,True
477,529,Manitoba,region,CA,Canada,True,True
500,2531,Tabasco,region,MX,Mexico,True,True
512,2522,Nayarit,region,MX,Mexico,True,True
517,2542,Pahang,region,MY,Malaysia,True,True
527,2551,Sabah,region,MY,Malaysia,True,True
551,2533,Tlaxcala,region,MX,Mexico,True,True
560,4156,Thái Nguyên,region,VN,Vietnam,True,True
587,2536,Zacatecas,region,MX,Mexico,True,True
589,2525,Puebla,region,MX,Mexico,True,True
604,2532,Tamaulipas,region,MX,Mexico,True,True
615,2527,Quintana Roo,region,MX,Mexico,True,True
647,2529,Sinaloa,region,MX,Mexico,True,True
671,2543,Perak,region,MY,Malaysia,True,True
688,2535,Yucatán,region,MX,Mexico,True,True
704,2524,Oaxaca,region,MX,Mexico,True,True
759,4931,Maritime Region,region,TG,Togo,True,True
789,962,Morona-Santiago Province,region,EC,Ecuador,True,True
910,3970,Tây Ninh,region,VN,Vietnam,True,True
948,4654,Saint Michel,region,MC,Monaco,True,True
76,3462,Nugal,region,SO,Somalia,True,True
101,2599,Otjozondjupa Region,region,NA,Namibia,True,True
222,1098,Woleu-Ntem Province,region,GA,Gabon,True,True
251,1480,Wele-Nzas Province,region,GQ,Equatorial Guinea,True,True
280,4937,Niuas,region,TO,Tonga,True,True
287,4958,Nukufetau,region,TV,Tuvalu,True,True
288,4960,Nui,region,TV,Tuvalu,True,True
290,4957,Nanumea,region,TV,Tuvalu,True,True
292,4964,Niutao,region,TV,Tuvalu,True,True
294,4959,Nukulaelae,region,TV,Tuvalu,True,True
295,4885,Namdrik Atoll,region,MH,Marshall Islands,True,True
318,4962,Nanumanga,region,TV,Tuvalu,True,True
356,2597,Oshana Region,region,NA,Namibia,True,True
358,2591,Karas Region,region,NA,Namibia,True,True
366,4278,Naguabo,region,PR,Puerto Rico,True,True
371,4551,Qaasuitsup,region,GL,Greenland,True,True
392,2595,Omaheke Region,region,NA,Namibia,True,True
431,31,Nimruz,region,AF,Afghanistan,True,True
443,2541,Negeri Sembilan,region,MY,Malaysia,True,True
455,112,Rio Negro,region,AR,Argentina,True,True
466,3599,Nakhon Pathom,region,TH,Thailand,True,True
514,3563,Nakhon Sawan,region,TH,Thailand,True,True
550,734,Norte de Santander,region,CO,Colombia,True,True
553,3610,Nakhon Si Thammarat,region,TH,Thailand,True,True
641,3573,Nakhon Ratchasima,region,TH,Thailand,True,True
656,3584,Nonthaburi,region,TH,Thailand,True,True
664,2686,Oslo,region,NO,Norway,True,True
686,3564,Nong Khai,region,TH,Thailand,True,True
716,4084,Nakhon Phanom,region,TH,Thailand,True,True
731,3577,Narathiwat,region,TH,Thailand,True,True
760,2604,Niamey,region,NE,Niger,True,True
786,3578,Chai Nat,region,TH,Thailand,True,True
820,733,Narino,region,CO,Colombia,True,True
852,3566,Sakon Nakhon,region,TH,Thailand,True,True
883,3589,Nakhon Nayok,region,TH,Thailand,True,True
902,4316,Northern Region,region,MT,Malta,True,True
908,4963,Niulakita,region,TV,Tuvalu,True,True
14,77,Tavush Region,region,AM,Armenia,True,True
37,3920,Qashqadaryo Region,region,UZ,Uzbekistan,True,True
38,2429,Orkhon Province,region,MN,Mongolia,True,True
220,191,Sumqayit,region,AZ,Azerbaijan,True,True
301,4825,Penrhyn,region,CK,Cook Islands,True,True
339,32,Urozgan,region,AF,Afghanistan,True,True
440,4,Ordino,region,AD,Andorra,True,True
473,2548,Terengganu,region,MY,Malaysia,True,True
7,4245,Salinas,region,PR,Puerto Rico,True,True
41,4258,Rincón,region,PR,Puerto Rico,True,True
137,1958,Prey Veng Province,region,KH,Cambodia,True,True
159,1962,Svay Rieng Province,region,KH,Cambodia,True,True
196,4247,San Sebastián,region,PR,Puerto Rico,True,True
234,4923,Sanma Province,region,VU,Vanuatu,True,True
239,1570,Potaro-Siparuni,region,GY,Guyana,True,True
243,1569,Pomeroon-Supenaam,region,GY,Guyana,True,True
295,4396,Plaisance,region,SC,Seychelles,True,True
298,4898,Temotu Province,region,SB,Solomon Islands,True,True
364,4257,Vieques,region,PR,Puerto Rico,True,True
378,4242,Quebradillas,region,PR,Puerto Rico,True,True
380,4255,Villalba,region,PR,Puerto Rico,True,True
391,4256,Yabucoa,region,PR,Puerto Rico,True,True
426,4481,Pailin,region,KH,Cambodia,True,True
430,4241,Peñuelas,region,PR,Puerto Rico,True,True
666,2545,Penang,region,MY,Malaysia,True,True
702,963,Pastaza Province,region,EC,Ecuador,True,True
907,2544,Perlis,region,MY,Malaysia,True,True
930,924,Tébessa Province,region,DZ,Algeria,True,True
71,3511,Shiselweni District,region,SZ,Swaziland,True,True
202,4827,Rakahanga,region,CK,Cook Islands,True,True
450,2526,Querétaro Arteaga,region,MX,Mexico,True,True
533,736,Quindio,region,CO,Colombia,True,True
19,4254,Utuado,region,PR,Puerto Rico,True,True
95,3623,Sughd Province,region,TJ,Tajikistan,True,True
137,3525,Salamat Region,region,TD,Chad,True,True
157,3466,Togdheer Region,region,SO,Somalia,True,True
401,3526,Tandjilé Region,region,TD,Chad,True,True
608,4327,Savinja Statistical Region,region,SI,Slovenia,True,True
745,4571,Vakinankaratra,region,MG,Madagascar,True,True
843,3463,Sanaag Region,region,SO,Somalia,True,True
969,4318,Southern Region,region,MT,Malta,True,True
28,3441,Serravalle,region,SM,San Marino,True,True
83,4928,Sool,region,SO,Somalia,True,True
312,144,Shirvan,region,AZ,Azerbaijan,True,True
494,2546,Sarawak,region,MY,Malaysia,True,True
496,536,Saskatchewan,region,CA,Canada,True,True
610,2547,Selangor,region,MY,Malaysia,True,True
84,3654,Tongatapu,region,TO,Tonga,True,True
262,4915,Uaboe District,region,NR,Nauru,True,True
449,3619,Udon Thani,region,TH,Thailand,True,True
478,3618,Ubon Ratchathani,region,TH,Thailand,True,True
689,3562,Uthai Thani,region,TH,Thailand,True,True
763,3557,Uttaradit,region,TH,Thailand,True,True
678,742,Valle del Cauca,region,CO,Colombia,True,True
80,4282,Yauco,region,PR,Puerto Rico,True,True
611,3617,Yasothon,region,TH,Thailand,True,True
