name,description,platform,type,audience_size_lower_bound,audience_size_upper_bound
iPad,iPads (all),iOS,user_device,43792517,51500000
iPhone,iPhones (all),iOS,user_device,517687074,608800000
iPod,iPods (all),iOS,user_device,101445,119300
apple ipad mini 5th gen (wi-fi only),Apple Apple iPad mini 5th Gen (Wi-Fi Only),iOS,user_device,850,1000
apple watch,Apple Apple Watch,iOS,user_device,850,1000
ipad,Apple iPad,iOS,user_device,1020408,1200000
ipad (2022),Apple iPad (2022),iOS,user_device,2465986,2900000
ipad 1,Apple iPad 1,iOS,user_device,1700,2000
ipad 10.2 (2019),Apple iPad 10.2 (2019),iOS,user_device,2806122,3300000
ipad 10.2 (2020),Apple iPad 10.2 (2020),iOS,user_device,2465986,2900000
ipad 10.2 (2021),Apple iPad 10.2 (2021),iOS,user_device,6632653,7800000
ipad 2,Apple iPad 2,iOS,user_device,2125,2500
ipad 3rd gen,Apple iPad 3rd gen,iOS,user_device,850,1000
ipad 4th gen,Apple iPad 4th gen,iOS,user_device,850,1000
ipad 5th gen,Apple iPad 5th Gen,iOS,user_device,850,1000
ipad 6th gen,Apple iPad 6th Gen,iOS,user_device,850,1000
ipad 7th gen,Apple iPad 7th Gen,iOS,user_device,850,1000
ipad 8th gen,Apple iPad 8th Gen,iOS,user_device,353231,415400
ipad 9.7,Apple iPad 9.7,iOS,user_device,850,1000
ipad 9.7 (2017),Apple iPad 9.7 (2017),iOS,user_device,2636054,3100000
ipad 9.7 (2018),Apple iPad 9.7 (2018),iOS,user_device,3571428,4200000
ipad air,Apple iPad Air,iOS,user_device,1105442,1300000
ipad air (2019),Apple iPad Air (2019),iOS,user_device,1190476,1400000
ipad air (2020),Apple iPad Air (2020),iOS,user_device,2891156,3400000
ipad air (2022),Apple iPad Air (2022),iOS,user_device,3061224,3600000
ipad air 2,Apple iPad Air 2,iOS,user_device,2210884,2600000
ipad air 3rd gen (wi-fi only),Apple iPad Air 3rd Gen (Wi-Fi Only),iOS,user_device,850,1000
ipad air 4th gen,Apple iPad air 4th Gen,iOS,user_device,850,1000
ipad mini,Apple iPad mini,iOS,user_device,850,1000
ipad mini (2019),Apple iPad mini (2019),iOS,user_device,935374,1100000
ipad mini (2021),Apple iPad mini (2021),iOS,user_device,1020408,1200000
ipad mini 2,Apple iPad mini 2,iOS,user_device,571938,672600
ipad mini 3,Apple iPad mini 3,iOS,user_device,122193,143700
ipad mini 4,Apple iPad mini 4,iOS,user_device,850,1000
ipad mini 4 (2015),Apple iPad mini 4 (2015),iOS,user_device,657993,773800
ipad pro,Apple iPad Pro,iOS,user_device,850,1000
ipad pro 10.5 (2017),Apple iPad Pro 10.5 (2017),iOS,user_device,1020408,1200000
ipad pro 11,Apple iPad Pro 11,iOS,user_device,850,1000
ipad pro 11 (2021),Apple iPad Pro 11 (2021),iOS,user_device,1530612,1800000
ipad pro 11 (2022),Apple iPad Pro 11 (2022),iOS,user_device,1785714,2100000
ipad pro 12.9 (2020),Apple iPad Pro 12.9 (2020),iOS,user_device,850340,1000000
ipad pro 12.9 (2021),Apple iPad Pro 12.9 (2021),iOS,user_device,1190476,1400000
ipad pro 2nd gen,Apple iPad Pro 2nd Gen,iOS,user_device,850,1000
ipad pro 3rd gen,Apple iPad Pro 3rd Gen,iOS,user_device,850,1000
iphone,Apple iPhone,iOS,user_device,10629251,12500000
iphone 11,Apple iPhone 11,iOS,user_device,72959183,85800000
iphone 11 pro,Apple iPhone 11 Pro,iOS,user_device,11054421,13000000
iphone 11 pro max,Apple iPhone 11 Pro Max,iOS,user_device,16921768,19900000
iphone 12,Apple iPhone 12,iOS,user_device,32057823,37700000
iphone 12 mini,Apple iPhone 12 mini,iOS,user_device,6972789,8200000
iphone 12 pro,Apple iPhone 12 Pro,iOS,user_device,14625850,17200000
iphone 12 pro max,Apple iPhone 12 Pro Max,iOS,user_device,24744897,29100000
iphone 13,Apple iPhone 13,iOS,user_device,49914965,58700000
iphone 13 mini,Apple iPhone 13 mini,iOS,user_device,5442176,6400000
iphone 13 pro,Apple iPhone 13 Pro,iOS,user_device,19472789,22900000
iphone 13 pro max,Apple iPhone 13 Pro Max,iOS,user_device,29931972,35200000
iphone 14,Apple iPhone 14,iOS,user_device,24659863,29000000
iphone 14 plus,Apple iPhone 14 Plus,iOS,user_device,8418367,9900000
iphone 14 pro,Apple iPhone 14 Pro,iOS,user_device,20748299,24400000
iphone 14 pro max,Apple iPhone 14 Pro Max,iOS,user_device,32397959,38100000
iphone 15,Apple iPhone 15,iOS,user_device,12074829,14200000
iphone 15 plus,Apple iPhone 15 Plus,iOS,user_device,4931972,5800000
iphone 15 pro,Apple iPhone 15 Pro,iOS,user_device,14285714,16800000
iphone 15 pro max,Apple iPhone 15 Pro Max,iOS,user_device,21598639,25400000
iphone 3gs,Apple iPhone 3GS,iOS,user_device,850,1000
iphone 4,Apple iPhone 4,iOS,user_device,10289,12100
iphone 4s,Apple iPhone 4s,iOS,user_device,22023,25900
iphone 5,Apple iPhone 5,iOS,user_device,123129,144800
iphone 5c,Apple iPhone 5c,iOS,user_device,52636,61900
iphone 5s,Apple iPhone 5s,iOS,user_device,828826,974700
iphone 6,Apple iPhone 6,iOS,user_device,4846938,5700000
iphone 6 plus,Apple iPhone 6 Plus,iOS,user_device,2380952,2800000
iphone 6s,Apple iPhone 6s,iOS,user_device,7738095,9100000
iphone 6s plus,Apple iPhone 6s Plus,iOS,user_device,6462585,7600000
iphone 7,Apple iPhone 7,iOS,user_device,13265306,15600000
iphone 7 plus,Apple iPhone 7 Plus,iOS,user_device,17346938,20400000
iphone 8,Apple iPhone 8,iOS,user_device,12074829,14200000
iphone 8 plus,Apple iPhone 8 Plus,iOS,user_device,17006802,20000000
iphone se,Apple iPhone SE,iOS,user_device,1275510,1500000
iphone se (2020),Apple iPhone SE (2020),iOS,user_device,12159863,14300000
iphone se (2022),Apple iPhone SE (2022),iOS,user_device,4336734,5100000
iphone se 2020,Apple iPhone SE 2020,iOS,user_device,850,1000
iphone x,Apple iPhone X,iOS,user_device,16071428,18900000
iphone xr,Apple iPhone XR,iOS,user_device,26870748,31600000
iphone xs,Apple iPhone XS,iOS,user_device,8418367,9900000
iphone xs max,Apple iPhone XS Max,iOS,user_device,16326530,19200000
ipod,Apple iPod,iOS,user_device,3996,4700
ipod touch 1st generation,Apple iPod Touch 1st Generation,iOS,user_device,850,1000
ipod touch 2nd generation,Apple iPod Touch 2nd Generation,iOS,user_device,850,1000
ipod touch 3rd generation,Apple iPod Touch 3rd Generation,iOS,user_device,850,1000
ipod touch 4th generation,Apple iPod Touch 4th Generation,iOS,user_device,850,1000
ipod touch 5th generation,Apple iPod Touch 5th Generation,iOS,user_device,6122,7200
ipod touch 6th generation,Apple iPod Touch 6th Generation,iOS,user_device,31802,37400
530,Philips 530,Windows,user_device,850,1000
lumia 520,Nokia Lumia 520,Windows,user_device,850,1000
lumia 535,Microsoft Lumia 535,Windows,user_device,850,1000
lumia 630,Nokia Lumia 630,Windows,user_device,850,1000
lumia 635,Nokia Lumia 635,Windows,user_device,850,1000
lumia 640 lte,Nokia Lumia 640 LTE,Windows,user_device,850,1000
lumia 920,Nokia Lumia 920,Windows,user_device,850,1000
lumia 950,Microsoft Lumia 950,Windows,user_device,850,1000
microsoft,Microsoft Devices,Windows,user_device,26105,30700
nokia,Nokia Devices,Windows,user_device,16156462,19000000
philips,Philips Devices,Windows,user_device,11734,13800
Android_Smartphone,Android Smartphones (all),Android,user_device,1917942176,2255500000
Android_Tablet,Android Tablets (all),Android,user_device,38945578,45800000
1,Alcatel 1,Android,user_device,1105442,1300000
1 (2021),Alcatel 1 (2021),Android,user_device,555697,653500
10,Htc 10,Android,user_device,1700680,2000000
10r,Oneplus 10R,Android,user_device,850340,1000000
11 lite 5g ne,Xiaomi 11 Lite 5G NE,Android,user_device,2551020,3000000
11t,Xiaomi 11T,Android,user_device,1530612,1800000
11t pro,Xiaomi 11T Pro,Android,user_device,1275510,1500000
1201,Oppo 1201,Android,user_device,850,1000
13t,Xiaomi 13T,Android,user_device,519557,611000
1603,Vivo 1603,Android,user_device,850,1000
2,Nokia 2,Android,user_device,1020408,1200000
2.1,Nokia 2.1,Android,user_device,141666,166600
2.2,Nokia 2.2,Android,user_device,149319,175600
2.3,Nokia 2.3,Android,user_device,338350,397900
2.4,Nokia 2.4,Android,user_device,388435,456800
20,Huawei 20,Android,user_device,1530612,1800000
3,Nokia 3,Android,user_device,2210884,2600000
3.1,Nokia 3.1,Android,user_device,88690,104300
3.1 plus,Nokia 3.1 Plus,Android,user_device,135544,159400
5,Nokia 5,Android,user_device,3061224,3600000
5.1 plus,Nokia 5.1 Plus,Android,user_device,196598,231200
5060,Advan 5060,Android,user_device,4676,5500
5t,Oneplus 5T,Android,user_device,279166,328300
6,Oneplus 6,Android,user_device,2636054,3100000
6.1,Nokia 6.1,Android,user_device,178911,210400
6.1 plus,Nokia 6.1 Plus,Android,user_device,228571,268800
6t,Oneplus 6T,Android,user_device,715306,841200
7,Oneplus 7,Android,user_device,2551020,3000000
7 pro,Oneplus 7 Pro,Android,user_device,1530612,1800000
7t,Oneplus 7T,Android,user_device,716921,843100
8,Oneplus 8,Android,user_device,4251700,5000000
8050,Zte 8050,Android,user_device,633928,745500
8a dual,Xiaomi 8A Dual,Android,user_device,2891156,3400000
8a pro,Huawei 8A Pro,Android,user_device,830102,976200
8t,Oneplus 8T,Android,user_device,609523,716800
8x,Huawei 8X,Android,user_device,1530612,1800000
9,Oneplus 9,Android,user_device,1615646,1900000
9 lite,Huawei 9 Lite,Android,user_device,650085,764500
9r,Oneplus 9R,Android,user_device,715731,841700
9x,Huawei 9X,Android,user_device,806037,947900
a 17,Oppo A 17,Android,user_device,850,1000
a05s,Itel A05S,Android,user_device,1105442,1300000
a1000,Lenovo A1000,Android,user_device,25170,29600
a11,Itel A11,Android,user_device,126275,148500
a12,Oppo A12,Android,user_device,162074,190600
a12e,Oppo A12e,Android,user_device,2636054,3100000
a14,Itel A14,Android,user_device,156972,184600
a15,Oppo A15,Android,user_device,12074829,14200000
a15s,Oppo A15s,Android,user_device,6717687,7900000
a16,Oppo A16,Android,user_device,13180272,15500000
a16 plus,Itel A16 Plus,Android,user_device,1530612,1800000
a16e,Oppo A16e,Android,user_device,1955782,2300000
a16k,Oppo A16K,Android,user_device,4251700,5000000
a16s,Oppo A16s,Android,user_device,828146,973900
a17,Oppo A17,Android,user_device,9608843,11300000
a17k,Oppo A17k,Android,user_device,6122448,7200000
a18,Oppo A18,Android,user_device,6377551,7500000
a1k,Oppo A1k,Android,user_device,6377551,7500000
a20,Samsung A20,Android,user_device,40476,47600
a2010,Lenovo A2010,Android,user_device,30102,35400
a23 pro,Itel A23 Pro,Android,user_device,636734,748800
a3,Xiaomi A3,Android,user_device,1190476,1400000
a31,Oppo A31,Android,user_device,6802721,8000000
a32f,Itel A32F,Android,user_device,62840,73900
a33,Oppo A33,Android,user_device,1190476,1400000
a33 plus,Itel A33 Plus,Android,user_device,935374,1100000
a36,Itel A36,Android,user_device,481547,566300
a369i,Lenovo A369i,Android,user_device,1445,1700
a37,Oppo A37,Android,user_device,4336734,5100000
a38,Oppo A38,Android,user_device,3571428,4200000
a39,Oppo A39,Android,user_device,252210,296600
a3s,Oppo A3s,Android,user_device,8163265,9600000
a48,Itel A48,Android,user_device,935374,1100000
a49,Itel A49,Android,user_device,829591,975600
a5,Oppo A5,Android,user_device,1275510,1500000
a5 (2020),Oppo A5 (2020),Android,user_device,7227891,8500000
a5000,Lenovo A5000,Android,user_device,7142,8400
a52,Oppo A52,Android,user_device,1445578,1700000
a53,Oppo A53,Android,user_device,7993197,9400000
a536,Lenovo A536,Android,user_device,4761,5600
a53s,Oppo A53s,Android,user_device,1020408,1200000
a54,Oppo A54,Android,user_device,10629251,12500000
a54 5g,Oppo A54 5G,Android,user_device,665476,782600
a54s,Oppo A54s,Android,user_device,769812,905300
a55,Oppo A55,Android,user_device,4761904,5600000
a56,Itel A56,Android,user_device,2125850,2500000
a57,Oppo A57,Android,user_device,1870748,2200000
a57 (2016),Oppo A57 (2016),Android,user_device,1020408,1200000
a57 4g,Oppo A57 4G,Android,user_device,8928571,10500000
a58,Itel A58,Android,user_device,1020408,1200000
a58 4g,Oppo A58 4G,Android,user_device,3911564,4600000
a59,Oppo A59,Android,user_device,1955782,2300000
a5s,Oppo A5s,Android,user_device,14540816,17100000
a60,Itel A60,Android,user_device,2125850,2500000
a6000,Lenovo A6000,Android,user_device,14710,17300
a6010,Lenovo A6010,Android,user_device,4931,5800
a632wm,Itel a632WM,Android,user_device,776530,913200
a6600,Lenovo A6600,Android,user_device,9268,10900
a662lm,Itel A662LM,Android,user_device,1530612,1800000
a665l,Itel A665L,Android,user_device,2636054,3100000
a7,Oppo A7,Android,user_device,2210884,2600000
a7000,Lenovo A7000,Android,user_device,10629,12500
a71,Oppo A71,Android,user_device,526785,619500
a71 (2018),Oppo A71 (2018),Android,user_device,1615646,1900000
a72,Oppo A72,Android,user_device,520578,612200
a74,Oppo A74,Android,user_device,1360,1600
a74 5g,Oppo A74 5G,Android,user_device,1275510,1500000
a74/f19s,Oppo A74/F19S,Android,user_device,2976190,3500000
a76,Oppo A76,Android,user_device,2040816,2400000
a77 4g,Oppo A77 4G,Android,user_device,1955782,2300000
a77s,Oppo A77s,Android,user_device,2891156,3400000
a78,Oppo A78,Android,user_device,3656462,4300000
a78 4g,Oppo A78 4G,Android,user_device,2551020,3000000
a78 5g,Oppo A78 5G,Android,user_device,850,1000
a79,Oppo A79,Android,user_device,1105442,1300000
a79 5g,Oppo A79 5G,Android,user_device,511649,601700
a83,Oppo A83,Android,user_device,2380952,2800000
a9 (2020),Oppo A9 (2020),Android,user_device,4166666,4900000
a92,Oppo A92,Android,user_device,1870748,2200000
a93,Oppo A93,Android,user_device,1105442,1300000
a94,Oppo A94,Android,user_device,1105442,1300000
a95,Oppo A95,Android,user_device,2040816,2400000
a96,Oppo A96,Android,user_device,2125850,2500000
a98,Oppo A98,Android,user_device,572619,673400
advan,Advan Devices,Android,user_device,189455,222800
alcatel,Alcatel Devices,Android,user_device,4761904,5600000
allure a8,Condor Allure A8,Android,user_device,12670,14900
amazon,Amazon Devices,Android,user_device,2891156,3400000
amazon fire hd 10 plus (2021),Amazon Amazon Fire HD 10 Plus (2021),Android,user_device,850,1000
andromax a,Smartfren Andromax A,Android,user_device,4421,5200
andromax es,Smartfren Andromax Es,Android,user_device,850,1000
aquos crystal,Sharp Aquos Crystal,Android,user_device,3231,3800
aquos crystal x,Sharp Aquos Crystal X,Android,user_device,2721,3200
aquos ever,Sharp Aquos Ever,Android,user_device,4676,5500
aquos phone serie shl22,Sharp Aquos Phone Serie SHL22,Android,user_device,850,1000
aquos phone serie shl23,Sharp Aquos Phone Serie SHL23,Android,user_device,850,1000
aquos phone xx mini,Sharp Aquos Phone Xx mini,Android,user_device,850,1000
aquos phone zeta sh-02e,Sharp Aquos Phone Zeta SH-02E,Android,user_device,850,1000
aquos xx,Sharp Aquos Xx,Android,user_device,5697,6700
aristo,Lg Aristo,Android,user_device,48044,56500
aristo 2,Lg Aristo 2,Android,user_device,498724,586500
aristo 3,Lg Aristo 3,Android,user_device,37755,44400
art-l29,Huawei ART-L29,Android,user_device,701700,825200
ascend g610,Huawei Ascend G610,Android,user_device,1190,1400
ascend g620s,Huawei Ascend G620S,Android,user_device,17431,20500
ascend g7,Huawei Ascend G7,Android,user_device,18707,22000
ascend g730,Huawei Ascend G730,Android,user_device,3911,4600
ascend p7,Huawei Ascend P7,Android,user_device,11649,13700
ascend y221,Huawei Ascend Y221,Android,user_device,11904,14000
ascend y330,Huawei Ascend Y330,Android,user_device,12414,14600
ascend y336,Huawei Ascend Y336,Android,user_device,39455,46400
ascend y360,Huawei Ascend Y360,Android,user_device,10629,12500
ascend y520,Huawei Ascend Y520,Android,user_device,4676,5500
ascend y530,Huawei Ascend Y530,Android,user_device,15306,18000
ascend y550,Huawei Ascend Y550,Android,user_device,4166,4900
ascend y560,Huawei Ascend Y560,Android,user_device,20833,24500
ascend y600,Huawei Ascend Y600,Android,user_device,1785,2100
ascend y625,Huawei Ascend Y625,Android,user_device,12329,14500
ascend y635,Huawei Ascend Y635,Android,user_device,2380,2800
asus,Asus Devices,Android,user_device,4166666,4900000
ax7,Oppo AX7,Android,user_device,490221,576500
bharat 2 plus,Micromax Bharat 2 Plus,Android,user_device,6547,7700
blackberry,Blackberry Devices,Android,user_device,202380,238000
blade a3 2020,Zte Blade A3 2020,Android,user_device,504251,593000
blade a5 (2020),Zte Blade A5 (2020),Android,user_device,1020408,1200000
blade a51,Zte Blade A51,Android,user_device,850085,999700
blade a71,Zte Blade A71,Android,user_device,503231,591800
blade l130,Zte Blade L130,Android,user_device,64285,75600
blade l2,Zte Blade L2,Android,user_device,850,1000
blade l210,Zte Blade L210,Android,user_device,754676,887500
blade l5,Zte Blade L5,Android,user_device,3486,4100
blade l8,Zte Blade L8,Android,user_device,437840,514900
blade v10 vita,Zte Blade V10 Vita,Android,user_device,185034,217600
blade z max,Zte Blade Z Max,Android,user_device,88010,103500
c1,Nokia C1,Android,user_device,604251,710600
c1 2nd edition,Nokia C1 2nd Edition,Android,user_device,760459,894300
c10,Nokia C10,Android,user_device,765136,899800
c2,Nokia C2,Android,user_device,5782312,6800000
c20,Nokia C20,Android,user_device,2721088,3200000
c22,Nokia C22,Android,user_device,758673,892200
c51,Xiaomi C51,Android,user_device,5867346,6900000
camon 12,Tecno Camon 12,Android,user_device,410629,482900
camon 12 air,Tecno Camon 12 Air,Android,user_device,538265,633000
camon 15,Tecno Camon 15,Android,user_device,534608,628700
camon 16,Tecno Camon 16,Android,user_device,526955,619700
camon 17,Tecno Camon 17,Android,user_device,1105442,1300000
camon 20,Tecno Camon 20,Android,user_device,1870748,2200000
camon 20 pro,Tecno Camon 20 Pro,Android,user_device,1020408,1200000
camon c11,Tecno Camon C11,Android,user_device,244047,287000
camon c8,Tecno Camon C8,Android,user_device,18707,22000
camon i,Tecno Camon I,Android,user_device,41666,49000
condor,Condor Devices,Android,user_device,753061,885600
cph2083,Oppo CPH2083,Android,user_device,10204081,12000000
desire 510,Htc Desire 510,Android,user_device,1615,1900
desire 526g,Htc Desire 526G,Android,user_device,5442,6400
desire 530,Htc Desire 530,Android,user_device,17431,20500
desire 620g,Htc Desire 620G,Android,user_device,3401,4000
desire 626,Htc Desire 626,Android,user_device,6292,7400
desire 626s,Htc Desire 626S,Android,user_device,9183,10800
desire 728,Htc Desire 728,Android,user_device,8163,9600
desire 816,Htc Desire 816,Android,user_device,5952,7000
desire 820,Htc Desire 820,Android,user_device,6547,7700
desire 820g+,Htc Desire 820G+,Android,user_device,11224,13200
docomo,Docomo Devices,Android,user_device,589455,693200
dra-lx9,Huawei DRA-LX9,Android,user_device,850340,1000000
droid maxx,Motorola Droid Maxx,Android,user_device,6717,7900
droid mini,Motorola Droid Mini,Android,user_device,1275,1500
droid razr,Motorola Droid Razr,Android,user_device,850,1000
droid razr 4g,Motorola Droid Razr 4G,Android,user_device,850,1000
droid razr hd,Motorola Droid Razr HD,Android,user_device,850,1000
droid razr m,Motorola Droid Razr M,Android,user_device,850,1000
droid turbo,Motorola Droid Turbo,Android,user_device,31547,37100
droid turbo 2,Motorola Droid Turbo 2,Android,user_device,14455,17000
edge 30 neo,Motorola Edge 30 Neo,Android,user_device,720238,847000
edge 40 neo,Motorola Edge 40 Neo,Android,user_device,935374,1100000
escape plus,Lg Escape Plus,Android,user_device,98384,115700
f1,Tecno F1,Android,user_device,1785714,2100000
f1 plus,Oppo F1 Plus,Android,user_device,79931,94000
f103 pro,Gionee F103 Pro,Android,user_device,3656,4300
f11,Oppo F11,Android,user_device,2380952,2800000
f11 pro,Oppo F11 Pro,Android,user_device,2380952,2800000
f15,Oppo F15,Android,user_device,1275510,1500000
f17,Oppo F17,Android,user_device,1785714,2100000
f17 pro,Oppo F17 Pro,Android,user_device,1020408,1200000
f19 pro,Oppo F19 Pro,Android,user_device,1020408,1200000
f19 pro+ 5g,Oppo F19 Pro+ 5G,Android,user_device,827210,972800
f19s,Oppo F19s,Android,user_device,843112,991500
f1s,Oppo F1s,Android,user_device,2040816,2400000
f21 pro,Oppo F21 Pro,Android,user_device,4761,5600
f21 pro 5g,Oppo F21 Pro 5G,Android,user_device,1020408,1200000
f23,Oppo F23,Android,user_device,1020408,1200000
f3,Oppo F3,Android,user_device,1615646,1900000
f3 plus,Oppo F3 Plus,Android,user_device,52806,62100
f5,Oppo F5,Android,user_device,1955782,2300000
f5 youth,Oppo F5 Youth,Android,user_device,455697,535900
f7,Oppo F7,Android,user_device,1785714,2100000
f9,Oppo F9,Android,user_device,3146258,3700000
f9 (f9 pro),Oppo F9 (F9 Pro),Android,user_device,584098,686900
fire,Amazon Fire,Android,user_device,42431,49900
fire hd 10 (2017),Amazon Fire HD 10 (2017),Android,user_device,117006,137600
fire hd 10 (2019),Amazon Fire HD 10 (2019),Android,user_device,430357,506100
fire hd 10 (2021),Amazon Fire HD 10 (2021),Android,user_device,727125,855100
fire hd 8,Amazon Fire HD 8,Android,user_device,550255,647100
fire hd 8 (2017),Amazon Fire HD 8 (2017),Android,user_device,62670,73700
fire hd 8 (2018),Amazon Fire HD 8 (2018),Android,user_device,188605,221800
fortune,Lg Fortune,Android,user_device,165646,194800
g play mini,Huawei G Play Mini,Android,user_device,850,1000
g pro lite,Lg G Pro Lite,Android,user_device,850,1000
g pure,Motorola G Pure,Android,user_device,1700680,2000000
g stylo,Lg G Stylo,Android,user_device,28911,34000
g2,Lg G2,Android,user_device,31632,37200
g2 mini,Lg G2 Mini,Android,user_device,2976,3500
g3,Lg G3,Android,user_device,38860,45700
g3 a,Lg G3 A,Android,user_device,850,1000
g3 beat,Lg G3 Beat,Android,user_device,1190,1400
g3 mini,Lg G3 Mini,Android,user_device,850,1000
g3 prime,Lg G3 Prime,Android,user_device,850,1000
g3 s,Lg G3 S,Android,user_device,5697,6700
g3 stylus,Lg G3 Stylus,Android,user_device,25680,30200
g3 vigor,Lg G3 Vigor,Android,user_device,850,1000
g4,Lg G4,Android,user_device,54591,64200
g4 beat,Lg G4 Beat,Android,user_device,5017,5900
g4 stylus,Lg G4 Stylus,Android,user_device,11819,13900
g4c,Lg G4c,Android,user_device,3656,4300
g5,Lg G5,Android,user_device,79081,93000
g53 5g,Motorola g53 5G,Android,user_device,1955782,2300000
g54 5g,Motorola g54 5G,Android,user_device,2636054,3100000
g6,Lg G6,Android,user_device,239115,281200
g7 thinq,Lg G7 ThinQ,Android,user_device,259863,305600
g8,Huawei G8,Android,user_device,70493,82900
galaxy a01,Samsung Galaxy A01,Android,user_device,4591836,5400000
galaxy a01 core,Samsung Galaxy A01 Core,Android,user_device,4336734,5100000
galaxy a02,Samsung Galaxy A02,Android,user_device,8078231,9500000
galaxy a02s,Samsung Galaxy A02s,Android,user_device,7568027,8900000
galaxy a03,Samsung Galaxy A03,Android,user_device,12329931,14500000
galaxy a03 core,Samsung Galaxy A03 Core,Android,user_device,18027210,21200000
galaxy a03s,Samsung Galaxy A03s,Android,user_device,14115646,16600000
galaxy a04,Samsung Galaxy A04,Android,user_device,8503401,10000000
galaxy a04e,Samsung Galaxy A04e,Android,user_device,15986394,18800000
galaxy a04s,Samsung Galaxy A04s,Android,user_device,8078231,9500000
galaxy a05,Samsung Galaxy A05,Android,user_device,4336734,5100000
galaxy a05s,Samsung Galaxy A05s,Android,user_device,2976190,3500000
galaxy a10,Samsung Galaxy A10,Android,user_device,12159863,14300000
galaxy a10e,Samsung Galaxy A10e,Android,user_device,1020408,1200000
galaxy a10s,Samsung Galaxy A10s,Android,user_device,16156462,19000000
galaxy a11,Samsung Galaxy A11,Android,user_device,9353741,11000000
galaxy a12,Samsung Galaxy A12,Android,user_device,16156462,19000000
galaxy a12 (india),Samsung Galaxy A12 (India),Android,user_device,11394557,13400000
galaxy a12 nacho,Samsung Galaxy A12 Nacho,Android,user_device,4421768,5200000
galaxy a13,Samsung Galaxy A13,Android,user_device,19642857,23100000
galaxy a13 (sm-a137),Samsung Galaxy A13 (SM-A137),Android,user_device,5867346,6900000
galaxy a13 4g,Samsung Galaxy A13 4G,Android,user_device,11309,13300
galaxy a13 5g,Samsung Galaxy A13 5G,Android,user_device,3146258,3700000
galaxy a14,Samsung Galaxy A14,Android,user_device,17006802,20000000
galaxy a14 5g,Samsung Galaxy A14 5G,Android,user_device,13775510,16200000
galaxy a15,Samsung Galaxy A15,Android,user_device,2976190,3500000
galaxy a15 5g,Samsung Galaxy A15 5G,Android,user_device,3231292,3800000
galaxy a2 core,Samsung Galaxy A2 Core,Android,user_device,3486394,4100000
galaxy a20,Samsung Galaxy A20,Android,user_device,7993197,9400000
galaxy a20e,Samsung Galaxy A20e,Android,user_device,2465986,2900000
galaxy a20s,Samsung Galaxy A20s,Android,user_device,8503401,10000000
galaxy a21,Samsung Galaxy A21,Android,user_device,1020408,1200000
galaxy a21s,Samsung Galaxy A21s,Android,user_device,16241496,19100000
galaxy a22,Samsung Galaxy A22,Android,user_device,6802721,8000000
galaxy a22 5g,Samsung Galaxy A22 5G,Android,user_device,7057823,8300000
galaxy a23,Samsung Galaxy A23,Android,user_device,9438775,11100000
galaxy a23 5g,Samsung Galaxy A23 5G,Android,user_device,5017006,5900000
galaxy a24 4g,Samsung Galaxy A24 4G,Android,user_device,5697278,6700000
galaxy a25,Samsung Galaxy A25,Android,user_device,1020408,1200000
galaxy a3,Samsung Galaxy A3,Android,user_device,124659,146600
galaxy a3 (2016),Samsung Galaxy A3 (2016),Android,user_device,243367,286200
galaxy a3 (2017),Samsung Galaxy A3 (2017),Android,user_device,294727,346600
galaxy a30,Samsung Galaxy A30,Android,user_device,5952380,7000000
galaxy a30s,Samsung Galaxy A30s,Android,user_device,6462585,7600000
galaxy a31,Samsung Galaxy A31,Android,user_device,7993197,9400000
galaxy a32,Samsung Galaxy A32,Android,user_device,14285714,16800000
galaxy a32 5g,Samsung Galaxy A32 5G,Android,user_device,4761904,5600000
galaxy a33 5g,Samsung Galaxy A33 5G,Android,user_device,6972789,8200000
galaxy a34,Samsung Galaxy A34,Android,user_device,10034013,11800000
galaxy a35,Samsung Galaxy A35,Android,user_device,434183,510600
galaxy a40,Samsung Galaxy A40,Android,user_device,1615646,1900000
galaxy a41,Samsung Galaxy A41,Android,user_device,1275510,1500000
galaxy a42 5g,Samsung Galaxy A42 5G,Android,user_device,1275510,1500000
galaxy a5,Samsung Galaxy A5,Android,user_device,198724,233700
galaxy a5 (2016),Samsung Galaxy A5 (2016),Android,user_device,438520,515700
galaxy a5 (2017),Samsung Galaxy A5 (2017),Android,user_device,1275510,1500000
galaxy a50,Samsung Galaxy A50,Android,user_device,8843537,10400000
galaxy a50s,Samsung Galaxy A50s,Android,user_device,1615646,1900000
galaxy a51,Samsung Galaxy A51,Android,user_device,11309523,13300000
galaxy a51 5g,Samsung Galaxy A51 5G,Android,user_device,802125,943300
galaxy a52,Samsung Galaxy A52,Android,user_device,6547619,7700000
galaxy a52 5g,Samsung Galaxy A52 5G,Android,user_device,1700680,2000000
galaxy a52s 5g,Samsung Galaxy A52s 5G,Android,user_device,7227891,8500000
galaxy a53 5g,Samsung Galaxy A53 5G,Android,user_device,11054421,13000000
galaxy a54,Samsung Galaxy A54,Android,user_device,12670068,14900000
galaxy a55,Samsung Galaxy A55,Android,user_device,790391,929500
galaxy a6,Samsung Galaxy A6,Android,user_device,850,1000
galaxy a6 (2018),Samsung Galaxy A6 (2018),Android,user_device,1360544,1600000
galaxy a6+,Samsung Galaxy A6+,Android,user_device,850,1000
galaxy a6+ (2018),Samsung Galaxy A6+ (2018),Android,user_device,1530612,1800000
galaxy a7,Samsung Galaxy A7,Android,user_device,40306,47400
galaxy a7 (2016),Samsung Galaxy A7 (2016),Android,user_device,217772,256100
galaxy a7 (2017),Samsung Galaxy A7 (2017),Android,user_device,490731,577100
galaxy a7 (2018),Samsung Galaxy A7 (2018),Android,user_device,3486394,4100000
galaxy a70,Samsung Galaxy A70,Android,user_device,3486394,4100000
galaxy a71,Samsung Galaxy A71,Android,user_device,6802721,8000000
galaxy a71 5g,Samsung Galaxy A71 5G,Android,user_device,763605,898000
galaxy a72,Samsung Galaxy A72,Android,user_device,2295918,2700000
galaxy a73 5g,Samsung Galaxy A73 5G,Android,user_device,2465986,2900000
galaxy a8,Samsung Galaxy A8,Android,user_device,8928,10500
galaxy a8 (2018),Samsung Galaxy A8 (2018),Android,user_device,1190476,1400000
galaxy a8+ (2018),Samsung Galaxy A8+ (2018),Android,user_device,540901,636100
galaxy a80,Samsung Galaxy A80,Android,user_device,553146,650500
galaxy a9 (2018),Samsung Galaxy A9 (2018),Android,user_device,1020408,1200000
galaxy a9 pro (2016),Samsung Galaxy A9 Pro (2016),Android,user_device,97534,114700
galaxy ace,Samsung Galaxy Ace,Android,user_device,13860,16300
galaxy ace 2,Samsung Galaxy Ace 2,Android,user_device,7142,8400
galaxy ace 3,Samsung Galaxy Ace 3,Android,user_device,27380,32200
galaxy ace 4,Samsung Galaxy Ace 4,Android,user_device,3656,4300
galaxy ace 4 duos,Samsung Galaxy Ace 4 Duos,Android,user_device,850,1000
galaxy ace 4 lite duos,Samsung Galaxy Ace 4 Lite Duos,Android,user_device,2040,2400
galaxy ace 4 neo,Samsung Galaxy Ace 4 Neo,Android,user_device,850,1000
galaxy ace duos,Samsung Galaxy Ace Duos,Android,user_device,2040,2400
galaxy ace nxt,Samsung Galaxy Ace NXT,Android,user_device,25510,30000
galaxy ace plus,Samsung Galaxy Ace Plus,Android,user_device,1275,1500
galaxy ace style,Samsung Galaxy Ace Style,Android,user_device,16156,19000
galaxy alpha,Samsung Galaxy Alpha,Android,user_device,15476,18200
galaxy avant,Samsung Galaxy Avant,Android,user_device,2551,3000
galaxy c7 pro,Samsung Galaxy C7 Pro,Android,user_device,111054,130600
galaxy c9 pro,Samsung Galaxy C9 Pro,Android,user_device,255187,300100
galaxy centura,Samsung Galaxy Centura,Android,user_device,850,1000
galaxy chat,Samsung Galaxy Chat,Android,user_device,1530,1800
galaxy core,Samsung Galaxy Core,Android,user_device,54336,63900
galaxy core 2,Samsung Galaxy Core 2,Android,user_device,5017,5900
galaxy core 2 duos,Samsung Galaxy Core 2 Duos,Android,user_device,850,1000
galaxy core plus,Samsung Galaxy Core Plus,Android,user_device,16581,19500
galaxy core prime,Samsung Galaxy Core Prime,Android,user_device,265051,311700
galaxy core prime duos,Samsung Galaxy Core Prime Duos,Android,user_device,850,1000
galaxy e5,Samsung Galaxy E5,Android,user_device,29676,34900
galaxy e7,Samsung Galaxy E7,Android,user_device,29676,34900
galaxy exhibit,Samsung Galaxy Exhibit,Android,user_device,850,1000
galaxy f13,Samsung Galaxy F13,Android,user_device,1870748,2200000
galaxy f14,Samsung Galaxy F14,Android,user_device,735034,864400
galaxy f22,Samsung Galaxy F22,Android,user_device,1020408,1200000
galaxy f23,Samsung Galaxy F23,Android,user_device,1360544,1600000
galaxy f41,Samsung Galaxy F41,Android,user_device,2210,2600
galaxy fame,Samsung Galaxy Fame,Android,user_device,30357,35700
galaxy fame lite,Samsung Galaxy Fame Lite,Android,user_device,11819,13900
galaxy fame lite duos,Samsung Galaxy Fame Lite Duos,Android,user_device,850,1000
galaxy gran neo duos,Samsung Galaxy Gran Neo Duos,Android,user_device,2040,2400
galaxy grand,Samsung Galaxy Grand,Android,user_device,140901,165700
galaxy grand 2,Samsung Galaxy Grand 2,Android,user_device,158248,186100
galaxy grand 2 duos,Samsung Galaxy Grand 2 Duos,Android,user_device,850,1000
galaxy grand max,Samsung Galaxy Grand Max,Android,user_device,17517,20600
galaxy grand neo,Samsung Galaxy Grand Neo,Android,user_device,470493,553300
galaxy grand prime,Samsung Galaxy Grand Prime,Android,user_device,1360544,1600000
galaxy grand prime plus,Samsung Galaxy Grand Prime Plus,Android,user_device,17857,21000
galaxy grand quattro,Samsung Galaxy Grand Quattro,Android,user_device,79421,93400
galaxy j1,Samsung Galaxy J1,Android,user_device,108843,128000
galaxy j1 (2016),Samsung Galaxy J1 (2016),Android,user_device,463860,545500
galaxy j1 ace,Samsung Galaxy J1 Ace,Android,user_device,850340,1000000
galaxy j1 mini,Samsung Galaxy J1 Mini,Android,user_device,1360,1600
galaxy j1 mini prime,Samsung Galaxy J1 Mini Prime,Android,user_device,281972,331600
galaxy j2,Samsung Galaxy J2,Android,user_device,1530612,1800000
galaxy j2 (2016),Samsung Galaxy J2 (2016),Android,user_device,555102,652800
galaxy j2 (2017),Samsung Galaxy J2 (2017),Android,user_device,22534,26500
galaxy j2 (2018),Samsung Galaxy J2 (2018),Android,user_device,850,1000
galaxy j2 core,Samsung Galaxy J2 Core,Android,user_device,4166666,4900000
galaxy j2 core (2020),Samsung Galaxy J2 Core (2020),Android,user_device,687074,808000
galaxy j2 prime,Samsung Galaxy J2 Prime,Android,user_device,7908163,9300000
galaxy j2 pro (2018),Samsung Galaxy J2 Pro (2018),Android,user_device,2465986,2900000
galaxy j3,Samsung Galaxy J3,Android,user_device,850,1000
galaxy j3 (2016),Samsung Galaxy J3 (2016),Android,user_device,1275510,1500000
galaxy j3 (2017),Samsung Galaxy J3 (2017),Android,user_device,1190476,1400000
galaxy j3 (2018),Samsung Galaxy J3 (2018),Android,user_device,223554,262900
galaxy j3 emerge,Samsung Galaxy J3 Emerge,Android,user_device,165901,195100
galaxy j3 luna pro,Samsung Galaxy J3 Luna Pro,Android,user_device,36904,43400
galaxy j3 orbit,Samsung Galaxy J3 Orbit,Android,user_device,60714,71400
galaxy j3 prime,Samsung Galaxy J3 Prime,Android,user_device,850,1000
galaxy j3 prime (2017),Samsung Galaxy J3 Prime (2017),Android,user_device,2721,3200
galaxy j3 pro,Samsung Galaxy J3 Pro,Android,user_device,77125,90700
galaxy j4,Samsung Galaxy J4,Android,user_device,2636054,3100000
galaxy j4 (2018),Samsung Galaxy J4 (2018),Android,user_device,850,1000
galaxy j4 core,Samsung Galaxy J4 Core,Android,user_device,2891156,3400000
galaxy j4+,Samsung Galaxy J4+,Android,user_device,5357142,6300000
galaxy j5,Samsung Galaxy J5,Android,user_device,1360544,1600000
galaxy j5 (2016),Samsung Galaxy J5 (2016),Android,user_device,1615646,1900000
galaxy j5 (2017),Samsung Galaxy J5 (2017),Android,user_device,1020408,1200000
galaxy j5 prime,Samsung Galaxy J5 Prime,Android,user_device,3316326,3900000
galaxy j5 pro,Samsung Galaxy J5 Pro,Android,user_device,850,1000
galaxy j6,Samsung Galaxy J6,Android,user_device,4251700,5000000
galaxy j6+,Samsung Galaxy J6+,Android,user_device,4761904,5600000
galaxy j7,Samsung Galaxy J7,Android,user_device,2125850,2500000
galaxy j7 (2016),Samsung Galaxy J7 (2016),Android,user_device,2465986,2900000
galaxy j7 (2017),Samsung Galaxy J7 (2017),Android,user_device,1020408,1200000
galaxy j7 (2018),Samsung Galaxy J7 (2018),Android,user_device,558588,656900
galaxy j7 core,Samsung Galaxy J7 Core,Android,user_device,850,1000
galaxy j7 crown,Samsung Galaxy J7 Crown,Android,user_device,102380,120400
galaxy j7 duo,Samsung Galaxy J7 Duo,Android,user_device,227551,267600
galaxy j7 max,Samsung Galaxy J7 Max,Android,user_device,935374,1100000
galaxy j7 neo,Samsung Galaxy J7 Neo,Android,user_device,850,1000
galaxy j7 nxt,Samsung Galaxy J7 Nxt,Android,user_device,3996598,4700000
galaxy j7 prime,Samsung Galaxy J7 Prime,Android,user_device,8333333,9800000
galaxy j7 prime 2,Samsung Galaxy J7 Prime 2,Android,user_device,1360544,1600000
galaxy j7 pro,Samsung Galaxy J7 Pro,Android,user_device,1785714,2100000
galaxy j7 refine,Samsung Galaxy J7 Refine,Android,user_device,850,1000
galaxy j7+,Samsung Galaxy J7+,Android,user_device,850,1000
galaxy j8,Samsung Galaxy J8,Android,user_device,2976190,3500000
galaxy light,Samsung Galaxy Light,Android,user_device,1445,1700
galaxy m01,Samsung Galaxy M01,Android,user_device,935374,1100000
galaxy m01 core,Samsung Galaxy M01 Core,Android,user_device,1615646,1900000
galaxy m01s,Samsung Galaxy M01s,Android,user_device,540561,635700
galaxy m02,Samsung Galaxy M02,Android,user_device,1700680,2000000
galaxy m02s,Samsung Galaxy M02s,Android,user_device,1105442,1300000
galaxy m04,Samsung Galaxy M04,Android,user_device,714455,840200
galaxy m10,Samsung Galaxy M10,Android,user_device,1105442,1300000
galaxy m11,Samsung Galaxy M11,Android,user_device,3656462,4300000
galaxy m12,Samsung Galaxy M12,Android,user_device,6207,7300
galaxy m12 (india),Samsung Galaxy M12 (India),Android,user_device,6037414,7100000
galaxy m13,Samsung Galaxy M13,Android,user_device,850340,1000000
galaxy m13 (india),Samsung Galaxy M13 (India),Android,user_device,2040816,2400000
galaxy m14,Samsung Galaxy M14,Android,user_device,1360544,1600000
galaxy m20,Samsung Galaxy M20,Android,user_device,1530612,1800000
galaxy m21,Samsung Galaxy M21,Android,user_device,2040816,2400000
galaxy m21s,Samsung Galaxy M21s,Android,user_device,850340,1000000
galaxy m23,Samsung Galaxy M23,Android,user_device,850340,1000000
galaxy m30,Samsung Galaxy M30,Android,user_device,812244,955200
galaxy m30s,Samsung Galaxy M30s,Android,user_device,1275510,1500000
galaxy m31,Samsung Galaxy M31,Android,user_device,3401360,4000000
galaxy m31s,Samsung Galaxy M31s,Android,user_device,786139,924500
galaxy m32,Samsung Galaxy M32,Android,user_device,1700680,2000000
galaxy m33,Samsung Galaxy M33,Android,user_device,1700680,2000000
galaxy m33 dual sim,Samsung Galaxy M33 Dual Sim,Android,user_device,850,1000
galaxy m34 5g,Samsung Galaxy M34 5G,Android,user_device,816666,960400
galaxy m51,Samsung Galaxy M51,Android,user_device,1445578,1700000
galaxy m52 5g,Samsung Galaxy M52 5G,Android,user_device,1020408,1200000
galaxy m53,Samsung Galaxy M53,Android,user_device,826870,972400
galaxy mega 2,Samsung Galaxy Mega 2,Android,user_device,25850,30400
galaxy mega 5.8,Samsung Galaxy Mega 5.8,Android,user_device,42346,49800
galaxy mega 6.3,Samsung Galaxy Mega 6.3,Android,user_device,4506,5300
galaxy mini,Samsung Galaxy Mini,Android,user_device,850,1000
galaxy mini 2,Samsung Galaxy Mini 2,Android,user_device,850,1000
galaxy note,Samsung Galaxy Note,Android,user_device,43792,51500
galaxy note 10,Samsung Galaxy Note 10,Android,user_device,850,1000
galaxy note 10 lite,Samsung Galaxy Note 10 Lite,Android,user_device,850,1000
galaxy note 10+,Samsung Galaxy Note 10+,Android,user_device,110459,129900
galaxy note 10+ 5g,Samsung Galaxy Note 10+ 5G,Android,user_device,850,1000
galaxy note 10.1,Samsung Galaxy Note 10.1,Android,user_device,22534,26500
galaxy note 10.1 2014,Samsung Galaxy Note 10.1 2014,Android,user_device,2210,2600
galaxy note 20,Samsung Galaxy Note 20,Android,user_device,850,1000
galaxy note 20 5g,Samsung Galaxy Note 20 5G,Android,user_device,850,1000
galaxy note 20 ultra,Samsung Galaxy Note 20 Ultra,Android,user_device,850,1000
galaxy note 20 ultra 5g,Samsung Galaxy Note 20 Ultra 5G,Android,user_device,850,1000
galaxy note 3,Samsung Galaxy Note 3,Android,user_device,422363,496700
galaxy note 3 neo,Samsung Galaxy Note 3 Neo,Android,user_device,25000,29400
galaxy note 3 neo duos,Samsung Galaxy Note 3 Neo Duos,Android,user_device,1955,2300
galaxy note 4,Samsung Galaxy Note 4,Android,user_device,283078,332900
galaxy note 4 duos,Samsung Galaxy Note 4 Duos,Android,user_device,3911,4600
galaxy note 5,Samsung Galaxy Note 5,Android,user_device,51530,60600
galaxy note 7,Samsung Galaxy Note 7,Android,user_device,850,1000
galaxy note 8,Samsung Galaxy Note 8,Android,user_device,72023,84700
galaxy note 8.0,Samsung Galaxy Note 8.0,Android,user_device,7227,8500
galaxy note 9,Samsung Galaxy Note 9,Android,user_device,88605,104200
galaxy note edge,Samsung Galaxy Note Edge,Android,user_device,25510,30000
galaxy note ii,Samsung Galaxy Note II,Android,user_device,80782,95000
galaxy note10,Samsung Galaxy Note10,Android,user_device,1020408,1200000
galaxy note10 5g,Samsung Galaxy Note10 5G,Android,user_device,493452,580300
galaxy note10 lite,Samsung Galaxy Note10 Lite,Android,user_device,1190476,1400000
galaxy note10+,Samsung Galaxy Note10+,Android,user_device,3061224,3600000
galaxy note10+ 5g,Samsung Galaxy Note10+ 5G,Android,user_device,1190476,1400000
galaxy note20,Samsung Galaxy Note20,Android,user_device,571598,672200
galaxy note20 5g,Samsung Galaxy Note20 5G,Android,user_device,1785714,2100000
galaxy note20 ultra,Samsung Galaxy Note20 Ultra,Android,user_device,561139,659900
galaxy note20 ultra 5g,Samsung Galaxy Note20 Ultra 5G,Android,user_device,3061224,3600000
galaxy note8,Samsung Galaxy Note8,Android,user_device,2891156,3400000
galaxy note9,Samsung Galaxy Note9,Android,user_device,3911564,4600000
galaxy on5,Samsung Galaxy On5,Android,user_device,141411,166300
galaxy on5 (2016),Samsung Galaxy On5 (2016),Android,user_device,45068,53000
galaxy on7,Samsung Galaxy On7,Android,user_device,366836,431400
galaxy on7 (2017),Samsung Galaxy On7 (2017),Android,user_device,850,1000
galaxy on7 prime (2018),Samsung Galaxy On7 Prime (2018),Android,user_device,850,1000
galaxy pocket,Samsung Galaxy Pocket,Android,user_device,1105,1300
galaxy pocket 2,Samsung Galaxy Pocket 2,Android,user_device,2721,3200
galaxy pocket 2 duos,Samsung Galaxy Pocket 2 Duos,Android,user_device,850,1000
galaxy pocket duos,Samsung Galaxy Pocket Duos,Android,user_device,850,1000
galaxy pocket neo,Samsung Galaxy Pocket Neo,Android,user_device,19217,22600
galaxy pocket neo duos,Samsung Galaxy Pocket Neo Duos,Android,user_device,850,1000
galaxy pocket plus,Samsung Galaxy Pocket Plus,Android,user_device,9948,11700
galaxy s,Samsung Galaxy S,Android,user_device,1020,1200
galaxy s advance,Samsung Galaxy S Advance,Android,user_device,5272,6200
galaxy s duos,Samsung Galaxy S Duos,Android,user_device,39625,46600
galaxy s duos 2,Samsung Galaxy S Duos 2,Android,user_device,46683,54900
galaxy s duos 3,Samsung Galaxy S Duos 3,Android,user_device,12414,14600
galaxy s ii,Samsung Galaxy S II,Android,user_device,15646,18400
galaxy s ii plus,Samsung Galaxy S II Plus,Android,user_device,9353,11000
galaxy s ii skyrocket,Samsung Galaxy S II Skyrocket,Android,user_device,850,1000
galaxy s ii tv,Samsung Galaxy S II TV,Android,user_device,850,1000
galaxy s iii,Samsung Galaxy S III,Android,user_device,103401,121600
galaxy s iii alpha,Samsung Galaxy S III Alpha,Android,user_device,850,1000
galaxy s iii mini,Samsung Galaxy S III Mini,Android,user_device,72534,85300
galaxy s iii neo,Samsung Galaxy S III Neo,Android,user_device,54761,64400
galaxy s iii neo plus,Samsung Galaxy S III Neo Plus,Android,user_device,935,1100
galaxy s iii neo+,Samsung Galaxy S III Neo+,Android,user_device,850,1000
galaxy s iii slim,Samsung Galaxy S III Slim,Android,user_device,850,1000
galaxy s10,Samsung Galaxy S10,Android,user_device,5272108,6200000
galaxy s10 5g,Samsung Galaxy S10 5G,Android,user_device,1105442,1300000
galaxy s10 lite,Samsung Galaxy S10 Lite,Android,user_device,638690,751100
galaxy s10+,Samsung Galaxy S10+,Android,user_device,4846938,5700000
galaxy s10e,Samsung Galaxy S10e,Android,user_device,3061224,3600000
galaxy s20,Samsung Galaxy S20,Android,user_device,1020408,1200000
galaxy s20 5g,Samsung Galaxy S20 5G,Android,user_device,1785714,2100000
galaxy s20 fe,Samsung Galaxy S20 FE,Android,user_device,5272108,6200000
galaxy s20 fe 5g,Samsung Galaxy S20 FE 5G,Android,user_device,6887755,8100000
galaxy s20 ultra,Samsung Galaxy S20 Ultra,Android,user_device,850,1000
galaxy s20 ultra 5g,Samsung Galaxy S20 Ultra 5G,Android,user_device,1870748,2200000
galaxy s20+,Samsung Galaxy S20+,Android,user_device,1020408,1200000
galaxy s20+ 5g,Samsung Galaxy S20+ 5G,Android,user_device,1870748,2200000
galaxy s21 5g,Samsung Galaxy S21 5G,Android,user_device,7653061,9000000
galaxy s21 fe 5g,Samsung Galaxy S21 FE 5G,Android,user_device,7653061,9000000
galaxy s21 ultra 5g,Samsung Galaxy S21 Ultra 5G,Android,user_device,5102040,6000000
galaxy s21+ 5g,Samsung Galaxy S21+ 5G,Android,user_device,3231292,3800000
galaxy s22 5g,Samsung Galaxy S22 5G,Android,user_device,9268707,10900000
galaxy s22 ultra 5g,Samsung Galaxy S22 Ultra 5G,Android,user_device,9863945,11600000
galaxy s22+ 5g,Samsung Galaxy S22+ 5G,Android,user_device,3316326,3900000
galaxy s23,Samsung Galaxy S23,Android,user_device,7142857,8400000
galaxy s23 fe,Samsung Galaxy S23 FE,Android,user_device,2551020,3000000
galaxy s23 ultra,Samsung Galaxy S23 Ultra,Android,user_device,11479591,13500000
galaxy s23+,Samsung Galaxy S23+,Android,user_device,3401360,4000000
galaxy s24,Samsung Galaxy S24,Android,user_device,1785714,2100000
galaxy s24 ultra,Samsung Galaxy S24 Ultra,Android,user_device,4506802,5300000
galaxy s24+,Samsung Galaxy S24+,Android,user_device,1530612,1800000
galaxy s4,Samsung Galaxy S4,Android,user_device,126530,148800
galaxy s4 active,Samsung Galaxy S4 Active,Android,user_device,5187,6100
galaxy s4 mini,Samsung Galaxy S4 Mini,Android,user_device,64200,75500
galaxy s4 value edition,Samsung Galaxy S4 Value Edition,Android,user_device,11649,13700
galaxy s4 zoom,Samsung Galaxy S4 Zoom,Android,user_device,850,1000
galaxy s5,Samsung Galaxy S5,Android,user_device,378656,445300
galaxy s5 active,Samsung Galaxy S5 Active,Android,user_device,9778,11500
galaxy s5 duos,Samsung Galaxy S5 Duos,Android,user_device,850,1000
galaxy s5 mini,Samsung Galaxy S5 Mini,Android,user_device,63690,74900
galaxy s5 neo,Samsung Galaxy S5 Neo,Android,user_device,69897,82200
galaxy s5 plus,Samsung Galaxy S5 Plus,Android,user_device,12074,14200
galaxy s5 prime,Samsung Galaxy S5 Prime,Android,user_device,4421,5200
galaxy s5 sport,Samsung Galaxy S5 Sport,Android,user_device,850,1000
galaxy s6,Samsung Galaxy S6,Android,user_device,582142,684600
galaxy s6 active,Samsung Galaxy S6 Active,Android,user_device,12755,15000
galaxy s6 edge,Samsung Galaxy S6 Edge,Android,user_device,448299,527200
galaxy s6 edge plus,Samsung Galaxy S6 Edge Plus,Android,user_device,40221,47300
galaxy s7,Samsung Galaxy S7,Android,user_device,1785714,2100000
galaxy s7 active,Samsung Galaxy S7 Active,Android,user_device,47448,55800
galaxy s7 edge,Samsung Galaxy S7 edge,Android,user_device,2040816,2400000
galaxy s8,Samsung Galaxy S8,Android,user_device,4421768,5200000
galaxy s8 active,Samsung Galaxy S8 Active,Android,user_device,99659,117200
galaxy s8+,Samsung Galaxy S8+,Android,user_device,2721088,3200000
galaxy s9,Samsung Galaxy S9,Android,user_device,5527210,6500000
galaxy s9+,Samsung Galaxy S9+,Android,user_device,5017006,5900000
galaxy star,Samsung Galaxy Star,Android,user_device,13860,16300
galaxy star 2,Samsung Galaxy Star 2,Android,user_device,2891,3400
galaxy star advance,Samsung Galaxy Star Advance,Android,user_device,1530,1800
galaxy star pro,Samsung Galaxy Star Pro,Android,user_device,25425,29900
galaxy star trios,Samsung Galaxy Star Trios,Android,user_device,850,1000
galaxy tab 10.1,Google Galaxy Tab 10.1,Android,user_device,3401,4000
galaxy tab 2 10.1,Samsung Galaxy Tab 2 10.1,Android,user_device,24234,28500
galaxy tab 2 7.0,Samsung Galaxy Tab 2 7.0,Android,user_device,19217,22600
galaxy tab 3 10.1,Samsung Galaxy Tab 3 10.1,Android,user_device,22619,26600
galaxy tab 3 7.0,Samsung Galaxy Tab 3 7.0,Android,user_device,24319,28600
galaxy tab 3 8.0,Samsung Galaxy Tab 3 8.0,Android,user_device,17261,20300
galaxy tab 3 lite,Samsung Galaxy Tab 3 Lite,Android,user_device,850,1000
galaxy tab 3 v,Samsung Galaxy Tab 3 V,Android,user_device,163520,192300
galaxy tab 4 10.1,Samsung Galaxy Tab 4 10.1,Android,user_device,70663,83100
galaxy tab 4 7.0,Samsung Galaxy Tab 4 7.0,Android,user_device,81717,96100
galaxy tab 4 8.0,Samsung Galaxy Tab 4 8.0,Android,user_device,32227,37900
galaxy tab a,Samsung Galaxy Tab A,Android,user_device,16496,19400
galaxy tab a 10.1 (2016),Samsung Galaxy Tab A 10.1 (2016),Android,user_device,2295918,2700000
galaxy tab a 10.1 (2019),Samsung Galaxy Tab A 10.1 (2019),Android,user_device,1700680,2000000
galaxy tab a 10.5,Samsung Galaxy Tab A 10.5,Android,user_device,395493,465100
galaxy tab a 7.0 (2016),Samsung Galaxy Tab A 7.0 (2016),Android,user_device,141326,166200
galaxy tab a 8.0,Samsung Galaxy Tab A 8.0,Android,user_device,94897,111600
galaxy tab a 8.0 (2019),Samsung Galaxy Tab A 8.0 (2019),Android,user_device,2125850,2500000
galaxy tab a 9.7,Samsung Galaxy Tab A 9.7,Android,user_device,380612,447600
galaxy tab a7 10.4 (2020),Samsung Galaxy Tab A7 10.4 (2020),Android,user_device,2210884,2600000
galaxy tab a7 lite,Samsung Galaxy Tab A7 Lite,Android,user_device,4081632,4800000
galaxy tab a8 10.5 (2021),Samsung Galaxy Tab A8 10.5 (2021),Android,user_device,3316326,3900000
galaxy tab e 8.0,Samsung Galaxy Tab E 8.0,Android,user_device,150595,177100
galaxy tab e 9.6,Samsung Galaxy Tab E 9.6,Android,user_device,530867,624300
galaxy tab pro 10.1,Samsung Galaxy Tab Pro 10.1,Android,user_device,4421,5200
galaxy tab s 10.5,Samsung Galaxy Tab S 10.5,Android,user_device,46768,55000
galaxy tab s2 8.0,Samsung Galaxy Tab S2 8.0,Android,user_device,126105,148300
galaxy tab s2 9.7,Samsung Galaxy Tab S2 9.7,Android,user_device,266156,313000
galaxy tab s6 lite,Samsung Galaxy Tab S6 Lite,Android,user_device,1360544,1600000
galaxy tab s7 fe,Samsung Galaxy Tab S7 FE,Android,user_device,935374,1100000
galaxy table a 8 (2019),Samsung Galaxy Table A 8 (2019),Android,user_device,850,1000
galaxy trend,Samsung Galaxy Trend,Android,user_device,54931,64600
galaxy trend lite,Samsung Galaxy Trend Lite,Android,user_device,12500,14700
galaxy trend lite 2,Samsung Galaxy Trend Lite 2,Android,user_device,850,1000
galaxy trend plus,Samsung Galaxy Trend Plus,Android,user_device,50765,59700
galaxy v,Samsung Galaxy V,Android,user_device,850,1000
galaxy v plus,Samsung Galaxy V Plus,Android,user_device,33418,39300
galaxy w,Samsung Galaxy W,Android,user_device,2040,2400
galaxy win,Samsung Galaxy Win,Android,user_device,6037,7100
galaxy win 2 duos tv,Samsung Galaxy Win 2 Duos TV,Android,user_device,850,1000
galaxy win duos,Samsung Galaxy Win Duos,Android,user_device,5952,7000
galaxy xcover 3,Samsung Galaxy Xcover 3,Android,user_device,21938,25800
galaxy xcover 4,Samsung Galaxy Xcover 4,Android,user_device,144047,169400
galaxy y,Samsung Galaxy Y,Android,user_device,2636,3100
galaxy y duos,Samsung Galaxy Y Duos,Android,user_device,850,1000
galaxy y plus,Samsung Galaxy Y Plus,Android,user_device,1190,1400
galaxy y pro,Samsung Galaxy Y Pro,Android,user_device,850,1000
galaxy y tv,Samsung Galaxy Y TV,Android,user_device,850,1000
galaxy young,Samsung Galaxy Young,Android,user_device,9693,11400
galaxy young 2,Samsung Galaxy Young 2,Android,user_device,11989,14100
galaxy young 2 duos,Samsung Galaxy Young 2 Duos,Android,user_device,850,1000
galaxy young plus tv,Samsung Galaxy Young Plus TV,Android,user_device,850,1000
galaxy z flip3 5g,Samsung Galaxy Z Flip3 5G,Android,user_device,2295918,2700000
galaxy z flip4,Samsung Galaxy Z Flip4,Android,user_device,2380952,2800000
galaxy z flip5,Samsung Galaxy Z Flip5,Android,user_device,2125850,2500000
galaxy z fold3 5g,Samsung Galaxy Z Fold3 5G,Android,user_device,1275510,1500000
galaxy z fold4,Samsung Galaxy Z Fold4,Android,user_device,1615646,1900000
galaxy z fold5,Samsung Galaxy Z Fold5,Android,user_device,1190476,1400000
gionee,Gionee Devices,Android,user_device,1530612,1800000
google,Google Devices,Android,user_device,27380952,32200000
gr3,Huawei GR3,Android,user_device,38775,45600
gr5,Huawei GR5,Android,user_device,180017,211700
gr5 2017,Huawei GR5 2017,Android,user_device,850,1000
honor 10,Huawei Honor 10,Android,user_device,850,1000
honor 20,Huawei Honor 20,Android,user_device,850,1000
honor 20 lite,Huawei Honor 20 lite,Android,user_device,850,1000
honor 3c,Huawei Honor 3C,Android,user_device,850,1000
honor 4a,Huawei Honor 4A,Android,user_device,850,1000
honor 4c,Huawei Honor 4C,Android,user_device,850,1000
honor 4x,Huawei Honor 4X,Android,user_device,850,1000
honor 5c,Huawei Honor 5C,Android,user_device,850,1000
honor 5x,Huawei Honor 5X,Android,user_device,850,1000
honor 6x,Huawei Honor 6X,Android,user_device,850,1000
honor 7a,Huawei Honor 7A,Android,user_device,850,1000
honor 7c,Huawei Honor 7C,Android,user_device,850,1000
honor 7s,Huawei Honor 7S,Android,user_device,850,1000
honor 7x,Huawei Honor 7X,Android,user_device,850,1000
honor 8,Huawei Honor 8,Android,user_device,850,1000
honor 8a,Huawei Honor 8A,Android,user_device,850,1000
honor 8c,Huawei Honor 8C,Android,user_device,850,1000
honor 8s,Huawei Honor 8S,Android,user_device,850,1000
honor 8x,Huawei Honor 8X,Android,user_device,850,1000
honor 9,Huawei Honor 9,Android,user_device,850,1000
honor 9 lite,Huawei Honor 9 Lite,Android,user_device,850,1000
honor 9i,Huawei Honor 9i,Android,user_device,850,1000
honor bee,Huawei Honor Bee,Android,user_device,6122,7200
honor holly,Huawei Honor Holly,Android,user_device,850,1000
honor x6,Huawei HONOR X6,Android,user_device,3316326,3900000
hornor 10 lite,Huawei Hornor 10 Lite,Android,user_device,850,1000
hornor 8x,Huawei Hornor 8X,Android,user_device,850,1000
hot 10,Infinix Hot 10,Android,user_device,2210884,2600000
hot 10 lite,Infinix Hot 10 Lite,Android,user_device,4081632,4800000
hot 10 play,Infinix Hot 10 Play,Android,user_device,6802721,8000000
hot 10i,Infinix Hot 10i,Android,user_device,1785714,2100000
hot 10s,Infinix Hot 10s,Android,user_device,1190476,1400000
hot 11,Infinix Hot 11,Android,user_device,935374,1100000
hot 11s,Infinix Hot 11s,Android,user_device,811819,954700
hot 11s nfc,Infinix HOT 11S NFC,Android,user_device,764200,898700
hot 12,Infinix Hot 12,Android,user_device,850340,1000000
hot 12 play,Infinix Hot 12 Play,Android,user_device,2295918,2700000
hot 12i,Infinix Hot 12i,Android,user_device,1700680,2000000
hot 2,Infinix Hot 2,Android,user_device,5102,6000
hot 20i,Infinix HOT 20i,Android,user_device,1530612,1800000
hot 30,Infinix Hot 30,Android,user_device,2040816,2400000
hot 30 play,Infinix Hot 30 Play,Android,user_device,1530612,1800000
hot 4,Infinix Hot 4,Android,user_device,76445,89900
hot 4 lite,Infinix Hot 4 Lite,Android,user_device,71173,83700
hot 4 pro,Infinix Hot 4 Pro,Android,user_device,47023,55300
hot 40 pro,Infinix Hot 40 Pro,Android,user_device,658843,774800
hot 40i,Infinix Hot 40i,Android,user_device,1870748,2200000
hot 5,Infinix Hot 5,Android,user_device,349659,411200
hot 5 lite,Infinix Hot 5 Lite,Android,user_device,95238,112000
hot 6,Infinix Hot 6,Android,user_device,517006,608000
hot 7,Infinix Hot 7,Android,user_device,623044,732700
hot 8,Infinix Hot 8,Android,user_device,1700680,2000000
hot 8 lite,Infinix Hot 8 Lite,Android,user_device,1275510,1500000
hot 9,Infinix Hot 9,Android,user_device,1275510,1500000
hot 9 play,Infinix Hot 9 Play,Android,user_device,2806122,3300000
hot note,Infinix Hot Note,Android,user_device,15731,18500
htc,Htc Devices,Android,user_device,935374,1100000
huawei,Huawei Devices,Android,user_device,87159863,102500000
ilium x210,Lanix Ilium X210,Android,user_device,935,1100
ilium x520,Lanix Ilium X520,Android,user_device,11734,13800
infinix,Infinix Devices,Android,user_device,97704081,114900000
infinix hot 30i,Infinix Infinix HOT 30i,Android,user_device,3231292,3800000
infinix note 30,Infinix Infinix Note 30,Android,user_device,2040816,2400000
infinix x669,Infinix Infinix X669,Android,user_device,3656462,4300000
infinix x669d,Infinix Infinix X669D,Android,user_device,935374,1100000
iqoo z6 lite 5g,Vivo iQOO Z6 Lite 5G,Android,user_device,755017,887900
iris 700,Lava Iris 700,Android,user_device,850,1000
iris 820,Lava Iris 820,Android,user_device,10034,11800
iris fuel 50,Lava Iris Fuel 50,Android,user_device,44387,52200
it1408,Itel it1408,Android,user_device,25000,29400
it1409,Itel it1409,Android,user_device,8078,9500
it1508,Itel it1508,Android,user_device,16411,19300
itel,Itel Devices,Android,user_device,39540816,46500000
jerry,Wiko Jerry,Android,user_device,7908,9300
jny-lx1,Huawei JNY-LX1,Android,user_device,1530612,1800000
jny-lx2,Huawei JNY-LX2,Android,user_device,850340,1000000
joy,Lg Joy,Android,user_device,34948,41100
joy 3,Oppo Joy 3,Android,user_device,219642,258300
k10,Oppo K10,Android,user_device,935374,1100000
k10 (2017),Lg K10 (2017),Android,user_device,287585,338200
k12+,Lg K12+,Android,user_device,850,1000
k20,Lg K20,Android,user_device,4506,5300
k20 plus,Lg K20 Plus,Android,user_device,101020,118800
k22,Lg K22,Android,user_device,1275510,1500000
k3 note,Lenovo K3 Note,Android,user_device,11139,13100
k30,Lg K30,Android,user_device,400340,470800
k31,Lg K31,Android,user_device,149404,175700
k4,Lg K4,Android,user_device,13010,15300
k4 (2017),Lg K4 (2017),Android,user_device,14115,16600
k40(k12+),Lg K40(K12+),Android,user_device,480357,564900
k40s,Lg K40S,Android,user_device,544387,640200
k41s,Lg K41S,Android,user_device,935374,1100000
k42,Lg K42,Android,user_device,664625,781600
k5,Lg K5,Android,user_device,23639,27800
k5 note,Lenovo K5 Note,Android,user_device,33333,39200
k50s,Lg K50S,Android,user_device,319472,375700
k51,Lg K51,Android,user_device,493367,580200
k51s,Lg K51S,Android,user_device,513010,603300
k6 note,Lenovo K6 Note,Android,user_device,57738,67900
k6 power,Lenovo K6 Power,Android,user_device,42517,50000
k61,Lg K61,Android,user_device,501870,590200
k7,Lg K7,Android,user_device,43792,51500
k8,Lg K8,Android,user_device,83758,98500
k8 (2017),Lg K8 (2017),Android,user_device,43112,50700
k8 note,Lenovo K8 Note,Android,user_device,41071,48300
k8 plus,Lenovo K8 Plus,Android,user_device,92431,108700
kgh5,Tecno KGH5,Android,user_device,850340,1000000
kindle fire,Amazon Kindle Fire,Android,user_device,3401,4000
kindle fire hd 7 (2012),Amazon Kindle Fire HD 7 (2012),Android,user_device,9608,11300
kindle fire hd 7 (2013),Amazon Kindle Fire HD 7 (2013),Android,user_device,4251,5000
kindle fire hd 8.9,Amazon Kindle Fire HD 8.9,Android,user_device,2551,3000
kindle fire hdx 7,Amazon Kindle Fire HDX 7,Android,user_device,7993,9400
kindle fire hdx 8.9,Amazon Kindle Fire HDX 8.9,Android,user_device,1275,1500
l bello,Lg L Bello,Android,user_device,9353,11000
l fino,Lg L Fino,Android,user_device,850,1000
l prime dual,Lg L Prime Dual,Android,user_device,3656,4300
l20,Lg L20,Android,user_device,6462,7600
l50,Lg L50,Android,user_device,2125,2500
l70,Lg L70,Android,user_device,3316,3900
lanix,Lanix Devices,Android,user_device,199404,234500
lava,Lava Devices,Android,user_device,3061224,3600000
lenny 2,Wiko Lenny 2,Android,user_device,11224,13200
lenny 3,Wiko Lenny 3,Android,user_device,9438,11100
lenovo,Lenovo Devices,Android,user_device,7482993,8800000
leon,Lg Leon,Android,user_device,18537,21800
lg,Lg Devices,Android,user_device,21513605,25300000
lg k42,Lg LG K42,Android,user_device,850,1000
m2006c3mg,Xiaomi M2006C3MG,Android,user_device,850,1000
magna,Lg Magna,Android,user_device,8418,9900
mate 10,Huawei Mate 10,Android,user_device,134098,157700
mate 10 lite,Huawei Mate 10 Lite,Android,user_device,1445578,1700000
mate 10 pro,Huawei Mate 10 Pro,Android,user_device,394302,463700
mate 20,Huawei Mate 20,Android,user_device,312074,367000
mate 20 lite,Huawei Mate 20 lite,Android,user_device,2210884,2600000
mate 20 pro,Huawei Mate 20 Pro,Android,user_device,935374,1100000
mate 30 5g,Huawei Mate 30 5G,Android,user_device,6972,8200
mate 8,Huawei Mate 8,Android,user_device,90646,106600
mate 9,Huawei Mate 9,Android,user_device,148384,174500
maven 3,Zte Maven 3,Android,user_device,29251,34400
max xl,Zte Max XL,Android,user_device,26360,31000
med-lx9,Huawei MED-LX9,Android,user_device,2040816,2400000
mediapad t1 7.0,Huawei MediaPad T1 7.0,Android,user_device,43367,51000
mediapad t3 10,Huawei MediaPad T3 10,Android,user_device,327295,384900
mediapad t3 7,Huawei MediaPad T3 7,Android,user_device,850,1000
mediapad t5,Huawei MediaPad T5,Android,user_device,559268,657700
mi 10t 5g,Xiaomi Mi 10T 5G,Android,user_device,601530,707400
mi 10t lite 5g,Xiaomi Mi 10T Lite 5G,Android,user_device,483758,568900
mi 10t pro,Xiaomi Mi 10T pro,Android,user_device,850,1000
mi 10t pro 5g,Xiaomi Mi 10T Pro 5G,Android,user_device,745748,877000
mi 11 lite,Xiaomi Mi 11 Lite,Android,user_device,935374,1100000
mi 11 lite 5g,Xiaomi Mi 11 Lite 5G,Android,user_device,605017,711500
mi 4i,Xiaomi Mi 4i,Android,user_device,5187,6100
mi 5,Xiaomi Mi 5,Android,user_device,18197,21400
mi 8,Xiaomi Mi 8,Android,user_device,185799,218500
mi 8 lite,Xiaomi MI 8 Lite,Android,user_device,810119,952700
mi 9,Xiaomi Mi 9,Android,user_device,276190,324800
mi 9 lite,Xiaomi Mi 9 Lite,Android,user_device,259863,305600
mi 9t,Xiaomi Mi 9T,Android,user_device,594302,698900
mi 9t pro,Xiaomi Mi 9T Pro,Android,user_device,289115,340000
mi a1,Xiaomi Mi A1,Android,user_device,739540,869700
mi a2,Xiaomi Mi A2,Android,user_device,749319,881200
mi a2 lite,Xiaomi Mi A2 Lite,Android,user_device,443367,521400
mi a3,Xiaomi Mi A3,Android,user_device,1275510,1500000
mi max,Xiaomi Mi Max,Android,user_device,38520,45300
mi max 2,Xiaomi Mi Max 2,Android,user_device,168707,198400
mi note 10 lite,Xiaomi Mi Note 10 Lite,Android,user_device,589115,692800
micromax,Micromax Devices,Android,user_device,543112,638700
moto c,Motorola Moto C,Android,user_device,265306,312000
moto c plus,Motorola Moto C Plus,Android,user_device,151700,178400
moto e,Motorola Moto E,Android,user_device,6632,7800
moto e (2016),Motorola Moto E (2016),Android,user_device,22363,26300
moto e (2020),Motorola Moto E (2020),Android,user_device,353656,415900
moto e (2nd gen),Motorola Moto E (2nd gen),Android,user_device,22704,26700
moto e (4th gen),Motorola Moto E (4th gen),Android,user_device,190901,224500
moto e (4th gen) plus,Motorola Moto E (4th gen) Plus,Android,user_device,397959,468000
moto e (5th gen),Motorola Moto E (5th gen),Android,user_device,446938,525600
moto e (5th gen) plus,Motorola Moto E (5th gen) Plus,Android,user_device,305357,359100
moto e13,Motorola moto e13,Android,user_device,4336734,5100000
moto e20,Motorola Moto E20,Android,user_device,4676870,5500000
moto e22,Motorola Moto E22,Android,user_device,2976190,3500000
moto e22i,Motorola Moto E22i,Android,user_device,1190476,1400000
moto e32,Motorola Moto E32,Android,user_device,1445578,1700000
moto e40,Motorola Moto E40,Android,user_device,1615646,1900000
moto e5 cruise,Motorola Moto E5 Cruise,Android,user_device,58503,68800
moto e5 play,Motorola Moto E5 Play,Android,user_device,935374,1100000
moto e6,Motorola Moto E6,Android,user_device,162159,190700
moto e6 play,Motorola Moto E6 Play,Android,user_device,1615646,1900000
moto e6 plus,Motorola Moto E6 Plus,Android,user_device,1020408,1200000
moto e6i,Motorola Moto E6i,Android,user_device,1190476,1400000
moto e6s (2020),Motorola Moto E6s (2020),Android,user_device,1700680,2000000
moto e7,Motorola Moto E7,Android,user_device,2210884,2600000
moto e7 plus,Motorola Moto E7 Plus,Android,user_device,1700680,2000000
moto e7 power,Motorola Moto E7 Power,Android,user_device,1105442,1300000
moto e7i power,Motorola Moto E7i Power,Android,user_device,1445578,1700000
moto g,Motorola Moto G,Android,user_device,42602,50100
moto g (2nd gen),Motorola Moto G (2nd Gen),Android,user_device,22874,26900
moto g (3rd gen),Motorola Moto G (3rd Gen),Android,user_device,2806,3300
moto g (4th gen),Motorola Moto G (4th Gen),Android,user_device,196088,230600
moto g 2nd gen,Motorola Moto G 2nd Gen,Android,user_device,850,1000
moto g 2nd generation,Motorola Moto G 2nd generation,Android,user_device,850,1000
moto g 4g,Motorola Moto G 4G,Android,user_device,2040,2400
moto g 5g (2022),Motorola MOTO G 5G (2022),Android,user_device,850340,1000000
moto g 5g - 2023,Motorola moto g 5G - 2023,Android,user_device,834863,981800
moto g dtv,Motorola Moto G DTV,Android,user_device,850,1000
moto g forte,Motorola Moto G Forte,Android,user_device,1020,1200
moto g play,Motorola Moto G Play,Android,user_device,165476,194600
moto g play (2021),Motorola Moto G Play (2021),Android,user_device,567346,667200
moto g play 2023,Motorola moto g play 2023,Android,user_device,1445578,1700000
moto g power,Motorola Moto G Power,Android,user_device,188860,222100
moto g power (2021),Motorola Moto G Power (2021),Android,user_device,655527,770900
moto g power (2022),Motorola Moto G Power (2022),Android,user_device,837585,985000
moto g power 5g,Motorola Moto G Power 5G,Android,user_device,781802,919400
moto g stylus,Motorola Moto G Stylus,Android,user_device,850,1000
moto g stylus (2023),Motorola moto g stylus (2023),Android,user_device,850340,1000000
moto g stylus 5g,Motorola Moto G Stylus 5G,Android,user_device,1020408,1200000
moto g stylus 5g (2022),Motorola Moto G Stylus 5G (2022),Android,user_device,756462,889600
moto g stylus 5g (2023),Motorola Moto G Stylus 5G (2023),Android,user_device,674744,793500
moto g10,Motorola Moto G10,Android,user_device,850340,1000000
moto g13,Motorola Moto G13,Android,user_device,1445578,1700000
moto g14,Motorola Moto G14,Android,user_device,2040816,2400000
moto g2,Motorola Moto G2,Android,user_device,3826,4500
moto g20,Motorola Moto G20,Android,user_device,4846938,5700000
moto g22,Motorola Moto G22,Android,user_device,5187074,6100000
moto g23,Motorola Moto G23,Android,user_device,1190476,1400000
moto g3,Motorola Moto G3,Android,user_device,56547,66500
moto g30,Motorola Moto G30,Android,user_device,2040816,2400000
moto g31,Motorola Moto G31,Android,user_device,1530612,1800000
moto g32,Motorola Moto G32,Android,user_device,2295918,2700000
moto g34 5g,Motorola moto g34 5G,Android,user_device,669982,787900
moto g41,Motorola Moto G41,Android,user_device,730357,858900
moto g42,Motorola Moto G42,Android,user_device,1275510,1500000
moto g5,Motorola Moto G5,Android,user_device,288265,339000
moto g5 plus,Motorola Moto G5 Plus,Android,user_device,284353,334400
moto g50 5g,Motorola Moto G50 5G,Android,user_device,1020408,1200000
moto g51 5g,Motorola Moto G51 5G,Android,user_device,839880,987700
moto g52,Motorola moto g52,Android,user_device,1955782,2300000
moto g5s,Motorola Moto G5S,Android,user_device,182057,214100
moto g5s plus,Motorola Moto G5S Plus,Android,user_device,281207,330700
moto g6,Motorola Moto G6,Android,user_device,509608,599300
moto g6 play,Motorola Moto G6 Play,Android,user_device,713690,839300
moto g6 plus,Motorola Moto G6 Plus,Android,user_device,488860,574900
moto g60,Motorola Moto G60,Android,user_device,2040816,2400000
moto g60s,Motorola Moto G60S,Android,user_device,1105442,1300000
moto g62 5g,Motorola Moto G62 5G,Android,user_device,656802,772400
moto g7,Motorola Moto G7,Android,user_device,398129,468200
moto g7 play,Motorola Moto G7 Play,Android,user_device,1190476,1400000
moto g7 plus,Motorola Moto G7 Plus,Android,user_device,415986,489200
moto g7 power,Motorola Moto G7 Power,Android,user_device,1190476,1400000
moto g71 5g,Motorola Moto G71 5G,Android,user_device,690476,812000
moto g72,Motorola Moto G72,Android,user_device,677465,796700
moto g8,Motorola Moto G8,Android,user_device,493537,580400
moto g8 play,Motorola Moto G8 Play,Android,user_device,1190476,1400000
moto g8 plus,Motorola Moto G8 Plus,Android,user_device,1105442,1300000
moto g8 power,Motorola Moto G8 Power,Android,user_device,850340,1000000
moto g8 power lite,Motorola Moto G8 Power Lite,Android,user_device,1190476,1400000
moto g82,Motorola Moto G82,Android,user_device,633078,744500
moto g84 5g,Motorola moto g84 5g,Android,user_device,1275510,1500000
moto g9 play,Motorola Moto G9 Play,Android,user_device,2380952,2800000
moto g9 plus,Motorola Moto G9 Plus,Android,user_device,1105442,1300000
moto g9 power,Motorola Moto G9 Power,Android,user_device,1190476,1400000
moto x,Motorola Moto X,Android,user_device,6887,8100
moto x (2nd gen),Motorola Moto X (2nd Gen),Android,user_device,4081,4800
moto x play,Motorola Moto X Play,Android,user_device,14710,17300
moto x pure,Motorola Moto X Pure,Android,user_device,850,1000
moto x4,Motorola Moto X4,Android,user_device,66241,77900
moto z droid,Motorola Moto Z Droid,Android,user_device,850,1000
moto z play dual,Motorola Moto Z Play Dual,Android,user_device,850,1000
moto z2 force,Motorola Moto Z2 Force,Android,user_device,48384,56900
moto z2 play,Motorola Moto Z2 Play,Android,user_device,89965,105800
moto z4,Motorola Moto Z4,Android,user_device,131207,154300
motorola,Motorola Devices,Android,user_device,104251700,122600000
motorola edge 40,Motorola Motorola Edge 40,Android,user_device,698979,822000
motorola edge 40 neo,Motorola motorola edge 40 neo,Android,user_device,850,1000
motorola moto e22,Motorola Motorola Moto E22,Android,user_device,850,1000
neo 3,Oppo Neo 3,Android,user_device,850,1000
neo 5,Oppo Neo 5,Android,user_device,32397,38100
neo 7,Oppo Neo 7,Android,user_device,240306,282600
neo 7s,Oppo Neo 7S,Android,user_device,18282,21500
nexus 10,Google Nexus 10,Android,user_device,3231,3800
nexus 5,Google Nexus 5,Android,user_device,6887755,8100000
nexus 5x,Google Nexus 5X,Android,user_device,26360,31000
nexus 6,Google Nexus 6,Android,user_device,35204,41400
nexus 6p,Google Nexus 6P,Android,user_device,315731,371300
nexus 7,Google Nexus 7,Android,user_device,25255,29700
nexus 9,Google Nexus 9,Android,user_device,1190,1400
nexus one,Google Nexus One,Android,user_device,36479,42900
nokia c32,Nokia Nokia C32,Android,user_device,660204,776400
nord,Oneplus Nord,Android,user_device,1190476,1400000
nord 2 5g,Oneplus Nord 2 5G,Android,user_device,1530612,1800000
nord 2t,Oneplus Nord 2T,Android,user_device,1360544,1600000
nord 5g,Oneplus Nord 5G,Android,user_device,253061,297600
nord ce 2 5g,Oneplus Nord CE 2 5G,Android,user_device,1615646,1900000
nord ce 2 lite 5g,Oneplus Nord CE 2 Lite 5G,Android,user_device,4421768,5200000
nord ce 3 lite,Oneplus Nord CE 3 Lite,Android,user_device,4081632,4800000
nord ce 5g,Oneplus Nord CE 5G,Android,user_device,1190476,1400000
nord ce3 5g,Oneplus Nord CE3 5G,Android,user_device,737414,867200
nord n10 5g,Oneplus Nord N10 5G,Android,user_device,478316,562500
nord n100,Oneplus Nord N100,Android,user_device,523639,615800
nord n200 5g,Oneplus Nord N200 5G,Android,user_device,594642,699300
note 10,Infinix Note 10,Android,user_device,935374,1100000
note 10 pro,Infinix Note 10 Pro,Android,user_device,686479,807300
note 11,Infinix Note 11,Android,user_device,850340,1000000
note 12,Xiaomi Note 12,Android,user_device,1615646,1900000
note 12 g96,Infinix Note 12 G96,Android,user_device,1190476,1400000
note 2,Infinix Note 2,Android,user_device,19132,22500
note 3 neo duos,Samsung Note 3 Neo Duos,Android,user_device,850,1000
note 30 5g,Infinix Note 30 5G,Android,user_device,1105442,1300000
note 30 pro,Infinix Note 30 pro,Android,user_device,1020408,1200000
note 4,Infinix Note 4,Android,user_device,76870,90400
note 7,Infinix Note 7,Android,user_device,727210,855200
note 8,Infinix Note 8,Android,user_device,517176,608200
note 8i,Infinix Note 8i,Android,user_device,502806,591300
nova 2i,Huawei Nova 2i,Android,user_device,850,1000
nova 3,Huawei Nova 3,Android,user_device,229506,269900
nova 3i,Huawei Nova 3i,Android,user_device,1190476,1400000
nova 7i,Huawei Nova 7i,Android,user_device,935,1100
nova 8i,Huawei nova 8i,Android,user_device,523809,616000
nova 9 se,Huawei nova 9 SE,Android,user_device,741666,872200
nova lite,Huawei Nova Lite,Android,user_device,850,1000
nova y70 plus,Huawei nova Y70 Plus,Android,user_device,850340,1000000
nova young,Huawei Nova Young,Android,user_device,850,1000
nyx,Nyx Devices,Android,user_device,12159,14300
one,Motorola One,Android,user_device,773809,910000
one (e8),Htc One (E8),Android,user_device,6547,7700
one (m7),Htc One (M7),Android,user_device,44132,51900
one (m8),Htc One (M8),Android,user_device,83928,98700
one action,Motorola One Action,Android,user_device,398469,468600
one e9+,Htc One E9+,Android,user_device,2295,2700
one fusion,Motorola One Fusion,Android,user_device,1190476,1400000
one fusion+,Motorola One Fusion+,Android,user_device,440901,518500
one m9,Htc One M9,Android,user_device,15901,18700
one m9+,Htc One M9+,Android,user_device,3146,3700
one macro,Motorola One Macro,Android,user_device,752210,884600
one max,Htc One Max,Android,user_device,5867,6900
one mini,Htc One Mini,Android,user_device,1615,1900
one mini 2,Htc One Mini 2,Android,user_device,850,1000
one sv,Htc One SV,Android,user_device,850,1000
one touch pixi 3,Alcatel One Touch Pixi 3,Android,user_device,9608,11300
one touch pixi 3 (3.5),Alcatel One Touch Pixi 3 (3.5),Android,user_device,850,1000
one touch pixi 3 (4.5),Alcatel One Touch Pixi 3 (4.5),Android,user_device,850,1000
one touch pixi 4 (4),Alcatel One Touch Pixi 4 (4),Android,user_device,4336,5100
one touch pixi 4 (5),Alcatel One Touch Pixi 4 (5),Android,user_device,7397,8700
one touch pixi 4 (5.0),Alcatel One Touch Pixi 4 (5.0),Android,user_device,6462,7600
one touch pixi 4 (6),Alcatel One Touch Pixi 4 (6),Android,user_device,15136,17800
one touch pop 3 (5),Alcatel One Touch Pop 3 (5),Android,user_device,1445,1700
one touch pop 3 (5.5),Alcatel One Touch Pop 3 (5.5),Android,user_device,850,1000
one touch pop c1,Alcatel One Touch Pop C1,Android,user_device,8928,10500
one touch pop c3,Alcatel One Touch Pop C3,Android,user_device,1870,2200
one touch pop c5,Alcatel One Touch Pop C5,Android,user_device,1870,2200
one touch pop c7,Alcatel One Touch Pop C7,Android,user_device,2721,3200
one vision,Motorola One Vision,Android,user_device,418452,492100
one x,Htc One X,Android,user_device,1020,1200
one x+,Htc One X+,Android,user_device,850,1000
one x9,Htc One X9,Android,user_device,4081,4800
one xl,Htc One XL,Android,user_device,850,1000
oneplus,Oneplus Devices,Android,user_device,29846938,35100000
oneplus one,Oneplus OnePlus One,Android,user_device,850,1000
oppo,Oppo Devices,Android,user_device,260119047,305900000
oppo a5 (2020),Oppo Oppo A5 (2020),Android,user_device,850,1000
oppo a72,Oppo Oppo A72,Android,user_device,850,1000
oppo a9 (2020),Oppo Oppo A9 (2020),Android,user_device,850,1000
optimus f60,Lg Optimus F60,Android,user_device,935,1100
optimus l1 ii,Lg Optimus L1 II,Android,user_device,1785,2100
optimus l3,Lg Optimus L3,Android,user_device,1020,1200
optimus l3 ii,Lg Optimus L3 II,Android,user_device,4506,5300
optimus l4 ii,Lg Optimus L4 II,Android,user_device,850,1000
optimus l5,Lg Optimus L5,Android,user_device,5952,7000
optimus l5 dual,Lg Optimus L5 Dual,Android,user_device,850,1000
optimus l5 ii,Lg Optimus L5 II,Android,user_device,1360,1600
optimus l5 ii dual,Lg Optimus L5 II Dual,Android,user_device,850,1000
optimus l7,Lg Optimus L7,Android,user_device,3231,3800
optimus l7 ii,Lg Optimus L7 II,Android,user_device,1360,1600
optimus l7 ii dual,Lg Optimus L7 II Dual,Android,user_device,850,1000
optimus l70,Lg Optimus L70,Android,user_device,850,1000
optimus l9,Lg Optimus L9,Android,user_device,5102,6000
optimus l9 ii,Lg Optimus L9 II,Android,user_device,850,1000
optimus l90,Lg Optimus L90,Android,user_device,1785,2100
p smart,Huawei P Smart,Android,user_device,1105442,1300000
p smart 2019,Huawei P smart 2019,Android,user_device,1700680,2000000
p smart 2021,Huawei P Smart 2021,Android,user_device,40646,47800
p smart plus,Huawei P Smart Plus,Android,user_device,850,1000
p smart z,Huawei P Smart Z,Android,user_device,850,1000
p10,Huawei P10,Android,user_device,292346,343800
p10 lite,Huawei P10 Lite,Android,user_device,746768,878200
p15,Itel P15,Android,user_device,536479,630900
p20,Huawei P20,Android,user_device,850340,1000000
p20 lite,Huawei P20 Lite,Android,user_device,2891156,3400000
p20 pro,Huawei P20 Pro,Android,user_device,1020408,1200000
p30,Huawei P30,Android,user_device,1105442,1300000
p30 lite,Huawei P30 lite,Android,user_device,5867346,6900000
p30 pro,Huawei P30 Pro,Android,user_device,2721088,3200000
p33,Itel P33,Android,user_device,176615,207700
p36,Itel P36,Android,user_device,746768,878200
p37,Itel P37,Android,user_device,850340,1000000
p40,Itel P40,Android,user_device,1530612,1800000
p40 lite,Huawei P40 Lite,Android,user_device,3061,3600
p5l,Gionee P5L,Android,user_device,850,1000
p5w,Gionee P5W,Android,user_device,2125,2500
p8,Huawei P8,Android,user_device,100425,118100
p8 lite,Huawei P8 Lite,Android,user_device,325255,382500
p8 lite (2017),Huawei P8 Lite (2017),Android,user_device,631887,743100
p9,Huawei P9,Android,user_device,258248,303700
p9 lite,Huawei P9 Lite,Android,user_device,494727,581800
phoenix 3,Lg Phoenix 3,Android,user_device,31972,37600
pixel,Google Pixel,Android,user_device,62329,73300
pixel 2,Google Pixel 2,Android,user_device,3401360,4000000
pixel 2 xl,Google Pixel 2 XL,Android,user_device,235459,276900
pixel 3,Google Pixel 3,Android,user_device,348469,409800
pixel 3 xl,Google Pixel 3 XL,Android,user_device,288520,339300
pixel 3a,Google Pixel 3a,Android,user_device,637074,749200
pixel 4a,Google Pixel 4a,Android,user_device,725595,853300
pixel 5,Google Pixel 5,Android,user_device,1105442,1300000
pixel 6,Google Pixel 6,Android,user_device,1700680,2000000
pixel 6 pro,Google Pixel 6 Pro,Android,user_device,850340,1000000
pixel 6a,Google Pixel 6a,Android,user_device,2721088,3200000
pixel 7,Google Pixel 7,Android,user_device,2295918,2700000
pixel 7 pro,Google Pixel 7 Pro,Android,user_device,1530612,1800000
pixel 7a,Google Pixel 7A,Android,user_device,2040816,2400000
pixel 8,Google Pixel 8,Android,user_device,1190476,1400000
pixel 8 pro,Google Pixel 8 Pro,Android,user_device,935374,1100000
pixel xl,Google Pixel XL,Android,user_device,27040,31800
pixi 3 (4),Oneplus Pixi 3 (4),Android,user_device,1105442,1300000
play 8a,Huawei Play 8A,Android,user_device,1020408,1200000
plume p6 pro,Condor Plume P6 Pro,Android,user_device,127465,149900
pocket neo,Samsung Pocket Neo,Android,user_device,850,1000
poco c3,Xiaomi Poco C3,Android,user_device,850,1000
poco c31,Xiaomi Poco C31,Android,user_device,850,1000
poco c40,Xiaomi Poco C40,Android,user_device,850,1000
poco c55,Xiaomi Poco C55,Android,user_device,850,1000
poco f3,Xiaomi Poco F3,Android,user_device,850,1000
poco f5,Xiaomi Poco F5,Android,user_device,850,1000
poco m2,Xiaomi Poco M2,Android,user_device,850,1000
poco m2 pro,Xiaomi Poco M2 Pro,Android,user_device,850,1000
poco m3,Xiaomi Poco M3,Android,user_device,850,1000
poco m3 pro 5g,Xiaomi Poco M3 Pro 5G,Android,user_device,850,1000
poco m4 5g,Xiaomi Poco M4 5G,Android,user_device,850,1000
poco m4 pro,Xiaomi Poco M4 Pro,Android,user_device,850,1000
poco m5,Xiaomi Poco M5,Android,user_device,850,1000
poco m5s,Xiaomi Poco M5s,Android,user_device,850,1000
poco m6 pro,Xiaomi Poco M6 Pro,Android,user_device,850,1000
poco x2,Xiaomi Poco X2,Android,user_device,850,1000
poco x3,Xiaomi Poco X3,Android,user_device,850,1000
poco x3 gt,Xiaomi Poco X3 GT,Android,user_device,850,1000
poco x3 nfc,Xiaomi Poco X3 NFC,Android,user_device,850,1000
poco x3 pro,Xiaomi Poco X3 Pro,Android,user_device,850,1000
poco x4 pro 5g,Xiaomi Poco X4 Pro 5G,Android,user_device,850,1000
poco x5,Xiaomi Poco X5,Android,user_device,850,1000
poco x5 pro,Xiaomi Poco X5 Pro,Android,user_device,850,1000
pop 1,Tecno Pop 1,Android,user_device,89115,104800
pop 2 f,Tecno Pop 2 F,Android,user_device,611054,718600
pop 2 plus,Tecno Pop 2 Plus,Android,user_device,1275510,1500000
pop 2 power,Tecno Pop 2 Power,Android,user_device,454931,535000
pop 3,Tecno Pop 3,Android,user_device,1020408,1200000
pop 4,Tecno Pop 4,Android,user_device,1105442,1300000
pop 5,Tecno Pop 5,Android,user_device,1870748,2200000
pop 5 lte,Tecno Pop 5 LTE,Android,user_device,2636054,3100000
pop 5 pro,Tecno Pop 5 Pro,Android,user_device,1105442,1300000
pop 6 go,Tecno Pop 6 Go,Android,user_device,850340,1000000
pop 6 pro,Tecno POP 6 Pro,Android,user_device,674914,793700
pop 7 pro,Tecno Pop 7 Pro,Android,user_device,8333333,9800000
pouvoir 2,Tecno Pouvoir 2,Android,user_device,212414,249800
pouvoir 3 air,Tecno Pouvoir 3 Air,Android,user_device,767346,902400
pouvoir 4,Tecno Pouvoir 4,Android,user_device,453571,533400
pova,Tecno POVA,Android,user_device,824914,970100
pova 2,Tecno Pova 2,Android,user_device,697023,819700
pova 5,Tecno POVA 5,Android,user_device,802040,943200
pova neo,Tecno Pova Neo,Android,user_device,1530612,1800000
ppa-lx2,Huawei PPA-LX2,Android,user_device,1445578,1700000
premier pro,Lg Premier Pro,Android,user_device,17006,20000
q10,Blackberry Q10,Android,user_device,16496,19400
q6,Lg Q6,Android,user_device,229336,269700
q60 (k12 prime),Lg Q60 (K12 Prime),Android,user_device,299319,352000
q70,Lg Q70,Android,user_device,692687,814600
r9s,Oppo R9s,Android,user_device,109098,128300
razr,Motorola RAZR,Android,user_device,850,1000
razr d1,Motorola Razr D1,Android,user_device,1530,1800
razr d3,Motorola Razr D3,Android,user_device,850,1000
razr hd,Motorola RAZR HD,Android,user_device,850,1000
razr i,Motorola RAZR i,Android,user_device,3316,3900
realme c11,Oppo Realme C11,Android,user_device,850,1000
rebel 4,Lg Rebel 4,Android,user_device,54846,64500
redmi 10,Xiaomi Redmi 10,Android,user_device,4081632,4800000
redmi 10 (india),Xiaomi Redmi 10 (India),Android,user_device,4251700,5000000
redmi 10 2022,Xiaomi Redmi 10 2022,Android,user_device,3996598,4700000
redmi 10 prime,Xiaomi Redmi 10 Prime,Android,user_device,1870748,2200000
redmi 10a,Xiaomi Redmi 10A,Android,user_device,7482993,8800000
redmi 10c,Xiaomi Redmi 10C,Android,user_device,6037414,7100000
redmi 12,Xiaomi Redmi 12,Android,user_device,7908163,9300000
redmi 12c,Xiaomi Redmi 12C,Android,user_device,10374149,12200000
redmi 12r,Xiaomi Redmi 12R,Android,user_device,3656462,4300000
redmi 13c,Xiaomi Redmi 13C,Android,user_device,3146258,3700000
redmi 1s,Xiaomi Redmi 1S,Android,user_device,44472,52300
redmi 2,Xiaomi Redmi 2,Android,user_device,130697,153700
redmi 3,Xiaomi Redmi 3,Android,user_device,60374,71000
redmi 3s,Xiaomi Redmi 3S,Android,user_device,396173,465900
redmi 4,Xiaomi Redmi 4,Android,user_device,394897,464400
redmi 4a,Xiaomi Redmi 4A,Android,user_device,935374,1100000
redmi 4x,Xiaomi Redmi 4X,Android,user_device,546938,643200
redmi 5,Xiaomi Redmi 5,Android,user_device,1020408,1200000
redmi 5 plus,Xiaomi Redmi 5 Plus,Android,user_device,935374,1100000
redmi 5a,Xiaomi Redmi 5A,Android,user_device,1955782,2300000
redmi 6,Xiaomi Redmi 6,Android,user_device,2040816,2400000
redmi 6 pro,Xiaomi Redmi 6 Pro,Android,user_device,813265,956400
redmi 6a,Xiaomi Redmi 6A,Android,user_device,4846938,5700000
redmi 7,Xiaomi Redmi 7,Android,user_device,2040816,2400000
redmi 7a,Xiaomi Redmi 7A,Android,user_device,2976190,3500000
redmi 8,Xiaomi Redmi 8,Android,user_device,6292517,7400000
redmi 8a,Xiaomi Redmi 8A,Android,user_device,2636054,3100000
redmi 9,Xiaomi Redmi 9,Android,user_device,18112244,21300000
redmi 9 power,Xiaomi Redmi 9 Power,Android,user_device,3316326,3900000
redmi 9a,Xiaomi Redmi 9A,Android,user_device,27125850,31900000
redmi 9at,Xiaomi Redmi 9AT,Android,user_device,766071,900900
redmi 9c,Xiaomi Redmi 9C,Android,user_device,319897,376200
redmi 9c nfc,Xiaomi Redmi 9C NFC,Android,user_device,1445578,1700000
redmi 9i,Xiaomi Redmi 9i,Android,user_device,3826530,4500000
redmi 9t,Xiaomi Redmi 9T,Android,user_device,5102040,6000000
redmi a1,Xiaomi Redmi A1,Android,user_device,5782312,6800000
redmi a1+,Xiaomi Redmi A1+,Android,user_device,1785714,2100000
redmi a2,Xiaomi Redmi A2,Android,user_device,6802721,8000000
redmi a2+,Xiaomi Redmi A2+,Android,user_device,2721088,3200000
redmi go,Xiaomi Redmi Go,Android,user_device,571428,672000
redmi k20 pro,Xiaomi Redmi K20 Pro,Android,user_device,850340,1000000
redmi note,Xiaomi Redmi Note,Android,user_device,152465,179300
redmi note 10,Xiaomi Redmi Note 10,Android,user_device,4421768,5200000
redmi note 10 5g,Xiaomi Redmi Note 10 5G,Android,user_device,3401360,4000000
redmi note 10 pro,Xiaomi Redmi Note 10 Pro,Android,user_device,7908163,9300000
redmi note 10 pro max,Xiaomi Redmi Note 10 Pro Max,Android,user_device,1020408,1200000
redmi note 10s,Xiaomi Redmi Note 10S,Android,user_device,9693877,11400000
redmi note 10t 5g,Xiaomi Redmi Note 10T 5G,Android,user_device,1190476,1400000
redmi note 11,Xiaomi Redmi Note 11,Android,user_device,14880952,17500000
redmi note 11 pro,Xiaomi Redmi Note 11 Pro,Android,user_device,3146258,3700000
redmi note 11 pro 5g,Xiaomi Redmi Note 11 Pro 5G,Android,user_device,3061224,3600000
redmi note 11 pro+ 5g,Xiaomi Redmi Note 11 Pro+ 5G,Android,user_device,1445578,1700000
redmi note 11s,Xiaomi Redmi Note 11S,Android,user_device,3911564,4600000
redmi note 11t 5g,Xiaomi Redmi Note 11T 5G,Android,user_device,1105442,1300000
redmi note 12,Xiaomi Redmi Note 12,Android,user_device,1615646,1900000
redmi note 12 pro,Xiaomi Redmi Note 12 Pro,Android,user_device,3911564,4600000
redmi note 12 pro 4g,Xiaomi Redmi Note 12 Pro 4G,Android,user_device,2380952,2800000
redmi note 12 pro plus 5g,Xiaomi Redmi Note 12 Pro Plus 5G,Android,user_device,1020408,1200000
redmi note 12s,Xiaomi Redmi Note 12S,Android,user_device,1190476,1400000
redmi note 2,Xiaomi Redmi Note 2,Android,user_device,67517,79400
redmi note 3,Xiaomi Redmi Note 3,Android,user_device,356122,418800
redmi note 4,Xiaomi Redmi Note 4,Android,user_device,1785714,2100000
redmi note 4g,Xiaomi Redmi Note 4G,Android,user_device,6547,7700
redmi note 4x,Xiaomi Redmi Note 4X,Android,user_device,92091,108300
redmi note 5,Xiaomi Redmi Note 5,Android,user_device,2125850,2500000
redmi note 5 pro,Xiaomi Redmi Note 5 Pro,Android,user_device,2295918,2700000
redmi note 5a,Xiaomi Redmi Note 5A,Android,user_device,693367,815400
redmi note 6 pro,Xiaomi Redmi Note 6 Pro,Android,user_device,1530612,1800000
redmi note 7,Xiaomi Redmi Note 7,Android,user_device,4761904,5600000
redmi note 7 pro,Xiaomi Redmi Note 7 Pro,Android,user_device,3486394,4100000
redmi note 7s,Xiaomi Redmi Note 7S,Android,user_device,1700680,2000000
redmi note 8,Xiaomi Redmi Note 8,Android,user_device,13860544,16300000
redmi note 8 2021,Xiaomi Redmi Note 8 2021,Android,user_device,1275510,1500000
redmi note 8 pro,Xiaomi Redmi Note 8 Pro,Android,user_device,8503401,10000000
redmi note 8t,Xiaomi Redmi Note 8T,Android,user_device,1445578,1700000
redmi note 9,Xiaomi Redmi Note 9,Android,user_device,12500000,14700000
redmi note 9 pro,Xiaomi Redmi Note 9 Pro,Android,user_device,7653061,9000000
redmi note 9 pro max,Xiaomi Redmi Note 9 Pro Max,Android,user_device,1955782,2300000
redmi note 9s,Xiaomi Redmi Note 9S,Android,user_device,4081632,4800000
redmi s2,Xiaomi Redmi S2,Android,user_device,700595,823900
redmi y1,Xiaomi Redmi Y1,Android,user_device,287755,338400
redmi y1 lite,Xiaomi Redmi Y1 Lite,Android,user_device,89030,104700
redmi y3,Xiaomi Redmi Y3,Android,user_device,850340,1000000
reno 3,Oppo Reno 3,Android,user_device,643707,757000
reno 4,Oppo Reno 4,Android,user_device,1190476,1400000
reno 4f,Oppo Reno 4F,Android,user_device,537244,631800
reno 8 5g,Oppo Reno 8 5G,Android,user_device,850,1000
reno 8 z 5g,Oppo Reno 8 Z 5G,Android,user_device,657738,773500
reno10,Oppo Reno10,Android,user_device,2040816,2400000
reno10 pro,Oppo Reno10 Pro,Android,user_device,582227,684700
reno11,Oppo Reno11,Android,user_device,806122,948000
reno11 f,Oppo Reno11 F,Android,user_device,766666,901600
reno2 f,Oppo Reno2 F,Android,user_device,1785714,2100000
reno2 z,Oppo Reno2 Z,Android,user_device,577465,679100
reno5 4g,Oppo Reno5 4G,Android,user_device,1870748,2200000
reno5 5g,Oppo Reno5 5G,Android,user_device,826275,971700
reno5 lite,Oppo Reno5 Lite,Android,user_device,935374,1100000
reno5 z,Oppo Reno5 Z,Android,user_device,850,1000
reno5 z/a94 5g,Oppo Reno5 Z/A94 5G,Android,user_device,3316326,3900000
reno6,Oppo Reno6,Android,user_device,935374,1100000
reno6 5g,Oppo Reno6 5G,Android,user_device,1360544,1600000
reno6 z,Oppo Reno6 Z,Android,user_device,1020408,1200000
reno7 4g,Oppo Reno7 4G,Android,user_device,850,1000
reno7 5g,Oppo Reno7 5G,Android,user_device,935374,1100000
reno7 z 5g,Oppo Reno7 Z 5G,Android,user_device,1190476,1400000
reno7/f21 pro,Oppo Reno7/F21 Pro,Android,user_device,597959,703200
reno8,Oppo Reno8,Android,user_device,1105442,1300000
reno8 4g,Oppo Reno8 4G,Android,user_device,1020408,1200000
reno8 t,Oppo Reno8 T,Android,user_device,1190476,1400000
reno8 t 5g,Oppo Reno8 T 5G,Android,user_device,1360544,1600000
rocstar,Lenovo RocStar,Android,user_device,6632,7800
rog phone 2,Asus ROG Phone 2,Android,user_device,376360,442600
s1,Vivo S1,Android,user_device,2976190,3500000
s1 pro,Vivo S1 Pro,Android,user_device,1955782,2300000
s11,Itel S11,Android,user_device,104336,122700
s15,Itel S15,Android,user_device,409098,481100
s15 pro,Vivo S15 Pro,Android,user_device,1275,1500
s16,Itel S16,Android,user_device,825510,970800
s17,Itel S17,Android,user_device,1020408,1200000
s18,Itel S18,Android,user_device,834948,981900
s23,Itel S23,Android,user_device,1360544,1600000
s4,Infinix S4,Android,user_device,499914,587900
s4z,Advan S4Z,Android,user_device,1275,1500
s5 lite,Infinix S5 lite,Android,user_device,1530612,1800000
samsung,Samsung Devices,Android,user_device,685969387,806700000
series iii l70,Lg Series III L70,Android,user_device,850,1000
sharp,Sharp Devices,Android,user_device,4251700,5000000
sm-a055f,Samsung SM-A055F,Android,user_device,2721088,3200000
sm-a057f,Samsung SM-A057F,Android,user_device,2040816,2400000
sm-a146p,Samsung SM-A146P,Android,user_device,2210884,2600000
smart,Infinix Smart,Android,user_device,935374,1100000
smart 2,Infinix Smart 2,Android,user_device,400765,471300
smart 4,Infinix Smart 4,Android,user_device,1445578,1700000
smart 4 plus,Infinix Smart 4 Plus,Android,user_device,408163,480000
smart 5,Infinix Smart 5,Android,user_device,7653061,9000000
smart 6,Infinix Smart 6,Android,user_device,3061224,3600000
smart 6 hd,Infinix Smart 6 HD,Android,user_device,1530612,1800000
smart 6 plus,Infinix Smart 6 Plus,Android,user_device,793452,933100
smart 6 plus (india),Infinix Smart 6 Plus (India),Android,user_device,578996,680900
smart 7,Infinix Smart 7,Android,user_device,3996598,4700000
smart 7 hd,Infinix Smart 7 HD,Android,user_device,4166666,4900000
smart 7 plus,Infinix SMART 7 PLUS,Android,user_device,2125850,2500000
smart 8,Infinix Smart 8,Android,user_device,6462585,7600000
smart hd 2021,Infinix Smart HD 2021,Android,user_device,1445578,1700000
smart kicka,Vodafone Smart Kicka,Android,user_device,16071,18900
smart max 4.0 plus,True Smart Max 4.0 Plus,Android,user_device,850,1000
smart mini,Vodafone Smart Mini,Android,user_device,44812,52700
smart3 plus,Infinix Smart3 Plus,Android,user_device,386734,454800
smartfren,Smartfren Devices,Android,user_device,15816,18600
sony,Sony Devices,Android,user_device,6887755,8100000
sony_ericsson,Sony_ericsson Devices,Android,user_device,850,1000
spark 10 pro,Tecno Spark 10 Pro,Android,user_device,3486394,4100000
spark 10c,Tecno Spark 10C,Android,user_device,7057823,8300000
spark 2,Tecno Spark 2,Android,user_device,685799,806500
spark 3,Tecno Spark 3,Android,user_device,641921,754900
spark 4,Tecno Spark 4,Android,user_device,2721088,3200000
spark 4 air,Tecno Spark 4 Air,Android,user_device,333418,392100
spark 4 lite,Tecno Spark 4 Lite,Android,user_device,650765,765300
spark 5,Tecno Spark 5,Android,user_device,611904,719600
spark 5 air,Tecno Spark 5 Air,Android,user_device,935374,1100000
spark 5 pro,Tecno Spark 5 Pro,Android,user_device,1700680,2000000
spark 6,Tecno Spark 6,Android,user_device,519217,610600
spark 6 air,Tecno Spark 6 Air,Android,user_device,1105442,1300000
spark 6 go,Tecno SPARK 6 GO,Android,user_device,2891156,3400000
spark 7,Tecno Spark 7,Android,user_device,4251700,5000000
spark 7 pro,Tecno Spark 7 Pro,Android,user_device,662840,779500
spark 7p,Tecno Spark 7P,Android,user_device,806802,948800
spark 7t,Tecno Spark 7T,Android,user_device,710289,835300
spark 8,Tecno Spark 8,Android,user_device,1105442,1300000
spark 8c,Tecno Spark 8C,Android,user_device,5612244,6600000
spark 8p,Tecno Spark 8P,Android,user_device,935374,1100000
spark 9,Tecno Spark 9,Android,user_device,770153,905700
spark 9t,Tecno Spark 9T,Android,user_device,850255,999900
spark go 2020,Tecno Spark Go 2020,Android,user_device,5017006,5900000
spark go 2022,Tecno Spark Go 2022,Android,user_device,658843,774800
spark go 2023,Tecno Spark Go 2023,Android,user_device,162755,191400
spark k7,Tecno Spark K7,Android,user_device,187244,220200
spirit,Lg Spirit,Android,user_device,23639,27800
spree,Lg Spree,Android,user_device,17261,20300
stylo 2,Lg Stylo 2,Android,user_device,15816,18600
stylo 2 plus,Lg Stylo 2 Plus,Android,user_device,5272,6200
stylo 3,Lg Stylo 3,Android,user_device,24064,28300
stylo 3 plus,Lg Stylo 3 Plus,Android,user_device,12329,14500
stylo 4,Lg Stylo 4,Android,user_device,61139,71900
stylo 5,Lg Stylo 5,Android,user_device,326870,384400
stylo 6,Lg Stylo 6,Android,user_device,850,1000
stylus 3,Lg Stylus 3,Android,user_device,69557,81800
sunny 2 plus,Wiko Sunny 2 Plus,Android,user_device,11139,13100
sunny 3,Wiko Sunny 3,Android,user_device,14455,17000
t1,Vivo T1,Android,user_device,1530612,1800000
t1 (snapdragon 680),Vivo T1 (Snapdragon 680),Android,user_device,850,1000
t1 5g,Vivo T1 5G,Android,user_device,1870748,2200000
t1x,Vivo T1x,Android,user_device,935374,1100000
t2 5g,Vivo T2 5G,Android,user_device,1020408,1200000
t2 pro 5g,Vivo T2 Pro 5G,Android,user_device,701105,824500
t2x 5g,Vivo T2x 5G,Android,user_device,4336734,5100000
tab 2 a7-30,Lenovo Tab 2 A7-30,Android,user_device,31122,36600
tab3 7,Lenovo Tab3 7,Android,user_device,32908,38700
tecno,Tecno Tecno,Android,user_device,101445578,119300000
tecno bg6,Tecno TECNO BG6,Android,user_device,5697278,6700000
tecno camon 19,Tecno Tecno Camon 19,Android,user_device,1105442,1300000
tecno ki5q,Tecno TECNO KI5q,Android,user_device,1275510,1500000
tecno pop 2f,Tecno Tecno POP 2F,Android,user_device,1020408,1200000
tecno pop 7,Tecno TECNO POP 7,Android,user_device,5612244,6600000
tetra,Alcatel Tetra,Android,user_device,46513,54700
transformer pad,Asus Transformer Pad,Android,user_device,1530,1800
tribute,Lg Tribute,Android,user_device,9948,11700
tribute 5,Lg Tribute 5,Android,user_device,2380,2800
true,True Devices,Android,user_device,116241,136700
u ultra,Htc U Ultra,Android,user_device,11819,13900
u10,Vivo U10,Android,user_device,653571,768600
u5,Alcatel U5,Android,user_device,30017,35300
unite 2,Micromax Unite 2,Android,user_device,850,1000
unite 3,Micromax Unite 3,Android,user_device,850,1000
v10,Lg V10,Android,user_device,19557,23000
v11,Vivo V11,Android,user_device,618622,727500
v11 pro,Vivo V11 Pro,Android,user_device,771258,907000
v15,Vivo V15,Android,user_device,1360544,1600000
v15 pro,Vivo V15 Pro,Android,user_device,785289,923500
v17,Vivo V17,Android,user_device,806717,948700
v17 pro,Vivo V17 Pro,Android,user_device,523044,615100
v19,Vivo V19,Android,user_device,743367,874200
v20,Vivo V20,Android,user_device,1275510,1500000
v20 2021,Vivo V20 2021,Android,user_device,760204,894000
v20 se,Vivo V20 SE,Android,user_device,1190476,1400000
v21,Vivo V21,Android,user_device,1530612,1800000
v21 5g,Vivo V21 5G,Android,user_device,850,1000
v21e,Vivo V21e,Android,user_device,568112,668100
v21e 5g,Vivo V21e 5G,Android,user_device,720663,847500
v23 5g,Vivo V23 5G,Android,user_device,1615646,1900000
v23e,Vivo V23e,Android,user_device,705867,830100
v23e 5g,Vivo V23e 5G,Android,user_device,935374,1100000
v25 5g,Vivo V25 5G,Android,user_device,1190476,1400000
v25 pro,Vivo V25 Pro,Android,user_device,617346,726000
v25e,Vivo V25e,Android,user_device,669132,786900
v27 5g,Vivo V27 5G,Android,user_device,1870748,2200000
v27e,Vivo V27e,Android,user_device,559948,658500
v29 5g,Vivo V29 5G,Android,user_device,1700680,2000000
v29e 5g,Vivo V29e 5G,Android,user_device,1785714,2100000
v3,Vivo V3,Android,user_device,132738,156100
v30,Lg V30,Android,user_device,668112,785700
v5,Vivo V5,Android,user_device,337500,396900
v5 plus,Vivo V5 Plus,Android,user_device,93367,109800
v5s,Vivo V5s,Android,user_device,353571,415800
v7,Vivo V7,Android,user_device,584183,687000
v7+,Vivo V7+,Android,user_device,610799,718300
v9,Vivo V9,Android,user_device,935374,1100000
v9 youth,Vivo V9 Youth,Android,user_device,598384,703700
velvet,Lg Velvet,Android,user_device,328741,386600
vibe b,Lenovo Vibe B,Android,user_device,20323,23900
vibe c,Lenovo Vibe C,Android,user_device,6632,7800
vibe c2,Lenovo Vibe C2,Android,user_device,18282,21500
vibe k4 note,Lenovo Vibe K4 Note,Android,user_device,15901,18700
vibe k5,Lenovo Vibe K5,Android,user_device,17346,20400
vibe k5 note,Lenovo Vibe K5 Note,Android,user_device,25000,29400
vibe k5 plus,Lenovo Vibe K5 Plus,Android,user_device,11479,13500
vibe k6,Lenovo Vibe K6,Android,user_device,11054,13000
vibe p1m,Lenovo Vibe P1m,Android,user_device,16411,19300
vision 1,Itel Vision 1,Android,user_device,1105442,1300000
vision 3,Itel Vision 3,Android,user_device,935374,1100000
vision1 pro,Itel Vision1 Pro,Android,user_device,1870748,2200000
vivo,Vivo Devices,Android,user_device,235459183,276900000
vivo 1603,Vivo vivo 1603,Android,user_device,850,1000
vivo 1919,Vivo VIVO 1919,Android,user_device,850,1000
vivo y90,Vivo vivo Y90,Android,user_device,850,1000
vodafone,Vodafone Devices,Android,user_device,291921,343300
volt,Lg Volt,Android,user_device,1020,1200
w2,Tecno W2,Android,user_device,46768,55000
w3,Tecno W3,Android,user_device,30017,35300
w4,Tecno W4,Android,user_device,22363,26300
wiko,Wiko Devices,Android,user_device,1785714,2100000
wx3,Tecno WX3,Android,user_device,62925,74000
wx3 pro,Tecno WX3 Pro,Android,user_device,116411,136900
x charge,Lg X Charge,Android,user_device,27551,32400
x power,Lg X Power,Android,user_device,32227,37900
x power 2,Lg X Power 2,Android,user_device,105187,123700
x style,Lg X Style,Android,user_device,14795,17400
x230,Lg X230,Android,user_device,118707,139600
x6525b,Infinix X6525B,Android,user_device,667687,785200
xiaomi,Xiaomi Devices,Android,user_device,365051020,429300000
xperia arc s,Sony_ericsson Xperia Arc S,Android,user_device,1190,1400
xperia c,Sony Xperia C,Android,user_device,14030,16500
xperia c3 dual,Sony Xperia C3 Dual,Android,user_device,13265,15600
xperia c4,Sony Xperia C4,Android,user_device,1530,1800
xperia c4 dual,Sony Xperia C4 Dual,Android,user_device,2040,2400
xperia c5 ultra,Sony Xperia C5 Ultra,Android,user_device,2210,2600
xperia c5 ultra dual,Sony Xperia C5 Ultra Dual,Android,user_device,2210,2600
xperia e,Sony Xperia E,Android,user_device,2465,2900
xperia e dual,Sony Xperia E Dual,Android,user_device,850,1000
xperia e1,Sony Xperia E1,Android,user_device,4421,5200
xperia e1 dual,Sony Xperia E1 Dual,Android,user_device,850,1000
xperia e3,Sony Xperia E3,Android,user_device,3996,4700
xperia e3 dual,Sony Xperia E3 Dual,Android,user_device,850,1000
xperia e4,Sony Xperia E4,Android,user_device,7142,8400
xperia e4g,Sony Xperia E4g,Android,user_device,2806,3300
xperia e4g dual,Sony Xperia E4g Dual,Android,user_device,850,1000
xperia e5,Sony Xperia E5,Android,user_device,30782,36200
xperia j,Sony Xperia J,Android,user_device,1105,1300
xperia l,Sony Xperia L,Android,user_device,2806,3300
xperia l1,Sony Xperia L1,Android,user_device,70918,83400
xperia m,Sony Xperia M,Android,user_device,4336,5100
xperia m2,Sony Xperia M2,Android,user_device,11479,13500
xperia m2 aqua,Sony Xperia M2 Aqua,Android,user_device,2125,2500
xperia m4 aqua,Sony Xperia M4 Aqua,Android,user_device,11139,13100
xperia m5,Sony Xperia M5,Android,user_device,6717,7900
xperia m5 dual,Sony Xperia M5 Dual,Android,user_device,2380,2800
xperia mini,Sony Xperia Mini,Android,user_device,850,1000
xperia miro,Sony Xperia Miro,Android,user_device,850,1000
xperia p,Sony Xperia P,Android,user_device,4081,4800
xperia s,Sony Xperia S,Android,user_device,16241,19100
xperia sp,Sony Xperia SP,Android,user_device,3571,4200
xperia tipo,Sony Xperia Tipo,Android,user_device,1105,1300
xperia tipo dual,Sony Xperia Tipo Dual,Android,user_device,850,1000
xperia u,Sony Xperia U,Android,user_device,850,1000
xperia ul,Sony Xperia UL,Android,user_device,850,1000
xperia x,Sony Xperia X,Android,user_device,46598,54800
xperia x compact,Sony Xperia X Compact,Android,user_device,74149,87200
xperia x performance,Sony Xperia X Performance,Android,user_device,46683,54900
xperia xa,Sony Xperia XA,Android,user_device,32312,38000
xperia xa ultra,Sony Xperia XA Ultra,Android,user_device,24574,28900
xperia xa1,Sony Xperia XA1,Android,user_device,64285,75600
xperia xa1 ultra,Sony Xperia XA1 Ultra,Android,user_device,102891,121000
xperia xz,Sony Xperia XZ,Android,user_device,115816,136200
xperia xz premium,Sony Xperia XZ Premium,Android,user_device,159183,187200
xperia xz1,Sony Xperia XZ1,Android,user_device,317687,373600
xperia xz3,Sony Xperia XZ3,Android,user_device,461394,542600
xperia z,Sony Xperia Z,Android,user_device,11904,14000
xperia z ultra,Sony Xperia Z Ultra,Android,user_device,3911,4600
xperia z1,Sony Xperia Z1,Android,user_device,26700,31400
xperia z1 compact,Sony Xperia Z1 Compact,Android,user_device,1360,1600
xperia z1 f,Sony Xperia Z1 f,Android,user_device,850,1000
xperia z1s,Sony Xperia Z1s,Android,user_device,850,1000
xperia z2,Sony Xperia Z2,Android,user_device,47534,55900
xperia z2 tablet,Sony Xperia Z2 Tablet,Android,user_device,8333,9800
xperia z2a,Sony Xperia Z2a,Android,user_device,1700,2000
xperia z3,Sony Xperia Z3,Android,user_device,20493,24100
xperia z3 compact,Sony Xperia Z3 Compact,Android,user_device,4336,5100
xperia z3 dual,Sony Xperia Z3 Dual,Android,user_device,6802,8000
xperia z3+,Sony Xperia Z3+,Android,user_device,10714,12600
xperia z3v,Sony Xperia Z3v,Android,user_device,850,1000
xperia z5,Sony Xperia Z5,Android,user_device,43452,51100
xperia z5 compact,Sony Xperia Z5 Compact,Android,user_device,18877,22200
xperia z5 premium,Sony Xperia Z5 Premium,Android,user_device,14710,17300
y01,Vivo Y01,Android,user_device,2380952,2800000
y02,Vivo Y02,Android,user_device,3231292,3800000
y02a,Vivo Y02A,Android,user_device,713605,839200
y02s,Vivo Y02s,Android,user_device,1955782,2300000
y02t,Vivo Y02t,Android,user_device,3231292,3800000
y03,Vivo Y03,Android,user_device,364540,428700
y100a,Vivo Y100A,Android,user_device,680102,799800
y11,Vivo Y11,Android,user_device,12414965,14600000
y11s,Vivo Y11s,Android,user_device,425255,500100
y12,Vivo Y12,Android,user_device,8078231,9500000
y12 series,Vivo Y12 Series,Android,user_device,645578,759200
y12a,Vivo Y12a,Android,user_device,1445578,1700000
y12g,Vivo Y12G,Android,user_device,1785714,2100000
y12i,Vivo Y12i,Android,user_device,1190476,1400000
y12s,Vivo Y12s,Android,user_device,7993197,9400000
y12s 2021,Vivo Y12s 2021,Android,user_device,3231292,3800000
y15,Vivo Y15,Android,user_device,6207482,7300000
y15a,Vivo Y15a,Android,user_device,1105442,1300000
y15s,Vivo Y15s,Android,user_device,6802721,8000000
y16,Vivo Y16,Android,user_device,10544217,12400000
y17,Vivo Y17,Android,user_device,2210884,2600000
y17s,Vivo Y17s,Android,user_device,5272108,6200000
y19,Vivo Y19,Android,user_device,2125850,2500000
y1s,Vivo Y1s,Android,user_device,3741496,4400000
y2,Tecno Y2,Android,user_device,115051,135300
y20,Vivo Y20,Android,user_device,4081632,4800000
y20 2021,Vivo Y20 2021,Android,user_device,4336734,5100000
y20 series,Vivo Y20 Series,Android,user_device,850,1000
y200 5g,Vivo Y200 5G,Android,user_device,1360544,1600000
y200e,Vivo Y200e,Android,user_device,564540,663900
y20a,Vivo Y20A,Android,user_device,826275,971700
y20a 2021,Vivo Y20A 2021,Android,user_device,1190476,1400000
y20g,Vivo Y20G,Android,user_device,2636054,3100000
y20g 2021,Vivo Y20G 2021,Android,user_device,935374,1100000
y20i,Vivo Y20i,Android,user_device,5952380,7000000
y20s [g],Vivo Y20s [G],Android,user_device,935374,1100000
y21,Vivo Y21,Android,user_device,9693877,11400000
y21a,Vivo Y21a,Android,user_device,2295918,2700000
y21e,Vivo Y21e,Android,user_device,850340,1000000
y21g,Vivo Y21G,Android,user_device,1530612,1800000
y21l,Vivo Y21L,Android,user_device,89710,105500
y21s,Vivo Y21s,Android,user_device,1360544,1600000
y21t,Vivo Y21t,Android,user_device,1870748,2200000
y22,Vivo Y22,Android,user_device,5527210,6500000
y22s,Vivo Y22s,Android,user_device,1190476,1400000
y27,Vivo Y27,Android,user_device,2125850,2500000
y27s,Vivo Y27s,Android,user_device,743282,874100
y28 5g,Vivo Y28 5G,Android,user_device,1955782,2300000
y3 (2017),Huawei Y3 (2017),Android,user_device,289965,341000
y3 (2018),Huawei Y3 (2018),Android,user_device,141666,166600
y3 ii,Huawei Y3 II,Android,user_device,156887,184500
y30,Vivo Y30,Android,user_device,2806122,3300000
y30i,Vivo Y30i,Android,user_device,1105442,1300000
y31,Vivo Y31,Android,user_device,1700680,2000000
y33s,Vivo Y33s,Android,user_device,3571428,4200000
y33t,Vivo Y33T,Android,user_device,1105442,1300000
y35,Vivo Y35,Android,user_device,2891156,3400000
y36,Vivo Y36,Android,user_device,1955782,2300000
y360,Huawei Y360,Android,user_device,21173,24900
y5,Huawei Y5,Android,user_device,298129,350600
y5 (2018),Huawei Y5 (2018),Android,user_device,27721,32600
y5 (2019),Huawei Y5 (2019),Android,user_device,1445578,1700000
y5 2017,Huawei Y5 2017,Android,user_device,252891,297400
y5 ii,Huawei Y5 II,Android,user_device,120663,141900
y5 lite (2018),Huawei Y5 Lite (2018),Android,user_device,1360544,1600000
y5 prime (2018),Huawei Y5 Prime (2018),Android,user_device,1870748,2200000
y5 pro,Huawei Y5 Pro,Android,user_device,850,1000
y50,Vivo Y50,Android,user_device,1955782,2300000
y51,Vivo Y51,Android,user_device,1275510,1500000
y51a,Vivo Y51A,Android,user_device,1700680,2000000
y51l,Vivo Y51L,Android,user_device,75935,89300
y53,Vivo Y53,Android,user_device,140986,165800
y53i,Vivo Y53i,Android,user_device,1530612,1800000
y53s,Vivo Y53s,Android,user_device,1275510,1500000
y55l,Vivo Y55L,Android,user_device,207738,244300
y55s,Vivo Y55S,Android,user_device,631547,742700
y56 5g,Vivo Y56 5G,Android,user_device,2891156,3400000
y5p,Huawei Y5P,Android,user_device,2040,2400
y6,Huawei Y6,Android,user_device,140051,164700
y6 (2017),Huawei Y6 (2017),Android,user_device,218622,257100
y6 (2018),Huawei Y6 (2018),Android,user_device,717091,843300
y6 (2019),Huawei Y6 (2019),Android,user_device,3316326,3900000
y6 2019,Huawei Y6 2019,Android,user_device,850,1000
y6 ii,Huawei Y6 II,Android,user_device,564115,663400
y6 prime (2018),Huawei Y6 Prime (2018),Android,user_device,504846,593700
y6 prime 2019,Huawei Y6 Prime 2019,Android,user_device,850,1000
y6 pro,Huawei Y6 Pro,Android,user_device,129421,152200
y6 pro (2017),Huawei Y6 Pro (2017),Android,user_device,850,1000
y6 pro 2019,Huawei Y6 Pro 2019,Android,user_device,749744,881700
y66,Vivo Y66,Android,user_device,220578,259400
y69,Vivo Y69,Android,user_device,475765,559500
y6p,Huawei Y6p,Android,user_device,180952,212800
y7,Huawei Y7,Android,user_device,145323,170900
y7 (2018),Huawei Y7 (2018),Android,user_device,437670,514700
y7 (2019),Huawei Y7 (2019),Android,user_device,4591836,5400000
y7 2019,Huawei Y7 2019,Android,user_device,850,1000
y7 prime,Huawei Y7 Prime,Android,user_device,443962,522100
y7 prime (2018),Huawei Y7 Prime (2018),Android,user_device,1955782,2300000
y7 prime 2019,Huawei Y7 Prime 2019,Android,user_device,850,1000
y7 pro 2019,Huawei Y7 Pro 2019,Android,user_device,485629,571100
y71,Vivo Y71,Android,user_device,1360544,1600000
y71i,Vivo Y71i,Android,user_device,645663,759300
y72 5g,Vivo Y72 5G,Android,user_device,935374,1100000
y73,Vivo Y73,Android,user_device,1700680,2000000
y75 5g,Vivo Y75 5G,Android,user_device,1700680,2000000
y7a,Huawei Y7a,Android,user_device,387500,455700
y7p,Huawei Y7P,Android,user_device,429336,504900
y81,Vivo Y81,Android,user_device,1445578,1700000
y81i,Vivo Y81i,Android,user_device,742346,873000
y83,Vivo Y83,Android,user_device,673554,792100
y85,Vivo Y85,Android,user_device,692431,814300
y8p,Huawei Y8p,Android,user_device,468452,550900
y9 (2018),Huawei Y9 (2018),Android,user_device,455867,536100
y9 (2019),Huawei Y9 (2019),Android,user_device,3911564,4600000
y9 prime (2019),Huawei Y9 Prime (2019),Android,user_device,7823129,9200000
y90,Vivo Y90,Android,user_device,1020408,1200000
y91,Vivo Y91,Android,user_device,3996598,4700000
y91c,Vivo Y91C,Android,user_device,338520,398100
y91i,Vivo Y91i,Android,user_device,10884353,12800000
y93,Vivo Y93,Android,user_device,1870748,2200000
y95,Vivo Y95,Android,user_device,1530612,1800000
y9a,Huawei Y9a,Android,user_device,1020408,1200000
z1 pro,Vivo Z1 Pro,Android,user_device,1020408,1200000
z10,Blackberry Z10,Android,user_device,19982,23500
z60,Lava Z60,Android,user_device,197959,232800
zenfone 2,Asus ZenFone 2,Android,user_device,850,1000
zenfone 2 deluxe,Asus ZenFone 2 Deluxe,Android,user_device,8588,10100
zenfone 2 laser,Asus ZenFone 2 Laser,Android,user_device,21853,25700
zenfone 3,Asus ZenFone 3,Android,user_device,111139,130700
zenfone 3 max,Asus ZenFone 3 Max,Android,user_device,87840,103300
zenfone 4,Asus ZenFone 4,Android,user_device,70748,83200
zenfone 4 max,Asus ZenFone 4 Max,Android,user_device,79081,93000
zenfone 4 selfie,Asus ZenFone 4 Selfie,Android,user_device,65306,76800
zenfone 5,Asus ZenFone 5,Android,user_device,110884,130400
zenfone 6,Asus ZenFone 6,Android,user_device,1870,2200
zenfone c,Asus ZenFone C,Android,user_device,1445,1700
zenfone go,Asus ZenFone Go,Android,user_device,28231,33200
zenfone go 4.5,Asus ZenFone Go 4.5,Android,user_device,4846,5700
zenfone go tv,Asus ZenFone Go TV,Android,user_device,4846,5700
zenfone laser 2,Asus ZenFone Laser 2,Android,user_device,850,1000
zenfone live,Asus ZenFone Live,Android,user_device,18112,21300
zenfone live (l1),Asus ZenFone Live (L1),Android,user_device,166326,195600
zenfone max,Asus ZenFone Max,Android,user_device,22789,26800
zenfone max m1,Asus ZenFone Max M1,Android,user_device,118197,139000
zenfone max pro (m2),Asus Zenfone Max Pro (M2),Android,user_device,200170,235400
zenfone max pro m1,Asus ZenFone Max Pro M1,Android,user_device,686224,807000
zenfone selfie,Asus ZenFone Selfie,Android,user_device,8333,9800
zero 30,Infinix Zero 30,Android,user_device,537670,632300
zmax pro,Zte Zmax Pro,Android,user_device,28401,33400
zone,Lg Zone,Android,user_device,3061,3600
zte,Zte Devices,Android,user_device,13010204,15300000
