,key,name,type,country_code,country_name,supports_region,supports_city,kml
0,1843,Calabria,region,IT,Italy,True,True,Polygons not found.
1,1846,Friuli-Venezia Giulia,region,IT,Italy,True,True,Polygons not found.
2,1859,Aosta Valley,region,IT,Italy,True,True,Polygons not found.
3,1844,Campania,region,IT,Italy,True,True,Polygons not found.
4,1848,Liguria,region,IT,Italy,True,True,Polygons not found.
5,1850,Marche,region,IT,Italy,True,True,Polygons not found.
6,1856,Tuscany,region,IT,Italy,True,True,Polygons not found.
7,1847,Lazio,region,IT,Italy,True,True,Polygons not found.
8,1855,Sicilia,region,IT,Italy,True,True,Polygons not found.
9,1852,Piedmont,region,IT,Italy,True,True,"<Polygon><outerBoundaryIs><LinearRing><coordinates> 8.97701,44.96213 8.97585,44.96263 8.97731,44.96596 8.97875,44.96726 8.97735,44.96863 8.97641,44.96988 8.9733,44.97325 8.97108,44.97446 8.9697,44.97541 8.96797,44.97702 8.96813,44.97742 8.96928,44.97797 8.96731,44.97806 8.96699,44.97842 8.96633,44.97865 8.966,44.9797 8.9644,44.97986 8.96506,44.98336 8.96201,44.98372 8.96221,44.9849 8.961,44.985 8.96142,44.9867 8.95776,44.98778 8.9574,44.98729 8.94899,44.98771 8.94847,44.98696 8.94781,44.9865 8.94659,44.98503 8.94645,44.98391 8.94556,44.98398 8.94556,44.98641 8.94428,44.98634 8.94428,44.98418 8.94379,44.98147 8.94353,44.98114 8.93842,44.98124 8.93653,44.98147 8.93378,44.98215 8.9254,44.9814 8.92608,44.9845 8.92412,44.98486 8.92437,44.98562 8.91674,44.98649 8.91697,44.98792 8.91753,44.98949 8.9156,44.98982 8.91481,44.9903 8.91495,44.99139 8.91403,44.99128 8.91388,44.99198 8.9136,44.99198 8.91346,44.99341 8.91071,44.99375 8.91054,44.9942 8.91073,44.99495 8.91059,44.99511 8.91015,44.995 8.91,44.99516 8.90754,44.99903 8.90718,45.00281 8.90275,45.00371 8.9036,45.00721 8.90146,45.00815 8.90158,45.0127 8.90259,45.0148 8.90251,45.01585 8.90294,45.01681 8.90278,45.01936 8.90338,45.02003 8.90338,45.02057 8.90284,45.02185 8.90399,45.02442 8.90422,45.0253 8.90431,45.02647 8.90399,45.0282 8.90433,45.03008 8.90271,45.03467 8.90251,45.03575 8.90264,45.03717 8.89785,45.03919 8.89981,45.04121 8.90143,45.04094 8.9019,45.04175 8.89846,45.04277 8.90217,45.04472 8.90082,45.04573 8.90257,45.04755 8.90514,45.05073 8.90642,45.05059 8.90642,45.0512 8.90514,45.05248 8.89988,45.05417 8.89893,45.0539 8.89542,45.05376 8.89401,45.05356 8.89347,45.05315 8.89556,45.05113 8.89097,45.04992 8.89097,45.05039 8.89003,45.05167 8.88814,45.05234 8.8874,45.05309 8.8876,45.05383 8.88632,45.05578 8.88726,45.05774 8.88644,45.05891 8.88463,45.06084 8.88369,45.06078 8.87559,45.05653 8.87519,45.05599 8.87533,45.05435 8.87466,45.0544 8.87249,45.05396 8.87254,45.05296 8.87323,45.0514 8.87174,45.05181 8.86589,45.05124 8.86404,45.05088 8.85969,45.05068 8.85791,45.0503 8.85802,45.04986 8.86057,45.0501 8.86245,45.0492 8.86276,45.04853 8.8645,45.0488 8.86528,45.04611 8.8675,45.04631 8.86794,45.0444 8.86992,45.03905 8.86982,45.03813 8.86903,45.03727 8.86821,45.03731 8.8676,45.03758 8.86637,45.03854 8.86521,45.03976 8.86463,45.0412 8.86351,45.04556 8.86255,45.04703 8.86146,45.04788 8.85904,45.04884 8.85805,45.0489 8.8558,45.04863 8.8544,45.04798 8.85297,45.04696 8.85256,45.04689 8.85157,45.04785 8.84697,45.04993 8.84495,45.05027 8.84379,45.05027 8.84291,45.05006 8.84223,45.04931 8.842,45.04662 8.84351,45.04317 8.84342,45.04219 8.83608,45.04396 8.83583,45.0452 8.83344,45.04515 8.83235,45.04471 8.83047,45.04258 8.82867,45.04207 8.82955,45.0404 8.82915,45.04015 8.82838,45.04006 8.82661,45.04201 8.82393,45.04773 8.82245,45.04696 8.82063,45.04559 8.81889,45.04377 8.81823,45.0428 8.81985,45.04101 8.82193,45.03814 8.82216,45.03725 8.82158,45.03605 8.82016,45.03638 8.81718,45.0364 8.81699,45.036 8.81612,45.03604 8.81344,45.03704 8.80938,45.03757 8.80969,45.03683 8.80881,45.03667 8.80827,45.03762 8.80737,45.03739 8.80658,45.03815 8.80498,45.03772 8.80764,45.03628 8.81211,45.03447 8.81241,45.03407 8.81367,45.03354 8.81258,45.03292 8.8088,45.03356 8.80756,45.03405 8.80664,45.03452 8.80584,45.03567 8.79941,45.0366 8.79761,45.03671 8.79686,45.03659 8.79537,45.03551 8.79482,45.0346 8.79465,45.03346 8.79475,45.03274 8.7958,45.03086 8.79809,45.02892 8.79858,45.02888 8.80021,45.02944 8.80259,45.02695 8.8017,45.02465 8.80036,45.02219 8.79954,45.02154 8.79587,45.02037 8.79335,45.02024 8.79179,45.02033 8.79098,45.02074 8.78932,45.02224 8.78216,45.02383 8.77998,45.02393 8.77874,45.02374 8.77879,45.02239 8.77856,45.02187 8.77645,45.0213 8.77597,45.0211 8.7758,45.02078 8.77754,45.01601 8.77898,45.01348 8.77703,45.0125 8.77605,45.01155 8.77588,45.0105 8.77652,45.00866 8.77639,45.00849 8.77438,45.00775 8.77151,45.00712 8.76907,45.00732 8.76757,45.00806 8.76724,45.00853 8.76723,45.00952 8.76733,45.01029 8.7679,45.01195 8.76509,45.01393 8.76149,45.01219 8.76133,45.01175 8.7595,45.01009 8.75667,45.01009 8.75644,45.01069 8.75841,45.01256 8.75823,45.0128 8.7568,45.01285 8.75496,45.01258 8.75217,45.01023 8.74718,45.00952 8.74856,45.01266 8.74745,45.01303 8.74806,45.01396 8.7481,45.01493 8.74992,45.01525 8.75272,45.01529 8.75497,45.01566 8.75234,45.01921 8.75166,45.02061 8.74848,45.02216 8.74645,45.02268 8.74294,45.02408 8.74238,45.02412 8.7397,45.02346 8.73722,45.02217 8.73477,45.02271 8.72801,45.02275 8.7259,45.02141 8.72188,45.02424 8.71957,45.02806 8.71636,45.03247 8.71611,45.03566 8.71581,45.03618 8.71513,45.03672 8.71143,45.03853 8.70991,45.03868 8.70858,45.0385 8.70759,45.03816 8.70558,45.03665 8.70421,45.03526 8.70308,45.03361 8.70223,45.03151 8.70196,45.02951 8.70235,45.02759 8.70338,45.02547 8.7028,45.02516 8.70244,45.02524 8.70062,45.02684 8.69709,45.02611 8.69638,45.02552 8.69294,45.01994 8.69263,45.01978 8.69065,45.02219 8.69108,45.02369 8.68961,45.02465 8.68582,45.02605 8.68646,45.02708 8.6793,45.03086 8.66978,45.033 8.66277,45.03398 8.66171,45.03394 8.65963,45.03355 8.65854,45.03378 8.65564,45.03389 8.65507,45.0336 8.65416,45.03277 8.6505,45.03838 8.64943,45.03898 8.64093,45.04006 8.63774,45.04159 8.63818,45.04315 8.63799,45.04422 8.63808,45.04438 8.64113,45.04554 8.64254,45.04587 8.64256,45.0473 8.64274,45.04798 8.64246,45.04884 8.6438,45.0498 8.64373,45.05175 8.64547,45.05209 8.64777,45.05418 8.64763,45.05449 8.64627,45.05459 8.6439,45.05793 8.64235,45.0609 8.64476,45.06092 8.64588,45.06059 8.64534,45.06153 8.6445,45.06227 8.64298,45.06323 8.63975,45.06519 8.63675,45.06675 8.64573,45.07365 8.64628,45.0746 8.64178,45.07512 8.63949,45.07639 8.63919,45.07711 8.63983,45.07745 8.64005,45.07872 8.63953,45.07948 8.6389,45.08006 8.63765,45.08079 8.63627,45.0861 8.63572,45.08779 8.63503,45.08925 8.6329,45.08926 8.63173,45.08845 8.63008,45.08835 8.62662,45.08858 8.62356,45.08997 8.62191,45.09111 8.62327,45.0937 8.62419,45.09643 8.62374,45.09887 8.62255,45.09783 8.62079,45.09902 8.61383,45.10246 8.61148,45.10417 8.60874,45.10807 8.60859,45.10873 8.60904,45.10991 8.61008,45.11108 8.61201,45.11248 8.61292,45.11356 8.61323,45.11475 8.61271,45.11561 8.61227,45.11601 8.60969,45.117 8.60886,45.11883 8.60882,45.11951 8.60923,45.12028 8.60922,45.12094 8.6105,45.12323 8.61162,45.12403 8.61351,45.12427 8.61385,45.12457 8.61404,45.12505 8.614,45.12557 8.61386,45.12647 8.6136,45.12705 8.61255,45.12746 8.61008,45.12794 8.60605,45.12789 8.60278,45.12855 8.59979,45.13119 8.59945,45.13131 8.59373,45.13085 8.59242,45.13106 8.5901,45.13338 8.58921,45.1397 8.5887,45.14013 8.58861,45.1405 8.5885,45.14137 8.5886,45.14316 8.58793,45.14644 8.58727,45.14739 8.58521,45.14842 8.57917,45.15311 8.57623,45.15321 8.57588,45.15304 8.57552,45.15203 8.574,45.15177 8.57371,45.15187 8.57318,45.15326 8.57147,45.15442 8.57066,45.15479 8.56875,45.15495 8.56578,45.15477 8.5648,45.15511 8.56089,45.15758 8.55928,45.1581 8.55544,45.15699 8.55343,45.15797 8.55316,45.15816 8.55808,45.16481 8.55957,45.1656 8.55989,45.16592 8.56004,45.16637 8.55216,45.16708 8.5517,45.1676 8.55075,45.16792 8.5489,45.16782 8.54852,45.16823 8.54792,45.17006 8.54787,45.17071 8.54761,45.17112 8.54555,45.17204 8.54466,45.17268 8.54358,45.17294 8.54295,45.17292 8.54279,45.17533 8.54298,45.1767 8.54216,45.17751 8.54211,45.17787 8.54404,45.17888 8.54355,45.18017 8.544,45.18137 8.54456,45.1823 8.54527,45.1831 8.54645,45.1838 8.55037,45.18509 8.55107,45.18633 8.55183,45.18844 8.55326,45.19006 8.55371,45.19038 8.55362,45.19084 8.55392,45.19108 8.55536,45.19096 8.55742,45.1912 8.5583,45.19113 8.56082,45.19034 8.56176,45.19123 8.56247,45.19261 8.56248,45.19445 8.56291,45.19518 8.56308,45.19687 8.56357,45.19748 8.56444,45.19801 8.56644,45.19869 8.56743,45.19876 8.57206,45.19804 8.57311,45.19801 8.58067,45.2021 8.58111,45.20212 8.57928,45.20287 8.57752,45.20801 8.57557,45.20755 8.57147,45.20603 8.56622,45.20515 8.56481,45.20514 8.5638,45.2056 8.56253,45.20576 8.55868,45.20474 8.55714,45.20539 8.55561,45.20526 8.55514,45.20503 8.55242,45.20209 8.55109,45.20187 8.55031,45.20129 8.55032,45.19999 8.55055,45.19901 8.55169,45.19636 8.55242,45.19535 8.55236,45.19509 8.54612,45.19503 8.53912,45.19436 8.53451,45.19367 8.52886,45.19207 8.52856,45.19275 8.52714,45.19401 8.52719,45.1949 8.5248,45.19698 8.52443,45.199 8.52486,45.20006 8.52445,45.2001 8.5252,45.20167 8.52612,45.20164 8.52793,45.20003 8.52948,45.20101 8.53016,45.20107 8.53116,45.20079 8.53188,45.20004 8.53368,45.20023 8.53524,45.20046 8.53534,45.20089 8.5398,45.20106 8.54626,45.20335 8.54818,45.20425 8.54743,45.20559 8.54491,45.2088 8.54227,45.21038 8.53862,45.21288 8.5354,45.21582 8.53453,45.21622 8.5336,45.21643 8.53125,45.21653 8.5302,45.21706 8.52823,45.21764 8.52506,45.21962 8.5243,45.22034 8.5227,45.22238 8.52261,45.22281 8.52274,45.22398 8.52341,45.22592 8.52408,45.22686 8.52511,45.22775 8.52805,45.22916 8.53035,45.22981 8.53796,45.22991 8.53942,45.2301 8.53996,45.23035 8.54192,45.23197 8.54282,45.2332 8.54341,45.23457 8.54312,45.23517 8.54012,45.23649 8.53792,45.2367 8.53235,45.23678 8.53108,45.23699 8.53028,45.23733 8.52897,45.23838 8.52864,45.23897 8.52871,45.23925 8.52932,45.23937 8.54477,45.2395 8.54833,45.2375 8.54957,45.23788 8.5544,45.23844 8.55561,45.23924 8.55572,45.23961 8.5555,45.24046 8.55557,45.24084 8.55489,45.24223 8.55444,45.24271 8.5531,45.24296 8.55137,45.24292 8.54837,45.2417 8.54719,45.24144 8.54593,45.24138 8.54118,45.2422 8.53484,45.24298 8.53337,45.24371 8.53066,45.24546 8.5271,45.24635 8.52496,45.24741 8.5231,45.24906 8.52303,45.25463 8.53032,45.25316 8.53108,45.2529 8.53166,45.25249 8.5323,45.25243 8.53308,45.25136 8.53487,45.25023 8.53584,45.24917 8.53593,45.24844 8.53634,45.24735 8.53804,45.24826 8.54104,45.25049 8.54328,45.25257 8.54385,45.2536 8.54379,45.25426 8.54353,45.25462 8.54214,45.25578 8.54225,45.25567 8.53902,45.25666 8.53434,45.25712 8.53393,45.25741 8.53378,45.25793 8.53387,45.25905 8.53446,45.26019 8.53678,45.26302 8.53493,45.26469 8.53387,45.26535 8.53036,45.26612 8.53065,45.26717 8.53112,45.26813 8.53176,45.26932 8.53253,45.27032 8.53529,45.27163 8.53639,45.27246 8.53497,45.27911 8.53189,45.27935 8.52772,45.27832 8.52225,45.27892 8.52252,45.2778 8.52333,45.2758 8.52392,45.27538 8.52406,45.2751 8.52383,45.27489 8.5193,45.27403 8.51432,45.27442 8.51372,45.27489 8.51359,45.27523 8.51351,45.27616 8.51367,45.27727 8.51306,45.27769 8.51382,45.27916 8.51295,45.27998 8.51265,45.2805 8.51245,45.28162 8.51268,45.28263 8.5129,45.28294 8.51474,45.28418 8.51456,45.28642 8.51427,45.28728 8.51704,45.28804 8.5155,45.29032 8.51509,45.29062 8.51376,45.29099 8.50791,45.29077 8.50472,45.29033 8.50372,45.29059 8.5015,45.29166 8.4999,45.29132 8.49896,45.29144 8.49775,45.29186 8.50032,45.29335 8.50133,45.29452 8.50204,45.29574 8.50191,45.29683 8.5012,45.29765 8.50358,45.30003 8.50721,45.30325 8.50729,45.30368 8.50626,45.30464 8.51009,45.31008 8.51349,45.31273 8.51439,45.3121 8.51435,45.3118 8.51529,45.31145 8.51948,45.31151 8.5224,45.31193 8.5272,45.31425 8.5289,45.31581 8.53188,45.31954 8.53801,45.31701 8.53836,45.31832 8.53834,45.3205 8.53663,45.32359 8.53586,45.3243 8.53575,45.32698 8.53498,45.32817 8.53426,45.32873 8.53364,45.32894 8.53384,45.33014 8.5329,45.33291 8.53316,45.33568 8.53142,45.33661 8.5297,45.33708 8.52724,45.33692 8.52848,45.34091 8.52685,45.34122 8.5271,45.34214 8.52669,45.3425 8.52669,45.34383 8.53094,45.34352 8.53126,45.34469 8.53214,45.34522 8.53341,45.34549 8.53375,45.34578 8.53445,45.34597 8.53588,45.346 8.53582,45.34671 8.53802,45.34689 8.53874,45.34598 8.53992,45.34645 8.54019,45.34709 8.54144,45.3474 8.54198,45.3477 8.54246,45.34924 8.54077,45.35076 8.54267,45.35105 8.54568,45.35072 8.54548,45.35172 8.55149,45.35259 8.55044,45.35484 8.55142,45.35507 8.55143,45.35575 8.55102,45.35713 8.55274,45.35748 8.55243,45.35836 8.55232,45.35974 8.55179,45.3614 8.55365,45.36161 8.55717,45.35349 8.55857,45.35372 8.55936,45.35232 8.56425,45.35152 8.56514,45.35119 8.56527,45.35064 8.56574,45.35039 8.57037,45.34841 8.5715,45.34878 8.57261,45.3486 8.57498,45.34782 8.57671,45.34849 8.57733,45.34833 8.57952,45.34707 8.58025,45.3477 8.5811,45.34752 8.58224,45.3505 8.58501,45.35137 8.58535,45.35133 8.5862,45.35081 8.58678,45.35121 8.58602,45.35176 8.58712,45.35231 8.58821,45.35132 8.58714,45.35038 8.58756,45.34999 8.59008,45.35156 8.59061,45.35207 8.5938,45.35014 8.59166,45.34829 8.59149,45.34765 8.59176,45.34701 8.59314,45.34671 8.597,45.34536 8.60166,45.34691 8.60159,45.34755 8.59858,45.34907 8.59799,45.34963 8.60069,45.35112 8.60228,45.35143 8.60257,45.35219 8.60378,45.35228 8.60434,45.35257 8.60674,45.35318 8.60891,45.35331 8.60938,45.35136 8.61098,45.35291 8.61126,45.35429 8.61164,45.35434 8.61179,45.35347 8.61222,45.35398 8.61287,45.35304 8.61351,45.35252 8.61514,45.35204 8.61715,45.35207 8.61925,45.35246 8.61989,45.3528 8.62015,45.35325 8.62009,45.35361 8.61981,45.3539 8.61943,45.35411 8.61865,45.35416 8.61773,45.35377 8.61735,45.35393 8.6172,45.3542 8.61819,45.35577 8.61852,45.35603 8.61977,45.35641 8.62032,45.35721 8.62117,45.3572 8.62166,45.35703 8.62194,45.35658 8.62142,45.35559 8.62155,45.35516 8.62191,45.35469 8.62272,45.35447 8.62298,45.35426 8.62276,45.35305 8.62334,45.35193 8.62437,45.35139 8.62591,45.35182 8.62823,45.35096 8.62842,45.35074 8.62832,45.35023 8.62848,45.34977 8.6285,45.34893 8.62887,45.34812 8.6293,45.34788 8.63085,45.34772 8.63237,45.34801 8.6327,45.34838 8.63266,45.34861 8.63159,45.34906 8.63171,45.34942 8.63218,45.34959 8.63254,45.34949 8.63295,45.34901 8.63353,45.34866 8.63473,45.34847 8.63459,45.34772 8.63411,45.34705 8.63078,45.34685 8.63168,45.33725 8.63384,45.33707 8.63575,45.33751 8.63823,45.33749 8.63822,45.33708 8.63878,45.33548 8.64032,45.33297 8.64168,45.33216 8.6421,45.33172 8.64486,45.33087 8.64576,45.33033 8.64618,45.32964 8.64584,45.32852 8.64599,45.3282 8.64635,45.32803 8.64888,45.32773 8.64975,45.32722 8.65091,45.32693 8.65557,45.32753 8.65656,45.32741 8.65702,45.32712 8.6571,45.32691 8.65664,45.32579 8.65531,45.32564 8.65543,45.3242 8.65459,45.32397 8.65526,45.32271 8.65614,45.32283 8.65738,45.32083 8.65836,45.31883 8.65613,45.31818 8.65793,45.31474 8.6594,45.31484 8.66176,45.3114 8.66248,45.31146 8.66293,45.31127 8.66286,45.30949 8.66325,45.30846 8.66325,45.30814 8.66276,45.3078 8.66212,45.30771 8.66066,45.30783 8.66033,45.30755 8.65974,45.3065 8.65978,45.30521 8.65952,45.30461 8.65843,45.30349 8.65842,45.30319 8.65883,45.30223 8.65879,45.30152 8.66017,45.30154 8.66057,45.30168 8.66135,45.30236 8.66206,45.30246 8.66236,45.30244 8.66324,45.3019 8.66316,45.30093 8.66242,45.30032 8.66212,45.29908 8.6633,45.29485 8.66439,45.29343 8.66562,45.29219 8.66628,45.292 8.66667,45.29233 8.66863,45.29267 8.66886,45.29225 8.67372,45.29237 8.67423,45.29227 8.67482,45.29237 8.67695,45.29326 8.67844,45.29355 8.68975,45.29431 8.68965,45.29283 8.69067,45.29308 8.71519,45.30193 8.71567,45.30307 8.71512,45.306 8.71619,45.30621 8.71587,45.30763 8.71582,45.31002 8.71797,45.30991 8.71824,45.31267 8.71848,45.31317 8.71899,45.31314 8.71921,45.314 8.72028,45.31448 8.72063,45.31484 8.72088,45.31591 8.72008,45.31596 8.72018,45.31721 8.72098,45.31728 8.72098,45.31847 8.72291,45.31899 8.72298,45.32334 8.72322,45.32459 8.72343,45.32503 8.72398,45.32783 8.72468,45.32783 8.72515,45.33001 8.72637,45.33404 8.73148,45.33339 8.73492,45.33266 8.73446,45.33221 8.73586,45.33193 8.73624,45.33241 8.74107,45.33192 8.741,45.33149 8.74251,45.33134 8.74317,45.33306 8.74288,45.33398 8.74297,45.33414 8.74366,45.33425 8.74323,45.33666 8.74327,45.33764 8.74304,45.33812 8.74371,45.34024 8.7475,45.33913 8.74831,45.34165 8.75024,45.34181 8.75212,45.34399 8.75367,45.34427 8.75597,45.34399 8.75742,45.34433 8.75978,45.34535 8.75901,45.34673 8.76066,45.34776 8.76257,45.34852 8.7624,45.34896 8.76281,45.34952 8.76411,45.34986 8.75675,45.3535 8.7567,45.35445 8.75927,45.35474 8.76072,45.3561 8.76069,45.35642 8.76047,45.35659 8.75967,45.3568 8.75674,45.35712 8.74899,45.35656 8.74746,45.356 8.7463,45.35592 8.74621,45.35581 8.74681,45.35418 8.74561,45.35429 8.74478,45.35502 8.74291,45.35542 8.74383,45.35686 8.74284,45.358 8.74154,45.35917 8.73997,45.36025 8.73876,45.36099 8.73803,45.36118 8.73791,45.36168 8.7371,45.36161 8.73625,45.36184 8.73633,45.36223 8.73465,45.36466 8.73384,45.365 8.733,45.36498 8.7319,45.3653 8.73154,45.36634 8.7314,45.36757 8.73038,45.36821 8.72882,45.36786 8.72731,45.36939 8.72602,45.36899 8.72508,45.37007 8.72444,45.37016 8.72372,45.37077 8.72234,45.3707 8.7208,45.37023 8.72064,45.37142 8.72084,45.37207 8.72048,45.37302 8.72077,45.37395 8.72056,45.3746 8.72012,45.37524 8.71947,45.3755 8.71913,45.3762 8.71864,45.37677 8.71915,45.37749 8.71926,45.3784 8.72261,45.37968 8.72288,45.37966 8.72403,45.37846 8.72446,45.37757 8.72456,45.37698 8.72547,45.37703 8.72667,45.37583 8.72939,45.37534 8.73086,45.37547 8.73215,45.37498 8.73292,45.37542 8.74008,45.376 8.74101,45.3762 8.74023,45.37694 8.74095,45.37742 8.74237,45.37633 8.74652,45.37648 8.74844,45.37435 8.749,45.37476 8.75138,45.37553 8.75095,45.37642 8.75457,45.37755 8.75526,45.3769 8.75486,45.37647 8.75465,45.37584 8.75817,45.37631 8.76377,45.37757 8.76246,45.38167 8.76073,45.3828 8.76138,45.38331 8.76435,45.38368 8.7641,45.38502 8.76491,45.3876 8.76499,45.38825 8.76476,45.38918 8.7673,45.38848 8.76847,45.38733 8.7704,45.38667 8.77187,45.38594 8.77237,45.38589 8.77218,45.38639 8.77687,45.38392 8.77802,45.38355 8.77874,45.38346 8.77893,45.38363 8.78374,45.38199 8.78416,45.38219 8.7844,45.38305 8.78586,45.38329 8.78665,45.38172 8.78807,45.3813 8.78927,45.38017 8.79118,45.38058 8.79169,45.37977 8.7934,45.37912 8.79611,45.37951 8.797,45.37977 8.8011,45.37978 8.80134,45.37915 8.80679,45.38088 8.80645,45.38152 8.80997,45.38248 8.80981,45.38268 8.81166,45.38327 8.81135,45.38531 8.81002,45.38872 8.81351,45.38952 8.81438,45.3899 8.81796,45.39022 8.81969,45.39082 8.82181,45.39125 8.82134,45.3921 8.82024,45.39238 8.82048,45.39281 8.82076,45.39293 8.8227,45.39334 8.82385,45.39182 8.82558,45.3921 8.82626,45.39072 8.82702,45.39001 8.83225,45.39139 8.84143,45.39458 8.84176,45.39493 8.84114,45.39566 8.83988,45.39809 8.84015,45.39868 8.84175,45.39919 8.84105,45.40081 8.83724,45.40658 8.83452,45.40751 8.83142,45.40768 8.8295,45.40803 8.82535,45.41041 8.82431,45.41016 8.82467,45.41088 8.82394,45.41184 8.82338,45.4138 8.82354,45.41917 8.82337,45.41977 8.82292,45.42048 8.82291,45.42098 8.82377,45.42088 8.82421,45.42184 8.82419,45.42244 8.82281,45.42484 8.82059,45.42645 8.81982,45.4273 8.81949,45.42848 8.82072,45.42906 8.82446,45.43029 8.82531,45.43081 8.82613,45.43176 8.82634,45.43265 8.82615,45.43342 8.82518,45.43469 8.82422,45.43533 8.82121,45.43534 8.81907,45.43517 8.81824,45.43499 8.81133,45.4322 8.80971,45.43223 8.80868,45.43278 8.80778,45.43414 8.8079,45.43563 8.80969,45.43698 8.81066,45.43863 8.81204,45.43967 8.81289,45.44087 8.8133,45.44194 8.81083,45.4465 8.80736,45.44882 8.80577,45.45135 8.80253,45.45512 8.80021,45.45688 8.79985,45.45668 8.79857,45.45763 8.79504,45.45831 8.79392,45.45927 8.79203,45.46139 8.79015,45.46257 8.78949,45.46325 8.78908,45.46411 8.7892,45.46479 8.79177,45.46804 8.79139,45.47125 8.79159,45.4762 8.79112,45.47656 8.79126,45.47679 8.79099,45.4777 8.79143,45.47803 8.79058,45.48226 8.78969,45.48448 8.78901,45.48547 8.78798,45.48652 8.78607,45.48707 8.78334,45.48707 8.78092,45.48624 8.77972,45.4854 8.77885,45.48506 8.77713,45.48472 8.77429,45.48487 8.77167,45.48536 8.76991,45.48664 8.76675,45.49014 8.76492,45.49167 8.76102,45.4962 8.7557,45.49914 8.7519,45.49834 8.75084,45.49839 8.74989,45.49864 8.74919,45.49819 8.74747,45.4977 8.74164,45.49777 8.73955,45.49801 8.73848,45.49863 8.73779,45.49962 8.73732,45.49997 8.73549,45.50077 8.73503,45.50125 8.73382,45.50185 8.73083,45.50211 8.72889,45.50204 8.72687,45.50254 8.72505,45.50274 8.72447,45.50299 8.72391,45.50337 8.72297,45.50453 8.72165,45.50573 8.72187,45.5061 8.7224,45.50642 8.72425,45.50627 8.72454,45.50641 8.72469,45.50672 8.72204,45.50738 8.7207,45.50812 8.71956,45.50911 8.72003,45.51185 8.71993,45.51278 8.71967,45.51295 8.71977,45.51395 8.71943,45.51489 8.71886,45.51608 8.71709,45.51658 8.71655,45.51704 8.71579,45.51813 8.71567,45.52054 8.71349,45.5222 8.71289,45.52291 8.7125,45.524 8.71224,45.52545 8.71247,45.52601 8.71222,45.52716 8.71245,45.52815 8.71694,45.53044 8.71729,45.53282 8.71722,45.5332 8.71558,45.53625 8.7139,45.53843 8.71096,45.54131 8.70864,45.54412 8.70746,45.54681 8.70636,45.55059 8.70608,45.55247 8.70596,45.55416 8.7061,45.55524 8.70606,45.55801 8.70589,45.56003 8.7041,45.5653 8.70339,45.56901 8.70335,45.57058 8.70254,45.57147 8.7011,45.57265 8.69744,45.57393 8.69555,45.57508 8.6947,45.57614 8.69402,45.57788 8.69429,45.57961 8.6947,45.58057 8.69569,45.58197 8.69705,45.58311 8.69842,45.58363 8.70029,45.58471 8.70286,45.58689 8.70409,45.58819 8.70449,45.58955 8.70445,45.59017 8.70388,45.59268 8.70337,45.59623 8.70338,45.59783 8.70066,45.60141 8.69661,45.60798 8.69547,45.60899 8.69287,45.61052 8.69132,45.6121 8.68954,45.61247 8.68772,45.61333 8.68556,45.61534 8.68522,45.61679 8.68541,45.61797 8.6845,45.61894 8.68165,45.62063 8.67879,45.62188 8.6784,45.62188 8.67625,45.62137 8.67471,45.61984 8.67268,45.61914 8.66964,45.6189 8.66611,45.61907 8.66446,45.61957 8.66367,45.62007 8.66272,45.62091 8.66183,45.62202 8.66156,45.62279 8.66162,45.62474 8.66228,45.62656 8.66506,45.62862 8.66547,45.62977 8.66538,45.63073 8.66388,45.63135 8.66212,45.63244 8.66086,45.63363 8.65912,45.6349 8.65844,45.63594 8.65644,45.63665 8.65498,45.63941 8.65566,45.64067 8.65561,45.64259 8.66055,45.64457 8.66486,45.64514 8.66879,45.64457 8.67122,45.64288 8.67281,45.64113 8.67445,45.63997 8.6742,45.63798 8.67284,45.63842 8.67331,45.63715 8.67344,45.63685 8.67376,45.63674 8.67647,45.63464 8.67874,45.63396 8.67999,45.6339 8.68535,45.63423 8.68726,45.63567 8.6881,45.6367 8.68847,45.6379 8.68845,45.63988 8.68765,45.64277 8.6867,45.64438 8.68365,45.648 8.68147,45.64986 8.68002,45.65273 8.67775,45.65544 8.67682,45.6561 8.67361,45.65767 8.67133,45.65933 8.67027,45.66084 8.66995,45.66243 8.67015,45.66368 8.67059,45.66464 8.67085,45.66503 8.6722,45.66603 8.67421,45.66712 8.67547,45.66828 8.67616,45.66869 8.67706,45.66864 8.67923,45.66896 8.68093,45.6703 8.68056,45.67165 8.68169,45.67317 8.68171,45.67491 8.68135,45.67593 8.68064,45.67686 8.67897,45.67749 8.67631,45.67767 8.66904,45.67559 8.6636,45.67452 8.6624,45.67443 8.65736,45.67478 8.65267,45.67458 8.64958,45.67467 8.64559,45.67526 8.64298,45.6759 8.64218,45.67627 8.64112,45.67708 8.64002,45.68011 8.64029,45.68319 8.64111,45.68653 8.64401,45.68983 8.64527,45.69189 8.64684,45.69389 8.64736,45.69485 8.65064,45.70306 8.65177,45.7046 8.6544,45.70733 8.6548,45.70804 8.65515,45.70937 8.65515,45.71022 8.65496,45.71095 8.65426,45.71206 8.65411,45.71264 8.65192,45.71578 8.6506,45.71685 8.64896,45.71874 8.64677,45.72074 8.64445,45.72228 8.64229,45.72308 8.63845,45.72334 8.63619,45.72281 8.63278,45.72238 8.62844,45.72228 8.62666,45.72268 8.62456,45.72356 8.62106,45.72458 8.61543,45.72518 8.60607,45.72575 8.6014,45.72686 8.59653,45.72838 8.59342,45.72998 8.59213,45.73111 8.5906,45.73334 8.58945,45.73578 8.58897,45.73776 8.58695,45.74309 8.58519,45.74524 8.58273,45.74761 8.57675,45.75523 8.57114,45.76178 8.56819,45.76465 8.56392,45.76821 8.56178,45.76972 8.55754,45.77186 8.55652,45.77309 8.55598,45.77463 8.55401,45.77708 8.55319,45.77781 8.55296,45.77831 8.55348,45.79222 8.55518,45.79827 8.55678,45.80139 8.55852,45.80367 8.56093,45.80623 8.56523,45.80955 8.56872,45.81278 8.57289,45.81525 8.57486,45.81705 8.57867,45.81849 8.58556,45.81974 8.58774,45.82033 8.59122,45.82175 8.59431,45.8244 8.59508,45.8296 8.59505,45.83385 8.59408,45.83763 8.58792,45.84781 8.5841,45.85243 8.58313,45.85606 8.58355,45.85887 8.58498,45.86167 8.58653,45.86394 8.58806,45.86714 8.58861,45.86862 8.58894,45.86963 8.58837,45.87103 8.5888,45.87228 8.58835,45.8729 8.58812,45.87399 8.58722,45.87585 8.58476,45.87958 8.58239,45.88385 8.57972,45.88991 8.57873,45.8941 8.57862,45.89653 8.57895,45.89901 8.57951,45.90055 8.58094,45.9025 8.58284,45.90436 8.58725,45.908 8.59185,45.91229 8.59361,45.91424 8.5958,45.9177 8.59654,45.9192 8.60341,45.92929 8.60684,45.93345 8.61134,45.93802 8.61667,45.94278 8.62299,45.9472 8.63885,45.95686 8.64654,45.96106 8.64898,45.96284 8.65303,45.96479 8.65914,45.96865 8.66416,45.97096 8.67262,45.97581 8.68624,45.9877 8.6889,45.99056 8.6903,45.99275 8.69111,45.99462 8.69276,45.99682 8.69738,46.00184 8.70392,46.00803 8.70761,46.00907 8.70971,46.01133 8.71215,46.01474 8.71331,46.01715 8.71562,46.02277 8.71722,46.02951 8.71761,46.03341 8.71769,46.03613 8.71747,46.04184 8.71706,46.04493 8.71585,46.05016 8.71421,46.05271 8.71152,46.05551 8.70741,46.0616 8.70539,46.06526 8.70358,46.06909 8.70207,46.0729 8.70089,46.07657 8.70056,46.07918 8.7006,46.08129 8.7012,46.08299 8.70221,46.08451 8.70659,46.08847 8.70817,46.09195 8.70966,46.09395 8.71093,46.09522 8.71411,46.09764 8.70904,46.09906 8.69685,46.10209 8.69313,46.1015 8.69089,46.1019 8.69016,46.10188 8.69011,46.10233 8.68882,46.10175 8.6875,46.10217 8.68601,46.10237 8.6856,46.1021 8.68447,46.10332 8.68325,46.10431 8.68292,46.10508 8.68324,46.10531 8.6818,46.10592 8.68154,46.10764 8.68068,46.10819 8.67969,46.10845 8.68013,46.10915 8.68011,46.10971 8.67894,46.11022 8.67818,46.11026 8.67785,46.11012 8.67743,46.11036 8.67658,46.11027 8.6758,46.11071 8.67504,46.1107 8.67432,46.11054 8.67453,46.11014 8.67223,46.10945 8.67101,46.10876 8.66971,46.10867 8.66842,46.10917 8.66803,46.10979 8.66802,46.11008 8.66755,46.11052 8.6656,46.11063 8.66492,46.11109 8.66434,46.11127 8.65989,46.11155 8.65856,46.11183 8.65791,46.11222 8.65667,46.11569 8.65639,46.11603 8.65479,46.11673 8.65434,46.11715 8.65348,46.11871 8.6522,46.11966 8.6511,46.12006 8.65055,46.12052 8.64846,46.12234 8.64809,46.12335 8.64716,46.12358 8.64554,46.12363 8.64355,46.12323 8.64165,46.12311 8.63996,46.12261 8.63778,46.12265 8.6307,46.12234 8.62776,46.1227 8.62605,46.12256 8.62375,46.12205 8.62162,46.12199 8.62002,46.12145 8.61632,46.12189 8.61288,46.12164 8.61193,46.1237 8.60985,46.12677 8.60994,46.1277 8.61038,46.12828 8.61072,46.13087 8.61065,46.13179 8.61038,46.1324 8.60984,46.1328 8.60798,46.13354 8.60699,46.13426 8.60512,46.13514 8.60349,46.13648 8.60275,46.13799 8.60161,46.13895 8.59796,46.14058 8.59515,46.14268 8.59404,46.14293 8.59298,46.14284 8.5934,46.1447 8.5932,46.14569 8.59414,46.14684 8.59455,46.14715 8.59588,46.14755 8.59675,46.14848 8.59707,46.14862 8.59864,46.14868 8.59975,46.14903 8.60032,46.14944 8.60044,46.14973 8.6002,46.15053 8.60018,46.15142 8.6004,46.15227 8.60033,46.1528 8.60071,46.15332 8.60118,46.15356 8.60425,46.15349 8.60337,46.15383 8.60312,46.15414 8.60314,46.15504 8.603,46.15528 8.6027,46.15546 8.60043,46.15566 8.6002,46.15594 8.59842,46.15585 8.59613,46.15598 8.5958,46.15567 8.5949,46.15573 8.59396,46.15629 8.59255,46.15646 8.59223,46.15672 8.59039,46.15692 8.58837,46.1566 8.58791,46.15682 8.58898,46.15892 8.58851,46.15942 8.58785,46.15967 8.58763,46.15992 8.58828,46.16099 8.58799,46.16144 8.58761,46.16163 8.58716,46.16154 8.58401,46.16288 8.58326,46.16284 8.58068,46.16212 8.58007,46.16225 8.57786,46.16182 8.57649,46.16239 8.57664,46.16294 8.57657,46.1634 8.57627,46.16361 8.57536,46.16331 8.57445,46.1639 8.57493,46.16407 8.57448,46.16446 8.57377,46.16452 8.57336,46.16504 8.57283,46.16522 8.57262,46.16572 8.57208,46.16867 8.56981,46.1767 8.56781,46.17927 8.56453,46.18261 8.56374,46.18398 8.56307,46.1842 8.56246,46.18397 8.56109,46.18443 8.56081,46.18485 8.55934,46.1852 8.55876,46.18503 8.55723,46.18532 8.55681,46.18557 8.55586,46.18563 8.55576,46.18595 8.55595,46.18667 8.5555,46.18699 8.55576,46.18818 8.55511,46.18935 8.55547,46.19017 8.55485,46.19066 8.55427,46.19177 8.5538,46.19227 8.54932,46.19441 8.54746,46.19547 8.54674,46.19562 8.5461,46.19596 8.54601,46.19625 8.54467,46.19668 8.54389,46.19658 8.54247,46.19715 8.5423,46.19757 8.54089,46.19794 8.54004,46.19897 8.53838,46.20251 8.53687,46.20406 8.5364,46.20629 8.53491,46.20915 8.53451,46.21099 8.53346,46.21348 8.53281,46.21764 8.53254,46.21812 8.52822,46.21992 8.52373,46.22065 8.52209,46.22142 8.52102,46.22152 8.51844,46.22061 8.51557,46.22015 8.51442,46.2202 8.51225,46.22059 8.51039,46.22121 8.50871,46.2226 8.50778,46.22312 8.50533,46.22407 8.50255,46.22579 8.50019,46.22655 8.49903,46.22677 8.49409,46.22865 8.49099,46.22909 8.48763,46.22997 8.48366,46.23027 8.47761,46.23026 8.47564,46.23088 8.47226,46.23164 8.4691,46.23277 8.46732,46.23392 8.46661,46.23493 8.46617,46.23651 8.46619,46.24046 8.4659,46.24208 8.46507,46.24346 8.46416,46.24442 8.4617,46.24466 8.45778,46.24643 8.45311,46.24779 8.44987,46.24815 8.4482,46.2479 8.44726,46.24809 8.44621,46.24841 8.44449,46.2493 8.4435,46.25049 8.44159,46.25411 8.44281,46.25514 8.44391,46.25698 8.44465,46.25738 8.44664,46.25781 8.44688,46.25804 8.44711,46.25837 8.44737,46.26008 8.44718,46.26148 8.44744,46.26162 8.44862,46.26142 8.45539,46.26359 8.45179,46.26959 8.44961,46.27369 8.44259,46.28128 8.44097,46.28224 8.43848,46.28462 8.4352,46.28723 8.434,46.28842 8.43357,46.28959 8.43339,46.29203 8.43315,46.29279 8.42852,46.29723 8.42799,46.2981 8.42799,46.2987 8.42836,46.29917 8.4284,46.29965 8.42866,46.29988 8.43201,46.30169 8.43387,46.30239 8.43734,46.30326 8.4387,46.30376 8.4405,46.30412 8.43883,46.30597 8.43886,46.30704 8.43912,46.30732 8.43919,46.30802 8.4394,46.30843 8.44179,46.31026 8.44173,46.3111 8.44213,46.31377 8.4419,46.31493 8.44157,46.31509 8.44159,46.31552 8.44264,46.31755 8.44423,46.31984 8.44561,46.31996 8.4467,46.32047 8.44805,46.32146 8.45108,46.32191 8.45373,46.32301 8.45511,46.32448 8.4556,46.32539 8.45601,46.32736 8.45944,46.32807 8.461,46.32882 8.46215,46.33029 8.46278,46.3318 8.46357,46.333 8.465,46.33473 8.46445,46.3352 8.46377,46.33743 8.46413,46.33844 8.46396,46.33898 8.46292,46.33984 8.46279,46.34014 8.46283,46.34076 8.46319,46.34152 8.46429,46.34292 8.4645,46.34519 8.465,46.34575 8.46502,46.3462 8.46455,46.34738 8.4646,46.34795 8.46497,46.349 8.46307,46.34912 8.463,46.34973 8.46129,46.35146 8.4612,46.35176 8.46168,46.35312 8.46293,46.35497 8.46441,46.35594 8.46457,46.3563 8.4647,46.35811 8.4664,46.35875 8.46941,46.36059 8.47017,46.36135 8.47024,46.36174 8.47012,46.36224 8.46929,46.3636 8.46813,46.36477 8.46803,46.3669 8.4679,46.36741 8.4675,46.368 8.46759,46.37056 8.46745,46.37262 8.46675,46.37554 8.4666,46.38016 8.46512,46.38251 8.46118,46.38662 8.46119,46.38696 8.46192,46.38803 8.46305,46.38919 8.46605,46.39131 8.46637,46.39183 8.46656,46.39253 8.46684,46.39285 8.47065,46.39535 8.47108,46.39581 8.47115,46.39612 8.47111,46.39651 8.4708,46.397 8.46918,46.39855 8.46759,46.39882 8.46714,46.39904 8.4663,46.4002 8.46318,46.40286 8.46303,46.4038 8.46301,46.405 8.46335,46.40563 8.46446,46.40689 8.46592,46.40812 8.46765,46.41046 8.46831,46.41068 8.46878,46.41136 8.46866,46.41174 8.46652,46.41387 8.4654,46.41573 8.46451,46.41616 8.46218,46.41828 8.45909,46.41959 8.45861,46.41996 8.45821,46.42067 8.45818,46.42224 8.45703,46.42312 8.45698,46.42336 8.45699,46.42414 8.45753,46.42513 8.4596,46.42663 8.46045,46.42786 8.46117,46.42849 8.46065,46.4289 8.45983,46.42922 8.45941,46.42974 8.45941,46.43035 8.46031,46.43104 8.46023,46.43213 8.45953,46.43265 8.4583,46.43315 8.45786,46.43395 8.45795,46.43474 8.45946,46.43706 8.46162,46.43768 8.46431,46.43961 8.46579,46.44106 8.46667,46.4424 8.46676,46.44267 8.46656,46.44343 8.4675,46.44424 8.46731,46.44504 8.46418,46.4456 8.46269,46.44624 8.46257,46.44643 8.46271,46.44682 8.46414,46.44846 8.46417,46.44871 8.46368,46.4495 8.46214,46.45076 8.45996,46.45191 8.45461,46.45403 8.45249,46.45531 8.45136,46.45687 8.45253,46.45797 8.45272,46.45837 8.45211,46.45903 8.45145,46.46023 8.45092,46.4609 8.44878,46.46248 8.44791,46.46301 8.44645,46.46359 8.44489,46.46372 8.44315,46.46361 8.44198,46.46345 8.44102,46.46291 8.44033,46.46287 8.43838,46.4643 8.43577,46.46356 8.43403,46.46388 8.43076,46.46301 8.42816,46.46176 8.42648,46.46169 8.42445,46.46115 8.4211,46.46076 8.41762,46.45876 8.41433,46.45879 8.4132,46.45922 8.41067,46.45914 8.4099,46.45896 8.40671,46.45758 8.4039,46.45533 8.40304,46.45491 8.40208,46.45473 8.39989,46.45519 8.39864,46.4552 8.39682,46.45485 8.39472,46.45366 8.39315,46.45159 8.39075,46.45251 8.38597,46.45174 8.38457,46.45221 8.37901,46.45069 8.377,46.45072 8.37445,46.45168 8.37219,46.45291 8.36826,46.45301 8.36596,46.45274 8.36325,46.45173 8.36174,46.4508 8.35896,46.44951 8.35681,46.44802 8.35494,46.44635 8.35396,46.44442 8.3534,46.44261 8.35225,46.44153 8.35097,46.44144 8.34757,46.4383 8.347,46.43803 8.34617,46.43804 8.34457,46.43773 8.34353,46.43779 8.34247,46.43742 8.34179,46.43643 8.34063,46.43539 8.33925,46.43354 8.33319,46.43035 8.33241,46.4302 8.33212,46.43039 8.33145,46.43036 8.33097,46.4302 8.33046,46.42984 8.32873,46.42794 8.32683,46.42807 8.32607,46.42765 8.32571,46.42733 8.32546,46.42618 8.32499,46.42553 8.3246,46.42541 8.31677,46.42514 8.31277,46.42406 8.31224,46.42409 8.30837,46.42584 8.30701,46.42416 8.30463,46.4228 8.3032,46.42061 8.29985,46.41807 8.29886,46.41748 8.29874,46.41693 8.29895,46.41392 8.29692,46.41228 8.29468,46.41085 8.29076,46.40947 8.28985,46.40924 8.28849,46.40964 8.28627,46.4095 8.28487,46.40908 8.28476,46.40877 8.2851,46.40807 8.29071,46.40718 8.29284,46.40633 8.29349,46.40573 8.29414,46.40539 8.29649,46.40504 8.29881,46.40511 8.30059,46.40389 8.30298,46.40269 8.30517,46.40251 8.30625,46.40267 8.3079,46.40313 8.30979,46.40408 8.31653,46.3965 8.31708,46.39531 8.31724,46.39408 8.31693,46.39352 8.31505,46.39178 8.31447,46.39073 8.31435,46.39015 8.31453,46.38959 8.31608,46.38775 8.31834,46.38704 8.31857,46.38682 8.3187,46.38633 8.31744,46.3854 8.31727,46.38455 8.31694,46.3843 8.31629,46.38402 8.31328,46.38395 8.31348,46.38229 8.31376,46.38188 8.31454,46.38127 8.31458,46.3804 8.31426,46.37974 8.31268,46.37816 8.31274,46.37708 8.312,46.37664 8.30967,46.37637 8.30829,46.3759 8.30638,46.37555 8.30475,46.37487 8.30217,46.37517 8.30137,46.37486 8.30109,46.37396 8.30085,46.37369 8.29866,46.37175 8.2979,46.37148 8.2953,46.37127 8.29353,46.37055 8.29169,46.37017 8.2907,46.3696 8.28904,46.36844 8.28864,46.36707 8.28699,46.36636 8.28518,46.36535 8.2851,46.36478 8.2839,46.36387 8.27893,46.36466 8.27709,46.36553 8.27589,46.36568 8.273,46.36685 8.27208,46.36696 8.27123,46.36684 8.26929,46.36573 8.26751,46.36494 8.26372,46.36455 8.26212,46.36198 8.26103,46.36078 8.26111,46.36033 8.26185,46.35982 8.26318,46.35915 8.26441,46.35875 8.26493,46.35823 8.26478,46.35771 8.2651,46.35678 8.26479,46.35414 8.26547,46.35263 8.26505,46.35207 8.26379,46.35146 8.26055,46.34938 8.26025,46.34896 8.26047,46.34823 8.26158,46.34817 8.26238,46.34777 8.26274,46.34602 8.26074,46.34472 8.26038,46.3447 8.25738,46.34537 8.25574,46.34606 8.2548,46.34624 8.25318,46.34623 8.25132,46.34527 8.25055,46.34468 8.25024,46.3422 8.24944,46.34031 8.24891,46.34045 8.24607,46.33972 8.24322,46.34008 8.24062,46.33966 8.23931,46.33984 8.23827,46.34017 8.23615,46.34015 8.23516,46.33998 8.23363,46.33924 8.23015,46.33693 8.22934,46.33676 8.22814,46.33601 8.22366,46.33401 8.22348,46.33377 8.22469,46.33282 8.22464,46.33245 8.22362,46.33137 8.22224,46.33029 8.22269,46.32959 8.22338,46.32936 8.22351,46.32914 8.22234,46.32714 8.22343,46.32599 8.22357,46.32522 8.22342,46.32447 8.2216,46.32298 8.21862,46.32198 8.21833,46.32151 8.21655,46.32053 8.21521,46.31948 8.21528,46.31895 8.21468,46.31738 8.2148,46.31664 8.21464,46.31592 8.21237,46.31422 8.21214,46.31363 8.21199,46.31203 8.21243,46.31076 8.21257,46.30982 8.21217,46.30911 8.21067,46.30827 8.20714,46.30767 8.20596,46.30723 8.20367,46.3048 8.20146,46.30323 8.19806,46.3018 8.19395,46.30349 8.19275,46.30275 8.19204,46.3025 8.1903,46.30265 8.18639,46.30081 8.18478,46.30049 8.183,46.29941 8.18294,46.29925 8.18356,46.29897 8.17822,46.29731 8.17555,46.29758 8.17009,46.29704 8.16856,46.29672 8.16592,46.2968 8.16152,46.2959 8.15806,46.29635 8.15648,46.29702 8.15515,46.29813 8.15301,46.29914 8.15012,46.29994 8.14828,46.30111 8.14557,46.30179 8.14167,46.30207 8.13736,46.3015 8.13614,46.30087 8.13274,46.29831 8.13132,46.29758 8.12945,46.29582 8.12912,46.29533 8.12848,46.29486 8.12787,46.29461 8.12478,46.29441 8.12128,46.29226 8.12091,46.29186 8.12034,46.29065 8.11933,46.29 8.11882,46.28934 8.1184,46.28728 8.11842,46.28659 8.118,46.28591 8.11688,46.28545 8.11602,46.28439 8.1146,46.28211 8.11429,46.2819 8.11149,46.28042 8.10884,46.28015 8.10753,46.27975 8.10555,46.2796 8.10519,46.27939 8.10479,46.27834 8.10361,46.27682 8.10218,46.27577 8.1001,46.27353 8.09829,46.27301 8.09612,46.27103 8.09499,46.2709 8.09257,46.26912 8.09168,46.26868 8.0896,46.2678 8.0872,46.26732 8.08593,46.26658 8.08571,46.26615 8.08602,46.26273 8.0858,46.2622 8.08459,46.2613 8.08398,46.26104 8.08037,46.26071 8.08092,46.25843 8.08148,46.25773 8.08252,46.25686 8.08315,46.2565 8.08508,46.25598 8.08602,46.25508 8.08748,46.25403 8.08849,46.25371 8.09139,46.25338 8.09396,46.25337 8.0966,46.25267 8.09853,46.2527 8.10002,46.25247 8.10102,46.2519 8.10124,46.25155 8.10151,46.2493 8.10496,46.24993 8.10977,46.2496 8.11054,46.24869 8.11135,46.24723 8.11172,46.24603 8.1118,46.24452 8.11137,46.24255 8.11164,46.24105 8.11272,46.23972 8.11293,46.23894 8.11334,46.23849 8.11482,46.23755 8.11539,46.23659 8.11632,46.23636 8.11891,46.23653 8.11961,46.23646 8.12009,46.23622 8.12096,46.23488 8.12357,46.23156 8.12427,46.22989 8.12604,46.22917 8.12728,46.2283 8.13051,46.22804 8.13171,46.22718 8.13321,46.22659 8.13421,46.22639 8.13675,46.22637 8.13877,46.22618 8.14306,46.21325 8.14336,46.21177 8.14487,46.2095 8.14732,46.20775 8.14801,46.20653 8.14959,46.20441 8.15075,46.20318 8.15154,46.20033 8.15156,46.199 8.15208,46.19779 8.15169,46.19652 8.15178,46.19619 8.15254,46.19529 8.153,46.19415 8.15335,46.19122 8.15374,46.19075 8.15741,46.18938 8.15958,46.18717 8.16496,46.18285 8.16576,46.18096 8.1654,46.17989 8.16491,46.17688 8.16276,46.17613 8.16143,46.17528 8.15975,46.17481 8.15839,46.17397 8.15815,46.17374 8.15737,46.17208 8.15708,46.17011 8.15619,46.1685 8.15548,46.16783 8.1522,46.16599 8.1511,46.16497 8.15066,46.16423 8.15041,46.16313 8.1495,46.16074 8.14945,46.16012 8.15007,46.15745 8.1501,46.15675 8.151,46.15543 8.15251,46.15395 8.15357,46.15111 8.15306,46.14869 8.15124,46.14674 8.15068,46.14561 8.1509,46.14431 8.15086,46.14356 8.14869,46.14093 8.14723,46.1398 8.14645,46.13866 8.14462,46.13759 8.14314,46.1373 8.14172,46.13633 8.13902,46.13635 8.13837,46.13718 8.13791,46.1375 8.13662,46.1381 8.1355,46.13841 8.13436,46.13831 8.13299,46.13755 8.13153,46.13721 8.13003,46.13767 8.12888,46.13774 8.1259,46.13594 8.12394,46.13572 8.12323,46.13547 8.12277,46.13505 8.12207,46.13376 8.12176,46.13358 8.11794,46.13283 8.11677,46.13101 8.11491,46.13087 8.11425,46.1302 8.11309,46.12993 8.11294,46.12941 8.1149,46.12863 8.11486,46.1281 8.11518,46.12757 8.11528,46.12678 8.11492,46.12573 8.11402,46.12422 8.11411,46.1235 8.11476,46.1225 8.11462,46.12193 8.11418,46.1211 8.11251,46.11891 8.11243,46.11842 8.11261,46.117 8.11154,46.11686 8.10955,46.11703 8.10821,46.11655 8.10746,46.11589 8.10745,46.11553 8.10853,46.11468 8.10869,46.1144 8.10888,46.11299 8.10871,46.11269 8.10776,46.11233 8.10634,46.11234 8.10603,46.11287 8.10575,46.11294 8.1037,46.11204 8.09802,46.11163 8.09739,46.11112 8.0984,46.11023 8.09776,46.1096 8.09634,46.10874 8.09325,46.1086 8.08849,46.10756 8.08648,46.10755 8.08396,46.10681 8.08177,46.10594 8.07617,46.10658 8.07153,46.1069 8.06759,46.10661 8.06592,46.10631 8.05633,46.10324 8.05432,46.10331 8.05126,46.10381 8.04968,46.10382 8.04801,46.10339 8.04687,46.10285 8.04448,46.10127 8.04265,46.1014 8.03968,46.10208 8.0367,46.10222 8.03442,46.10192 8.03284,46.1015 8.03239,46.1012 8.03177,46.10059 8.03133,46.09979 8.03126,46.09879 8.0308,46.09797 8.03078,46.09719 8.03199,46.09572 8.0319,46.09496 8.03101,46.09299 8.03015,46.09182 8.02969,46.0905 8.02858,46.08979 8.0299,46.08776 8.03032,46.08676 8.02977,46.0857 8.02891,46.08248 8.02802,46.08075 8.02461,46.07777 8.02287,46.07572 8.02234,46.07327 8.02224,46.07169 8.02161,46.07092 8.0211,46.06959 8.02143,46.06855 8.02229,46.06788 8.02435,46.06677 8.02446,46.06557 8.024,46.06364 8.02452,46.06251 8.02565,46.06079 8.02636,46.05837 8.0288,46.05501 8.03102,46.04973 8.03217,46.04749 8.03259,46.04684 8.03419,46.04566 8.03545,46.04358 8.03479,46.04312 8.03079,46.04189 8.02234,46.03989 8.02203,46.03966 8.0219,46.03866 8.01672,46.03514 8.01197,46.03128 8.01195,46.0309 8.0152,46.02877 8.01547,46.02843 8.01605,46.02664 8.01666,46.02558 8.01742,46.0247 8.01681,46.02413 8.01292,46.02162 8.01248,46.02125 8.01212,46.02032 8.0126,46.01497 8.01252,46.01184 8.00462,46.01193 8.00124,46.01241 8.0006,46.01141 8.00012,46.01018 8.00002,46.00986 8.00024,46.00911 8.00008,46.00871 7.99904,46.00755 7.99895,46.0061 7.99849,46.00545 7.99657,46.00399 7.99527,46.00253 7.99426,46.00005 7.994,45.99896 7.9934,45.99826 7.98971,45.99625 7.98837,45.996 7.98298,45.99766 7.97917,45.99916 7.97772,45.99936 7.97604,45.99934 7.97497,45.99915 7.97375,45.99846 7.97218,45.99795 7.97069,45.9977 7.96793,45.99652 7.96664,45.997 7.96308,45.99679 7.95987,45.99687 7.95726,45.99646 7.95434,45.99712 7.95186,45.99731 7.95035,45.99727 7.94649,45.99769 7.9415,45.99742 7.93899,45.99692 7.93628,45.99685 7.93307,45.99611 7.9315,45.99631 7.93012,45.99692 7.926,45.99726 7.92259,45.99715 7.92006,45.99663 7.91773,45.99646 7.91117,45.99691 7.9084,45.99688 7.9081,45.99675 7.90622,45.99413 7.90569,45.9923 7.90459,45.99025 7.9038,45.98957 7.90233,45.98934 7.90228,45.98794 7.90119,45.98729 7.90065,45.98591 7.90027,45.98561 7.89799,45.98469 7.89626,45.98359 7.89571,45.98159 7.89425,45.98047 7.89225,45.97777 7.89124,45.97731 7.88617,45.97628 7.88382,45.97527 7.88295,45.97534 7.8816,45.97512 7.87932,45.97409 7.87849,45.97316 7.87819,45.97218 7.87834,45.97154 7.87936,45.96997 7.87982,45.96861 7.8808,45.9675 7.88082,45.96725 7.8803,45.96619 7.88147,45.9638 7.87971,45.9624 7.87912,45.96213 7.87789,45.96192 7.87707,45.96112 7.87725,45.95873 7.87598,45.95641 7.87654,45.95486 7.87719,45.95221 7.87736,45.94907 7.87587,45.94842 7.87172,45.94814 7.87013,45.9474 7.8701,45.94714 7.87125,45.94623 7.87092,45.94548 7.87135,45.94396 7.87082,45.94288 7.86938,45.94144 7.86852,45.93787 7.86777,45.93683 7.868,45.93632 7.87119,45.93253 7.87229,45.93089 7.87637,45.92737 7.87705,45.92718 7.87555,45.92485 7.87583,45.92311 7.87601,45.92284 7.87592,45.92259 7.87406,45.9212 7.87388,45.92071 7.87243,45.92025 7.8707,45.91924 7.86888,45.91962 7.8663,45.91964 7.86575,45.91861 7.86348,45.91653 7.86324,45.91578 7.86283,45.91551 7.86217,45.91467 7.86223,45.91266 7.86167,45.91047 7.862,45.90877 7.86193,45.90817 7.86199,45.90787 7.86225,45.90766 7.86442,45.90712 7.86831,45.90567 7.86579,45.90176 7.86397,45.90025 7.86337,45.89836 7.86312,45.89664 7.86324,45.89589 7.86365,45.89522 7.86387,45.89414 7.86401,45.89313 7.8639,45.89253 7.86407,45.89183 7.86542,45.8899 7.86609,45.88811 7.86609,45.88769 7.86537,45.88582 7.8653,45.88515 7.86545,45.88306 7.86533,45.88232 7.86552,45.88135 7.86523,45.87997 7.86596,45.87785 7.86658,45.87746 7.86866,45.87552 7.86921,45.8747 7.86905,45.8742 7.86806,45.87322 7.86805,45.87295 7.86885,45.87116 7.86854,45.86823 7.86883,45.86746 7.87125,45.86586 7.87126,45.86509 7.87153,45.86481 7.87272,45.86422 7.8739,45.86385 7.8742,45.86362 7.87474,45.86264 7.87562,45.8619 7.87514,45.86088 7.87348,45.85844 7.87391,45.85597 7.87376,45.85391 7.87336,45.85337 7.87174,45.85228 7.86924,45.84979 7.86763,45.84881 7.86561,45.84791 7.86456,45.84283 7.86355,45.8415 7.86356,45.84114 7.86394,45.84047 7.86358,45.83929 7.86369,45.83848 7.86581,45.83784 7.86592,45.83724 7.86642,45.83669 7.86917,45.83523 7.87012,45.83443 7.8708,45.83355 7.87173,45.83179 7.87314,45.83018 7.87414,45.82799 7.87427,45.82669 7.87409,45.8264 7.87337,45.8261 7.87031,45.82585 7.8677,45.82515 7.86739,45.82486 7.86685,45.82373 7.86409,45.82125 7.86243,45.82014 7.86237,45.81989 7.86259,45.81922 7.86357,45.81723 7.8636,45.81624 7.86387,45.81552 7.86354,45.81289 7.86393,45.81083 7.86454,45.80992 7.86423,45.80845 7.86431,45.80656 7.86479,45.80567 7.86484,45.80423 7.8651,45.80285 7.86526,45.80253 7.86613,45.80181 7.86571,45.8003 7.86576,45.7986 7.86549,45.79779 7.86498,45.79706 7.86392,45.79614 7.8631,45.79517 7.8624,45.79281 7.86173,45.79147 7.86292,45.79105 7.86399,45.79047 7.86659,45.78768 7.8673,45.78728 7.86816,45.78588 7.86904,45.78547 7.86915,45.78357 7.86948,45.7828 7.87212,45.7806 7.87313,45.77841 7.87703,45.77572 7.87983,45.77464 7.88157,45.77283 7.88225,45.77095 7.88234,45.76925 7.88226,45.7689 7.88062,45.76734 7.88032,45.7666 7.88281,45.76383 7.88384,45.76235 7.88467,45.76077 7.88536,45.76015 7.88648,45.75953 7.88892,45.75911 7.88986,45.75843 7.89021,45.75758 7.89087,45.75702 7.89146,45.75576 7.89246,45.75513 7.89363,45.75369 7.89494,45.75284 7.8969,45.75186 7.90005,45.74904 7.90114,45.74851 7.90506,45.74754 7.91196,45.74707 7.91304,45.74654 7.91363,45.7459 7.91424,45.74579 7.91509,45.74504 7.91558,45.74428 7.91635,45.7438 7.91722,45.7434 7.91808,45.74323 7.91914,45.74326 7.93676,45.72566 7.93738,45.7246 7.93725,45.72427 7.93549,45.72367 7.93442,45.7229 7.93364,45.72131 7.93276,45.72033 7.93169,45.71946 7.93158,45.71878 7.92866,45.71744 7.92968,45.7154 7.92978,45.71466 7.92968,45.71363 7.92795,45.7118 7.92722,45.71051 7.92541,45.7094 7.92457,45.70753 7.92353,45.70644 7.9213,45.7032 7.9204,45.70221 7.9202,45.70162 7.91946,45.70128 7.91898,45.7008 7.91827,45.70051 7.91722,45.70052 7.91386,45.70112 7.91189,45.70122 7.91091,45.69904 7.90876,45.69656 7.90767,45.69403 7.90723,45.69156 7.90534,45.68883 7.90463,45.68749 7.90413,45.68561 7.90427,45.68407 7.90503,45.68178 7.91038,45.68054 7.9105,45.67886 7.91119,45.67738 7.91172,45.67507 7.91102,45.67051 7.91338,45.66999 7.9156,45.66982 7.91873,45.6687 7.92062,45.66736 7.92116,45.66642 7.92138,45.66436 7.92105,45.66301 7.92028,45.66114 7.92041,45.66049 7.92156,45.65817 7.92218,45.65746 7.92427,45.65617 7.92585,45.65489 7.9266,45.65406 7.9273,45.65302 7.92756,45.65232 7.92729,45.65087 7.92734,45.65042 7.92786,45.64983 7.92951,45.64905 7.93301,45.64859 7.93381,45.64816 7.93457,45.64709 7.93838,45.64543 7.93983,45.64325 7.93991,45.64217 7.93893,45.64082 7.93833,45.63825 7.93623,45.63563 7.93415,45.63544 7.93076,45.63658 7.92736,45.63585 7.92295,45.63444 7.91757,45.63349 7.91559,45.63339 7.91427,45.63258 7.91337,45.63096 7.91311,45.62846 7.91281,45.62749 7.91078,45.6259 7.90991,45.62503 7.90646,45.62374 7.90613,45.62349 7.90595,45.62308 7.90589,45.62203 7.90529,45.62126 7.9034,45.62031 7.90098,45.61678 7.89785,45.61295 7.89709,45.61243 7.89673,45.6118 7.8967,45.60972 7.89628,45.60923 7.89513,45.6085 7.89733,45.60631 7.89588,45.603 7.89571,45.60239 7.89569,45.6012 7.89611,45.60024 7.8988,45.59603 7.90065,45.59149 7.89858,45.59138 7.89526,45.58932 7.89516,45.59069 7.89394,45.59185 7.89196,45.59315 7.89156,45.59357 7.89087,45.59635 7.89098,45.59706 7.8861,45.59817 7.88372,45.59853 7.87928,45.6003 7.87653,45.60013 7.87545,45.5997 7.87386,45.59932 7.8706,45.59899 7.86468,45.5972 7.86213,45.59725 7.85967,45.59762 7.85523,45.59923 7.84956,45.60238 7.84733,45.60133 7.84534,45.59924 7.84242,45.59763 7.84168,45.59739 7.84104,45.59734 7.83933,45.5977 7.8374,45.59749 7.83613,45.59787 7.83152,45.59826 7.83019,45.59809 7.82595,45.59665 7.82431,45.59572 7.81945,45.59414 7.81805,45.59373 7.81396,45.59294 7.81336,45.59268 7.81188,45.5907 7.81062,45.58964 7.80709,45.58947 7.8065,45.58928 7.8058,45.58838 7.80528,45.58691 7.80266,45.58698 7.79851,45.58675 7.79748,45.58696 7.79478,45.58656 7.7945,45.58639 7.79444,45.58612 7.79469,45.58552 7.79601,45.58418 7.79669,45.58268 7.79545,45.58192 7.79368,45.58048 7.79296,45.57935 7.79229,45.5789 7.78998,45.57804 7.7833,45.57454 7.78237,45.57429 7.76989,45.56874 7.76089,45.56517 7.75897,45.56538 7.75644,45.56469 7.75381,45.56371 7.75031,45.56114 7.7497,45.56092 7.74875,45.55985 7.74624,45.5586 7.73847,45.55179 7.73573,45.55112 7.73251,45.55066 7.7312,45.55027 7.72986,45.5503 7.72919,45.55175 7.72795,45.55301 7.72588,45.55414 7.72225,45.55678 7.71485,45.56 7.71338,45.56008 7.70659,45.55673 7.70349,45.55635 7.70132,45.55806 7.69415,45.55826 7.69284,45.55866 7.69189,45.55914 7.69038,45.56034 7.68886,45.56037 7.67736,45.55269 7.67635,45.55281 7.67282,45.55471 7.66692,45.55709 7.66573,45.55844 7.66276,45.56054 7.66193,45.56093 7.66076,45.56218 7.65975,45.56282 7.6578,45.5634 7.6522,45.56424 7.65179,45.56451 7.651,45.56546 7.65069,45.56746 7.64804,45.56929 7.64598,45.56959 7.64299,45.56912 7.64159,45.56934 7.63725,45.57083 7.63424,45.57156 7.63397,45.57158 7.63005,45.56909 7.62809,45.56846 7.62588,45.56807 7.62368,45.56797 7.62238,45.56812 7.62109,45.56791 7.61955,45.56694 7.61737,45.56474 7.61593,45.5645 7.609,45.56258 7.60891,45.56862 7.6084,45.57048 7.6068,45.57396 7.60525,45.57619 7.60293,45.57898 7.60184,45.57971 7.59834,45.57997 7.59474,45.58057 7.58962,45.58281 7.58891,45.58299 7.58621,45.58284 7.58491,45.58248 7.58391,45.58199 7.56703,45.5918 7.5664,45.59195 7.56151,45.59043 7.55681,45.59015 7.55557,45.58994 7.55255,45.58859 7.54856,45.58874 7.54488,45.58679 7.54325,45.58617 7.54257,45.58603 7.54048,45.58602 7.53975,45.58582 7.53919,45.58539 7.53869,45.58414 7.53828,45.58374 7.53599,45.58249 7.53494,45.58172 7.53287,45.57986 7.5307,45.57738 7.53039,45.57731 7.52782,45.57751 7.5235,45.57724 7.52086,45.57734 7.51963,45.57786 7.49696,45.58422 7.48775,45.5839 7.48424,45.58309 7.48258,45.58254 7.48152,45.58199 7.48056,45.58122 7.47966,45.58003 7.47843,45.57886 7.47699,45.57823 7.46659,45.57704 7.46538,45.57673 7.4649,45.57645 7.46463,45.576 7.46422,45.57422 7.46388,45.57349 7.46248,45.57256 7.45874,45.57133 7.45753,45.57055 7.45159,45.5625 7.45104,45.56233 7.44888,45.56263 7.44727,45.56133 7.44714,45.56109 7.44797,45.55977 7.44822,45.55542 7.44429,45.55445 7.43934,45.55231 7.43741,45.5517 7.43446,45.55117 7.426,45.54586 7.42423,45.54518 7.42246,45.54511 7.42039,45.5465 7.41852,45.54685 7.41585,45.5449 7.41581,45.54432 7.41631,45.54274 7.41641,45.54167 7.41681,45.5407 7.41697,45.53956 7.41738,45.53846 7.41718,45.53783 7.41632,45.53667 7.41597,45.53641 7.41363,45.53572 7.41151,45.53552 7.41089,45.53565 7.4074,45.53486 7.40482,45.5349 7.40227,45.53414 7.4003,45.53378 7.39669,45.5323 7.39585,45.5317 7.39567,45.5312 7.39579,45.53046 7.39626,45.52942 7.39606,45.52867 7.39489,45.5282 7.39238,45.52615 7.39054,45.5255 7.38871,45.52441 7.38751,45.52309 7.3809,45.5183 7.37587,45.51639 7.37443,45.5164 7.37067,45.51693 7.3693,45.52063 7.3688,45.52147 7.36807,45.52235 7.36644,45.52375 7.365,45.52458 7.36162,45.52471 7.35982,45.52522 7.35882,45.52528 7.35746,45.52497 7.35498,45.52399 7.35351,45.52321 7.35177,45.52252 7.35019,45.52156 7.3478,45.52221 7.34698,45.52223 7.3456,45.52158 7.34439,45.52125 7.34216,45.52107 7.34049,45.52075 7.33814,45.52164 7.33709,45.52169 7.33596,45.5215 7.3346,45.52057 7.33289,45.51983 7.33215,45.51902 7.32819,45.51899 7.32678,45.51846 7.32324,45.51562 7.32275,45.51531 7.32154,45.51497 7.32012,45.51483 7.31817,45.5149 7.30815,45.51551 7.30613,45.51598 7.30375,45.51688 7.30197,45.51674 7.30019,45.51629 7.29579,45.51619 7.29373,45.51577 7.28799,45.51316 7.2848,45.51224 7.28071,45.51187 7.27871,45.51226 7.27754,45.5122 7.27556,45.51174 7.26987,45.50988 7.26736,45.50952 7.26695,45.50918 7.26668,45.50859 7.26629,45.50634 7.26621,45.50429 7.26589,45.50289 7.26402,45.4998 7.26061,45.49835 7.25936,45.49806 7.25748,45.49805 7.25301,45.49653 7.24904,45.49395 7.24852,45.49339 7.24753,45.49323 7.246,45.4927 7.24232,45.49023 7.23733,45.48755 7.23572,45.48596 7.23483,45.48301 7.23369,45.48128 7.23177,45.47944 7.22968,45.47826 7.22928,45.47739 7.2296,45.47601 7.22885,45.47504 7.22498,45.47238 7.22219,45.47099 7.22026,45.47048 7.21749,45.47016 7.21613,45.47007 7.21483,45.47025 7.21075,45.47211 7.20943,45.47249 7.20916,45.47269 7.20817,45.4745 7.20211,45.48034 7.20052,45.48145 7.19962,45.48181 7.19823,45.48194 7.19505,45.48187 7.19011,45.48218 7.18713,45.48253 7.1848,45.48327 7.1827,45.48358 7.17989,45.48357 7.17654,45.48312 7.17395,45.48258 7.17059,45.48266 7.16832,45.4836 7.1663,45.48484 7.16279,45.48615 7.16029,45.4868 7.1572,45.48675 7.15572,45.48629 7.15189,45.48357 7.14942,45.482 7.1485,45.4799 7.14725,45.47843 7.14697,45.47835 7.14575,45.47861 7.14447,45.47774 7.1438,45.47748 7.14336,45.47757 7.14326,45.47777 7.14341,45.47876 7.14317,45.48048 7.14253,45.48099 7.14278,45.48154 7.14169,45.48151 7.14002,45.48271 7.14026,45.48542 7.13752,45.48877 7.13696,45.49112 7.137,45.49137 7.14282,45.49525 7.14336,45.49619 7.14349,45.49689 7.14237,45.49838 7.14228,45.49899 7.14146,45.50059 7.13848,45.50172 7.13857,45.50203 7.13969,45.50346 7.14037,45.50381 7.1415,45.50395 7.14174,45.50413 7.14183,45.50494 7.14125,45.50594 7.14285,45.50717 7.1436,45.50809 7.14361,45.5084 7.1424,45.5105 7.14238,45.51077 7.14268,45.51126 7.14198,45.51183 7.14128,45.51522 7.13797,45.51698 7.13662,45.51653 7.12534,45.51107 7.12399,45.51004 7.12111,45.50719 7.12081,45.5065 7.12114,45.50394 7.12085,45.5026 7.12104,45.501 7.12176,45.49899 7.12161,45.4983 7.12046,45.49649 7.11861,45.49557 7.11899,45.49203 7.11876,45.49146 7.11854,45.49097 7.11686,45.49073 7.1149,45.48656 7.11475,45.48476 7.11503,45.48336 7.11435,45.48112 7.115,45.4777 7.11507,45.47511 7.11273,45.4723 7.11018,45.47001 7.10923,45.46956 7.1071,45.46911 7.10458,45.46794 7.10331,45.46711 7.10399,45.467 7.10414,45.46685 7.10142,45.46536 7.10017,45.4644 7.10005,45.46329 7.09899,45.4604 7.09898,45.4599 7.09942,45.45714 7.09964,45.45655 7.10017,45.45587 7.10026,45.45466 7.10055,45.45426 7.10325,45.45239 7.10565,45.44998 7.10684,45.44846 7.11089,45.44656 7.11201,45.44355 7.11238,45.44307 7.11473,45.44137 7.11516,45.4395 7.115,45.43566 7.11565,45.43392 7.11706,45.43347 7.12242,45.433 7.12499,45.43114 7.12891,45.42986 7.13278,45.4276 7.13557,45.42681 7.13853,45.4263 7.14092,45.42623 7.14371,45.42516 7.14772,45.42445 7.15236,45.42417 7.15344,45.422 7.15572,45.41877 7.1571,45.41738 7.15898,45.41607 7.16133,45.41463 7.16483,45.41311 7.16567,45.41236 7.17009,45.4108 7.17368,45.40964 7.1755,45.40922 7.17912,45.40904 7.18484,45.40727 7.18548,45.40324 7.18517,45.40278 7.18414,45.40232 7.18283,45.40142 7.18209,45.40052 7.1784,45.39716 7.17792,45.39623 7.17795,45.39472 7.17882,45.39311 7.17881,45.39255 7.17785,45.3913 7.17773,45.39013 7.17749,45.38951 7.17605,45.38802 7.17406,45.38685 7.17196,45.38617 7.16967,45.38572 7.1658,45.38569 7.16344,45.38323 7.16106,45.38296 7.16073,45.38278 7.16049,45.38197 7.16045,45.38035 7.15849,45.3747 7.15811,45.37237 7.15677,45.37148 7.15654,45.37124 7.15643,45.37065 7.15667,45.3699 7.15824,45.36768 7.15833,45.36469 7.16138,45.36151 7.16135,45.36106 7.16113,45.36084 7.15754,45.35982 7.15715,45.35702 7.15326,45.35693 7.15284,45.35677 7.15209,45.35591 7.15177,45.35529 7.15153,45.35397 7.14917,45.35387 7.13803,45.35138 7.13623,45.35034 7.13581,45.34992 7.13576,45.34902 7.13552,45.3482 7.13421,45.34737 7.13372,45.34687 7.13367,45.34657 7.13277,45.34626 7.13183,45.3444 7.13194,45.34408 7.13284,45.34324 7.13212,45.34174 7.1307,45.34084 7.13067,45.33858 7.13077,45.33826 7.13329,45.33616 7.13396,45.33466 7.1335,45.33056 7.13162,45.32923 7.13023,45.32885 7.12753,45.32717 7.126,45.32668 7.1242,45.32678 7.1191,45.32803 7.11481,45.32967 7.11285,45.33059 7.11136,45.33018 7.10986,45.33 7.10684,45.32991 7.10933,45.32734 7.11067,45.32644 7.11214,45.324 7.11078,45.32199 7.11077,45.32142 7.10959,45.31986 7.10935,45.3188 7.10973,45.31799 7.11248,45.31466 7.11419,45.31403 7.11589,45.31264 7.11782,45.31154 7.11788,45.31103 7.11735,45.30968 7.1172,45.30869 7.11722,45.30678 7.11829,45.30552 7.12046,45.30357 7.12005,45.30177 7.12037,45.29991 7.12014,45.29735 7.12063,45.29493 7.12084,45.29276 7.12528,45.29132 7.12675,45.28978 7.12677,45.28826 7.12808,45.28648 7.1295,45.28542 7.13415,45.28325 7.13469,45.28274 7.13514,45.2817 7.13496,45.27888 7.13466,45.27778 7.13398,45.27645 7.13332,45.27557 7.13253,45.27494 7.12966,45.27327 7.12931,45.27275 7.12945,45.27129 7.13198,45.26901 7.13214,45.26498 7.13191,45.26094 7.13272,45.26061 7.13492,45.26035 7.13551,45.26006 7.1356,45.25932 7.13538,45.25873 7.13531,45.25773 7.1363,45.25676 7.1364,45.25614 7.13625,45.25569 7.13533,45.25445 7.13453,45.25385 7.13094,45.25202 7.12949,45.25101 7.12907,45.24913 7.12997,45.24882 7.13008,45.2486 7.13,45.24792 7.12679,45.24623 7.1258,45.2451 7.12547,45.24436 7.12508,45.24419 7.12058,45.24436 7.12,45.2445 7.11844,45.24526 7.11703,45.24565 7.11597,45.24663 7.11483,45.24682 7.11417,45.24688 7.11024,45.24655 7.10884,45.24526 7.10771,45.24384 7.10696,45.24153 7.10637,45.24054 7.10664,45.24006 7.10666,45.23931 7.10596,45.23774 7.10546,45.23714 7.10424,45.23657 7.09976,45.23529 7.09816,45.23456 7.09712,45.23342 7.09636,45.23287 7.09624,45.23166 7.09551,45.23087 7.09181,45.22993 7.08945,45.22824 7.08847,45.22682 7.088,45.22644 7.08715,45.22602 7.08511,45.22596 7.08381,45.22493 7.08334,45.2243 7.08373,45.22259 7.0827,45.2207 7.08233,45.21899 7.082,45.21603 7.06713,45.21064 7.06701,45.21041 7.06453,45.21323 7.06119,45.2161 7.05724,45.2205 7.05673,45.22083 7.05417,45.22131 7.05433,45.22271 7.05412,45.22312 7.05334,45.22384 7.05203,45.2247 7.05141,45.22554 7.05075,45.22553 7.04709,45.22625 7.04632,45.22596 7.04536,45.22588 7.04492,45.22531 7.04472,45.22527 7.04305,45.22571 7.04196,45.2255 7.0412,45.22467 7.03856,45.22309 7.03712,45.22199 7.03255,45.21999 7.03059,45.21825 7.02942,45.21655 7.02767,45.2159 7.02562,45.21583 7.02497,45.21722 7.02358,45.21858 7.02332,45.21862 7.02152,45.21806 7.02034,45.21717 7.01996,45.21622 7.01994,45.21491 7.01968,45.21477 7.01837,45.21523 7.01673,45.2154 7.0148,45.21651 7.01356,45.21641 7.012,45.21666 7.00948,45.21668 7.00792,45.21698 7.00698,45.21692 7.00562,45.21756 7.00517,45.21798 7.0049,45.21825 7.00497,45.21891 7.0047,45.21955 7.00327,45.22048 7.00212,45.22002 7.00167,45.21964 7.00161,45.21864 6.9999,45.21757 6.99881,45.21562 6.99817,45.21518 6.99706,45.21499 6.99463,45.2158 6.99444,45.21474 6.99464,45.21412 6.99413,45.21141 6.99381,45.21089 6.99324,45.21054 6.98974,45.21046 6.98811,45.21087 6.98663,45.21151 6.98598,45.21154 6.9843,45.21096 6.98002,45.20882 6.97884,45.20869 6.97693,45.20817 6.97537,45.20806 6.97224,45.20821 6.96579,45.20815 6.9608,45.20349 6.96384,45.20112 6.96512,45.19791 6.96593,45.19737 6.96755,45.19674 6.96778,45.19593 6.96692,45.1952 6.96423,45.19429 6.96219,45.19374 6.95967,45.19354 6.95901,45.19188 6.95501,45.19122 6.95428,45.19086 6.95314,45.1896 6.95276,45.18886 6.95304,45.18634 6.95411,45.18503 6.95396,45.18343 6.95425,45.18219 6.95472,45.18128 6.95473,45.1802 6.95448,45.17976 6.95425,45.17951 6.95392,45.17945 6.95067,45.18026 6.9498,45.18026 6.94876,45.17957 6.94868,45.17843 6.94834,45.17824 6.94726,45.17834 6.94631,45.17809 6.94558,45.17753 6.94485,45.17641 6.94364,45.17629 6.94278,45.17593 6.94736,45.17064 6.94728,45.17048 6.94577,45.17083 6.94454,45.17085 6.94329,45.17125 6.94166,45.17146 6.94153,45.17143 6.94156,45.17098 6.94109,45.1708 6.93928,45.17136 6.93869,45.1714 6.93745,45.17124 6.93676,45.17141 6.93398,45.17108 6.93341,45.17137 6.93144,45.17118 6.92975,45.17063 6.92794,45.17043 6.92588,45.16955 6.92505,45.16896 6.92376,45.16869 6.92358,45.1682 6.92128,45.16774 6.91875,45.16699 6.91809,45.16702 6.91502,45.16871 6.91404,45.16879 6.91291,45.16777 6.91176,45.16737 6.91094,45.16644 6.90994,45.1658 6.90956,45.16575 6.90844,45.16582 6.90782,45.16609 6.90607,45.16734 6.90443,45.16789 6.90341,45.16781 6.902,45.16739 6.90096,45.16736 6.89891,45.16788 6.8973,45.16804 6.89624,45.16848 6.89497,45.16853 6.89396,45.16877 6.89369,45.16888 6.89341,45.16936 6.8932,45.16847 6.8929,45.16809 6.89266,45.16738 6.8919,45.16719 6.89154,45.16678 6.89153,45.16647 6.89206,45.16522 6.89139,45.16486 6.89131,45.16466 6.89222,45.16387 6.89119,45.16326 6.8912,45.1631 6.89202,45.16289 6.89189,45.16232 6.89129,45.16178 6.88962,45.16112 6.88623,45.1592 6.88468,45.15783 6.88406,45.15651 6.88425,45.15598 6.88497,45.1551 6.88543,45.15421 6.88649,45.15383 6.88791,45.15243 6.88894,45.15173 6.88947,45.15072 6.89004,45.15006 6.89012,45.14903 6.89056,45.14819 6.89048,45.14798 6.88913,45.14703 6.88929,45.14659 6.8907,45.14622 6.89111,45.1457 6.8929,45.14461 6.89584,45.14328 6.89757,45.14282 6.89808,45.14228 6.89825,45.14158 6.89716,45.13968 6.89479,45.13819 6.89427,45.13733 6.89372,45.13688 6.89178,45.13655 6.88683,45.13657 6.88154,45.1355 6.88132,45.13541 6.88109,45.13502 6.88019,45.1348 6.8785,45.1351 6.87658,45.13514 6.87434,45.13612 6.87366,45.13604 6.87156,45.13538 6.86967,45.13339 6.86712,45.13174 6.864,45.13116 6.86113,45.13035 6.85855,45.13029 6.85779,45.12998 6.85679,45.12908 6.85603,45.12872 6.85392,45.12847 6.85217,45.12779 6.84973,45.12735 6.84814,45.12726 6.8478,45.12736 6.84672,45.12869 6.84596,45.12928 6.84539,45.13036 6.84532,45.13082 6.84534,45.13213 6.84597,45.13281 6.84706,45.13489 6.84727,45.13535 6.84699,45.13565 6.8406,45.13544 6.83944,45.1358 6.83894,45.13581 6.83709,45.1352 6.83611,45.1352 6.83385,45.13651 6.83241,45.1382 6.83075,45.13923 6.8304,45.14022 6.82932,45.14093 6.82715,45.14196 6.82567,45.14215 6.82321,45.14325 6.82217,45.1443 6.82149,45.14542 6.82112,45.14537 6.82038,45.1447 6.81934,45.14424 6.81403,45.1479 6.8129,45.14852 6.81219,45.14835 6.8103,45.14834 6.80942,45.14878 6.8084,45.14891 6.80787,45.14935 6.80468,45.14954 6.80106,45.1504 6.7983,45.15172 6.79677,45.15309 6.79583,45.15333 6.79201,45.15361 6.78755,45.15343 6.78629,45.1542 6.78486,45.15536 6.78235,45.1567 6.78159,45.15737 6.77933,45.15821 6.77753,45.15855 6.77522,45.15861 6.77036,45.15946 6.76922,45.15979 6.76827,45.15985 6.76802,45.15972 6.76774,45.15906 6.76696,45.15811 6.76553,45.15764 6.76496,45.15713 6.76423,45.15615 6.7634,45.15544 6.7624,45.15404 6.76071,45.15247 6.76015,45.15254 6.75887,45.15227 6.75826,45.15132 6.75775,45.15096 6.75569,45.15048 6.75455,45.14997 6.7542,45.14919 6.75368,45.1486 6.75277,45.14649 6.75283,45.14518 6.75134,45.14368 6.74898,45.14222 6.74745,45.14159 6.74615,45.13973 6.74476,45.13883 6.74252,45.13791 6.74066,45.13757 6.73923,45.13707 6.73794,45.13728 6.73631,45.13834 6.73478,45.13872 6.73226,45.13886 6.73053,45.13866 6.7285,45.13921 6.7279,45.13896 6.7274,45.13851 6.72703,45.13847 6.72349,45.1396 6.72291,45.14004 6.7215,45.14059 6.71981,45.14155 6.71829,45.14204 6.715,45.14381 6.71153,45.14482 6.70966,45.14447 6.70779,45.14373 6.7056,45.14384 6.70355,45.14315 6.70289,45.14314 6.7004,45.14179 6.69919,45.14173 6.69711,45.14067 6.6962,45.14065 6.6943,45.14027 6.6938,45.14011 6.6929,45.13951 6.69201,45.13922 6.68649,45.13985 6.68306,45.13967 6.68104,45.14021 6.68041,45.1402 6.67671,45.13531 6.6746,45.13191 6.67408,45.13074 6.67422,45.12888 6.67346,45.12659 6.67321,45.12514 6.67272,45.12445 6.66973,45.12369 6.66569,45.12297 6.66469,45.12247 6.66433,45.12159 6.66384,45.12101 6.66289,45.12064 6.66176,45.12063 6.66058,45.12095 6.6597,45.12097 6.65908,45.12144 6.65876,45.12209 6.6564,45.12095 6.65475,45.11976 6.65175,45.11735 6.64952,45.11518 6.6488,45.11483 6.64784,45.11484 6.64471,45.11542 6.64288,45.11617 6.64224,45.11579 6.64121,45.11556 6.63524,45.11598 6.63307,45.11582 6.6329,45.11429 6.63302,45.11289 6.63284,45.1119 6.63301,45.11108 6.63268,45.11059 6.6302,45.10958 6.6297,45.10899 6.62912,45.10749 6.6284,45.10642 6.62696,45.10521 6.62682,45.10491 6.62664,45.10429 6.62672,45.10293 6.62737,45.10134 6.62734,45.10059 6.62816,45.10097 6.62983,45.10045 6.63088,45.09977 6.63178,45.09839 6.63209,45.09732 6.63199,45.09637 6.6316,45.09578 6.63172,45.09559 6.63292,45.09542 6.63314,45.09449 6.63374,45.09427 6.6352,45.0942 6.63574,45.09398 6.63627,45.09332 6.63821,45.09217 6.64031,45.09026 6.64106,45.08977 6.6415,45.08808 6.64128,45.08718 6.64166,45.0865 6.64191,45.0864 6.64274,45.08668 6.64336,45.08661 6.64413,45.08598 6.64786,45.08441 6.6477,45.08381 6.64665,45.08294 6.64632,45.08209 6.64605,45.08087 6.64609,45.07886 6.64543,45.07674 6.64539,45.07564 6.64794,45.0741 6.65117,45.07316 6.65155,45.0726 6.65313,45.07228 6.65347,45.07211 6.65395,45.07154 6.65516,45.07108 6.65877,45.07194 6.66157,45.07198 6.66215,45.07186 6.66212,45.07112 6.66267,45.06999 6.66263,45.06929 6.66246,45.06889 6.66182,45.06829 6.66174,45.06786 6.66276,45.06408 6.66287,45.06128 6.66354,45.05913 6.66408,45.05811 6.66419,45.05749 6.66361,45.05654 6.66152,45.05451 6.65823,45.05266 6.65928,45.05169 6.66044,45.05111 6.66161,45.05003 6.66319,45.04895 6.66626,45.04816 6.66779,45.04627 6.66844,45.04591 6.67021,45.04411 6.67015,45.04345 6.67058,45.04253 6.67066,45.04196 6.66852,45.04156 6.66673,45.04088 6.66608,45.04045 6.66601,45.03992 6.66627,45.03792 6.66584,45.03731 6.66505,45.03703 6.66449,45.0365 6.66436,45.03585 6.66455,45.0352 6.66449,45.03422 6.66526,45.03313 6.6653,45.03172 6.66645,45.03037 6.66795,45.02922 6.66951,45.02849 6.66983,45.02853 6.67037,45.02907 6.67063,45.02913 6.6712,45.02885 6.67142,45.02727 6.67135,45.02623 6.67106,45.02517 6.67155,45.02303 6.67371,45.01977 6.67506,45.01953 6.67564,45.01962 6.67704,45.02069 6.67788,45.02088 6.67995,45.02084 6.68233,45.02213 6.68348,45.02245 6.6844,45.02237 6.68561,45.02159 6.68697,45.02111 6.6914,45.02072 6.69971,45.02088 6.70221,45.02106 6.70747,45.02181 6.70929,45.02158 6.71066,45.02101 6.7115,45.02089 6.71632,45.02088 6.71756,45.02066 6.72014,45.02158 6.72082,45.02204 6.72281,45.02216 6.72562,45.02173 6.72765,45.02057 6.72949,45.02055 6.73098,45.02001 6.73403,45.01852 6.73529,45.01816 6.73873,45.01767 6.74226,45.01673 6.74418,45.01556 6.74624,45.01386 6.74639,45.0136 6.74626,45.01323 6.7456,45.01264 6.74498,45.01173 6.74508,45.0111 6.74662,45.00849 6.74749,45.00787 6.74764,45.00704 6.74807,45.00647 6.74828,45.00506 6.74855,45.00458 6.75008,45.00312 6.75021,45.00089 6.75089,44.99878 6.75069,44.99839 6.75026,44.99807 6.75017,44.99757 6.75151,44.99729 6.75177,44.99703 6.75105,44.99598 6.75023,44.99559 6.74954,44.9955 6.74896,44.99576 6.74733,44.99564 6.74562,44.99514 6.74293,44.99527 6.74244,44.99514 6.74085,44.99413 6.73743,44.99359 6.73754,44.99207 6.73782,44.99178 6.73789,44.98961 6.73799,44.98939 6.7385,44.98918 6.7394,44.98931 6.74085,44.98924 6.74171,44.98895 6.74413,44.98773 6.74714,44.9858 6.74916,44.98508 6.74951,44.98455 6.74972,44.98137 6.75076,44.97966 6.75005,44.97795 6.75495,44.97566 6.75703,44.97415 6.75779,44.97377 6.76267,44.97203 6.76303,44.97176 6.76571,44.96283 6.7656,44.95959 6.76532,44.95901 6.76146,44.95379 6.75832,44.94924 6.7582,44.94899 6.7583,44.94814 6.75652,44.94706 6.75642,44.94594 6.75629,44.94584 6.75344,44.94577 6.7529,44.9445 6.75312,44.94317 6.75023,44.94074 6.74676,44.93907 6.74534,44.93713 6.74413,44.93699 6.74361,44.93617 6.74397,44.93588 6.74482,44.93569 6.74698,44.93616 6.74788,44.93608 6.7487,44.93657 6.74942,44.93633 6.7524,44.93806 6.75371,44.93824 6.75425,44.93814 6.75456,44.93767 6.75736,44.93734 6.75854,44.93602 6.75974,44.93525 6.75989,44.93462 6.76059,44.93387 6.76068,44.93327 6.76042,44.93211 6.76107,44.93112 6.76078,44.93072 6.75931,44.93077 6.75782,44.9313 6.75688,44.93132 6.7559,44.93185 6.75415,44.93197 6.75418,44.93124 6.75481,44.93035 6.75395,44.92927 6.75381,44.92836 6.75353,44.9277 6.75284,44.92694 6.75141,44.92579 6.75099,44.92504 6.74993,44.92407 6.74843,44.9223 6.74845,44.92185 6.74965,44.92025 6.75143,44.91983 6.75187,44.91958 6.75136,44.91804 6.75193,44.91724 6.75189,44.91709 6.75133,44.91645 6.75043,44.91433 6.75071,44.91392 6.75079,44.91344 6.75089,44.91208 6.75075,44.91029 6.75057,44.90941 6.74973,44.90747 6.74983,44.90719 6.75128,44.90577 6.7546,44.9051 6.7571,44.90437 6.76066,44.90273 6.76603,44.90225 6.76849,44.90294 6.76936,44.90296 6.77149,44.90341 6.77191,44.90329 6.77311,44.90255 6.77468,44.90112 6.77619,44.90063 6.77678,44.90017 6.77704,44.899 6.77843,44.89799 6.77879,44.89593 6.77868,44.89542 6.77932,44.89482 6.7796,44.89414 6.77961,44.89346 6.77981,44.89313 6.78083,44.89296 6.78269,44.89389 6.7839,44.89364 6.78366,44.89269 6.78367,44.89163 6.78406,44.89101 6.78408,44.89038 6.78495,44.8895 6.78475,44.88846 6.78488,44.88827 6.78568,44.88843 6.78736,44.88943 6.78852,44.88969 6.79029,44.89043 6.79118,44.89021 6.79196,44.88955 6.79261,44.88935 6.79425,44.88988 6.79711,44.89155 6.79764,44.89157 6.80009,44.89106 6.80172,44.89104 6.80063,44.88913 6.80023,44.8878 6.80011,44.88644 6.80037,44.88407 6.80051,44.88343 6.80192,44.8806 6.80331,44.8793 6.80473,44.87856 6.80606,44.87808 6.80861,44.87672 6.80951,44.87579 6.8099,44.87514 6.81076,44.87494 6.81269,44.87483 6.8143,44.87425 6.8189,44.87141 6.82273,44.87034 6.82464,44.86888 6.82718,44.86809 6.83062,44.86778 6.83128,44.86676 6.83244,44.86584 6.83254,44.86515 6.83316,44.86399 6.83833,44.86174 6.83854,44.86115 6.83979,44.86061 6.84048,44.86004 6.84122,44.85967 6.84319,44.85982 6.8452,44.85944 6.84702,44.8586 6.84862,44.85839 6.85018,44.85779 6.85134,44.85759 6.85359,44.8579 6.85473,44.85787 6.85592,44.85638 6.85813,44.85519 6.8586,44.85412 6.85937,44.85322 6.86023,44.85263 6.86087,44.85254 6.86149,44.85187 6.86235,44.8514 6.86348,44.85045 6.86804,44.85026 6.87025,44.84968 6.87167,44.8501 6.87263,44.85005 6.8739,44.85063 6.87593,44.85067 6.87721,44.8511 6.87781,44.85064 6.87965,44.84983 6.88244,44.84937 6.88314,44.84809 6.88406,44.84734 6.88637,44.84695 6.89266,44.8481 6.89596,44.84758 6.89761,44.84804 6.89928,44.84804 6.90124,44.84769 6.9033,44.84796 6.90417,44.84746 6.90512,44.84664 6.90627,44.84476 6.90687,44.84418 6.9074,44.84408 6.91051,44.84464 6.91216,44.84454 6.91275,44.84479 6.91378,44.84571 6.91427,44.84632 6.91454,44.84712 6.9148,44.84731 6.91786,44.84853 6.91944,44.84953 6.92154,44.85058 6.92254,44.85138 6.92354,44.85353 6.92587,44.85594 6.92679,44.85657 6.92675,44.85724 6.92611,44.8588 6.92616,44.85923 6.92768,44.8601 6.92901,44.86111 6.93031,44.86276 6.93145,44.86375 6.93285,44.86252 6.93337,44.86232 6.93568,44.86202 6.93692,44.8609 6.93791,44.86039 6.94385,44.85953 6.94532,44.85818 6.94633,44.85769 6.95077,44.85595 6.95298,44.85584 6.95443,44.85527 6.95656,44.85362 6.95725,44.85331 6.95764,44.85279 6.95908,44.85237 6.96029,44.85133 6.96178,44.85056 6.96348,44.85005 6.96534,44.8492 6.96619,44.84912 6.96709,44.84861 6.96728,44.848 6.9681,44.8472 6.97194,44.84639 6.97457,44.84657 6.97578,44.84631 6.97816,44.84697 6.97907,44.84683 6.97964,44.84696 6.98141,44.84695 6.98327,44.84647 6.98408,44.84575 6.98518,44.84537 6.98666,44.84491 6.98761,44.8449 6.9884,44.84453 6.99011,44.8442 6.9936,44.84252 6.9966,44.84243 6.99997,44.8426 7.00145,44.84235 7.00356,44.84099 7.00651,44.83987 7.00684,44.83802 7.00648,44.83739 7.00627,44.83558 7.00647,44.83517 7.0075,44.83409 7.00864,44.83199 7.0089,44.82974 7.00954,44.82874 7.00954,44.82807 7.00915,44.82691 7.00945,44.82637 7.01158,44.82539 7.01244,44.82515 7.01404,44.82531 7.01581,44.82485 7.0169,44.82484 7.01798,44.82506 7.02026,44.82471 7.02104,44.82438 7.02153,44.82365 7.02376,44.82333 7.02405,44.82303 7.02383,44.82239 7.02288,44.82125 7.02085,44.82046 7.01994,44.81935 7.01968,44.81776 7.02007,44.81699 7.02017,44.8157 7.01998,44.81498 7.01941,44.81441 7.01954,44.81369 7.01915,44.81271 7.0184,44.81229 7.01751,44.8121 7.01611,44.81086 7.01586,44.81025 7.01451,44.80968 7.01429,44.80944 7.01399,44.80793 7.01323,44.80596 7.01236,44.8047 7.01225,44.80429 7.01186,44.80384 7.01013,44.80257 7.00936,44.80176 7.00928,44.80129 7.0098,44.79923 7.00958,44.79846 7.00783,44.79797 7.00462,44.79795 7.00416,44.79781 7.00127,44.79584 7.00107,44.79262 7.00081,44.79181 7.00009,44.79123 6.99961,44.79055 6.9994,44.78972 6.99992,44.78901 7.00061,44.7889 7.00124,44.78816 7.00336,44.78646 7.00501,44.78583 7.00657,44.78501 7.01071,44.78409 7.01138,44.78366 7.01431,44.78024 7.01515,44.77874 7.01666,44.77799 7.01791,44.77699 7.01879,44.77652 7.01908,44.77596 7.01908,44.77529 7.01956,44.77454 7.01982,44.77377 7.01976,44.77322 7.01999,44.77248 7.02038,44.77199 7.02214,44.77101 7.02341,44.77058 7.02365,44.77 7.02431,44.76933 7.02447,44.76889 7.02273,44.76746 7.02222,44.76676 7.02147,44.76614 7.02139,44.76559 7.02227,44.76484 7.02394,44.76399 7.02452,44.76315 7.02499,44.76121 7.02487,44.7609 7.02501,44.75985 7.02467,44.75908 7.02491,44.75837 7.02476,44.75683 7.02498,44.75631 7.02437,44.75605 7.02403,44.7556 7.02219,44.75499 7.02181,44.75472 7.02171,44.75333 7.02147,44.75262 7.02146,44.75175 7.02131,44.75153 7.02191,44.75006 7.02189,44.74954 7.02368,44.74891 7.0251,44.74735 7.02619,44.74556 7.02635,44.74469 7.02566,44.74296 7.02496,44.74196 7.02352,44.74052 7.02334,44.73995 7.02454,44.73869 7.02646,44.73721 7.02711,44.73612 7.02753,44.73571 7.02883,44.7348 7.02994,44.73368 7.03032,44.73279 7.03035,44.73178 7.02966,44.73009 7.02969,44.72983 7.03029,44.72945 7.03112,44.72855 7.03323,44.72738 7.03415,44.72665 7.03552,44.7253 7.03779,44.72253 7.03923,44.7212 7.04023,44.71999 7.04153,44.71907 7.04292,44.71836 7.04987,44.71619 7.05153,44.71596 7.05347,44.71518 7.05492,44.71503 7.05662,44.7151 7.06139,44.71444 7.06322,44.71395 7.06529,44.71374 7.06588,44.7132 7.06658,44.71189 7.06658,44.71103 7.06642,44.71061 7.06548,44.70981 7.06517,44.70933 7.06548,44.70823 7.06636,44.70734 7.06752,44.70581 7.0677,44.70521 7.0676,44.70388 7.06719,44.70292 7.07058,44.70125 7.07309,44.69638 7.07333,44.6955 7.0731,44.69447 7.07321,44.69378 7.07439,44.6922 7.07551,44.69025 7.07551,44.68989 7.07474,44.68816 7.0748,44.68762 7.07633,44.68258 7.07774,44.67972 7.07772,44.67847 7.07648,44.67774 7.07571,44.67767 7.07345,44.67822 7.07173,44.67926 7.0704,44.67976 7.06894,44.68006 7.06584,44.68018 7.06445,44.68042 7.06362,44.68032 7.06114,44.67956 7.05996,44.68031 7.0576,44.68132 7.05493,44.68272 7.05335,44.68299 7.05004,44.68286 7.04857,44.68308 7.04787,44.68341 7.04696,44.68425 7.04346,44.68552 7.04067,44.68692 7.03897,44.68849 7.03781,44.68929 7.03171,44.69123 7.03033,44.69161 7.0291,44.69168 7.02609,44.69083 7.02419,44.69141 7.02051,44.69024 7.01906,44.68955 7.01413,44.68925 7.013,44.68878 7.01214,44.68823 7.0111,44.68792 7.0104,44.68813 7.00877,44.68953 7.00843,44.68959 7.00534,44.68788 7.0031,44.68544 7.0029,44.68547 7.00173,44.6875 6.99921,44.69066 6.99664,44.69047 6.99372,44.68952 6.99188,44.68981 6.99071,44.6897 6.98861,44.68906 6.98609,44.68802 6.98439,44.68673 6.98253,44.68489 6.98199,44.68454 6.97951,44.68383 6.97754,44.68366 6.97695,44.68296 6.97615,44.68144 6.97541,44.68075 6.97462,44.68014 6.97215,44.67889 6.97118,44.67804 6.97104,44.67766 6.97076,44.67744 6.96558,44.67785 6.96295,44.67892 6.96211,44.67747 6.96009,44.67307 6.95942,44.67208 6.95829,44.67127 6.95779,44.67053 6.95805,44.66951 6.95853,44.66845 6.95868,44.6676 6.95866,44.66631 6.95839,44.6658 6.95734,44.66433 6.95625,44.66232 6.95529,44.66129 6.95409,44.66041 6.95164,44.65906 6.95042,44.65805 6.94931,44.65685 6.94894,44.65636 6.94819,44.65367 6.94828,44.6525 6.94889,44.6515 6.9504,44.64975 6.95262,44.64805 6.95383,44.64605 6.95414,44.64467 6.95397,44.64335 6.95325,44.64185 6.95309,44.64071 6.95322,44.64026 6.95527,44.63669 6.95713,44.634 6.96098,44.62965 6.96337,44.62938 6.96418,44.6291 6.96726,44.62704 6.96872,44.62586 6.96834,44.62429 6.96695,44.62267 6.96669,44.62217 6.96692,44.62144 6.96694,44.62037 6.96658,44.61965 6.96488,44.61876 6.96427,44.61882 6.96194,44.61979 6.95823,44.62177 6.95435,44.62055 6.95125,44.62003 6.94987,44.61934 6.94954,44.61888 6.94887,44.61678 6.94897,44.61484 6.94975,44.61248 6.94981,44.61165 6.94959,44.61004 6.94925,44.60924 6.94725,44.60728 6.94545,44.60638 6.94322,44.60628 6.94076,44.60509 6.9389,44.60501 6.93823,44.6048 6.93765,44.6044 6.937,44.60343 6.93681,44.60181 6.93753,44.60023 6.93856,44.59904 6.93448,44.59737 6.93385,44.59669 6.9334,44.59541 6.93289,44.59287 6.93339,44.59128 6.93338,44.58793 6.93353,44.58616 6.93348,44.58584 6.93196,44.58348 6.93163,44.58135 6.93298,44.5797 6.93321,44.57475 6.93203,44.57392 6.92977,44.57285 6.92684,44.57185 6.92376,44.57125 6.92095,44.56982 6.92012,44.56971 6.91835,44.56982 6.91467,44.56956 6.91309,44.56907 6.91275,44.56866 6.91322,44.56735 6.91296,44.56629 6.91323,44.56568 6.91421,44.5644 6.91434,44.56352 6.91588,44.56197 6.91414,44.55929 6.90921,44.55782 6.90699,44.5575 6.9053,44.55686 6.90417,44.55566 6.90204,44.55392 6.90171,44.55386 6.90079,44.5541 6.89875,44.55558 6.89537,44.55557 6.89197,44.55472 6.89145,44.55425 6.89056,44.55269 6.89014,44.55227 6.88397,44.55196 6.88166,44.55294 6.88004,44.55416 6.87913,44.55438 6.87851,44.55429 6.87787,44.55352 6.87684,44.55284 6.87631,44.55193 6.8761,44.55121 6.87602,44.54994 6.87691,44.549 6.87689,44.54708 6.87647,44.54684 6.87426,44.54665 6.87308,44.54595 6.87169,44.54375 6.87077,44.54151 6.86997,44.53912 6.8699,44.53762 6.86968,44.53718 6.86884,44.53658 6.86809,44.53641 6.86424,44.53628 6.86215,44.53534 6.85835,44.5344 6.85735,44.53354 6.85645,44.533 6.8556,44.5319 6.8556,44.53121 6.85526,44.53036 6.85332,44.52875 6.85338,44.52843 6.85408,44.52757 6.85525,44.52653 6.85691,44.52363 6.85785,44.52135 6.85733,44.52055 6.85731,44.51929 6.85635,44.51717 6.85699,44.51372 6.85726,44.51342 6.85865,44.51264 6.8586,44.51181 6.85959,44.50968 6.85952,44.50936 6.8581,44.50718 6.86096,44.5045 6.86136,44.50367 6.86164,44.50019 6.8642,44.4991 6.86493,44.4974 6.86501,44.49619 6.8653,44.49549 6.86639,44.49449 6.86785,44.49363 6.86864,44.49281 6.8704,44.49172 6.87091,44.49091 6.87237,44.49054 6.87595,44.48911 6.87709,44.48836 6.87741,44.48773 6.87753,44.48674 6.87727,44.48572 6.8773,44.48471 6.87603,44.4828 6.876,44.48214 6.87673,44.48127 6.88075,44.47937 6.88112,44.47888 6.88159,44.47776 6.88221,44.47702 6.88325,44.47623 6.88588,44.47545 6.88645,44.47486 6.88861,44.47374 6.89124,44.47209 6.89499,44.47158 6.89592,44.47134 6.89703,44.47078 6.89844,44.47074 6.90175,44.47029 6.90376,44.46902 6.90638,44.46767 6.90632,44.46664 6.90751,44.46337 6.90791,44.46088 6.90881,44.45908 6.91028,44.45757 6.91077,44.45616 6.9119,44.45413 6.91205,44.4534 6.91145,44.45237 6.91214,44.45124 6.9153,44.44916 6.91638,44.4487 6.91766,44.4485 6.91829,44.44771 6.91874,44.44748 6.91911,44.44683 6.92103,44.44576 6.92443,44.44531 6.92529,44.44492 6.92583,44.44434 6.92667,44.4439 6.92908,44.44314 6.9301,44.44251 6.93242,44.44194 6.93293,44.44154 6.93334,44.44047 6.93495,44.44013 6.9364,44.44011 6.93671,44.4398 6.93693,44.4391 6.93841,44.43777 6.93901,44.43687 6.93936,44.43543 6.93965,44.43489 6.93955,44.434 6.94179,44.43289 6.94447,44.43262 6.94493,44.43192 6.94813,44.42992 6.94706,44.42739 6.94642,44.42705 6.94487,44.42784 6.93457,44.42995 6.93413,44.42984 6.93231,44.42851 6.93256,44.42524 6.93112,44.42447 6.92932,44.4245 6.92726,44.42411 6.92575,44.42336 6.92481,44.4226 6.92242,44.42336 6.92072,44.42561 6.91779,44.42775 6.91745,44.4276 6.91634,44.4265 6.91357,44.42432 6.9068,44.42287 6.9029,44.42072 6.90254,44.42066 6.90213,44.42082 6.89919,44.42229 6.89705,44.42101 6.89403,44.42077 6.89262,44.42088 6.89241,44.42025 6.89318,44.41893 6.89286,44.41791 6.89349,44.41646 6.89388,44.41387 6.89428,44.41309 6.89402,44.41019 6.89432,44.40968 6.89535,44.40869 6.89706,44.40733 6.89725,44.40691 6.89729,44.40622 6.89778,44.40557 6.89747,44.40455 6.89712,44.40406 6.89484,44.40233 6.89436,44.4001 6.89428,44.3988 6.89438,44.39763 6.89603,44.39618 6.8966,44.39544 6.89685,44.39479 6.89547,44.39263 6.8954,44.39126 6.89518,44.39059 6.89459,44.3901 6.89427,44.38944 6.89485,44.38826 6.89549,44.38754 6.89548,44.38672 6.89582,44.385 6.89584,44.3829 6.89535,44.38145 6.89498,44.38083 6.89516,44.37909 6.89609,44.37657 6.89722,44.37526 6.8972,44.37505 6.89648,44.37396 6.89623,44.37243 6.89543,44.37063 6.8948,44.37 6.89263,44.36835 6.89188,44.36796 6.89079,44.36831 6.88967,44.36807 6.888,44.36736 6.8869,44.3652 6.88695,44.36388 6.8874,44.36246 6.88737,44.36179 6.88761,44.36127 6.88794,44.36108 6.88921,44.36099 6.89359,44.35958 6.89455,44.35951 6.8972,44.35868 6.89886,44.35835 6.90001,44.35754 6.90372,44.35836 6.90508,44.35851 6.90562,44.35842 6.90733,44.35728 6.90874,44.35691 6.90956,44.35626 6.90982,44.35447 6.91026,44.35386 6.91062,44.35366 6.91185,44.35327 6.91465,44.35357 6.9185,44.35298 6.92027,44.35198 6.92198,44.35159 6.92201,44.35125 6.92235,44.35078 6.92235,44.34999 6.92251,44.34984 6.92269,44.34838 6.92297,44.34803 6.92243,44.34714 6.92231,44.34648 6.92098,44.3453 6.92136,44.34359 6.92171,44.34282 6.92249,44.34181 6.92443,44.34107 6.92416,44.34048 6.92425,44.33977 6.92472,44.33909 6.92574,44.33822 6.92556,44.33789 6.9256,44.33763 6.92616,44.33711 6.92683,44.33549 6.92651,44.33426 6.92653,44.33364 6.92719,44.33269 6.92777,44.33232 6.9307,44.33159 6.93186,44.33085 6.93352,44.33016 6.93522,44.32999 6.93686,44.32894 6.93716,44.32868 6.93726,44.32788 6.93854,44.32465 6.94177,44.32464 6.94333,44.32377 6.94487,44.32155 6.94558,44.32102 6.94851,44.32024 6.94981,44.31965 6.9524,44.31958 6.95302,44.31936 6.95329,44.31886 6.95319,44.31724 6.95371,44.31597 6.95441,44.31516 6.95508,44.31466 6.95778,44.31351 6.9587,44.3124 6.96025,44.31149 6.96066,44.31053 6.96074,44.30932 6.96099,44.30867 6.96015,44.30775 6.95998,44.30687 6.95915,44.30654 6.95791,44.30508 6.95828,44.30309 6.95864,44.3022 6.95859,44.30147 6.95568,44.29802 6.95583,44.29708 6.95721,44.29545 6.95979,44.29411 6.96041,44.29405 6.96094,44.29422 6.96266,44.2936 6.96315,44.29361 6.96349,44.29382 6.96385,44.29444 6.96554,44.29466 6.96602,44.29491 6.96637,44.29541 6.96696,44.29547 6.96875,44.29475 6.97005,44.29447 6.97106,44.29377 6.97108,44.29284 6.97136,44.29244 6.97137,44.29124 6.97042,44.28948 6.96971,44.28894 6.96951,44.28862 6.96948,44.28798 6.96888,44.28686 6.96981,44.28548 6.97086,44.28484 6.97164,44.28399 6.97378,44.28419 6.97482,44.28502 6.97725,44.28575 6.97753,44.28614 6.97858,44.28647 6.97921,44.28687 6.9812,44.28706 6.98166,44.28681 6.98252,44.28561 6.98313,44.28505 6.98379,44.2847 6.98693,44.28431 6.9895,44.28349 6.99114,44.28231 6.99403,44.28059 6.99577,44.28022 6.99559,44.27982 6.99499,44.27932 6.99506,44.27869 6.99457,44.27781 6.99461,44.27747 6.99629,44.27454 6.99724,44.27394 6.99748,44.2734 6.99697,44.27193 6.9958,44.2703 6.99563,44.26983 6.99552,44.26869 6.996,44.267 6.9964,44.26649 6.99538,44.26519 6.99611,44.26445 6.99692,44.26324 6.99719,44.26197 6.99768,44.26143 6.99758,44.26079 6.99847,44.25904 6.99773,44.2571 6.99771,44.25649 6.99801,44.25597 6.99708,44.25504 6.99697,44.25378 6.99714,44.25311 6.99647,44.25187 6.9975,44.25119 6.99823,44.25 6.99838,44.24897 6.99926,44.24789 7.00076,44.24694 7.00045,44.24546 7.00072,44.24368 7.00221,44.24311 7.00336,44.24243 7.00404,44.2418 7.00526,44.23967 7.00614,44.23874 7.00713,44.23721 7.00785,44.23651 7.00834,44.23549 7.00869,44.23534 7.01133,44.23545 7.01363,44.2351 7.01411,44.23399 7.01535,44.23277 7.01683,44.23234 7.01933,44.23228 7.01985,44.23144 7.01999,44.23041 7.01974,44.22907 7.01901,44.22712 7.01912,44.22679 7.02228,44.22545 7.02487,44.22473 7.02863,44.22415 7.03107,44.22352 7.03438,44.22321 7.03631,44.22328 7.03885,44.22365 7.03981,44.22403 7.04149,44.22513 7.04279,44.22535 7.0454,44.22652 7.04818,44.22712 7.05114,44.22849 7.05358,44.2287 7.05578,44.22939 7.05652,44.22939 7.05781,44.22896 7.06149,44.22688 7.06343,44.22716 7.06418,44.22743 7.06544,44.22832 7.06544,44.22857 7.06456,44.22883 7.0646,44.22944 7.0688,44.23257 7.07004,44.23293 7.07137,44.23292 7.07537,44.23222 7.07661,44.23221 7.07761,44.23186 7.07933,44.23157 7.0806,44.23061 7.08344,44.22952 7.08588,44.22936 7.08635,44.22917 7.08721,44.22791 7.0886,44.22729 7.08915,44.22613 7.09062,44.22478 7.09069,44.22424 7.09045,44.22383 7.09109,44.22165 7.09149,44.221 7.09209,44.22065 7.09276,44.22064 7.09423,44.2212 7.09597,44.2209 7.09682,44.22058 7.09909,44.22065 7.10036,44.22128 7.1015,44.22062 7.10309,44.22037 7.10392,44.21946 7.10427,44.21926 7.10554,44.21891 7.10754,44.21803 7.10909,44.21809 7.11015,44.21767 7.11183,44.21737 7.11467,44.21736 7.11636,44.21658 7.11727,44.21563 7.11832,44.21523 7.11818,44.21485 7.1186,44.21508 7.11928,44.21509 7.12027,44.21355 7.1217,44.21217 7.12286,44.21198 7.12435,44.21119 7.12553,44.2111 7.12621,44.21081 7.12843,44.20901 7.12939,44.20782 7.13087,44.20672 7.13335,44.20555 7.13591,44.20488 7.13776,44.20338 7.13826,44.20265 7.14133,44.20099 7.14314,44.20031 7.14382,44.20019 7.14562,44.20041 7.1476,44.20022 7.14836,44.20033 7.14887,44.20131 7.15016,44.20238 7.15174,44.20316 7.1556,44.2038 7.15642,44.20411 7.15873,44.20572 7.16218,44.20784 7.16302,44.20819 7.16353,44.20812 7.16564,44.20642 7.16643,44.20498 7.16639,44.20386 7.16657,44.20322 7.1672,44.20258 7.16826,44.20238 7.17023,44.20169 7.17081,44.20189 7.17214,44.20161 7.17488,44.20043 7.17559,44.19989 7.17671,44.19868 7.17753,44.19715 7.17912,44.19757 7.18074,44.19842 7.18307,44.19899 7.18505,44.20059 7.18611,44.20125 7.18694,44.20128 7.18782,44.20109 7.18843,44.2008 7.18872,44.20024 7.18908,44.19888 7.18832,44.19792 7.18925,44.19689 7.18947,44.19567 7.18981,44.19486 7.1907,44.19425 7.19086,44.19343 7.19147,44.19298 7.19177,44.19234 7.19384,44.18972 7.19349,44.18724 7.19614,44.18646 7.19745,44.18636 7.19998,44.18711 7.20036,44.18718 7.20085,44.18703 7.20192,44.18592 7.2038,44.18465 7.20472,44.18247 7.20494,44.18097 7.2049,44.17974 7.20517,44.17914 7.20846,44.17773 7.20923,44.17725 7.21113,44.17655 7.21326,44.17528 7.21419,44.17498 7.21442,44.17453 7.21467,44.17326 7.21566,44.17223 7.21608,44.17104 7.21663,44.17065 7.21835,44.1701 7.21857,44.16985 7.21866,44.16912 7.21895,44.1687 7.22008,44.16837 7.22095,44.16841 7.22456,44.16916 7.22637,44.1685 7.22748,44.1683 7.22882,44.16851 7.22903,44.16872 7.22902,44.16928 7.22929,44.16952 7.23077,44.17062 7.23201,44.17105 7.23304,44.17172 7.23379,44.17409 7.23508,44.17495 7.23518,44.17533 7.23558,44.17551 7.23718,44.17435 7.23832,44.17373 7.24136,44.17334 7.24182,44.17312 7.24285,44.17203 7.2436,44.17172 7.24335,44.17112 7.24345,44.16979 7.24305,44.16848 7.24356,44.1679 7.24399,44.16703 7.24485,44.16615 7.245,44.16568 7.24497,44.16455 7.2454,44.16378 7.2466,44.1629 7.2474,44.16179 7.24817,44.15919 7.24897,44.158 7.2511,44.15674 7.25144,44.15628 7.25201,44.15593 7.25358,44.15563 7.25523,44.15551 7.25611,44.15564 7.25667,44.15546 7.25731,44.15481 7.259,44.15366 7.25993,44.15119 7.26037,44.15043 7.26157,44.14942 7.26263,44.14802 7.26628,44.1481 7.26874,44.14788 7.26985,44.1475 7.27116,44.14774 7.27227,44.14766 7.27357,44.14649 7.27459,44.145 7.27797,44.14364 7.27844,44.14321 7.27948,44.14172 7.28061,44.14087 7.28254,44.14087 7.28584,44.14246 7.2866,44.14361 7.28692,44.14448 7.28744,44.14491 7.28827,44.14523 7.29159,44.14528 7.29361,44.1456 7.2954,44.14415 7.29684,44.14457 7.29759,44.1444 7.29883,44.1448 7.30085,44.14492 7.30368,44.14609 7.30644,44.14484 7.30808,44.14382 7.30848,44.14378 7.30901,44.14423 7.31051,44.14761 7.31245,44.14659 7.31402,44.14529 7.31559,44.14469 7.31711,44.14344 7.3176,44.14328 7.32161,44.14295 7.32271,44.14354 7.32534,44.14395 7.3263,44.14453 7.32739,44.14479 7.32898,44.14474 7.33221,44.14394 7.33309,44.14412 7.33462,44.1452 7.33602,44.14498 7.33734,44.14504 7.33895,44.14553 7.34058,44.14549 7.34103,44.14592 7.34157,44.14611 7.34254,44.14599 7.34449,44.14522 7.34478,44.14501 7.34515,44.14409 7.34561,44.14353 7.34543,44.14282 7.34599,44.14184 7.34599,44.14123 7.34661,44.14012 7.34639,44.13879 7.34661,44.13773 7.34561,44.13661 7.34689,44.13629 7.34774,44.13525 7.34841,44.13326 7.34905,44.13231 7.34961,44.13183 7.35003,44.13072 7.35063,44.12989 7.35133,44.12806 7.35142,44.12712 7.35188,44.12628 7.35255,44.12575 7.35378,44.12553 7.35428,44.125 7.3551,44.12311 7.35515,44.12235 7.35638,44.12026 7.35668,44.11887 7.35677,44.11689 7.35721,44.11644 7.35784,44.11615 7.36061,44.11635 7.3622,44.11666 7.36423,44.11742 7.36519,44.11756 7.36654,44.11724 7.36741,44.11672 7.36808,44.11658 7.37118,44.11753 7.37267,44.11854 7.37499,44.11907 7.3759,44.12009 7.37648,44.1204 7.38125,44.12211 7.38408,44.12276 7.3846,44.12335 7.3854,44.12369 7.38646,44.12399 7.38781,44.12413 7.38956,44.12482 7.39129,44.12446 7.39225,44.12497 7.39302,44.12511 7.39332,44.12507 7.3954,44.12387 7.39665,44.12342 7.40019,44.12091 7.40268,44.11946 7.40375,44.11908 7.40535,44.11818 7.40611,44.1181 7.40717,44.11835 7.40795,44.11873 7.40907,44.1196 7.41138,44.11961 7.41282,44.11907 7.41473,44.11897 7.41606,44.11816 7.41581,44.11705 7.4163,44.11631 7.41788,44.11529 7.41967,44.11489 7.4222,44.1127 7.42386,44.1122 7.42522,44.11201 7.42613,44.11234 7.42718,44.11336 7.42731,44.11486 7.42792,44.11615 7.42624,44.11927 7.42614,44.1207 7.427,44.12155 7.42854,44.12244 7.42912,44.12297 7.42963,44.12384 7.42941,44.12514 7.42951,44.12546 7.43017,44.12595 7.43053,44.12715 7.43052,44.12755 7.43019,44.12774 7.43002,44.1281 7.43014,44.12839 7.42984,44.12994 7.42996,44.13017 7.43132,44.13046 7.43274,44.13038 7.43536,44.1294 7.43693,44.12904 7.43825,44.12895 7.43993,44.12842 7.44329,44.12778 7.44575,44.12899 7.44836,44.12916 7.44953,44.1286 7.45222,44.1277 7.4546,44.12771 7.4556,44.12753 7.45787,44.12634 7.45971,44.12593 7.46472,44.12819 7.46526,44.12908 7.4656,44.12934 7.4678,44.13072 7.46943,44.1313 7.47156,44.13286 7.47451,44.13357 7.47521,44.13348 7.47602,44.13304 7.47737,44.13283 7.48342,44.13354 7.48484,44.13475 7.4882,44.13597 7.48912,44.13657 7.49051,44.13665 7.49103,44.13687 7.49263,44.13976 7.49372,44.14084 7.49645,44.14147 7.49845,44.14214 7.50148,44.14264 7.50289,44.14328 7.50367,44.14339 7.50549,44.14329 7.50685,44.14456 7.50829,44.14465 7.50863,44.14452 7.50866,44.14349 7.50899,44.14277 7.51156,44.1421 7.51179,44.14172 7.51199,44.14068 7.51516,44.13839 7.51545,44.13834 7.51814,44.13901 7.52025,44.13784 7.52191,44.13796 7.52262,44.13835 7.52291,44.13896 7.52526,44.13921 7.52636,44.13977 7.52682,44.14033 7.52767,44.14199 7.52901,44.14336 7.52949,44.14439 7.52981,44.14572 7.53049,44.14667 7.53142,44.1469 7.53324,44.14769 7.53423,44.14839 7.53473,44.14839 7.53496,44.14822 7.53505,44.14741 7.53532,44.14707 7.53654,44.14649 7.53804,44.14614 7.53832,44.14577 7.53867,44.14563 7.54102,44.14534 7.54264,44.14535 7.54355,44.14545 7.54661,44.14645 7.54845,44.14572 7.54924,44.14616 7.55055,44.14608 7.54968,44.14667 7.55295,44.14679 7.55314,44.14691 7.55315,44.14722 7.55492,44.14725 7.55426,44.14772 7.55449,44.148 7.55633,44.14751 7.55725,44.1475 7.5583,44.14807 7.55865,44.1489 7.55919,44.14948 7.55953,44.14959 7.56033,44.14954 7.56122,44.14911 7.56224,44.15026 7.56426,44.15125 7.56529,44.15197 7.5651,44.15251 7.56372,44.15452 7.5636,44.15504 7.56374,44.15713 7.5645,44.15593 7.56519,44.15554 7.56792,44.15473 7.56857,44.15381 7.57227,44.15202 7.57292,44.15222 7.57441,44.1535 7.57536,44.1539 7.57599,44.15397 7.57677,44.1537 7.57853,44.15228 7.57915,44.15202 7.58253,44.15179 7.58356,44.15154 7.58507,44.15071 7.58881,44.15033 7.58926,44.15036 7.59156,44.15139 7.59259,44.1515 7.5949,44.15246 7.59737,44.15288 7.59778,44.15276 7.59831,44.1519 7.59862,44.15172 7.60108,44.15109 7.60334,44.14998 7.60686,44.1501 7.60959,44.14992 7.61178,44.15031 7.61205,44.14977 7.61236,44.14963 7.61829,44.14918 7.61966,44.14948 7.6203,44.1499 7.62162,44.15242 7.62165,44.15354 7.62185,44.15385 7.62306,44.15412 7.62507,44.15574 7.62589,44.15693 7.62702,44.15755 7.62737,44.1585 7.62744,44.15916 7.62806,44.16012 7.62737,44.16131 7.62712,44.16212 7.62675,44.16361 7.62692,44.16432 7.6274,44.16447 7.62806,44.16416 7.62889,44.16419 7.62977,44.16489 7.63128,44.16689 7.63155,44.16812 7.63148,44.16842 7.63097,44.16935 7.63005,44.17003 7.62989,44.17049 7.63235,44.17249 7.63259,44.17278 7.63234,44.17328 7.63266,44.17373 7.63603,44.17698 7.63713,44.17726 7.64611,44.17777 7.64731,44.17736 7.65158,44.17689 7.65342,44.17706 7.65483,44.17739 7.65615,44.17707 7.65836,44.17709 7.66075,44.17677 7.66287,44.17601 7.66487,44.17572 7.66731,44.17586 7.66866,44.17566 7.67044,44.17569 7.6734,44.17725 7.67488,44.17685 7.67589,44.17709 7.67789,44.17627 7.67877,44.17646 7.68014,44.17633 7.68112,44.17534 7.68314,44.17549 7.68236,44.17432 7.68232,44.17402 7.6847,44.17398 7.68437,44.17345 7.68387,44.17186 7.68317,44.17105 7.68261,44.16941 7.68145,44.1676 7.68126,44.16449 7.68093,44.16432 7.67998,44.16431 7.67979,44.16408 7.67985,44.16342 7.67954,44.16281 7.67601,44.16195 7.67244,44.15991 7.67123,44.15758 7.67116,44.15689 7.67133,44.15608 7.67051,44.15498 7.67064,44.15435 7.67046,44.15374 7.67066,44.15308 7.67196,44.15224 7.67218,44.15193 7.6741,44.15092 7.67521,44.15007 7.67561,44.14965 7.67563,44.14879 7.67591,44.14813 7.67753,44.14753 7.67915,44.14727 7.67768,44.14556 7.67717,44.1443 7.67663,44.14221 7.67575,44.14093 7.67337,44.13863 7.66958,44.13625 7.66871,44.13506 7.66638,44.13323 7.66619,44.13259 7.66616,44.13057 7.6695,44.12784 7.66986,44.12716 7.67001,44.12592 7.67084,44.12415 7.6713,44.12171 7.673,44.11933 7.6738,44.11856 7.67465,44.11797 7.67581,44.11766 7.6767,44.11692 7.67711,44.11631 7.67916,44.11511 7.68277,44.1138 7.68327,44.11338 7.68438,44.11177 7.68485,44.11142 7.68745,44.11037 7.68946,44.10879 7.69024,44.10798 7.6906,44.10702 7.69155,44.10537 7.69212,44.10483 7.69351,44.10394 7.69632,44.10044 7.6964,44.10009 7.69599,44.09906 7.69657,44.09858 7.69716,44.09775 7.69817,44.09702 7.6991,44.09583 7.70078,44.09464 7.70134,44.09402 7.70691,44.09194 7.70803,44.09135 7.7128,44.08753 7.71374,44.08568 7.71467,44.08485 7.71637,44.08383 7.71921,44.08271 7.7191,44.08247 7.71868,44.08231 7.71691,44.08194 7.71567,44.08138 7.71537,44.08078 7.71511,44.07912 7.71535,44.07808 7.71525,44.07738 7.71298,44.07476 7.71339,44.07344 7.71413,44.07232 7.71383,44.07072 7.71398,44.06985 7.71367,44.06871 7.71374,44.06805 7.71422,44.06708 7.71424,44.06643 7.71397,44.06536 7.713,44.06371 7.71308,44.0631 7.71331,44.06268 7.71447,44.06176 7.71386,44.06138 7.71576,44.06111 7.71798,44.06118 7.71908,44.06096 7.72314,44.06077 7.7237,44.06066 7.72371,44.06028 7.72385,44.06019 7.72567,44.05993 7.72799,44.05985 7.72872,44.05997 7.72936,44.06117 7.72935,44.06202 7.72985,44.06299 7.72922,44.06372 7.72902,44.06465 7.72947,44.06547 7.72955,44.0662 7.73,44.06727 7.73056,44.06794 7.73091,44.0687 7.73179,44.0693 7.73199,44.07022 7.73249,44.07048 7.73264,44.07085 7.73336,44.07131 7.73405,44.07314 7.73484,44.07405 7.73493,44.07498 7.73553,44.07554 7.73598,44.07627 7.73684,44.07645 7.73917,44.07777 7.74088,44.07813 7.74162,44.07801 7.74251,44.07841 7.74372,44.07824 7.74548,44.07828 7.74645,44.07857 7.74704,44.0788 7.7481,44.07988 7.74857,44.07997 7.74974,44.08087 7.75054,44.08174 7.75214,44.08221 7.7523,44.08258 7.75452,44.08344 7.75776,44.08412 7.75808,44.0844 7.75805,44.08454 7.75775,44.08488 7.75683,44.08525 7.75582,44.08549 7.75373,44.08559 7.74896,44.08477 7.74539,44.08439 7.74288,44.08346 7.73765,44.08371 7.73444,44.08308 7.73379,44.08313 7.73287,44.08407 7.73017,44.08745 7.7295,44.08933 7.72858,44.09036 7.72831,44.09059 7.72601,44.09119 7.72536,44.09155 7.72438,44.09386 7.7247,44.0954 7.72431,44.09656 7.72128,44.09755 7.72088,44.09842 7.7213,44.09902 7.72182,44.0993 7.72275,44.10022 7.72281,44.1007 7.72243,44.10117 7.71982,44.10106 7.71928,44.10116 7.7191,44.10129 7.71915,44.10164 7.71851,44.10231 7.71855,44.10299 7.71796,44.10313 7.71729,44.10317 7.71677,44.10272 7.71659,44.10204 7.7159,44.10178 7.71549,44.10184 7.71454,44.10284 7.7142,44.10374 7.7148,44.10442 7.71507,44.10513 7.7146,44.10552 7.71465,44.10593 7.71435,44.10605 7.71443,44.10662 7.71536,44.10698 7.71534,44.10726 7.7155,44.10737 7.71621,44.10732 7.71649,44.10744 7.71661,44.10808 7.71736,44.10886 7.71773,44.10913 7.71824,44.10916 7.71931,44.10961 7.71949,44.11029 7.71991,44.11087 7.72055,44.11124 7.7209,44.1112 7.72124,44.11137 7.72207,44.11214 7.72274,44.11241 7.72283,44.11274 7.72338,44.113 7.7238,44.11358 7.72381,44.11424 7.72407,44.11446 7.72438,44.11562 7.72421,44.11585 7.72436,44.11633 7.7237,44.11753 7.72325,44.11787 7.72318,44.11824 7.72278,44.11855 7.72282,44.11896 7.72252,44.12014 7.72267,44.12064 7.72259,44.12099 7.72239,44.12108 7.72234,44.12186 7.72268,44.12212 7.72299,44.1235 7.7232,44.12378 7.72381,44.12422 7.7251,44.12437 7.72545,44.1249 7.72544,44.12542 7.72573,44.12608 7.72619,44.12618 7.72694,44.12672 7.72732,44.12736 7.72806,44.12756 7.72861,44.12824 7.72978,44.1282 7.73057,44.12845 7.73163,44.12818 7.73202,44.12769 7.73234,44.12757 7.73344,44.12762 7.73489,44.12819 7.73597,44.12745 7.73707,44.12801 7.7379,44.12802 7.73872,44.1284 7.73956,44.12919 7.73963,44.12947 7.74035,44.13029 7.7404,44.13097 7.7407,44.13143 7.74213,44.13234 7.74267,44.1325 7.74348,44.13362 7.74451,44.13454 7.7456,44.13506 7.74703,44.13632 7.7484,44.13631 7.74896,44.13605 7.74995,44.13592 7.75057,44.1363 7.75166,44.13619 7.75204,44.13638 7.75269,44.13729 7.75298,44.13745 7.75767,44.13808 7.75924,44.13951 7.76071,44.13949 7.76161,44.13965 7.76315,44.14053 7.76386,44.14051 7.76661,44.13916 7.76705,44.13924 7.76775,44.13978 7.76854,44.14005 7.77029,44.13975 7.77254,44.14005 7.77387,44.13965 7.77523,44.14005 7.77679,44.13842 7.7782,44.13739 7.77932,44.137 7.78066,44.13696 7.78214,44.13629 7.78534,44.13556 7.78634,44.13459 7.78705,44.13428 7.78751,44.1333 7.78854,44.13305 7.78925,44.13331 7.78988,44.1332 7.79146,44.13236 7.79195,44.13139 7.79218,44.13125 7.79325,44.13123 7.79399,44.13104 7.79614,44.12937 7.79696,44.12891 7.80016,44.12822 7.80106,44.12827 7.80271,44.12883 7.80348,44.12893 7.80531,44.12864 7.80623,44.12802 7.80731,44.12788 7.80851,44.12798 7.80941,44.12752 7.81002,44.12698 7.81047,44.1254 7.81099,44.12497 7.81219,44.12461 7.81416,44.12432 7.81461,44.12356 7.81589,44.12304 7.81724,44.12292 7.82054,44.12311 7.82089,44.12267 7.82137,44.12138 7.82217,44.12104 7.82271,44.12104 7.82469,44.12197 7.82665,44.12165 7.82708,44.12202 7.82809,44.12212 7.82901,44.12181 7.82995,44.12084 7.83133,44.12027 7.83255,44.12018 7.83558,44.12145 7.83633,44.12155 7.83694,44.12131 7.83763,44.12017 7.84015,44.11993 7.84078,44.11948 7.84085,44.1191 7.84107,44.11903 7.84341,44.11938 7.84547,44.11846 7.84707,44.11918 7.84975,44.11995 7.85038,44.11983 7.85128,44.11877 7.85259,44.11856 7.85379,44.11959 7.8562,44.12007 7.85681,44.11981 7.85747,44.11908 7.85825,44.11901 7.85912,44.11925 7.85973,44.11924 7.86224,44.11837 7.86522,44.11833 7.86649,44.1181 7.86747,44.1177 7.86838,44.11709 7.87058,44.11637 7.8727,44.1147 7.87457,44.11364 7.88103,44.11342 7.88153,44.11278 7.88243,44.11037 7.88309,44.10966 7.8836,44.10863 7.88399,44.10718 7.88383,44.10617 7.88391,44.10574 7.88516,44.10474 7.88564,44.10461 7.88678,44.10459 7.88966,44.10564 7.89122,44.10595 7.89229,44.10595 7.89425,44.10554 7.8981,44.10554 7.89881,44.10578 7.90029,44.10669 7.90227,44.10704 7.90339,44.10777 7.90381,44.10846 7.9041,44.10855 7.90582,44.10857 7.90782,44.10888 7.90878,44.10827 7.90973,44.10817 7.91084,44.10847 7.91269,44.10935 7.91433,44.10946 7.91685,44.10912 7.91924,44.10911 7.92079,44.10878 7.92338,44.10872 7.92408,44.10879 7.92487,44.10917 7.92706,44.11051 7.92902,44.10863 7.93012,44.10795 7.93249,44.10575 7.93314,44.10441 7.93472,44.10299 7.93509,44.10204 7.93608,44.10131 7.93633,44.10077 7.93673,44.1006 7.93835,44.10044 7.93991,44.10076 7.94075,44.10044 7.94249,44.1005 7.94332,44.10117 7.94455,44.10131 7.94561,44.10176 7.9471,44.10208 7.95282,44.10285 7.95494,44.10268 7.95584,44.10283 7.95673,44.10319 7.95993,44.10496 7.96163,44.10614 7.96298,44.10833 7.96316,44.10966 7.96391,44.11064 7.96506,44.11131 7.96727,44.1122 7.96989,44.11376 7.97045,44.11395 7.97139,44.11288 7.97322,44.1131 7.97541,44.11248 7.97677,44.11149 7.97729,44.11076 7.9823,44.11011 7.98376,44.10889 7.98437,44.10877 7.98641,44.10911 7.98797,44.10914 7.99186,44.108 7.99289,44.10801 7.99392,44.1083 7.99542,44.10809 7.99594,44.10791 7.99754,44.10626 7.99921,44.10595 7.99999,44.10557 8.00115,44.10527 8.00275,44.10381 8.00326,44.10243 8.00362,44.10215 8.00431,44.10222 8.00481,44.10265 8.00609,44.10236 8.00645,44.10248 8.0112,44.10494 8.0124,44.10572 8.01328,44.1071 8.01392,44.10877 8.01458,44.10935 8.01317,44.11008 8.01148,44.11128 8.01073,44.11152 8.01108,44.11204 8.01095,44.11254 8.01061,44.11339 8.00936,44.11492 8.00879,44.11515 8.00839,44.11482 8.00572,44.11408 8.00542,44.11363 8.00441,44.114 8.00431,44.11428 8.0028,44.11541 8.00227,44.11647 8.00234,44.11715 8.00307,44.11695 8.00358,44.11725 8.00412,44.11699 8.00401,44.11656 8.00463,44.11685 8.00541,44.11678 8.00723,44.11698 8.0075,44.11743 8.00777,44.11722 8.00873,44.11777 8.00828,44.1182 8.00904,44.11857 8.00918,44.11918 8.00955,44.11908 8.00996,44.11931 8.0103,44.11985 8.0109,44.11941 8.01243,44.11944 8.01204,44.12109 8.01179,44.1212 8.01156,44.1216 8.00824,44.12245 8.00769,44.12282 8.00715,44.12383 8.00716,44.12489 8.00702,44.12527 8.00653,44.12554 8.00398,44.12625 8.00081,44.12576 7.99599,44.12712 7.99486,44.12708 7.99034,44.12765 7.99059,44.12996 7.99139,44.13272 7.99048,44.13273 7.98712,44.13332 7.98625,44.13328 7.98538,44.13351 7.98184,44.1333 7.98025,44.1335 7.9791,44.13348 7.9788,44.13611 7.97839,44.13682 7.97848,44.137 7.9826,44.14038 7.9838,44.14154 7.9842,44.14215 7.98476,44.14249 7.9864,44.14298 7.98821,44.14437 7.9906,44.14536 7.99277,44.14703 7.99494,44.14832 7.99938,44.15016 8.00087,44.15218 8.00125,44.15237 8.00399,44.15237 8.00468,44.1525 8.00597,44.15311 8.00703,44.15423 8.01044,44.15548 8.01158,44.15572 8.01374,44.15581 8.01485,44.15608 8.01584,44.15603 8.01655,44.1558 8.01789,44.15596 8.01998,44.15552 8.02217,44.15465 8.02326,44.15405 8.0249,44.15367 8.02914,44.15351 8.03046,44.15289 8.03245,44.15098 8.03449,44.14979 8.03605,44.14811 8.03788,44.14711 8.04027,44.14541 8.04195,44.14335 8.04258,44.14211 8.04314,44.14162 8.04364,44.14143 8.04607,44.14206 8.05115,44.14233 8.05369,44.14274 8.05702,44.14356 8.05961,44.14442 8.06269,44.14491 8.06429,44.14476 8.06571,44.14423 8.06702,44.14415 8.06832,44.1447 8.07,44.14589 8.07291,44.14901 8.07389,44.15054 8.07448,44.15201 8.07459,44.15275 8.0744,44.1543 8.07403,44.15529 8.07255,44.15787 8.07255,44.15837 8.07304,44.15911 8.07352,44.15935 8.08141,44.15937 8.0815,44.15976 8.08128,44.16041 8.08039,44.16139 8.08022,44.16185 8.08028,44.163 8.08093,44.16472 8.08084,44.16658 8.08139,44.1675 8.08261,44.16846 8.08266,44.16881 8.0831,44.16934 8.08397,44.16964 8.08415,44.17014 8.08523,44.17042 8.0857,44.17034 8.08606,44.17068 8.0869,44.17095 8.08744,44.17131 8.08975,44.17219 8.0903,44.17284 8.09068,44.17297 8.09071,44.17354 8.09122,44.174 8.09138,44.17461 8.09198,44.17512 8.09308,44.17508 8.09405,44.17538 8.09496,44.17657 8.09689,44.17813 8.09733,44.17891 8.09586,44.18034 8.09508,44.18189 8.09214,44.18451 8.09207,44.18712 8.09165,44.18796 8.09158,44.18942 8.0919,44.19 8.09242,44.19051 8.09243,44.19083 8.09288,44.19153 8.0932,44.19267 8.09322,44.19367 8.09347,44.19427 8.09434,44.19584 8.09497,44.19619 8.09535,44.19672 8.0938,44.19757 8.09233,44.19887 8.09316,44.19934 8.09271,44.19954 8.09225,44.1994 8.09167,44.19947 8.08724,44.20205 8.08602,44.20261 8.08237,44.20313 8.08177,44.20412 8.08154,44.20536 8.08092,44.20542 8.07693,44.20466 8.0759,44.20468 8.07531,44.20487 8.07481,44.20536 8.07483,44.20585 8.0745,44.20659 8.07454,44.20781 8.07403,44.20913 8.07484,44.21112 8.07255,44.21115 8.07129,44.21161 8.07059,44.21207 8.0696,44.21218 8.06823,44.21296 8.06759,44.21374 8.0665,44.21463 8.06544,44.21627 8.06551,44.21648 8.0684,44.21907 8.06791,44.22091 8.06625,44.22246 8.06624,44.2232 8.06701,44.22448 8.06723,44.22545 8.06955,44.22835 8.07185,44.22968 8.07324,44.23117 8.07613,44.23294 8.07622,44.23354 8.07763,44.23488 8.07785,44.23572 8.07574,44.2384 8.07564,44.23912 8.07505,44.23959 8.07482,44.24022 8.0717,44.2426 8.07062,44.24304 8.07058,44.24342 8.07135,44.24522 8.07147,44.246 8.07172,44.24642 8.07265,44.24682 8.07266,44.2471 8.06621,44.25212 8.06339,44.25331 8.06668,44.25513 8.06664,44.25596 8.06684,44.25634 8.06921,44.25764 8.07016,44.25851 8.07131,44.2592 8.07272,44.25967 8.07389,44.26027 8.07465,44.2604 8.07513,44.26021 8.07623,44.26022 8.07799,44.26117 8.08078,44.26159 8.08139,44.26193 8.08194,44.26301 8.08285,44.26403 8.08436,44.265 8.08775,44.26778 8.08801,44.26815 8.08823,44.26849 8.08817,44.26885 8.08694,44.27014 8.08676,44.27059 8.08688,44.27119 8.08804,44.27274 8.08933,44.27412 8.08791,44.27484 8.08745,44.27531 8.0869,44.27631 8.08662,44.2765 8.08456,44.27716 8.08346,44.27769 8.0823,44.27878 8.08161,44.27987 8.0814,44.28069 8.08133,44.28232 8.08005,44.28423 8.07911,44.28462 8.07744,44.28595 8.07659,44.28702 8.07561,44.28752 8.07433,44.28868 8.07252,44.28887 8.07043,44.28857 8.06782,44.28867 8.06451,44.28829 8.06373,44.28838 8.06222,44.29083 8.06269,44.29123 8.06244,44.29297 8.06327,44.29456 8.06354,44.29592 8.06244,44.29779 8.06145,44.29903 8.05927,44.30097 8.05994,44.30169 8.06149,44.30278 8.0642,44.30438 8.06677,44.30542 8.07009,44.30647 8.06974,44.30754 8.06981,44.309 8.07025,44.31069 8.07067,44.31115 8.07132,44.31139 8.07308,44.31113 8.07356,44.31167 8.07579,44.31226 8.07598,44.31274 8.07634,44.31301 8.07711,44.31315 8.07985,44.31261 8.08268,44.31112 8.08302,44.30996 8.08325,44.30783 8.08364,44.30711 8.08476,44.30642 8.08601,44.30603 8.08815,44.30491 8.09258,44.30367 8.09685,44.30279 8.10257,44.30091 8.10327,44.30245 8.103,44.30437 8.10313,44.30564 8.10477,44.30794 8.10544,44.3102 8.10599,44.31066 8.10763,44.31122 8.1088,44.31311 8.10974,44.31532 8.10962,44.31639 8.10868,44.31771 8.10772,44.32066 8.10793,44.32211 8.1076,44.32306 8.10623,44.32561 8.10604,44.32649 8.10628,44.33228 8.10649,44.3328 8.11015,44.33276 8.11181,44.33304 8.11343,44.33305 8.1195,44.33292 8.12462,44.33323 8.12961,44.33221 8.12977,44.33391 8.13057,44.33442 8.13329,44.33531 8.13439,44.33532 8.13646,44.335 8.13647,44.33585 8.13591,44.3371 8.13595,44.33734 8.13634,44.33815 8.13662,44.33922 8.13744,44.34004 8.13851,44.34211 8.13949,44.34273 8.14059,44.34285 8.14306,44.34425 8.1444,44.34525 8.14494,44.3459 8.14504,44.34724 8.14485,44.34762 8.14591,44.34903 8.14637,44.35007 8.14658,44.35108 8.14705,44.35175 8.14726,44.35238 8.14802,44.35287 8.1494,44.35442 8.14945,44.35464 8.14883,44.35519 8.14874,44.35615 8.14802,44.35685 8.14736,44.35865 8.14636,44.3606 8.14567,44.36138 8.14508,44.36313 8.14331,44.36434 8.14265,44.36505 8.14207,44.36695 8.14172,44.36758 8.14092,44.37118 8.14119,44.37163 8.14306,44.37244 8.14603,44.37335 8.14676,44.37343 8.14927,44.37311 8.15003,44.37347 8.15047,44.37541 8.14888,44.37883 8.14869,44.37993 8.14869,44.38145 8.14768,44.38437 8.14891,44.38438 8.15125,44.38515 8.15273,44.3852 8.15527,44.38592 8.15787,44.38544 8.16014,44.38546 8.16113,44.38578 8.16557,44.388 8.16647,44.3886 8.16652,44.38889 8.16843,44.39033 8.16952,44.39172 8.16984,44.39288 8.17409,44.39315 8.17428,44.3933 8.17447,44.39385 8.17429,44.39421 8.17332,44.39516 8.17344,44.39591 8.17386,44.39614 8.17431,44.3981 8.17499,44.39902 8.17678,44.40033 8.17806,44.40026 8.17901,44.39975 8.17928,44.39902 8.17927,44.3985 8.18086,44.39724 8.18137,44.39658 8.18209,44.39656 8.18468,44.39551 8.18638,44.3954 8.18698,44.39551 8.18915,44.39689 8.1902,44.39713 8.19258,44.39828 8.19332,44.39902 8.19392,44.39917 8.19436,44.39948 8.19496,44.40054 8.19588,44.40145 8.19679,44.40223 8.19754,44.4026 8.1989,44.40306 8.20039,44.40325 8.20236,44.40427 8.20451,44.40503 8.20503,44.40509 8.20689,44.40459 8.20918,44.40539 8.2093,44.40556 8.20914,44.40667 8.20925,44.40684 8.21064,44.40748 8.21078,44.40778 8.21045,44.40803 8.20848,44.40855 8.20835,44.40867 8.20831,44.40933 8.2066,44.41115 8.20668,44.41143 8.20682,44.41158 8.20762,44.41164 8.20784,44.41249 8.20828,44.4132 8.20797,44.41394 8.20888,44.41449 8.20896,44.4148 8.20881,44.41526 8.20893,44.41579 8.20941,44.41619 8.20981,44.41682 8.21072,44.41757 8.21056,44.41817 8.211,44.41866 8.21093,44.41928 8.21163,44.42039 8.213,44.42115 8.21329,44.42157 8.21351,44.42252 8.21443,44.42316 8.21546,44.42339 8.21583,44.42377 8.21744,44.42421 8.21823,44.42461 8.21969,44.42605 8.22018,44.42682 8.22005,44.42732 8.21792,44.42884 8.21698,44.43041 8.21618,44.43126 8.21567,44.43246 8.21581,44.43308 8.2184,44.43486 8.2187,44.43528 8.21885,44.43585 8.21839,44.43663 8.21493,44.43993 8.21365,44.44142 8.21306,44.44243 8.21162,44.44362 8.21118,44.44464 8.21119,44.44501 8.21017,44.44543 8.2076,44.44837 8.20563,44.4496 8.2053,44.45066 8.20626,44.4523 8.20624,44.45283 8.20653,44.45354 8.20677,44.4538 8.20868,44.45476 8.20883,44.45499 8.20785,44.45676 8.20745,44.4572 8.20464,44.45922 8.20388,44.46018 8.20361,44.46088 8.20366,44.46201 8.20349,44.46226 8.20228,44.46274 8.20083,44.46389 8.19971,44.46507 8.19785,44.46624 8.19691,44.46662 8.19712,44.46739 8.19778,44.46862 8.19742,44.47046 8.19637,44.47389 8.19667,44.47404 8.19751,44.47673 8.19626,44.4786 8.1993,44.47854 8.1995,44.47903 8.20123,44.47886 8.20118,44.4783 8.20218,44.47816 8.20401,44.47682 8.20472,44.47663 8.20607,44.47692 8.20512,44.47798 8.20578,44.47833 8.20629,44.47834 8.20902,44.47778 8.21013,44.47724 8.21052,44.47683 8.21392,44.47929 8.21624,44.48049 8.2178,44.48105 8.21955,44.48337 8.21998,44.4838 8.22067,44.48419 8.22086,44.48457 8.22125,44.48476 8.22202,44.48476 8.22278,44.48529 8.22306,44.48582 8.22284,44.48638 8.22293,44.48693 8.22277,44.48728 8.22197,44.48789 8.22076,44.48943 8.21914,44.49328 8.21879,44.49373 8.21804,44.49422 8.21664,44.49489 8.21632,44.49537 8.21638,44.4967 8.21656,44.49733 8.21736,44.49878 8.21744,44.50057 8.21937,44.50345 8.22096,44.50467 8.22031,44.50585 8.22017,44.50748 8.22144,44.5097 8.22216,44.51043 8.22293,44.51059 8.22351,44.51097 8.22371,44.51164 8.22327,44.51213 8.22311,44.51306 8.2241,44.51393 8.22467,44.51508 8.22535,44.51536 8.22579,44.51598 8.22641,44.51614 8.22863,44.51625 8.23026,44.51696 8.23824,44.51891 8.23971,44.51948 8.24353,44.52187 8.24506,44.52315 8.24519,44.52301 8.24592,44.52406 8.24685,44.52497 8.24803,44.52552 8.2497,44.52681 8.25021,44.5269 8.25216,44.52846 8.25247,44.52815 8.25322,44.52797 8.25377,44.52754 8.25469,44.52716 8.25629,44.52585 8.25769,44.52388 8.2603,44.52257 8.26074,44.52209 8.26117,44.52087 8.26101,44.51955 8.26137,44.51817 8.26389,44.51711 8.26461,44.51619 8.26619,44.51571 8.26736,44.51395 8.26832,44.51351 8.26885,44.51289 8.26909,44.51128 8.27013,44.51041 8.27056,44.5097 8.27069,44.50875 8.27139,44.50812 8.27156,44.50721 8.27246,44.50737 8.27456,44.50713 8.27822,44.50624 8.27921,44.50652 8.28056,44.50631 8.28456,44.50493 8.28535,44.50437 8.28616,44.50429 8.28731,44.50364 8.28883,44.50319 8.29091,44.50283 8.29269,44.50207 8.29531,44.50244 8.29661,44.50233 8.2989,44.5025 8.30072,44.50306 8.30268,44.50343 8.30321,44.50201 8.30446,44.50165 8.3054,44.50071 8.30611,44.50049 8.30692,44.50066 8.30746,44.50025 8.30758,44.49968 8.30874,44.49901 8.30928,44.49892 8.31058,44.49908 8.31124,44.4989 8.31183,44.49827 8.31282,44.49645 8.313,44.49577 8.31451,44.49589 8.31476,44.49556 8.31442,44.49527 8.31446,44.4951 8.31532,44.49463 8.31542,44.49429 8.31666,44.49377 8.31729,44.49311 8.31756,44.49262 8.31754,44.4921 8.31769,44.49208 8.31833,44.49105 8.32038,44.49138 8.32135,44.4917 8.32242,44.49141 8.3229,44.4904 8.32364,44.48938 8.32441,44.48848 8.32521,44.48785 8.32725,44.48788 8.32797,44.48827 8.32867,44.48824 8.32934,44.4885 8.33219,44.48802 8.33329,44.48802 8.33369,44.48762 8.33581,44.48741 8.33931,44.48627 8.34124,44.48704 8.3429,44.48686 8.34423,44.48613 8.34744,44.48614 8.3502,44.48559 8.35116,44.48525 8.35149,44.48485 8.35188,44.48366 8.35203,44.48124 8.35241,44.47957 8.3521,44.47908 8.35111,44.47829 8.34903,44.47825 8.34887,44.4779 8.35033,44.47635 8.35057,44.4751 8.3514,44.47465 8.35222,44.47445 8.35343,44.47472 8.35394,44.47452 8.35447,44.47405 8.35719,44.46612 8.35743,44.46464 8.35836,44.46516 8.35877,44.465 8.35992,44.46552 8.36038,44.4654 8.36094,44.46559 8.36138,44.46547 8.36205,44.46583 8.36236,44.46575 8.36327,44.46617 8.36337,44.46606 8.36388,44.46622 8.36403,44.4664 8.36471,44.46646 8.36497,44.46635 8.36582,44.46679 8.36584,44.46695 8.3665,44.46737 8.36688,44.46818 8.36739,44.46823 8.36806,44.46781 8.36834,44.46712 8.36941,44.4681 8.36943,44.46867 8.3705,44.46893 8.37112,44.46937 8.37299,44.46974 8.37343,44.47015 8.37329,44.47144 8.3734,44.47292 8.37463,44.47461 8.37578,44.47371 8.3773,44.47384 8.37825,44.47366 8.37991,44.47381 8.38085,44.47373 8.38127,44.47388 8.38167,44.47425 8.38167,44.47459 8.38226,44.47538 8.38245,44.47641 8.38107,44.47655 8.38049,44.47708 8.37938,44.47731 8.37785,44.47681 8.37679,44.47712 8.37603,44.47794 8.37609,44.47824 8.37589,44.47891 8.37618,44.47927 8.37602,44.47967 8.3769,44.48127 8.37696,44.48198 8.37797,44.4821 8.37958,44.48178 8.38138,44.4824 8.3819,44.48233 8.38331,44.4831 8.3834,44.48334 8.38463,44.48348 8.38616,44.48456 8.38852,44.48576 8.3889,44.48571 8.39167,44.48645 8.3919,44.48687 8.39225,44.48704 8.39198,44.488 8.39223,44.48864 8.39372,44.48959 8.39433,44.49093 8.39549,44.49064 8.39572,44.49097 8.39605,44.49106 8.3968,44.49083 8.39822,44.491 8.39933,44.49168 8.40029,44.49258 8.40091,44.49269 8.40169,44.49388 8.40125,44.49427 8.40121,44.49466 8.40078,44.49526 8.40193,44.49658 8.40183,44.49699 8.40214,44.4975 8.40205,44.49831 8.40124,44.49848 8.40075,44.49973 8.40014,44.50038 8.39949,44.5004 8.39922,44.50125 8.39956,44.50212 8.40067,44.50233 8.40138,44.50321 8.40166,44.50397 8.40272,44.5048 8.40319,44.50559 8.40345,44.5061 8.40318,44.50676 8.40388,44.50715 8.4039,44.508 8.40424,44.50888 8.40381,44.50919 8.4038,44.50976 8.40805,44.50989 8.4087,44.50998 8.40906,44.5102 8.41018,44.5103 8.41069,44.51005 8.41217,44.50998 8.41481,44.51239 8.41598,44.51256 8.4167,44.51244 8.41849,44.51361 8.4192,44.5134 8.41927,44.51306 8.4202,44.51163 8.42086,44.51091 8.42139,44.50995 8.42202,44.50973 8.42284,44.50891 8.42302,44.50822 8.42364,44.5075 8.42394,44.50684 8.42523,44.50569 8.42558,44.50482 8.42606,44.50436 8.42633,44.50381 8.42749,44.50283 8.42868,44.50282 8.42958,44.50325 8.4303,44.50321 8.43091,44.50277 8.43118,44.50236 8.43199,44.50232 8.43257,44.50264 8.43254,44.50314 8.43286,44.50322 8.43369,44.50278 8.43392,44.50242 8.43484,44.50222 8.43504,44.50247 8.4348,44.5035 8.4353,44.50408 8.43566,44.50409 8.43571,44.50375 8.43658,44.50316 8.43658,44.50297 8.43786,44.50224 8.43854,44.50161 8.43903,44.50161 8.44044,44.50014 8.441,44.50005 8.44173,44.50038 8.44287,44.49998 8.44352,44.50045 8.44403,44.50057 8.44508,44.49996 8.44696,44.49805 8.44779,44.49829 8.44864,44.49812 8.44902,44.49835 8.44958,44.49842 8.44945,44.49856 8.44953,44.49932 8.45138,44.50268 8.45265,44.50695 8.4523,44.50853 8.45228,44.50968 8.45254,44.50988 8.45314,44.50985 8.45411,44.51057 8.45593,44.51259 8.45666,44.5132 8.4578,44.51384 8.45813,44.51516 8.45812,44.51577 8.45836,44.5161 8.46332,44.51887 8.46908,44.5207 8.4698,44.52121 8.46973,44.52165 8.46988,44.52188 8.47078,44.52172 8.47075,44.5212 8.47144,44.52054 8.472,44.5197 8.47303,44.51977 8.47374,44.51919 8.47446,44.51753 8.47379,44.51646 8.47463,44.51462 8.47399,44.51352 8.47405,44.51257 8.47576,44.5116 8.4766,44.5107 8.47805,44.51006 8.48032,44.50947 8.4811,44.50955 8.48119,44.50991 8.48201,44.51038 8.48233,44.5105 8.48266,44.51039 8.48333,44.51088 8.4843,44.51114 8.48588,44.51096 8.49173,44.51199 8.49565,44.50907 8.50627,44.50999 8.50783,44.50993 8.50925,44.50951 8.50972,44.50978 8.51111,44.51008 8.51211,44.50991 8.51244,44.50959 8.51281,44.50958 8.51307,44.50991 8.51363,44.5101 8.51443,44.50995 8.51544,44.51006 8.51622,44.50945 8.51764,44.50927 8.51787,44.50892 8.51842,44.5094 8.51888,44.50953 8.51931,44.51034 8.51955,44.51049 8.51992,44.51046 8.52007,44.51073 8.52057,44.51102 8.52096,44.51096 8.52116,44.5111 8.52163,44.51178 8.52216,44.51201 8.52196,44.51226 8.52313,44.5131 8.52503,44.5129 8.52565,44.51309 8.52634,44.51357 8.5271,44.51136 8.52814,44.5106 8.52927,44.51075 8.52957,44.51132 8.5304,44.51155 8.53123,44.51242 8.53187,44.51248 8.5331,44.513 8.53341,44.51296 8.53384,44.51334 8.5347,44.51363 8.53564,44.51326 8.53794,44.51281 8.5386,44.51188 8.54107,44.50972 8.54125,44.50937 8.54168,44.50932 8.54284,44.5087 8.54374,44.50698 8.54428,44.50693 8.54678,44.50589 8.54695,44.50529 8.54863,44.50403 8.54867,44.50374 8.54935,44.50351 8.54952,44.50323 8.55147,44.50358 8.55147,44.50389 8.55165,44.50402 8.55225,44.50376 8.55225,44.5035 8.55184,44.50334 8.55194,44.50324 8.55254,44.50319 8.55379,44.50332 8.55399,44.50384 8.55565,44.50396 8.55632,44.50356 8.55691,44.50373 8.55811,44.50366 8.55825,44.50331 8.55928,44.50322 8.55962,44.50311 8.56011,44.50264 8.56035,44.50268 8.56043,44.50284 8.56152,44.50315 8.56163,44.50332 8.56117,44.5036 8.56115,44.5039 8.56166,44.50407 8.56174,44.5044 8.5616,44.50453 8.5618,44.50481 8.56316,44.50488 8.56358,44.50506 8.56312,44.50575 8.56314,44.5062 8.56347,44.5064 8.56581,44.5062 8.56689,44.50724 8.5675,44.50733 8.56778,44.50723 8.56768,44.50617 8.56929,44.50634 8.56968,44.50654 8.56963,44.50678 8.57006,44.50749 8.57289,44.50896 8.57331,44.50796 8.57362,44.50762 8.57543,44.50689 8.57598,44.50686 8.5761,44.50712 8.57576,44.50819 8.57681,44.50908 8.57682,44.50932 8.57646,44.50985 8.57511,44.50979 8.57463,44.51009 8.57525,44.51097 8.57534,44.51135 8.57625,44.51221 8.57646,44.51352 8.57643,44.5144 8.57509,44.51429 8.57488,44.51444 8.57466,44.51513 8.57362,44.51509 8.57201,44.51561 8.57232,44.51671 8.57216,44.51728 8.57164,44.51804 8.57194,44.51828 8.57392,44.5181 8.57425,44.51823 8.57475,44.51901 8.5747,44.51922 8.57385,44.51975 8.57341,44.52066 8.57269,44.5209 8.5722,44.52131 8.57227,44.52189 8.57268,44.52285 8.57309,44.52336 8.57404,44.52423 8.57507,44.52427 8.57642,44.52473 8.57706,44.5256 8.57839,44.52456 8.5792,44.52354 8.57957,44.52344 8.58068,44.52339 8.58125,44.52371 8.58193,44.52454 8.58229,44.52462 8.58647,44.52455 8.58696,44.5255 8.58826,44.52671 8.59,44.52747 8.58997,44.5282 8.58934,44.52933 8.5897,44.53009 8.58956,44.53083 8.58898,44.53169 8.5886,44.53191 8.58828,44.53335 8.58829,44.53398 8.58898,44.53373 8.58976,44.5331 8.59159,44.533 8.59347,44.53434 8.59397,44.53564 8.59417,44.53576 8.59457,44.53561 8.59442,44.537 8.59403,44.5375 8.59469,44.53779 8.59613,44.53748 8.59747,44.53829 8.59959,44.53834 8.60211,44.5395 8.60279,44.53962 8.60373,44.53896 8.60433,44.53885 8.60558,44.53786 8.60669,44.53791 8.60708,44.53814 8.60714,44.53982 8.60737,44.54009 8.60749,44.54079 8.60803,44.54139 8.60895,44.54172 8.611,44.54347 8.61094,44.54375 8.61178,44.54431 8.61249,44.54558 8.61363,44.54608 8.61355,44.54657 8.61181,44.54756 8.6127,44.54856 8.61245,44.54906 8.61199,44.54936 8.60982,44.54899 8.60798,44.54897 8.60783,44.55016 8.60605,44.55191 8.60432,44.55257 8.60296,44.55277 8.60215,44.55349 8.60198,44.55383 8.60141,44.55404 8.6006,44.55404 8.59962,44.55469 8.59916,44.55454 8.59887,44.55466 8.59843,44.55492 8.59866,44.55549 8.59851,44.556 8.59771,44.55616 8.5976,44.55704 8.59785,44.55776 8.59859,44.55869 8.59841,44.55944 8.59967,44.56135 8.59993,44.56205 8.60416,44.56414 8.60431,44.56443 8.60374,44.5651 8.60364,44.56547 8.60324,44.56531 8.60085,44.56779 8.60116,44.56837 8.60178,44.56875 8.6029,44.56882 8.60601,44.56989 8.6102,44.57091 8.61087,44.57076 8.61161,44.57034 8.61225,44.56968 8.613,44.56852 8.6141,44.56854 8.61646,44.56998 8.61667,44.57124 8.61656,44.57271 8.61715,44.57374 8.61722,44.57424 8.61701,44.57447 8.6162,44.57469 8.61532,44.57442 8.61363,44.57334 8.61162,44.57231 8.60893,44.57417 8.60766,44.57595 8.6078,44.5764 8.60813,44.57676 8.609,44.57708 8.61029,44.57707 8.61097,44.57695 8.61444,44.57571 8.61598,44.576 8.61803,44.5767 8.62011,44.57707 8.62161,44.57772 8.62181,44.57889 8.62135,44.57942 8.62228,44.58008 8.6244,44.58057 8.62503,44.58124 8.62781,44.58268 8.62802,44.58298 8.62934,44.58261 8.63015,44.58207 8.63105,44.58098 8.63202,44.58056 8.63492,44.58064 8.6361,44.58087 8.6371,44.58072 8.63794,44.57987 8.63899,44.57957 8.64028,44.57958 8.64114,44.57891 8.64204,44.57856 8.64232,44.57941 8.64293,44.58022 8.64404,44.58032 8.64446,44.5809 8.64483,44.58098 8.64509,44.58153 8.64766,44.58286 8.64951,44.58284 8.65112,44.5824 8.65237,44.58133 8.65353,44.58111 8.65413,44.58076 8.65509,44.5805 8.65545,44.58057 8.65663,44.57987 8.65812,44.57989 8.66017,44.57919 8.66142,44.57923 8.66161,44.57997 8.66209,44.58038 8.66461,44.58146 8.66603,44.58278 8.66661,44.58289 8.66704,44.58248 8.66705,44.58281 8.66725,44.58246 8.66911,44.58131 8.6698,44.58157 8.67117,44.58098 8.67248,44.58072 8.67404,44.57994 8.67513,44.57977 8.67529,44.57943 8.67582,44.57919 8.67589,44.57898 8.67572,44.57871 8.67585,44.57852 8.67685,44.57811 8.67721,44.57658 8.67843,44.57628 8.67967,44.57628 8.6816,44.57474 8.68206,44.57468 8.68361,44.57606 8.6836,44.57687 8.68519,44.57778 8.68753,44.57864 8.68724,44.57925 8.68785,44.57964 8.68765,44.58028 8.68795,44.58124 8.68884,44.58123 8.68971,44.58175 8.69352,44.58027 8.69399,44.57979 8.69567,44.57889 8.69686,44.57945 8.69736,44.57931 8.70081,44.57948 8.70274,44.5801 8.70275,44.5804 8.70363,44.58079 8.7048,44.58059 8.70563,44.581 8.70674,44.5811 8.70783,44.58078 8.71153,44.58172 8.71326,44.58113 8.71767,44.58103 8.71831,44.58084 8.719,44.58007 8.72074,44.5796 8.72127,44.57906 8.7241,44.57824 8.72439,44.5778 8.72441,44.5764 8.72611,44.57496 8.72685,44.57352 8.72734,44.57324 8.72809,44.57172 8.72921,44.57103 8.73025,44.57097 8.73119,44.57052 8.7316,44.57061 8.73304,44.57035 8.73335,44.57005 8.73349,44.56934 8.73298,44.56866 8.73361,44.56745 8.73458,44.56686 8.73558,44.56559 8.73569,44.5645 8.73549,44.56282 8.73574,44.56263 8.73631,44.5614 8.73881,44.5592 8.73988,44.55687 8.73968,44.55567 8.7384,44.55467 8.73828,44.55418 8.7386,44.55355 8.73786,44.55234 8.73802,44.55142 8.73834,44.55103 8.73981,44.55087 8.7404,44.54977 8.74085,44.55013 8.74192,44.55029 8.74266,44.55023 8.74358,44.55051 8.74627,44.55012 8.74761,44.55036 8.74821,44.55018 8.74876,44.55024 8.75403,44.54039 8.75508,44.53781 8.76437,44.51852 8.77157,44.49901 8.77124,44.49756 8.77057,44.49746 8.77055,44.4971 8.77215,44.4959 8.77379,44.49386 8.7734,44.49353 8.77244,44.49371 8.7721,44.49345 8.7717,44.49237 8.77191,44.49211 8.77146,44.49154 8.77139,44.49117 8.7711,44.49136 8.77049,44.49131 8.77035,44.48945 8.77331,44.4894 8.77364,44.48973 8.77548,44.48892 8.77743,44.48865 8.77792,44.48883 8.77862,44.4887 8.78094,44.48885 8.78251,44.48831 8.78826,44.48799 8.78777,44.48918 8.78741,44.48965 8.78706,44.48979 8.78602,44.49143 8.78631,44.49205 8.78609,44.49297 8.78555,44.49412 8.78607,44.49513 8.78599,44.4957 8.78621,44.49599 8.78601,44.49716 8.78637,44.49713 8.78656,44.49689 8.78697,44.49593 8.78744,44.49604 8.78776,44.49652 8.78937,44.49641 8.78963,44.49664 8.79025,44.49681 8.7905,44.49726 8.79158,44.49743 8.79224,44.49712 8.79259,44.49722 8.79281,44.49787 8.79297,44.49797 8.79383,44.49778 8.79466,44.49785 8.79498,44.4985 8.79598,44.49889 8.79593,44.49901 8.79733,44.49918 8.79771,44.4996 8.79895,44.49953 8.79962,44.49927 8.8002,44.49959 8.80036,44.50076 8.80166,44.50129 8.80193,44.50184 8.801,44.50303 8.80008,44.50338 8.79915,44.50336 8.79806,44.50383 8.79753,44.50449 8.79725,44.50532 8.79667,44.50617 8.79535,44.50666 8.79489,44.5079 8.79565,44.50821 8.79554,44.5087 8.7962,44.50927 8.79608,44.50961 8.79564,44.50964 8.79506,44.50995 8.79553,44.51046 8.79568,44.51157 8.7959,44.51172 8.79543,44.5121 8.7958,44.51237 8.79588,44.51267 8.79566,44.51324 8.7953,44.5132 8.79504,44.51363 8.79528,44.5137 8.7952,44.5142 8.79292,44.51561 8.79248,44.51563 8.79227,44.516 8.78971,44.5174 8.78872,44.51841 8.78873,44.51886 8.79056,44.52026 8.79115,44.52044 8.79134,44.52065 8.79121,44.52125 8.7915,44.52147 8.79328,44.52193 8.79385,44.52332 8.79432,44.52359 8.79453,44.52391 8.79536,44.52407 8.79644,44.52567 8.79678,44.52583 8.79693,44.52668 8.79806,44.52735 8.79927,44.52837 8.79873,44.52931 8.79757,44.52887 8.79729,44.52948 8.79728,44.53086 8.79768,44.53142 8.79775,44.53194 8.79934,44.53206 8.80275,44.5329 8.80402,44.5334 8.80259,44.53499 8.80411,44.53613 8.8054,44.53662 8.80688,44.53541 8.80807,44.53508 8.80816,44.53479 8.80975,44.53453 8.8105,44.5346 8.81089,44.53478 8.8111,44.53511 8.81123,44.53588 8.81187,44.53564 8.81296,44.53579 8.81319,44.5363 8.81454,44.53706 8.81508,44.53691 8.81565,44.5371 8.81557,44.53676 8.81795,44.53687 8.81821,44.53669 8.81869,44.53705 8.81857,44.53744 8.81879,44.53816 8.82003,44.53789 8.82176,44.53778 8.82334,44.53829 8.82423,44.53889 8.82633,44.54097 8.82856,44.5416 8.82838,44.54305 8.82713,44.54403 8.82564,44.54641 8.82487,44.54667 8.82377,44.54659 8.82311,44.54684 8.82266,44.54787 8.82129,44.54904 8.82089,44.55046 8.82085,44.55152 8.82185,44.55226 8.82184,44.55284 8.82239,44.55384 8.82287,44.55566 8.82328,44.55642 8.82317,44.55658 8.82432,44.55816 8.82535,44.55841 8.82637,44.55898 8.82724,44.55985 8.8273,44.56036 8.82765,44.56089 8.8279,44.56101 8.83085,44.56086 8.83387,44.56311 8.83514,44.56334 8.83533,44.56309 8.83791,44.56232 8.83882,44.56151 8.83901,44.56185 8.84074,44.56217 8.84097,44.56234 8.84181,44.56242 8.84239,44.56223 8.84284,44.56251 8.84542,44.5625 8.84574,44.56201 8.84814,44.56118 8.84836,44.56089 8.84945,44.56026 8.84985,44.55965 8.85225,44.55958 8.85282,44.55927 8.85336,44.55921 8.85419,44.5596 8.85417,44.55983 8.85511,44.5608 8.85536,44.56088 8.85734,44.56066 8.85776,44.56077 8.85883,44.56028 8.85892,44.56004 8.85969,44.56034 8.8602,44.56019 8.86048,44.56032 8.86078,44.56012 8.86163,44.56025 8.86286,44.56015 8.86304,44.56075 8.86284,44.56091 8.86402,44.56266 8.86419,44.56393 8.8641,44.56558 8.8667,44.56628 8.86798,44.56633 8.86897,44.56573 8.86923,44.56524 8.87063,44.56454 8.87187,44.56367 8.87327,44.56337 8.87563,44.56152 8.87668,44.56084 8.87785,44.56036 8.87798,44.55896 8.87743,44.55708 8.87905,44.55577 8.8803,44.55411 8.88449,44.55163 8.88594,44.55163 8.88744,44.55079 8.89042,44.55025 8.89054,44.54906 8.8914,44.55069 8.89153,44.55138 8.89132,44.55159 8.89343,44.55313 8.8933,44.55436 8.89449,44.55644 8.8956,44.55783 8.89506,44.56008 8.89507,44.56082 8.89455,44.5614 8.8955,44.56224 8.89783,44.56341 8.89857,44.5635 8.89927,44.56403 8.89993,44.56418 8.90041,44.56463 8.90095,44.56488 8.90113,44.56574 8.90103,44.566 8.90131,44.5665 8.90488,44.56838 8.90548,44.5685 8.90619,44.5682 8.90894,44.56826 8.91014,44.56782 8.91187,44.56827 8.91258,44.56757 8.91386,44.56827 8.91339,44.56923 8.91339,44.56996 8.91473,44.57008 8.91562,44.57112 8.91682,44.57085 8.91753,44.57102 8.91777,44.57181 8.91634,44.57364 8.91576,44.57378 8.91582,44.57423 8.91563,44.5744 8.90716,44.5979 8.90683,44.59888 8.90687,44.59942 8.90633,44.60036 8.90638,44.60072 8.90584,44.60126 8.90637,44.60225 8.9057,44.6026 8.90571,44.60272 8.90654,44.603 8.90658,44.60326 8.90633,44.60458 8.90503,44.60524 8.90517,44.60605 8.90505,44.60627 8.90449,44.60658 8.9042,44.60696 8.90315,44.60754 8.90278,44.60804 8.90248,44.60819 8.90247,44.60851 8.90211,44.609 8.90218,44.60925 8.90203,44.60962 8.90267,44.6097 8.904,44.61038 8.90566,44.61163 8.90632,44.61134 8.90775,44.61149 8.90889,44.61208 8.90972,44.61215 8.90951,44.61301 8.90884,44.61358 8.90721,44.61369 8.90677,44.61452 8.90474,44.61681 8.90506,44.61844 8.90489,44.61981 8.90432,44.62057 8.90409,44.62135 8.90271,44.62244 8.90094,44.62348 8.89956,44.62386 8.89724,44.62406 8.89549,44.62446 8.89502,44.62431 8.89426,44.62446 8.89246,44.6253 8.8922,44.6257 8.89277,44.62711 8.89183,44.62774 8.89193,44.62819 8.89118,44.62922 8.8901,44.63004 8.88942,44.6309 8.88809,44.63156 8.88311,44.6329 8.88249,44.63236 8.88171,44.6324 8.87951,44.6342 8.87922,44.63428 8.87703,44.63643 8.87853,44.63793 8.88025,44.63881 8.88221,44.63911 8.88304,44.63896 8.88444,44.63917 8.88605,44.63972 8.88637,44.64021 8.88705,44.64076 8.8881,44.64106 8.88967,44.64109 8.89048,44.6413 8.89157,44.64114 8.89406,44.6417 8.89465,44.64197 8.89606,44.64315 8.89716,44.64318 8.90081,44.64471 8.90192,44.64469 8.90409,44.64579 8.90489,44.64595 8.90577,44.64676 8.90752,44.64693 8.90839,44.64723 8.90826,44.64844 8.90845,44.64878 8.91048,44.65013 8.9116,44.65057 8.91166,44.65104 8.91226,44.65246 8.91357,44.6534 8.91459,44.6538 8.9157,44.65538 8.91592,44.6566 8.91542,44.65701 8.91538,44.65778 8.91606,44.65809 8.91614,44.6587 8.92036,44.66237 8.92256,44.66376 8.92302,44.66442 8.92321,44.66553 8.92416,44.66762 8.92313,44.67028 8.92143,44.67222 8.9248,44.67384 8.92537,44.6743 8.92713,44.67424 8.92943,44.6746 8.93009,44.67486 8.93124,44.67611 8.93225,44.67622 8.93382,44.6767 8.93451,44.67651 8.93597,44.67694 8.9366,44.67668 8.93872,44.67638 8.93985,44.67586 8.9401,44.67598 8.94152,44.67562 8.94187,44.67517 8.94289,44.67488 8.94375,44.67491 8.94459,44.67466 8.94552,44.67486 8.94648,44.67483 8.94778,44.67518 8.94924,44.6745 8.94901,44.67438 8.9497,44.67421 8.95253,44.6754 8.95319,44.6762 8.9564,44.67611 8.95941,44.67647 8.96087,44.67543 8.96064,44.67536 8.96159,44.67445 8.96219,44.6744 8.96384,44.67355 8.96418,44.67261 8.96562,44.67172 8.96614,44.67121 8.96611,44.67067 8.96639,44.67031 8.9666,44.66908 8.96634,44.66858 8.96868,44.667 8.9691,44.66559 8.97044,44.66426 8.97257,44.66326 8.97506,44.66367 8.97781,44.66338 8.97866,44.66364 8.97937,44.66363 8.97957,44.66341 8.98129,44.66351 8.98602,44.66405 8.99039,44.66222 8.99272,44.66244 8.994,44.66316 8.9961,44.66555 8.99681,44.66573 8.99894,44.66712 9.00039,44.66753 9.00137,44.66736 9.00273,44.6678 9.00427,44.66789 9.00523,44.66835 9.00659,44.66853 9.00739,44.66835 9.0082,44.66773 9.00878,44.66767 9.00916,44.66746 9.00975,44.6675 9.01044,44.66715 9.0108,44.66676 9.01119,44.66695 9.01243,44.6664 9.01314,44.66643 9.01333,44.66599 9.01363,44.66618 9.01461,44.6658 9.01581,44.66576 9.01574,44.66553 9.01604,44.66545 9.01605,44.66513 9.01736,44.66385 9.01799,44.66287 9.01869,44.66232 9.019,44.66167 9.01949,44.66153 9.02015,44.66079 9.02126,44.66013 9.02166,44.65926 9.02215,44.65905 9.02211,44.65879 9.02237,44.65855 9.02228,44.6584 9.02257,44.65816 9.02241,44.658 9.02254,44.65748 9.02287,44.65741 9.02298,44.65704 9.02265,44.65665 9.02296,44.65644 9.02349,44.65554 9.02333,44.65545 9.02317,44.65448 9.02354,44.65357 9.02346,44.6533 9.02373,44.65291 9.02347,44.6527 9.02367,44.65203 9.02359,44.65185 9.02494,44.65029 9.02567,44.65011 9.02587,44.64991 9.02643,44.64903 9.02684,44.64876 9.02679,44.64852 9.02713,44.64835 9.02718,44.64797 9.02777,44.64691 9.02909,44.64593 9.03008,44.6458 9.03117,44.64488 9.03069,44.64423 9.03101,44.64307 9.03088,44.64254 9.03113,44.64216 9.03234,44.64169 9.0332,44.64154 9.0351,44.6415 9.03571,44.64123 9.03679,44.64115 9.03733,44.64086 9.03823,44.64073 9.03894,44.64029 9.0387,44.63888 9.03949,44.63707 9.03925,44.63654 9.03803,44.63497 9.03817,44.63429 9.03854,44.63373 9.04007,44.63299 9.04063,44.63214 9.04142,44.63189 9.04173,44.63198 9.04147,44.63165 9.0417,44.63012 9.04262,44.62866 9.04501,44.6282 9.04508,44.62693 9.04531,44.62635 9.04477,44.62398 9.04567,44.62272 9.04542,44.62153 9.04435,44.61986 9.04427,44.61892 9.04398,44.61815 9.04389,44.61611 9.0429,44.61529 9.0436,44.61422 9.0444,44.61386 9.04654,44.61398 9.04752,44.61354 9.04699,44.61438 9.0472,44.6146 9.04734,44.61526 9.048,44.61578 9.04864,44.61603 9.04926,44.61708 9.04981,44.61721 9.05066,44.61779 9.05142,44.61805 9.0522,44.61874 9.05297,44.62002 9.05347,44.62023 9.05347,44.62058 9.05397,44.62073 9.05414,44.621 9.05472,44.62127 9.05569,44.62126 9.05723,44.62154 9.05759,44.6214 9.05878,44.62176 9.0601,44.62155 9.06079,44.62166 9.06284,44.62119 9.06357,44.62124 9.06532,44.62239 9.06722,44.62291 9.06921,44.62296 9.06994,44.6226 9.07283,44.62312 9.07359,44.62344 9.07563,44.62362 9.07672,44.62197 9.07747,44.62129 9.08057,44.62085 9.08143,44.62051 9.08225,44.62044 9.08279,44.62008 9.08304,44.61948 9.08299,44.61923 9.08364,44.61821 9.08464,44.61758 9.08481,44.61677 9.08422,44.61479 9.08442,44.61387 9.08473,44.61368 9.08516,44.61388 9.08611,44.61382 9.08704,44.61408 9.0875,44.61369 9.08793,44.61356 9.0889,44.61366 9.09057,44.61331 9.09205,44.61356 9.09284,44.61392 9.0932,44.61431 9.09425,44.6147 9.09534,44.61461 9.09605,44.61476 9.09639,44.61446 9.09836,44.61354 9.0995,44.61213 9.10057,44.61132 9.10378,44.60983 9.10405,44.6092 9.10406,44.60837 9.10436,44.60762 9.1046,44.60744 9.10472,44.60567 9.10493,44.60518 9.10479,44.60487 9.10423,44.60439 9.10353,44.60232 9.10298,44.60151 9.10268,44.60052 9.10264,44.5997 9.10287,44.59902 9.10261,44.59768 9.10302,44.59594 9.10274,44.59536 9.10227,44.59488 9.10263,44.59326 9.10293,44.59261 9.10449,44.59045 9.10533,44.58972 9.10691,44.58882 9.10848,44.58733 9.1092,44.58454 9.11143,44.58229 9.11179,44.58162 9.1142,44.58069 9.11512,44.58093 9.11544,44.58121 9.11829,44.58183 9.12023,44.5813 9.12176,44.5812 9.12229,44.58002 9.12342,44.57874 9.12412,44.57821 9.12512,44.57771 9.12631,44.57769 9.12771,44.57742 9.12885,44.57698 9.1305,44.57675 9.13342,44.57533 9.13409,44.57447 9.1345,44.57431 9.13646,44.57401 9.13778,44.5735 9.14126,44.57325 9.14697,44.57375 9.1478,44.5735 9.14861,44.57348 9.14958,44.57419 9.15091,44.57418 9.15286,44.57366 9.1532,44.57386 9.15369,44.57389 9.155,44.57479 9.15591,44.57595 9.15639,44.57628 9.15833,44.57673 9.1604,44.57819 9.16063,44.57879 9.16167,44.57974 9.16301,44.5804 9.16493,44.58053 9.1656,44.58078 9.16574,44.58125 9.16826,44.58323 9.1693,44.58442 9.17131,44.58587 9.17217,44.58628 9.17238,44.58656 9.17483,44.58742 9.17694,44.58784 9.17873,44.58874 9.17955,44.58934 9.18145,44.59014 9.18173,44.59072 9.18224,44.59105 9.18446,44.59173 9.18585,44.59194 9.18761,44.59187 9.18888,44.59205 9.19035,44.59249 9.19159,44.59204 9.19344,44.59182 9.1949,44.59136 9.1966,44.59134 9.19998,44.59212 9.20137,44.59267 9.20219,44.59346 9.20289,44.59552 9.20306,44.59671 9.20624,44.59976 9.2058,44.60009 9.20524,44.6014 9.20466,44.60345 9.20462,44.60474 9.20333,44.60771 9.20346,44.61082 9.20283,44.61299 9.20255,44.61336 9.20273,44.61339 9.19985,44.61578 9.20051,44.61746 9.20051,44.61889 9.20093,44.61984 9.20072,44.62197 9.20015,44.62311 9.19993,44.6248 9.20075,44.62652 9.20092,44.62766 9.20086,44.62823 9.20044,44.62902 9.20067,44.62961 9.20016,44.63074 9.20029,44.63207 9.19907,44.63341 9.19844,44.63459 9.199,44.63579 9.19923,44.63733 9.19847,44.63999 9.19855,44.64097 9.19935,44.64272 9.19931,44.64442 9.19949,44.64501 9.19834,44.64683 9.1987,44.64731 9.19907,44.64909 9.19873,44.64951 9.19885,44.64975 9.20024,44.65038 9.20131,44.6526 9.2036,44.65376 9.20421,44.65508 9.20417,44.65555 9.20451,44.65662 9.20525,44.65772 9.20591,44.65837 9.20644,44.66076 9.20589,44.66177 9.20446,44.66308 9.20453,44.66359 9.20418,44.66492 9.20531,44.6669 9.20452,44.66783 9.20439,44.66882 9.20383,44.67025 9.20199,44.67143 9.20185,44.67223 9.20073,44.67385 9.20025,44.67522 9.20026,44.67594 9.20007,44.67658 9.19876,44.67909 9.19905,44.68048 9.19928,44.68077 9.19851,44.68211 9.1981,44.68246 9.19834,44.68344 9.19874,44.68375 9.19926,44.68455 9.19935,44.68584 9.20069,44.68645 9.20202,44.68798 9.20251,44.68911 9.20339,44.69165 9.20348,44.69312 9.20334,44.69405 9.20393,44.69645 9.20446,44.69791 9.20485,44.69831 9.20657,44.69909 9.20686,44.70051 9.2074,44.7008 9.20857,44.70266 9.20755,44.70516 9.20686,44.7056 9.20632,44.70633 9.205,44.7123 9.20427,44.71333 9.20344,44.71553 9.20277,44.71605 9.20461,44.71806 9.20487,44.71857 9.20478,44.71924 9.20411,44.71983 9.20344,44.72092 9.20336,44.7226 9.20394,44.72427 9.20495,44.72587 9.20647,44.72713 9.20678,44.72778 9.20671,44.72839 9.20858,44.72919 9.2094,44.72981 9.21079,44.73161 9.21108,44.73275 9.21116,44.7341 9.21091,44.73544 9.21099,44.73653 9.21204,44.73833 9.21301,44.74064 9.2136,44.74157 9.21368,44.74257 9.21393,44.74308 9.21368,44.74576 9.21292,44.74702 9.21276,44.74761 9.21301,44.74862 9.21284,44.7515 9.20789,44.75365 9.20705,44.75349 9.20587,44.75407 9.20285,44.75516 9.19362,44.75651 9.19244,44.75718 9.19177,44.75718 9.18976,44.75827 9.18606,44.76087 9.18556,44.76146 9.18371,44.76196 9.17851,44.76524 9.178,44.76582 9.17717,44.76876 9.17448,44.76885 9.16978,44.77531 9.16944,44.77648 9.16995,44.77732 9.16961,44.77833 9.16969,44.77934 9.17028,44.78043 9.17162,44.78194 9.1749,44.78387 9.1733,44.78496 9.17288,44.7858 9.17272,44.78673 9.1728,44.78798 9.17314,44.78941 9.17423,44.79059 9.1733,44.79059 9.1733,44.79143 9.17297,44.79218 9.17255,44.79252 9.17272,44.79352 9.1733,44.7947 9.17406,44.79596 9.17498,44.79671 9.1727,44.79758 9.1686,44.79831 9.16793,44.79864 9.16684,44.7989 9.16583,44.80007 9.16479,44.80096 9.16468,44.8023 9.16388,44.80324 9.16195,44.80483 9.1613,44.80569 9.16045,44.80633 9.15919,44.80682 9.15845,44.8073 9.15777,44.80802 9.15602,44.80922 9.15589,44.8099 9.15596,44.81075 9.15636,44.81173 9.15815,44.81293 9.15969,44.8134 9.16096,44.81402 9.16119,44.81458 9.15967,44.81507 9.15709,44.81511 9.15583,44.81549 9.15535,44.81532 9.15468,44.81467 9.15306,44.8145 9.15257,44.81424 9.15243,44.81241 9.15119,44.8116 9.14868,44.81032 9.14804,44.8096 9.1471,44.8093 9.14655,44.80854 9.14595,44.80828 9.1448,44.80836 9.14266,44.80926 9.1401,44.80913 9.13767,44.80952 9.13631,44.80917 9.13443,44.80811 9.13276,44.80627 9.1314,44.80585 9.12866,44.80602 9.12716,44.80585 9.12468,44.80769 9.12263,44.80965 9.1219,44.81004 9.12117,44.81 9.12049,44.8097 9.11725,44.80746 9.11627,44.80714 9.11298,44.80714 9.11132,44.80593 9.10881,44.80524 9.10852,44.80542 9.10818,44.80662 9.10728,44.80802 9.10745,44.80961 9.10695,44.81049 9.1068,44.81184 9.10561,44.81312 9.10466,44.81355 9.10248,44.81526 9.10172,44.81561 9.10002,44.8156 9.09886,44.81593 9.09848,44.81629 9.09806,44.8171 9.09641,44.81808 9.09531,44.81905 9.09393,44.81885 9.09319,44.81855 9.09267,44.81857 9.09127,44.81813 9.09002,44.81728 9.08351,44.81558 9.08268,44.81519 9.08184,44.81435 9.08069,44.81397 9.08003,44.81393 9.07997,44.81456 9.07888,44.81379 9.07699,44.81425 9.07514,44.81604 9.07451,44.81642 9.07317,44.81668 9.07255,44.81721 9.07206,44.81788 9.07201,44.81858 9.07217,44.81937 9.073,44.82134 9.07435,44.82229 9.07349,44.82617 9.07299,44.82761 9.07231,44.82879 9.07186,44.82933 9.07093,44.82982 9.07069,44.83014 9.06981,44.83034 9.06807,44.83055 9.06583,44.83046 9.0657,44.82998 9.06213,44.83005 9.06224,44.83057 9.06283,44.83145 9.06416,44.83258 9.06229,44.83533 9.06044,44.83675 9.05947,44.83698 9.05795,44.83689 9.05767,44.84005 9.05711,44.84082 9.05602,44.84124 9.05595,44.84237 9.05574,44.84279 9.05521,44.84335 9.05416,44.84395 9.05135,44.84493 9.04998,44.8463 9.04959,44.84732 9.04928,44.84967 9.05177,44.84946 9.05195,44.84957 9.05606,44.85374 9.05718,44.85529 9.05739,44.85585 9.06048,44.85873 9.06101,44.85904 9.06311,44.85961 9.06666,44.85989 9.06722,44.86052 9.06772,44.86173 9.06885,44.86242 9.06957,44.86267 9.06908,44.86284 9.07051,44.86452 9.07055,44.86488 9.06965,44.86732 9.06796,44.86906 9.06719,44.86938 9.06518,44.86922 9.06283,44.86939 9.06245,44.86971 9.06186,44.87449 9.06136,44.87706 9.06111,44.87741 9.05974,44.87833 9.05883,44.87979 9.05883,44.88017 9.05824,44.88086 9.05828,44.88142 9.05878,44.88211 9.05761,44.88351 9.05662,44.8837 9.05617,44.88417 9.05589,44.8858 9.05555,44.8868 9.05572,44.88859 9.05265,44.88788 9.04909,44.88772 9.04802,44.88751 9.04558,44.88557 9.04328,44.88404 9.04145,44.88437 9.0404,44.88492 9.03938,44.88575 9.03918,44.88648 9.03952,44.88718 9.03959,44.88819 9.03857,44.88912 9.03643,44.88806 9.03417,44.88772 9.03231,44.88771 9.02975,44.88835 9.02945,44.88858 9.02935,44.88998 9.02858,44.89144 9.02598,44.89393 9.0246,44.89462 9.02316,44.8965 9.02256,44.89681 9.02191,44.89747 9.01977,44.89868 9.01968,44.8998 9.01874,44.8998 9.01008,44.90129 9.00622,44.90357 9.00337,44.9065 9.00272,44.90762 9.00002,44.90809 9.003,44.90948 9.00289,44.9102 9.00263,44.91041 9.00077,44.9106 8.99993,44.91097 8.99918,44.91162 8.99806,44.91172 8.99518,44.9161 8.99033,44.91712 8.98894,44.92066 8.98839,44.92556 8.98886,44.92761 8.98959,44.9294 8.99035,44.93039 8.98704,44.93019 8.98684,44.93099 8.98183,44.93115 8.9818,44.9346 8.98203,44.93543 8.98058,44.93569 8.97829,44.93699 8.97792,44.93738 8.97766,44.9398 8.97607,44.94033 8.97541,44.94123 8.97382,44.94099 8.97299,44.94139 8.9715,44.94292 8.96967,44.9436 8.96908,44.94353 8.96921,44.9443 8.97068,44.94766 8.97148,44.94926 8.97261,44.95103 8.97078,44.9521 8.97148,44.95406 8.97545,44.95386 8.97798,44.95306 8.97901,44.95303 8.97891,44.9525 8.97931,44.9525 8.98035,44.95596 8.97688,44.9578 8.97701,44.96213</coordinates></LinearRing></outerBoundaryIs></Polygon><Polygon><outerBoundaryIs><LinearRing><coordinates> 8.70739,45.01851 8.707,45.01377 8.70664,45.01245 8.70558,45.01184 8.70354,45.01305 8.70316,45.01407 8.7034,45.01656 8.70409,45.01873 8.70419,45.02111 8.70457,45.02175 8.70437,45.02353 8.70568,45.0242 8.70658,45.02351 8.70727,45.02013 8.70739,45.01851</coordinates></LinearRing></outerBoundaryIs></Polygon>"
10,1851,Molise,region,IT,Italy,True,True,Polygons not found.
11,1854,Sardinia,region,IT,Italy,True,True,Polygons not found.
12,1858,Umbria,region,IT,Italy,True,True,Polygons not found.
13,1845,Emilia-Romagna,region,IT,Italy,True,True,Polygons not found.
14,1841,Abruzzo,region,IT,Italy,True,True,Polygons not found.
15,1842,Basilicata,region,IT,Italy,True,True,Polygons not found.
16,1860,Veneto,region,IT,Italy,True,True,Polygons not found.
17,1853,Puglia,region,IT,Italy,True,True,Polygons not found.
