,key,name,type,country_code,country_name,region,region_id,supports_region,supports_city,geo_hierarchy_level,geo_hierarchy_name
0,803659,Belfast,city,GB,United Kingdom,Northern Ireland,4082,True,True,,
1,2870904,Altnagelvin,city,GB,United Kingdom,Northern Ireland,4082,True,True,,
2,807883,Feeny,city,GB,United Kingdom,Northern Ireland,4082,True,True,,
3,2872534,"Ardmore, County Londonderry",city,GB,United Kingdom,Northern Ireland,4082,True,True,,
4,803107,Augher,city,GB,United Kingdom,Northern Ireland,4082,True,True,,
5,802897,Armoy,city,GB,United Kingdom,Northern Ireland,4082,True,True,,
6,803109,"Aughnacloy, Dungannon",city,GB,United Kingdom,Northern Ireland,4082,True,True,,
7,805273,Castlereagh,city,GB,United Kingdom,Northern Ireland,4082,True,True,,
8,805718,Claudy,city,GB,United Kingdom,Northern Ireland,4082,True,True,,
9,805801,Clogher,city,GB,United Kingdom,Northern Ireland,4082,True,True,,
10,806041,Conlig,city,GB,United Kingdom,Northern Ireland,4082,True,True,,
11,807030,Dromara,city,GB,United Kingdom,Northern Ireland,4082,True,True,,
12,805003,"Caledon, Armagh",city,GB,United Kingdom,Northern Ireland,4082,True,True,,
13,808498,Glenavy,city,GB,United Kingdom,Northern Ireland,4082,True,True,,
14,808892,Greenisland,city,GB,United Kingdom,Northern Ireland,4082,True,True,,
15,805218,Carryduff,city,GB,United Kingdom,Northern Ireland,4082,True,True,,
16,813533,Newtownards,city,GB,United Kingdom,Northern Ireland,4082,True,True,,
17,805207,Carrickfergus,city,GB,United Kingdom,Northern Ireland,4082,True,True,,
18,816816,Strabane,city,GB,United Kingdom,Northern Ireland,4082,True,True,,
19,803351,Banbridge,city,GB,United Kingdom,Northern Ireland,4082,True,True,,
20,803302,Ballymoney,city,GB,United Kingdom,Northern Ireland,4082,True,True,,
21,814502,Portadown,city,GB,United Kingdom,Northern Ireland,4082,True,True,,
22,804916,Bushmills,city,GB,United Kingdom,Northern Ireland,4082,True,True,,
23,802775,"Antrim, Antrim",city,GB,United Kingdom,Northern Ireland,4082,True,True,,
24,803272,Ballyclare,city,GB,United Kingdom,Northern Ireland,4082,True,True,,
25,813532,Newtownabbey,city,GB,United Kingdom,Northern Ireland,4082,True,True,,
26,806067,Cookstown,city,GB,United Kingdom,Northern Ireland,4082,True,True,,
27,802893,Armagh,city,GB,United Kingdom,Northern Ireland,4082,True,True,,
28,803360,"Bangor, County Down",city,GB,United Kingdom,Northern Ireland,4082,True,True,,
29,807668,Enniskillen,city,GB,United Kingdom,Northern Ireland,4082,True,True,,
30,811401,Lisburn,city,GB,United Kingdom,Northern Ireland,4082,True,True,,
31,806995,Downpatrick,city,GB,United Kingdom,Northern Ireland,4082,True,True,,
32,813476,Newry,city,GB,United Kingdom,Northern Ireland,4082,True,True,,
33,806251,Craigavon,city,GB,United Kingdom,Northern Ireland,4082,True,True,,
34,807145,Dungannon,city,GB,United Kingdom,Northern Ireland,4082,True,True,,
35,1006662,Derry/Londonderry,city,GB,United Kingdom,Northern Ireland,4082,True,True,,
36,803301,Ballymena,city,GB,United Kingdom,Northern Ireland,4082,True,True,,
37,813894,Omagh,city,GB,United Kingdom,Northern Ireland,4082,True,True,,
38,812302,Lurgan,city,GB,United Kingdom,Northern Ireland,4082,True,True,,
39,811351,Limavady,city,GB,United Kingdom,Northern Ireland,4082,True,True,,
40,806933,Donaghadee,city,GB,United Kingdom,Northern Ireland,4082,True,True,,
41,807146,Dungiven,city,GB,United Kingdom,Northern Ireland,4082,True,True,,
42,808027,Fivemiletown,city,GB,United Kingdom,Northern Ireland,4082,True,True,,
43,812397,Magherafelt,city,GB,United Kingdom,Northern Ireland,4082,True,True,,
44,807169,Dunmurry,city,GB,United Kingdom,Northern Ireland,4082,True,True,,
45,814579,Portrush,city,GB,United Kingdom,Northern Ireland,4082,True,True,,
46,811105,Larne,city,GB,United Kingdom,Northern Ireland,4082,True,True,,
47,806490,"Crumlin, Antrim",city,GB,United Kingdom,Northern Ireland,4082,True,True,,
48,2789227,Glengormley,city,GB,United Kingdom,Northern Ireland,4082,True,True,,
49,809821,Holywood,city,GB,United Kingdom,Northern Ireland,4082,True,True,,
50,814590,Portstewart,city,GB,United Kingdom,Northern Ireland,4082,True,True,,
51,805286,Castlewellan,city,GB,United Kingdom,Northern Ireland,4082,True,True,,
52,812403,Maghera,city,GB,United Kingdom,Northern Ireland,4082,True,True,,
53,805260,Castlederg,city,GB,United Kingdom,Northern Ireland,4082,True,True,,
54,808624,Gortin,city,GB,United Kingdom,Northern Ireland,4082,True,True,,
55,810542,Killyleagh,city,GB,United Kingdom,Northern Ireland,4082,True,True,,
56,806448,Crossmaglen,city,GB,United Kingdom,Northern Ireland,4082,True,True,,
57,814514,"Port Charlotte, Argyll And Bute",city,GB,United Kingdom,Northern Ireland,4082,True,True,,
58,802829,Ardglass,city,GB,United Kingdom,Northern Ireland,4082,True,True,,
59,2870676,Maydown,city,GB,United Kingdom,Northern Ireland,4082,True,True,,
60,803284,Ballygowan,city,GB,United Kingdom,Northern Ireland,4082,True,True,,
61,806259,Craighouse,city,GB,United Kingdom,Northern Ireland,4082,True,True,,
62,2870861,Prehen,city,GB,United Kingdom,Northern Ireland,4082,True,True,,
63,803306,"Ballynahinch, Down",city,GB,United Kingdom,Northern Ireland,4082,True,True,,
64,803270,"Ballycastle, Moyle",city,GB,United Kingdom,Northern Ireland,4082,True,True,,
65,2870899,Strathfoyle,city,GB,United Kingdom,Northern Ireland,4082,True,True,,
66,803319,"Ballyward, Newry And Mourne",city,GB,United Kingdom,Northern Ireland,4082,True,True,,
67,817069,"Sydenham, Belfast",city,GB,United Kingdom,Northern Ireland,4082,True,True,,
68,806435,"Crossgar, Down",city,GB,United Kingdom,Northern Ireland,4082,True,True,,
69,805940,"Coleraine, Coleraine",city,GB,United Kingdom,Northern Ireland,4082,True,True,,
70,807132,"Dundonald, Castlereagh",city,GB,United Kingdom,Northern Ireland,4082,True,True,,
71,807032,"Dromore, Lisburn",city,GB,United Kingdom,Northern Ireland,4082,True,True,,
72,807033,"Dromore, Omagh",city,GB,United Kingdom,Northern Ireland,4082,True,True,,
73,807040,"Drumahoe, Londonderry",city,GB,United Kingdom,Northern Ireland,4082,True,True,,
74,809662,"Hillsborough, Lisburn",city,GB,United Kingdom,Northern Ireland,4082,True,True,,
75,818240,"Waterfoot, Moyle",city,GB,United Kingdom,Northern Ireland,4082,True,True,,
76,813387,Newcastle,city,GB,United Kingdom,Northern Ireland,4082,True,True,,
77,810569,"Kilmory, Strathclyde",city,GB,United Kingdom,Northern Ireland,4082,True,True,,
78,812057,London,city,GB,United Kingdom,England,4079,True,True,,
79,803144,"Aylesbeare, Devon",city,GB,United Kingdom,England,4079,True,True,,
80,803010,"Aslacton, Norfolk",city,GB,United Kingdom,England,4079,True,True,,
81,802674,Althorpe,city,GB,United Kingdom,England,4079,True,True,,
82,802325,"Abberton, Essex",city,GB,United Kingdom,England,4079,True,True,,
83,802997,"Ashwater, Devon",city,GB,United Kingdom,England,4079,True,True,,
84,803121,Austerfield,city,GB,United Kingdom,England,4079,True,True,,
85,802791,"Appleton, Oxfordshire",city,GB,United Kingdom,England,4079,True,True,,
86,803149,"Aylmerton, Norfolk",city,GB,United Kingdom,England,4079,True,True,,
87,803033,"Aston, Wiltshire",city,GB,United Kingdom,England,4079,True,True,,
88,802938,"Ashbury, Wiltshire",city,GB,United Kingdom,England,4079,True,True,,
89,802987,"Ashton, Northamptonshire",city,GB,United Kingdom,England,4079,True,True,,
90,803011,Aslockton,city,GB,United Kingdom,England,4079,True,True,,
91,818381,"West Acre, Norfolk",city,GB,United Kingdom,England,4079,True,True,,
92,803025,"Astley, Lancashire",city,GB,United Kingdom,England,4079,True,True,,
93,802913,Arram,city,GB,United Kingdom,England,4079,True,True,,
94,802680,Altofts,city,GB,United Kingdom,England,4079,True,True,,
95,802780,"Apperley Bridge, Bradford",city,GB,United Kingdom,England,4079,True,True,,
96,802755,Annfield Plain,city,GB,United Kingdom,England,4079,True,True,,
97,802768,"Ansty, Warwickshire",city,GB,United Kingdom,England,4079,True,True,,
98,802721,"Ampleforth, North Yorkshire",city,GB,United Kingdom,England,4079,True,True,,
99,802515,"Admaston, Telford And Wrekin",city,GB,United Kingdom,England,4079,True,True,,
100,803141,"Aycliffe, Stockton-On-Tees",city,GB,United Kingdom,England,4079,True,True,,
101,818677,Wheaton Aston,city,GB,United Kingdom,England,4079,True,True,,
102,805246,"Castle Acre, Norfolk",city,GB,United Kingdom,England,4079,True,True,,
103,802896,Armitage,city,GB,United Kingdom,England,4079,True,True,,
104,802735,"Andoversford, Gloucestershire",city,GB,United Kingdom,England,4079,True,True,,
105,802535,Aintree,city,GB,United Kingdom,England,4079,True,True,,
106,2717815,"Aller, Devon",city,GB,United Kingdom,England,4079,True,True,,
107,803138,"Axford, Wiltshire",city,GB,United Kingdom,England,4079,True,True,,
108,802617,"Allerton, North Yorkshire",city,GB,United Kingdom,England,4079,True,True,,
109,802625,"Allington, Kent",city,GB,United Kingdom,England,4079,True,True,,
110,802986,"Ashton, Devon",city,GB,United Kingdom,England,4079,True,True,,
111,803130,"Avington, West Berkshire",city,GB,United Kingdom,England,4079,True,True,,
112,802953,"Ashfield, Norfolk",city,GB,United Kingdom,England,4079,True,True,,
113,803032,"Aston, Shropshire",city,GB,United Kingdom,England,4079,True,True,,
114,802419,"Abingdon-On-Thames, Oxfordshire",city,GB,United Kingdom,England,4079,True,True,,
115,802639,Almeley,city,GB,United Kingdom,England,4079,True,True,,
116,802859,"Ardsley, Barnsley",city,GB,United Kingdom,England,4079,True,True,,
117,802590,"Aldsworth, Gloucestershire",city,GB,United Kingdom,England,4079,True,True,,
118,802695,"Alverthorpe, Wakefield",city,GB,United Kingdom,England,4079,True,True,,
119,802559,"Alcester, Warwickshire",city,GB,United Kingdom,England,4079,True,True,,
120,806736,"Deal, Kent",city,GB,United Kingdom,England,4079,True,True,,
121,803543,"Battle, East Sussex",city,GB,United Kingdom,England,4079,True,True,,
122,818114,Waltham Abbey,city,GB,United Kingdom,England,4079,True,True,,
123,806889,"Diss, Norfolk",city,GB,United Kingdom,England,4079,True,True,,
124,802643,Almondsbury,city,GB,United Kingdom,England,4079,True,True,,
125,811128,"Launceston, Cornwall",city,GB,United Kingdom,England,4079,True,True,,
126,802911,"Arnold, Nottingham",city,GB,United Kingdom,England,4079,True,True,,
127,803054,"Atherton, Wigan",city,GB,United Kingdom,England,4079,True,True,,
128,807675,"Epping, Essex",city,GB,United Kingdom,England,4079,True,True,,
129,802991,Ashton in Makerfield,city,GB,United Kingdom,England,4079,True,True,,
130,818339,"Wells, Somerset",city,GB,United Kingdom,England,4079,True,True,,
131,803059,"Attleborough, Norfolk",city,GB,United Kingdom,England,4079,True,True,,
132,814555,"Portishead, North Somerset",city,GB,United Kingdom,England,4079,True,True,,
133,802944,Ashby de la Zouch,city,GB,United Kingdom,England,4079,True,True,,
134,802926,"Arundel, West Sussex",city,GB,United Kingdom,England,4079,True,True,,
135,802964,"Ashington, Northumberland",city,GB,United Kingdom,England,4079,True,True,,
136,802418,"Abingdon, Oxfordshire",city,GB,United Kingdom,England,4079,True,True,,
137,805495,Chertsey,city,GB,United Kingdom,England,4079,True,True,,
138,802714,"Amersham, Buckinghamshire",city,GB,United Kingdom,England,4079,True,True,,
139,810789,Kirkby in Ashfield,city,GB,United Kingdom,England,4079,True,True,,
140,802682,"Alton, Stoke-On-Trent",city,GB,United Kingdom,England,4079,True,True,,
141,818935,Windermere,city,GB,United Kingdom,England,4079,True,True,,
142,802602,Alfreton,city,GB,United Kingdom,England,4079,True,True,,
143,815520,"Sale, Cheshire",city,GB,United Kingdom,England,4079,True,True,,
144,807808,"Falmouth, Cornwall",city,GB,United Kingdom,England,4079,True,True,,
145,802649,"Alnwick, Northumberland",city,GB,United Kingdom,England,4079,True,True,,
146,802710,Ambleside,city,GB,United Kingdom,England,4079,True,True,,
147,814221,"Penryn, Cornwall",city,GB,United Kingdom,England,4079,True,True,,
148,802934,"Ashbourne, Derby",city,GB,United Kingdom,England,4079,True,True,,
149,815054,"Ripon, North Yorkshire",city,GB,United Kingdom,England,4079,True,True,,
150,812501,"March, Cambridgeshire",city,GB,United Kingdom,England,4079,True,True,,
151,812545,"Marlborough, Wiltshire",city,GB,United Kingdom,England,4079,True,True,,
152,813489,Newton Aycliffe,city,GB,United Kingdom,England,4079,True,True,,
153,2687596,"Alton, Hampshire",city,GB,United Kingdom,England,4079,True,True,,
154,802994,Ashton-under-Lyne,city,GB,United Kingdom,England,4079,True,True,,
155,812060,Long Ashton,city,GB,United Kingdom,England,4079,True,True,,
156,802599,Alford,city,GB,United Kingdom,England,4079,True,True,,
157,802588,Aldridge,city,GB,United Kingdom,England,4079,True,True,,
158,805454,"Cheddar, Somerset",city,GB,United Kingdom,England,4079,True,True,,
159,802726,Ampthill,city,GB,United Kingdom,England,4079,True,True,,
160,816395,Southwold,city,GB,United Kingdom,England,4079,True,True,,
161,802656,Alsager,city,GB,United Kingdom,England,4079,True,True,,
162,802782,"Appleby, Cumbria",city,GB,United Kingdom,England,4079,True,True,,
163,808710,Great Ayton,city,GB,United Kingdom,England,4079,True,True,,
164,803831,Bidford,city,GB,United Kingdom,England,4079,True,True,,
165,804325,Bradford on Avon,city,GB,United Kingdom,England,4079,True,True,,
166,814295,Petworth,city,GB,United Kingdom,England,4079,True,True,,
167,803139,Axminster,city,GB,United Kingdom,England,4079,True,True,,
168,815601,"Sandwich, Kent",city,GB,United Kingdom,England,4079,True,True,,
169,803147,"Aylesford, Kent",city,GB,United Kingdom,England,4079,True,True,,
170,802690,"Alvechurch, Worcestershire",city,GB,United Kingdom,England,4079,True,True,,
171,802507,Addlestone,city,GB,United Kingdom,England,4079,True,True,,
172,809293,Haslemere,city,GB,United Kingdom,England,4079,True,True,,
173,802899,Armthorpe,city,GB,United Kingdom,England,4079,True,True,,
174,813334,"New Alresford, Hampshire",city,GB,United Kingdom,England,4079,True,True,,
175,819139,"Woodstock, Oxfordshire",city,GB,United Kingdom,England,4079,True,True,,
176,802742,Anlaby,city,GB,United Kingdom,England,4079,True,True,,
177,807476,"Edenbridge, Kent",city,GB,United Kingdom,England,4079,True,True,,
178,802574,Alderley Edge,city,GB,United Kingdom,England,4079,True,True,,
179,802568,Aldenham,city,GB,United Kingdom,England,4079,True,True,,
180,809505,Henley in Arden,city,GB,United Kingdom,England,4079,True,True,,
181,812358,"Lytham St Annes, Lancashire",city,GB,United Kingdom,England,4079,True,True,,
182,809299,"Hastings, East Sussex",city,GB,United Kingdom,England,4079,True,True,,
183,802708,"Amble, Northumberland",city,GB,United Kingdom,England,4079,True,True,,
184,803449,Barnsley,city,GB,United Kingdom,England,4079,True,True,,
185,814891,Reading,city,GB,United Kingdom,England,4079,True,True,,
186,818210,Warrington,city,GB,United Kingdom,England,4079,True,True,,
187,809979,Huddersfield,city,GB,United Kingdom,England,4079,True,True,,
188,819079,Wolverhampton,city,GB,United Kingdom,England,4079,True,True,,
189,814588,Portsmouth,city,GB,United Kingdom,England,4079,True,True,,
190,816683,Stockport,city,GB,United Kingdom,England,4079,True,True,,
191,812810,Middlesbrough,city,GB,United Kingdom,England,4079,True,True,,
192,803987,Blackpool,city,GB,United Kingdom,England,4079,True,True,,
193,814666,"Preston, Lancashire",city,GB,United Kingdom,England,4079,True,True,,
194,813594,"Northampton, Northamptonshire",city,GB,United Kingdom,England,4079,True,True,,
195,803536,"Bath, Somerset",city,GB,United Kingdom,England,4079,True,True,,
196,813857,Oldham,city,GB,United Kingdom,England,4079,True,True,,
197,814398,Plymouth,city,GB,United Kingdom,England,4079,True,True,,
198,814274,Peterborough,city,GB,United Kingdom,England,4079,True,True,,
199,807762,"Exeter, Devon",city,GB,United Kingdom,England,4079,True,True,,
200,805917,"Colchester, Essex",city,GB,United Kingdom,England,4079,True,True,,
201,816301,Southend-on-Sea,city,GB,United Kingdom,England,4079,True,True,,
202,814487,"Poole, Dorset",city,GB,United Kingdom,England,4079,True,True,,
203,819363,York,city,GB,United Kingdom,England,4079,True,True,,
204,805468,"Chelmsford, Essex",city,GB,United Kingdom,England,4079,True,True,,
205,805473,"Cheltenham, Gloucestershire",city,GB,United Kingdom,England,4079,True,True,,
206,818104,Walsall,city,GB,United Kingdom,England,4079,True,True,,
207,818255,Watford,city,GB,United Kingdom,England,4079,True,True,,
208,809989,Kingston upon Hull,city,GB,United Kingdom,England,4079,True,True,,
209,806802,Derby,city,GB,United Kingdom,England,4079,True,True,,
210,805149,"Carlisle, Cumbria",city,GB,United Kingdom,England,4079,True,True,,
211,803904,Birmingham,city,GB,United Kingdom,England,4079,True,True,,
212,812453,Manchester,city,GB,United Kingdom,England,4079,True,True,,
213,812914,Milton Keynes,city,GB,United Kingdom,England,4079,True,True,,
214,811568,Liverpool,city,GB,United Kingdom,England,4079,True,True,,
215,811210,Leeds,city,GB,United Kingdom,England,4079,True,True,,
216,818940,"Windsor, Berkshire",city,GB,United Kingdom,England,4079,True,True,,
217,814016,"Oxford, Oxfordshire",city,GB,United Kingdom,England,4079,True,True,,
218,811227,Leicester,city,GB,United Kingdom,England,4079,True,True,,
219,804555,Bristol,city,GB,United Kingdom,England,4079,True,True,,
220,804323,City of Bradford,city,GB,United Kingdom,England,4079,True,True,,
221,815879,Sheffield,city,GB,United Kingdom,England,4079,True,True,,
222,813386,Newcastle upon Tyne,city,GB,United Kingdom,England,4079,True,True,,
223,813753,"Norwich, Norfolk",city,GB,United Kingdom,England,4079,True,True,,
224,2687597,Brighton and Hove,city,GB,United Kingdom,England,4079,True,True,,
225,816727,Stoke-on-Trent,city,GB,United Kingdom,England,4079,True,True,,
226,813758,Nottingham,city,GB,United Kingdom,England,4079,True,True,,
227,817048,Swindon,city,GB,United Kingdom,England,4079,True,True,,
228,805040,"Cambridge, Cambridgeshire",city,GB,United Kingdom,England,4079,True,True,,
229,816947,City of Sunderland,city,GB,United Kingdom,England,4079,True,True,,
230,802734,"Andover, Hampshire",city,GB,United Kingdom,England,4079,True,True,,
231,806211,Coventry,city,GB,United Kingdom,England,4079,True,True,,
232,803053,"Atherstone, Warwickshire",city,GB,United Kingdom,England,4079,True,True,,
233,816260,Southampton,city,GB,United Kingdom,England,4079,True,True,,
234,804140,Bolton,city,GB,United Kingdom,England,4079,True,True,,
235,804242,Bournemouth,city,GB,United Kingdom,England,4079,True,True,,
236,816021,"Shrewsbury, Shropshire",city,GB,United Kingdom,England,4079,True,True,,
237,816180,Slough,city,GB,United Kingdom,England,4079,True,True,,
238,812517,"Margate, Kent",city,GB,United Kingdom,England,4079,True,True,,
239,818931,"Winchester, Hampshire",city,GB,United Kingdom,England,4079,True,True,,
240,815670,"Scarborough, North Yorkshire",city,GB,United Kingdom,England,4079,True,True,,
241,815728,Scunthorpe,city,GB,United Kingdom,England,4079,True,True,,
242,806306,Crawley,city,GB,United Kingdom,England,4079,True,True,,
243,819192,"Worcester, Worcestershire",city,GB,United Kingdom,England,4079,True,True,,
244,806981,"Dover, Kent",city,GB,United Kingdom,England,4079,True,True,,
245,809077,"Halifax, West Yorkshire",city,GB,United Kingdom,England,4079,True,True,,
246,816360,Southport,city,GB,United Kingdom,England,4079,True,True,,
247,808546,"Gloucester, Gloucestershire",city,GB,United Kingdom,England,4079,True,True,,
248,816839,"Stratford-upon-Avon, Warwickshire",city,GB,United Kingdom,England,4079,True,True,,
249,805505,Chesterfield,city,GB,United Kingdom,England,4079,True,True,,
250,807280,"Eastbourne, East Sussex",city,GB,United Kingdom,England,4079,True,True,,
251,815338,Saint Albans,city,GB,United Kingdom,England,4079,True,True,,
252,802686,Altrincham,city,GB,United Kingdom,England,4079,True,True,,
253,817998,Uxbridge,city,GB,United Kingdom,England,4079,True,True,,
254,813487,Newton Abbot,city,GB,United Kingdom,England,4079,True,True,,
255,815194,Rotherham,city,GB,United Kingdom,England,4079,True,True,,
256,967580,Kendal,city,GB,United Kingdom,England,4079,True,True,,
257,809527,"Hereford, Herefordshire",city,GB,United Kingdom,England,4079,True,True,,
258,803524,Basingstoke,city,GB,United Kingdom,England,4079,True,True,,
259,802928,"Ascot, Bracknell Forest",city,GB,United Kingdom,England,4079,True,True,,
260,810015,Huntingdon,city,GB,United Kingdom,England,4079,True,True,,
261,802431,Accrington,city,GB,United Kingdom,England,4079,True,True,,
262,815352,Saint Austell,city,GB,United Kingdom,England,4079,True,True,,
263,803917,Bishop Auckland,city,GB,United Kingdom,England,4079,True,True,,
264,802578,Aldershot,city,GB,United Kingdom,England,4079,True,True,,
265,816967,Sutton in Ashfield,city,GB,United Kingdom,England,4079,True,True,,
266,809906,Horsham,city,GB,United Kingdom,England,4079,True,True,,
267,802957,"Ashford, Kent",city,GB,United Kingdom,England,4079,True,True,,
268,818834,Wigan,city,GB,United Kingdom,England,4079,True,True,,
269,806711,"Darlington, Co Durham",city,GB,United Kingdom,England,4079,True,True,,
270,807203,"Durham, Durham",city,GB,United Kingdom,England,4079,True,True,,
271,817200,Telford,city,GB,United Kingdom,England,4079,True,True,,
272,803145,"Aylesbury, Buckinghamshire",city,GB,United Kingdom,England,4079,True,True,,
273,811359,"Lincoln, Lincolnshire",city,GB,United Kingdom,England,4079,True,True,,
274,805504,"Chester, Cheshire",city,GB,United Kingdom,England,4079,True,True,,
275,812313,Luton,city,GB,United Kingdom,England,4079,True,True,,
276,803521,"Basildon, Essex",city,GB,United Kingdom,England,4079,True,True,,
277,804847,"Burnley, Lancashire",city,GB,United Kingdom,England,4079,True,True,,
278,805533,"Chichester, West Sussex",city,GB,United Kingdom,England,4079,True,True,,
279,808970,Guildford,city,GB,United Kingdom,England,4079,True,True,,
280,815266,"Rugby, Warwickshire",city,GB,United Kingdom,England,4079,True,True,,
281,806938,Doncaster,city,GB,United Kingdom,England,4079,True,True,,
282,805076,"Canterbury, Kent",city,GB,United Kingdom,England,4079,True,True,,
283,810245,"Ipswich, Suffolk",city,GB,United Kingdom,England,4079,True,True,,
284,812418,"Maidstone, Kent",city,GB,United Kingdom,England,4079,True,True,,
285,812477,"Mansfield, Nottinghamshire",city,GB,United Kingdom,England,4079,True,True,,
286,803971,Blackburn,city,GB,United Kingdom,England,4079,True,True,,
287,810280,Iver,city,GB,United Kingdom,England,4079,True,True,,
288,809243,"Harrogate, North Yorkshire",city,GB,United Kingdom,England,4079,True,True,,
289,818221,"Warwick, Warwickshire",city,GB,United Kingdom,England,4079,True,True,,
290,809267,Hartlepool,city,GB,United Kingdom,England,4079,True,True,,
291,806484,Croydon,city,GB,United Kingdom,England,4079,True,True,,
292,816471,Stafford,city,GB,United Kingdom,England,4079,True,True,,
293,818051,Wakefield,city,GB,United Kingdom,England,4079,True,True,,
294,802958,"Ashford, Slough",city,GB,United Kingdom,England,4079,True,True,,
295,803016,Aspley Guise,city,GB,United Kingdom,England,4079,True,True,,
296,812333,"Lye, West Midlands",city,GB,United Kingdom,England,4079,True,True,,
297,802985,"Ashton, Cheshire",city,GB,United Kingdom,England,4079,True,True,,
298,802653,"Alresford, Essex",city,GB,United Kingdom,England,4079,True,True,,
299,803103,"Audley, Stoke-On-Trent",city,GB,United Kingdom,England,4079,True,True,,
300,803185,"Badminton, South Gloucestershire",city,GB,United Kingdom,England,4079,True,True,,
301,802801,Arborfield,city,GB,United Kingdom,England,4079,True,True,,
302,802533,Ainsdale,city,GB,United Kingdom,England,4079,True,True,,
303,803064,"Aubourn, Lincolnshire",city,GB,United Kingdom,England,4079,True,True,,
304,802754,"Annesley, Nottinghamshire",city,GB,United Kingdom,England,4079,True,True,,
305,818387,West Auckland,city,GB,United Kingdom,England,4079,True,True,,
306,803136,Awsworth,city,GB,United Kingdom,England,4079,True,True,,
307,802967,"Ashleworth, Gloucestershire",city,GB,United Kingdom,England,4079,True,True,,
308,802882,"Arksey, Doncaster",city,GB,United Kingdom,England,4079,True,True,,
309,802642,"Almondbury, Kirklees",city,GB,United Kingdom,England,4079,True,True,,
310,802887,"Arley, Worcestershire",city,GB,United Kingdom,England,4079,True,True,,
311,802886,"Arley, Warwickshire",city,GB,United Kingdom,England,4079,True,True,,
312,803734,Bere Alston,city,GB,United Kingdom,England,4079,True,True,,
313,809336,Havering atte Bower,city,GB,United Kingdom,England,4079,True,True,,
314,802430,Acaster Malbis,city,GB,United Kingdom,England,4079,True,True,,
315,804804,"Bures, Essex",city,GB,United Kingdom,England,4079,True,True,,
316,802564,"Aldbrough, Norfolk",city,GB,United Kingdom,England,4079,True,True,,
317,810256,Iron Acton,city,GB,United Kingdom,England,4079,True,True,,
318,802571,Alderholt,city,GB,United Kingdom,England,4079,True,True,,
319,802786,"Appledore, Devon",city,GB,United Kingdom,England,4079,True,True,,
320,802555,"Albrighton, Wolverhampton",city,GB,United Kingdom,England,4079,True,True,,
321,802521,Adwick le Street,city,GB,United Kingdom,England,4079,True,True,,
322,802739,"Angmering, West Sussex",city,GB,United Kingdom,England,4079,True,True,,
323,803137,"Axbridge, Somerset",city,GB,United Kingdom,England,4079,True,True,,
324,817568,"Topsham, Devon",city,GB,United Kingdom,England,4079,True,True,,
325,802761,"Anstey, Leicester",city,GB,United Kingdom,England,4079,True,True,,
326,802576,Aldermaston,city,GB,United Kingdom,England,4079,True,True,,
327,804670,Broughton Astley,city,GB,United Kingdom,England,4079,True,True,,
328,802619,Allesley,city,GB,United Kingdom,England,4079,True,True,,
329,802984,Ashtead,city,GB,United Kingdom,England,4079,True,True,,
330,815336,"Saint Agnes, Cornwall",city,GB,United Kingdom,England,4079,True,True,,
331,803003,Askern,city,GB,United Kingdom,England,4079,True,True,,
332,803150,"Aylsham, Norfolk",city,GB,United Kingdom,England,4079,True,True,,
333,802796,Appley Bridge,city,GB,United Kingdom,England,4079,True,True,,
334,803101,Auckley,city,GB,United Kingdom,England,4079,True,True,,
335,817016,"Swalwell, Alberta",city,GB,United Kingdom,England,4079,True,True,,
336,807967,Filton,city,GB,United Kingdom,England,4079,True,True,,
337,802884,Arlesey,city,GB,United Kingdom,England,4079,True,True,,
338,802673,Althorne,city,GB,United Kingdom,England,4079,True,True,,
339,818320,"Welford, Warwickshire",city,GB,United Kingdom,England,4079,True,True,,
340,802659,"Alston, Cumbria",city,GB,United Kingdom,England,4079,True,True,,
341,802566,Aldeburgh,city,GB,United Kingdom,England,4079,True,True,,
342,816542,Stanstead Abbots,city,GB,United Kingdom,England,4079,True,True,,
343,803047,Astwood Bank,city,GB,United Kingdom,England,4079,True,True,,
344,803126,"Aveley, Greenwich",city,GB,United Kingdom,England,4079,True,True,,
345,802860,East Ardsley,city,GB,United Kingdom,England,4079,True,True,,
346,802834,Ardleigh,city,GB,United Kingdom,England,4079,True,True,,
347,803031,"Aston, Rotherham",city,GB,United Kingdom,England,4079,True,True,,
348,802339,Abbots Langley,city,GB,United Kingdom,England,4079,True,True,,
349,802978,"Ashover, Derbyshire",city,GB,United Kingdom,England,4079,True,True,,
350,802427,"Abram, Wigan",city,GB,United Kingdom,England,4079,True,True,,
351,806299,Craven Arms,city,GB,United Kingdom,England,4079,True,True,,
352,802324,"Abberley, Worcestershire",city,GB,United Kingdom,England,4079,True,True,,
353,804434,Breadsall,city,GB,United Kingdom,England,4079,True,True,,
354,803406,Barkham,city,GB,United Kingdom,England,4079,True,True,,
355,803847,Bildeston,city,GB,United Kingdom,England,4079,True,True,,
356,808732,Great Brington,city,GB,United Kingdom,England,4079,True,True,,
357,804801,Bunwell,city,GB,United Kingdom,England,4079,True,True,,
358,805484,Cheriton Bishop,city,GB,United Kingdom,England,4079,True,True,,
359,803535,Bathampton,city,GB,United Kingdom,England,4079,True,True,,
360,804292,Boxworth,city,GB,United Kingdom,England,4079,True,True,,
361,803606,"Beckley, Oxfordshire",city,GB,United Kingdom,England,4079,True,True,,
362,804550,Brinscall,city,GB,United Kingdom,England,4079,True,True,,
363,804167,Boosbeck,city,GB,United Kingdom,England,4079,True,True,,
364,804360,"Braithwaite, Cumbria",city,GB,United Kingdom,England,4079,True,True,,
365,804398,"Brandon, Warwickshire",city,GB,United Kingdom,England,4079,True,True,,
366,803690,"Belstead, Suffolk",city,GB,United Kingdom,England,4079,True,True,,
367,804731,Bubbenhall,city,GB,United Kingdom,England,4079,True,True,,
368,804647,"Brookland, Kent",city,GB,United Kingdom,England,4079,True,True,,
369,804584,Broadwas,city,GB,United Kingdom,England,4079,True,True,,
370,804598,Broadwoodwidger,city,GB,United Kingdom,England,4079,True,True,,
371,804575,Broad Hinton,city,GB,United Kingdom,England,4079,True,True,,
372,804594,Broadwindsor,city,GB,United Kingdom,England,4079,True,True,,
373,803538,Bathford,city,GB,United Kingdom,England,4079,True,True,,
374,803959,"Bisley, Gloucestershire",city,GB,United Kingdom,England,4079,True,True,,
375,804079,Blunham,city,GB,United Kingdom,England,4079,True,True,,
376,804631,Brompton Regis,city,GB,United Kingdom,England,4079,True,True,,
377,803887,Birch Vale,city,GB,United Kingdom,England,4079,True,True,,
378,804407,Brant Broughton,city,GB,United Kingdom,England,4079,True,True,,
379,808038,Flax Bourton,city,GB,United Kingdom,England,4079,True,True,,
380,804225,Bottisham,city,GB,United Kingdom,England,4079,True,True,,
381,804834,Burneside,city,GB,United Kingdom,England,4079,True,True,,
382,804935,"Buxton, Norfolk",city,GB,United Kingdom,England,4079,True,True,,
383,803160,"Babraham, Cambridgeshire",city,GB,United Kingdom,England,4079,True,True,,
384,803531,"Bassingham, Lincolnshire",city,GB,United Kingdom,England,4079,True,True,,
385,804216,"Bothel, Cumbria",city,GB,United Kingdom,England,4079,True,True,,
386,803569,"Beadnell, Northumberland",city,GB,United Kingdom,England,4079,True,True,,
387,811427,Little Baddow,city,GB,United Kingdom,England,4079,True,True,,
388,809373,Haydon Bridge,city,GB,United Kingdom,England,4079,True,True,,
389,804361,Braithwell,city,GB,United Kingdom,England,4079,True,True,,
390,803689,"Belsay, Northumberland",city,GB,United Kingdom,England,4079,True,True,,
391,803949,Bishop Sutton,city,GB,United Kingdom,England,4079,True,True,,
392,803537,Batheaston,city,GB,United Kingdom,England,4079,True,True,,
393,803162,"Backford, Cheshire",city,GB,United Kingdom,England,4079,True,True,,
394,803758,Berwick on Tweed,city,GB,United Kingdom,England,4079,True,True,,
395,808727,Great Bowden,city,GB,United Kingdom,England,4079,True,True,,
396,804402,Branscombe,city,GB,United Kingdom,England,4079,True,True,,
397,818406,"West Burton, North Yorkshire",city,GB,United Kingdom,England,4079,True,True,,
398,803724,"Bentley, Suffolk",city,GB,United Kingdom,England,4079,True,True,,
399,804337,Bradninch,city,GB,United Kingdom,England,4079,True,True,,
400,803836,Bierton,city,GB,United Kingdom,England,4079,True,True,,
401,808733,Great Bromley,city,GB,United Kingdom,England,4079,True,True,,
402,803339,"Balsham, Cambridgeshire",city,GB,United Kingdom,England,4079,True,True,,
403,804940,Byers Green,city,GB,United Kingdom,England,4079,True,True,,
404,803932,Bishops Itchington,city,GB,United Kingdom,England,4079,True,True,,
405,804412,Brasted,city,GB,United Kingdom,England,4079,True,True,,
406,804902,"Burwash, East Sussex",city,GB,United Kingdom,England,4079,True,True,,
407,811433,Little Bentley,city,GB,United Kingdom,England,4079,True,True,,
408,803811,Bickershaw,city,GB,United Kingdom,England,4079,True,True,,
409,804831,Burmarsh,city,GB,United Kingdom,England,4079,True,True,,
410,815825,Severn Beach,city,GB,United Kingdom,England,4079,True,True,,
411,804111,Bodenham,city,GB,United Kingdom,England,4079,True,True,,
412,803930,Bishops Frome,city,GB,United Kingdom,England,4079,True,True,,
413,803884,"Birch, Essex",city,GB,United Kingdom,England,4079,True,True,,
414,804454,Bredhurst,city,GB,United Kingdom,England,4079,True,True,,
415,804389,Bramshall,city,GB,United Kingdom,England,4079,True,True,,
416,804290,Boxley,city,GB,United Kingdom,England,4079,True,True,,
417,2789204,Bellingdon,city,GB,United Kingdom,England,4079,True,True,,
418,804560,Britwell Salome,city,GB,United Kingdom,England,4079,True,True,,
419,804038,Blankney,city,GB,United Kingdom,England,4079,True,True,,
420,804030,"Blakeney, Gloucestershire",city,GB,United Kingdom,England,4079,True,True,,
421,803763,"Besford, Worcestershire",city,GB,United Kingdom,England,4079,True,True,,
422,803815,"Bickleigh, Devon",city,GB,United Kingdom,England,4079,True,True,,
423,803881,Bircham Newton,city,GB,United Kingdom,England,4079,True,True,,
424,2789240,Kingston Bagpuize with Southmoor,city,GB,United Kingdom,England,4079,True,True,,
425,804316,"Bradenham, Buckinghamshire",city,GB,United Kingdom,England,4079,True,True,,
426,804865,Burslem,city,GB,United Kingdom,England,4079,True,True,,
427,804878,"Burton, Lincolnshire",city,GB,United Kingdom,England,4079,True,True,,
428,804759,Bucklesham,city,GB,United Kingdom,England,4079,True,True,,
429,813225,Mylor Bridge,city,GB,United Kingdom,England,4079,True,True,,
430,813728,"Norton Bridge, Staffordshire",city,GB,United Kingdom,England,4079,True,True,,
431,803946,"Bishopstone, Swindon",city,GB,United Kingdom,England,4079,True,True,,
432,805628,Church Brampton,city,GB,United Kingdom,England,4079,True,True,,
433,803561,"Baylham, Suffolk",city,GB,United Kingdom,England,4079,True,True,,
434,804330,"Bradley, North Yorkshire",city,GB,United Kingdom,England,4079,True,True,,
435,804485,Bridford,city,GB,United Kingdom,England,4079,True,True,,
436,804470,Brenzett,city,GB,United Kingdom,England,4079,True,True,,
437,803408,"Barking, Suffolk",city,GB,United Kingdom,England,4079,True,True,,
438,804542,Brimpton,city,GB,United Kingdom,England,4079,True,True,,
439,803566,Beachampton,city,GB,United Kingdom,England,4079,True,True,,
440,812412,Maiden Bradley,city,GB,United Kingdom,England,4079,True,True,,
441,803596,Beckermet,city,GB,United Kingdom,England,4079,True,True,,
442,803602,"Beckingham, Lincolnshire",city,GB,United Kingdom,England,4079,True,True,,
443,805978,Colston Bassett,city,GB,United Kingdom,England,4079,True,True,,
444,804306,Brackley,city,GB,United Kingdom,England,4079,True,True,,
445,804371,"Bramham, West Yorkshire",city,GB,United Kingdom,England,4079,True,True,,
446,2687263,"Brandon, Suffolk",city,GB,United Kingdom,England,4079,True,True,,
447,816268,South Benfleet,city,GB,United Kingdom,England,4079,True,True,,
448,815606,"Sandy, Bedfordshire",city,GB,United Kingdom,England,4079,True,True,,
449,803618,Bedlington,city,GB,United Kingdom,England,4079,True,True,,
450,803608,"Bedale, North Yorkshire",city,GB,United Kingdom,England,4079,True,True,,
451,803513,Barton upon humber,city,GB,United Kingdom,England,4079,True,True,,
452,804707,"Bruton, Somerset",city,GB,United Kingdom,England,4079,True,True,,
453,804602,"Brockenhurst, Hampshire",city,GB,United Kingdom,England,4079,True,True,,
454,803222,Baldock,city,GB,United Kingdom,England,4079,True,True,,
455,804800,Buntingford,city,GB,United Kingdom,England,4079,True,True,,
456,804616,Bromborough,city,GB,United Kingdom,England,4079,True,True,,
457,804740,Buckfastleigh,city,GB,United Kingdom,England,4079,True,True,,
458,803736,"Berkeley, Gloucestershire",city,GB,United Kingdom,England,4079,True,True,,
459,803518,Barwell,city,GB,United Kingdom,England,4079,True,True,,
460,803908,"Birstall, West Yorkshire",city,GB,United Kingdom,England,4079,True,True,,
461,803170,Bacup,city,GB,United Kingdom,England,4079,True,True,,
462,803859,"Billingshurst, West Sussex",city,GB,United Kingdom,England,4079,True,True,,
463,803589,"Beaworthy, Devon",city,GB,United Kingdom,England,4079,True,True,,
464,812550,"Marlow, Buckinghamshire",city,GB,United Kingdom,England,4079,True,True,,
465,804744,Buckhurst Hill,city,GB,United Kingdom,England,4079,True,True,,
466,803375,Banstead,city,GB,United Kingdom,England,4079,True,True,,
467,803886,"Birchington, Kent",city,GB,United Kingdom,England,4079,True,True,,
468,803554,Bawtry,city,GB,United Kingdom,England,4079,True,True,,
469,804693,Broxbourne,city,GB,United Kingdom,England,4079,True,True,,
470,803641,"Beeston, Nottinghamshire",city,GB,United Kingdom,England,4079,True,True,,
471,804913,Bushey,city,GB,United Kingdom,England,4079,True,True,,
472,804587,"Broadway, Worcestershire",city,GB,United Kingdom,England,4079,True,True,,
473,804423,Braunton,city,GB,United Kingdom,England,4079,True,True,,
474,2687394,Bordon,city,GB,United Kingdom,England,4079,True,True,,
475,804286,"Box, Wiltshire",city,GB,United Kingdom,England,4079,True,True,,
476,804043,Blaydon,city,GB,United Kingdom,England,4079,True,True,,
477,808723,Great Blakenham,city,GB,United Kingdom,England,4079,True,True,,
478,803591,Bebington,city,GB,United Kingdom,England,4079,True,True,,
479,804138,Bolsover,city,GB,United Kingdom,England,4079,True,True,,
480,805110,Carbis Bay,city,GB,United Kingdom,England,4079,True,True,,
481,807248,Earls Barton,city,GB,United Kingdom,England,4079,True,True,,
482,804074,Bloxwich,city,GB,United Kingdom,England,4079,True,True,,
483,803865,Bilston,city,GB,United Kingdom,England,4079,True,True,,
484,804660,Broseley,city,GB,United Kingdom,England,4079,True,True,,
485,804528,Brightlingsea,city,GB,United Kingdom,England,4079,True,True,,
486,804769,Budleigh Salterton,city,GB,United Kingdom,England,4079,True,True,,
487,804187,Boroughbridge,city,GB,United Kingdom,England,4079,True,True,,
488,804253,"Bourton on the Water, Gloucestershire",city,GB,United Kingdom,England,4079,True,True,,
489,804612,"Brockworth, Gloucestershire",city,GB,United Kingdom,England,4079,True,True,,
490,818655,Whaley Bridge,city,GB,United Kingdom,England,4079,True,True,,
491,804806,Burford,city,GB,United Kingdom,England,4079,True,True,,
492,804634,Bromyard,city,GB,United Kingdom,England,4079,True,True,,
493,808711,"Great Baddow, Essex",city,GB,United Kingdom,England,4079,True,True,,
494,803196,Bagshot,city,GB,United Kingdom,England,4079,True,True,,
495,819176,Wootton Bassett,city,GB,United Kingdom,England,4079,True,True,,
496,803829,Biddulph,city,GB,United Kingdom,England,4079,True,True,,
497,804683,Broughton in Furness,city,GB,United Kingdom,England,4079,True,True,,
498,803416,Barlborough,city,GB,United Kingdom,England,4079,True,True,,
499,812573,Marske-by-the-Sea,city,GB,United Kingdom,England,4079,True,True,,
500,803568,"Beaconsfield, Buckinghamshire",city,GB,United Kingdom,England,4079,True,True,,
501,804561,Brixham,city,GB,United Kingdom,England,4079,True,True,,
502,804942,Byfleet,city,GB,United Kingdom,England,4079,True,True,,
503,813377,"Newbury, Berkshire",city,GB,United Kingdom,England,4079,True,True,,
504,804908,Bury St. Edmunds,city,GB,United Kingdom,England,4079,True,True,,
505,804469,"Brentwood, UK",city,GB,United Kingdom,England,4079,True,True,,
506,803807,"Bicester, Oxfordshire",city,GB,United Kingdom,England,4079,True,True,,
507,804520,Brierley Hill,city,GB,United Kingdom,England,4079,True,True,,
508,804055,"Bletchley, Milton Keynes",city,GB,United Kingdom,England,4079,True,True,,
509,803626,Bedworth,city,GB,United Kingdom,England,4079,True,True,,
510,803898,Birkenhead,city,GB,United Kingdom,England,4079,True,True,,
511,803540,Batley,city,GB,United Kingdom,England,4079,True,True,,
512,803407,Barking,city,GB,United Kingdom,England,4079,True,True,,
513,803431,Barnard Castle,city,GB,United Kingdom,England,4079,True,True,,
514,811241,Leighton Buzzard,city,GB,United Kingdom,England,4079,True,True,,
515,804516,Bridgwater,city,GB,United Kingdom,England,4079,True,True,,
516,803451,"Barnstaple, Devon",city,GB,United Kingdom,England,4079,True,True,,
517,818404,West Bromwich,city,GB,United Kingdom,England,4079,True,True,,
518,818402,West Bridgford,city,GB,United Kingdom,England,4079,True,True,,
519,818415,West Byfleet,city,GB,United Kingdom,England,4079,True,True,,
520,804178,Borehamwood,city,GB,United Kingdom,England,4079,True,True,,
521,804309,Bracknell,city,GB,United Kingdom,England,4079,True,True,,
522,804905,Bury,city,GB,United Kingdom,England,4079,True,True,,
523,804898,Burton upon Trent,city,GB,United Kingdom,England,4079,True,True,,
524,803352,"Banbury, Oxfordshire",city,GB,United Kingdom,England,4079,True,True,,
525,804229,"Boughton, Northamptonshire",city,GB,United Kingdom,England,4079,True,True,,
526,814610,Potters Bar,city,GB,United Kingdom,England,4079,True,True,,
527,803841,Biggleswade,city,GB,United Kingdom,England,4079,True,True,,
528,803802,"Bexhill, East Sussex",city,GB,United Kingdom,England,4079,True,True,,
529,804117,Bodmin,city,GB,United Kingdom,England,4079,True,True,,
530,803448,"Barnoldswick, Lancashire",city,GB,United Kingdom,England,4079,True,True,,
531,804035,Blandford Forum,city,GB,United Kingdom,England,4079,True,True,,
532,2789207,Brookmans Park,city,GB,United Kingdom,England,4079,True,True,,
533,803798,"Bewdley, Worcestershire",city,GB,United Kingdom,England,4079,True,True,,
534,804283,Bowness-on-Windermere,city,GB,United Kingdom,England,4079,True,True,,
535,804522,"Brigg, North Lincolnshire",city,GB,United Kingdom,England,4079,True,True,,
536,803856,Billingham,city,GB,United Kingdom,England,4079,True,True,,
537,804240,"Bourne End, Buckinghamshire",city,GB,United Kingdom,England,4079,True,True,,
538,816399,Sowerby Bridge,city,GB,United Kingdom,England,4079,True,True,,
539,804525,Brighouse,city,GB,United Kingdom,England,4079,True,True,,
540,804581,Broadstairs,city,GB,United Kingdom,England,4079,True,True,,
541,804807,Burgess Hill,city,GB,United Kingdom,England,4079,True,True,,
542,803738,"Berkhamsted, Hertfordshire",city,GB,United Kingdom,England,4079,True,True,,
543,804843,Burnham-on-Sea,city,GB,United Kingdom,England,4079,True,True,,
544,804852,Burntwood,city,GB,United Kingdom,England,4079,True,True,,
545,809428,Hebden Bridge,city,GB,United Kingdom,England,4079,True,True,,
546,803343,Bamber Bridge,city,GB,United Kingdom,England,4079,True,True,,
547,804515,Bridgnorth,city,GB,United Kingdom,England,4079,True,True,,
548,803936,Bishops Stortford,city,GB,United Kingdom,England,4079,True,True,,
549,803830,"Bideford, Devon",city,GB,United Kingdom,England,4079,True,True,,
550,804359,"Braintree, Essex",city,GB,United Kingdom,England,4079,True,True,,
551,818758,Whitley Bay,city,GB,United Kingdom,England,4079,True,True,,
552,804518,Bridport,city,GB,United Kingdom,England,4079,True,True,,
553,803482,Barrow in Furness,city,GB,United Kingdom,England,4079,True,True,,
554,804746,Buckingham,city,GB,United Kingdom,England,4079,True,True,,
555,803794,"Beverley, East Riding of Yorkshire",city,GB,United Kingdom,England,4079,True,True,,
556,804633,Bromsgrove,city,GB,United Kingdom,England,4079,True,True,,
557,804517,Bridlington,city,GB,United Kingdom,England,4079,True,True,,
558,803593,"Beccles, Suffolk",city,GB,United Kingdom,England,4079,True,True,,
559,804936,Buxton,city,GB,United Kingdom,England,4079,True,True,,
560,815997,Shoreham-by-Sea,city,GB,United Kingdom,England,4079,True,True,,
561,804768,Bude,city,GB,United Kingdom,England,4079,True,True,,
562,804125,Bognor Regis,city,GB,United Kingdom,England,4079,True,True,,
563,815536,Saltburn-by-the-Sea,city,GB,United Kingdom,England,4079,True,True,,
564,804864,Bursledon,city,GB,United Kingdom,England,4079,True,True,,
565,804086,"Blyth, Northumberland",city,GB,United Kingdom,England,4079,True,True,,
566,803208,"Bakewell, Derbyshire",city,GB,United Kingdom,England,4079,True,True,,
567,803688,Belper,city,GB,United Kingdom,England,4079,True,True,,
568,804172,Bootle,city,GB,United Kingdom,England,4079,True,True,,
569,803848,"Billericay, Essex",city,GB,United Kingdom,England,4079,True,True,,
570,804261,Bovingdon,city,GB,United Kingdom,England,4079,True,True,,
571,809533,"Herne Bay, Kent",city,GB,United Kingdom,England,4079,True,True,,
572,803928,Bishops Cleeve,city,GB,United Kingdom,England,4079,True,True,,
573,807278,East Bergholt,city,GB,United Kingdom,England,4079,True,True,,
574,804703,"Brundall, Norfolk",city,GB,United Kingdom,England,4079,True,True,,
575,803525,Baslow,city,GB,United Kingdom,England,4079,True,True,,
576,803953,Bishopthorpe,city,GB,United Kingdom,England,4079,True,True,,
577,804080,Blunsdon,city,GB,United Kingdom,England,4079,True,True,,
578,804815,Burghfield,city,GB,United Kingdom,England,4079,True,True,,
579,804841,Burnham Market,city,GB,United Kingdom,England,4079,True,True,,
580,817908,Upper Beeding,city,GB,United Kingdom,England,4079,True,True,,
581,804556,Briston,city,GB,United Kingdom,England,4079,True,True,,
582,807285,East Budleigh,city,GB,United Kingdom,England,4079,True,True,,
583,805385,Chapel Brampton,city,GB,United Kingdom,England,4079,True,True,,
584,803195,Baginton,city,GB,United Kingdom,England,4079,True,True,,
585,804054,Bletchingley,city,GB,United Kingdom,England,4079,True,True,,
586,804369,Bramford,city,GB,United Kingdom,England,4079,True,True,,
587,804200,Boscastle,city,GB,United Kingdom,England,4079,True,True,,
588,809589,High Bentham,city,GB,United Kingdom,England,4079,True,True,,
589,809545,Hesketh Bank,city,GB,United Kingdom,England,4079,True,True,,
590,803533,Baston,city,GB,United Kingdom,England,4079,True,True,,
591,803467,"Barrington, Cambridgeshire",city,GB,United Kingdom,England,4079,True,True,,
592,803387,"Bardney, Lincolnshire",city,GB,United Kingdom,England,4079,True,True,,
593,804772,Bugbrooke,city,GB,United Kingdom,England,4079,True,True,,
594,803740,Berkswell,city,GB,United Kingdom,England,4079,True,True,,
595,807283,East Bridgford,city,GB,United Kingdom,England,4079,True,True,,
596,804438,"Bream, Gloucestershire",city,GB,United Kingdom,England,4079,True,True,,
597,804232,Boughton Monchelsea,city,GB,United Kingdom,England,4079,True,True,,
598,804773,"Bugle, Cornwall",city,GB,United Kingdom,England,4079,True,True,,
599,806415,Cropwell Bishop,city,GB,United Kingdom,England,4079,True,True,,
600,803858,Billinghay,city,GB,United Kingdom,England,4079,True,True,,
601,809590,High Bickington,city,GB,United Kingdom,England,4079,True,True,,
602,804064,Blisworth,city,GB,United Kingdom,England,4079,True,True,,
603,804888,Burton Joyce,city,GB,United Kingdom,England,4079,True,True,,
604,2789206,Broadbridge Heath,city,GB,United Kingdom,England,4079,True,True,,
605,803575,Beaminster,city,GB,United Kingdom,England,4079,True,True,,
606,803951,"Bishops Waltham, Hampshire",city,GB,United Kingdom,England,4079,True,True,,
607,804020,Blagdon,city,GB,United Kingdom,England,4079,True,True,,
608,818392,"West Bay, Dorset",city,GB,United Kingdom,England,4079,True,True,,
609,804565,Brixworth,city,GB,United Kingdom,England,4079,True,True,,
610,803819,Bicknacre,city,GB,United Kingdom,England,4079,True,True,,
611,803582,"Bearsted, Kent",city,GB,United Kingdom,England,4079,True,True,,
612,804566,Brize Norton,city,GB,United Kingdom,England,4079,True,True,,
613,816273,South Brent,city,GB,United Kingdom,England,4079,True,True,,
614,803349,"Bampton, Oxfordshire",city,GB,United Kingdom,England,4079,True,True,,
615,803585,"Beaulieu, Hampshire",city,GB,United Kingdom,England,4079,True,True,,
616,803888,Bircotes,city,GB,United Kingdom,England,4079,True,True,,
617,803701,Bembridge,city,GB,United Kingdom,England,4079,True,True,,
618,803484,Barrow upon Humber,city,GB,United Kingdom,England,4079,True,True,,
619,804826,"Burley, Hampshire",city,GB,United Kingdom,England,4079,True,True,,
620,811216,Leeming Bar,city,GB,United Kingdom,England,4079,True,True,,
621,803969,Blaby,city,GB,United Kingdom,England,4079,True,True,,
622,803899,"Birkenshaw, Bradford",city,GB,United Kingdom,England,4079,True,True,,
623,804067,Blofield,city,GB,United Kingdom,England,4079,True,True,,
624,812067,Long Buckby,city,GB,United Kingdom,England,4079,True,True,,
625,804540,Brimington,city,GB,United Kingdom,England,4079,True,True,,
626,804406,"Branston, Lincolnshire",city,GB,United Kingdom,England,4079,True,True,,
627,804176,Boreham,city,GB,United Kingdom,England,4079,True,True,,
628,804130,Boldon,city,GB,United Kingdom,England,4079,True,True,,
629,804849,Burnopfield,city,GB,United Kingdom,England,4079,True,True,,
630,803345,Bamford,city,GB,United Kingdom,England,4079,True,True,,
631,813344,Newbiggin-by-the-Sea,city,GB,United Kingdom,England,4079,True,True,,
632,804665,"Brough, East Riding of Yorkshire",city,GB,United Kingdom,England,4079,True,True,,
633,803365,"Banham, Norfolk",city,GB,United Kingdom,England,4079,True,True,,
634,803635,Beenham,city,GB,United Kingdom,England,4079,True,True,,
635,808730,Great Brickhill,city,GB,United Kingdom,England,4079,True,True,,
636,808720,Great Bentley,city,GB,United Kingdom,England,4079,True,True,,
637,803415,Barlaston,city,GB,United Kingdom,England,4079,True,True,,
638,814111,"Pateley Bridge, North Yorkshire",city,GB,United Kingdom,England,4079,True,True,,
639,804202,Boscombe,city,GB,United Kingdom,England,4079,True,True,,
640,804237,"Bourn, Cambridgeshire",city,GB,United Kingdom,England,4079,True,True,,
641,803344,"Bamburgh, Northumberland",city,GB,United Kingdom,England,4079,True,True,,
642,803941,Bishopsteignton,city,GB,United Kingdom,England,4079,True,True,,
643,804673,"Broughton, Lancashire",city,GB,United Kingdom,England,4079,True,True,,
644,803551,"Bawburgh, Norfolk",city,GB,United Kingdom,England,4079,True,True,,
645,818396,West Bergholt,city,GB,United Kingdom,England,4079,True,True,,
646,803166,Backworth,city,GB,United Kingdom,England,4079,True,True,,
647,803694,"Belton, Norfolk",city,GB,United Kingdom,England,4079,True,True,,
648,803768,Betchworth,city,GB,United Kingdom,England,4079,True,True,,
649,804148,Bolton upon Dearne,city,GB,United Kingdom,England,4079,True,True,,
650,804653,"Broomfield, Essex",city,GB,United Kingdom,England,4079,True,True,,
651,804663,Brotton,city,GB,United Kingdom,England,4079,True,True,,
652,804645,"Brooke, Norfolk",city,GB,United Kingdom,England,4079,True,True,,
653,803926,Bishops Castle,city,GB,United Kingdom,England,4079,True,True,,
654,808726,Great Bookham,city,GB,United Kingdom,England,4079,True,True,,
655,803695,"Belton, North Lincolnshire",city,GB,United Kingdom,England,4079,True,True,,
656,811441,Little Brickhill,city,GB,United Kingdom,England,4079,True,True,,
657,804364,Bramcote,city,GB,United Kingdom,England,4079,True,True,,
658,803454,"Barnt Green, Worcestershire",city,GB,United Kingdom,England,4079,True,True,,
659,803967,Bitton,city,GB,United Kingdom,England,4079,True,True,,
660,812522,"Mark Cross, East Sussex",city,GB,United Kingdom,England,4079,True,True,,
661,813130,Moulton Chapel,city,GB,United Kingdom,England,4079,True,True,,
662,805274,"Castle Rising, Norfolk",city,GB,United Kingdom,England,4079,True,True,,
663,806200,Courteenhall,city,GB,United Kingdom,England,4079,True,True,,
664,805451,Checkendon,city,GB,United Kingdom,England,4079,True,True,,
665,805757,"Clenchwarton, Norfolk",city,GB,United Kingdom,England,4079,True,True,,
666,805623,Christow,city,GB,United Kingdom,England,4079,True,True,,
667,805078,"Cantley, Norfolk",city,GB,United Kingdom,England,4079,True,True,,
668,805587,Chirbury,city,GB,United Kingdom,England,4079,True,True,,
669,805926,Cold Norton,city,GB,United Kingdom,England,4079,True,True,,
670,805027,"Calverton, Milton Keynes",city,GB,United Kingdom,England,4079,True,True,,
671,809694,Hinton Charterhouse,city,GB,United Kingdom,England,4079,True,True,,
672,805021,Calstock,city,GB,United Kingdom,England,4079,True,True,,
673,805459,Chedworth,city,GB,United Kingdom,England,4079,True,True,,
674,805601,Chittlehampton,city,GB,United Kingdom,England,4079,True,True,,
675,809161,Hanley Castle,city,GB,United Kingdom,England,4079,True,True,,
676,812069,Long Clawson,city,GB,United Kingdom,England,4079,True,True,,
677,805549,Childs Ercall,city,GB,United Kingdom,England,4079,True,True,,
678,806003,Comberton,city,GB,United Kingdom,England,4079,True,True,,
679,806068,Coolham,city,GB,United Kingdom,England,4079,True,True,,
680,805591,Chiseldon,city,GB,United Kingdom,England,4079,True,True,,
681,805701,"Clapham, West Sussex",city,GB,United Kingdom,England,4079,True,True,,
682,815810,Sennen Cove,city,GB,United Kingdom,England,4079,True,True,,
683,805438,Chattenden,city,GB,United Kingdom,England,4079,True,True,,
684,806141,Coseley,city,GB,United Kingdom,England,4079,True,True,,
685,805825,Clun,city,GB,United Kingdom,England,4079,True,True,,
686,805466,Chelmondiston,city,GB,United Kingdom,England,4079,True,True,,
687,806560,Cumnor,city,GB,United Kingdom,England,4079,True,True,,
688,805401,Chappel,city,GB,United Kingdom,England,4079,True,True,,
689,805277,Castlethorpe,city,GB,United Kingdom,England,4079,True,True,,
690,805411,"Charlestown, Cornwall",city,GB,United Kingdom,England,4079,True,True,,
691,806246,"Cradley, West Midlands",city,GB,United Kingdom,England,4079,True,True,,
692,816706,Stoke Climsland,city,GB,United Kingdom,England,4079,True,True,,
693,806462,"Crowfield, Suffolk",city,GB,United Kingdom,England,4079,True,True,,
694,806232,Cowthorpe,city,GB,United Kingdom,England,4079,True,True,,
695,805002,Caldy,city,GB,United Kingdom,England,4079,True,True,,
696,806110,Corpusty,city,GB,United Kingdom,England,4079,True,True,,
697,805832,Clunton,city,GB,United Kingdom,England,4079,True,True,,
698,805301,Catherington,city,GB,United Kingdom,England,4079,True,True,,
699,806173,Cottesbrooke,city,GB,United Kingdom,England,4079,True,True,,
700,806280,Cranfield,city,GB,United Kingdom,England,4079,True,True,,
701,816118,Skelton-in-Cleveland,city,GB,United Kingdom,England,4079,True,True,,
702,805387,Chapel en le Frith,city,GB,United Kingdom,England,4079,True,True,,
703,806348,Crewkerne,city,GB,United Kingdom,England,4079,True,True,,
704,806036,Conisbrough,city,GB,United Kingdom,England,4079,True,True,,
705,805744,Clayton le Moors,city,GB,United Kingdom,England,4079,True,True,,
706,805673,"Cinderford, Gloucestershire",city,GB,United Kingdom,England,4079,True,True,,
707,805439,Chatteris,city,GB,United Kingdom,England,4079,True,True,,
708,805421,Charlton Kings,city,GB,United Kingdom,England,4079,True,True,,
709,806229,"Cowley, London",city,GB,United Kingdom,England,4079,True,True,,
710,805567,Chilwell,city,GB,United Kingdom,England,4079,True,True,,
711,805821,Clowne,city,GB,United Kingdom,England,4079,True,True,,
712,805308,Catterick Camp,city,GB,United Kingdom,England,4079,True,True,,
713,806471,Crowthorne,city,GB,United Kingdom,England,4079,True,True,,
714,2789205,Bramham cum Oglethorpe,city,GB,United Kingdom,England,4079,True,True,,
715,805017,Calne,city,GB,United Kingdom,England,4079,True,True,,
716,805402,"Chard, Somerset",city,GB,United Kingdom,England,4079,True,True,,
717,805935,"Coleford, Gloucestershire",city,GB,United Kingdom,England,4079,True,True,,
718,805383,Chandler's Ford,city,GB,United Kingdom,England,4079,True,True,,
719,805869,"Cobham, Surrey",city,GB,United Kingdom,England,4079,True,True,,
720,805015,"Callington, Cornwall",city,GB,United Kingdom,England,4079,True,True,,
721,809786,Holmes Chapel,city,GB,United Kingdom,England,4079,True,True,,
722,805907,Coggeshall,city,GB,United Kingdom,England,4079,True,True,,
723,805582,"Chipping Sodbury, South Gloucestershire",city,GB,United Kingdom,England,4079,True,True,,
724,805895,Codsall,city,GB,United Kingdom,England,4079,True,True,,
725,2687603,"St Ives, Cambridgeshire",city,GB,United Kingdom,England,4079,True,True,,
726,806039,"Coniston, Cumbria",city,GB,United Kingdom,England,4079,True,True,,
727,805233,Cartmel,city,GB,United Kingdom,England,4079,True,True,,
728,805049,Camelford,city,GB,United Kingdom,England,4079,True,True,,
729,805750,Cleator Moor,city,GB,United Kingdom,England,4079,True,True,,
730,805745,Clayton West,city,GB,United Kingdom,England,4079,True,True,,
731,816966,Sutton Courtenay,city,GB,United Kingdom,England,4079,True,True,,
732,805573,Chinnor,city,GB,United Kingdom,England,4079,True,True,,
733,806483,Croyde,city,GB,United Kingdom,England,4079,True,True,,
734,805633,"Churchdown, Gloucestershire",city,GB,United Kingdom,England,4079,True,True,,
735,806063,Cookham,city,GB,United Kingdom,England,4079,True,True,,
736,817375,Three Legged Cross,city,GB,United Kingdom,England,4079,True,True,,
737,2789209,Chineham,city,GB,United Kingdom,England,4079,True,True,,
738,806156,Cotgrave,city,GB,United Kingdom,England,4079,True,True,,
739,805578,Chipping Campden,city,GB,United Kingdom,England,4079,True,True,,
740,806403,Crondall,city,GB,United Kingdom,England,4079,True,True,,
741,812710,Melton Constable,city,GB,United Kingdom,England,4079,True,True,,
742,806088,Corbridge,city,GB,United Kingdom,England,4079,True,True,,
743,805854,Coalbrookdale,city,GB,United Kingdom,England,4079,True,True,,
744,805637,Church Gresley,city,GB,United Kingdom,England,4079,True,True,,
745,805612,Choppington,city,GB,United Kingdom,England,4079,True,True,,
746,2862678,Hylton Castle,city,GB,United Kingdom,England,4079,True,True,,
747,806457,"Crowborough, East Sussex",city,GB,United Kingdom,England,4079,True,True,,
748,806194,Countesthorpe,city,GB,United Kingdom,England,4079,True,True,,
749,805613,Chorley,city,GB,United Kingdom,England,4079,True,True,,
750,805189,Carnforth,city,GB,United Kingdom,England,4079,True,True,,
751,816965,Sutton Coldfield,city,GB,United Kingdom,England,4079,True,True,,
752,806347,Crewe,city,GB,United Kingdom,England,4079,True,True,,
753,806089,Corby,city,GB,United Kingdom,England,4079,True,True,,
754,805073,Cannock,city,GB,United Kingdom,England,4079,True,True,,
755,818353,"Welwyn Garden City, Hertfordshire",city,GB,United Kingdom,England,4079,True,True,,
756,805575,"Chippenham, Wiltshire",city,GB,United Kingdom,England,4079,True,True,,
757,805618,"Christchurch, Dorset",city,GB,United Kingdom,England,4079,True,True,,
758,805507,Chester-le-Street,city,GB,United Kingdom,England,4079,True,True,,
759,805793,Clitheroe,city,GB,United Kingdom,England,4079,True,True,,
760,805436,"Chatham, Medway",city,GB,United Kingdom,England,4079,True,True,,
761,805293,Caterham,city,GB,United Kingdom,England,4079,True,True,,
762,810442,"Keswick, Cumbria",city,GB,United Kingdom,England,4079,True,True,,
763,805261,Castle Donington,city,GB,United Kingdom,England,4079,True,True,,
764,805266,Castleford,city,GB,United Kingdom,England,4079,True,True,,
765,805655,"Church Stretton, Shropshire",city,GB,United Kingdom,England,4079,True,True,,
766,805580,Chipping Norton,city,GB,United Kingdom,England,4079,True,True,,
767,805502,Chessington,city,GB,United Kingdom,England,4079,True,True,,
768,815523,City of Salford,city,GB,United Kingdom,England,4079,True,True,,
769,805035,Camberley,city,GB,United Kingdom,England,4079,True,True,,
770,806320,"Crediton, Devon",city,GB,United Kingdom,England,4079,True,True,,
771,805499,Cheshunt,city,GB,United Kingdom,England,4079,True,True,,
772,806279,"Cranbrook, Kent",city,GB,United Kingdom,England,4079,True,True,,
773,805762,Clevedon,city,GB,United Kingdom,England,4079,True,True,,
774,2687359,Gerrards Cross,city,GB,United Kingdom,England,4079,True,True,,
775,815427,"St Ives, Cornwall",city,GB,United Kingdom,England,4079,True,True,,
776,805498,Chesham,city,GB,United Kingdom,England,4079,True,True,,
777,806187,Coulsdon,city,GB,United Kingdom,England,4079,True,True,,
778,805039,"Camborne, Cornwall",city,GB,United Kingdom,England,4079,True,True,,
779,805542,Chigwell,city,GB,United Kingdom,England,4079,True,True,,
780,806533,Cullompton,city,GB,United Kingdom,England,4079,True,True,,
781,812601,Marton-in-Cleveland,city,GB,United Kingdom,England,4079,True,True,,
782,806284,Cranleigh,city,GB,United Kingdom,England,4079,True,True,,
783,805374,Chalfont St Peter,city,GB,United Kingdom,England,4079,True,True,,
784,805732,Clay Cross,city,GB,United Kingdom,England,4079,True,True,,
785,805581,Chipping Ongar,city,GB,United Kingdom,England,4079,True,True,,
786,806397,Cromer,city,GB,United Kingdom,England,4079,True,True,,
787,805689,Clacton-on-Sea,city,GB,United Kingdom,England,4079,True,True,,
788,805754,Cleethorpes,city,GB,United Kingdom,England,4079,True,True,,
789,805674,"Cirencester, Gloucestershire",city,GB,United Kingdom,England,4079,True,True,,
790,812054,London Colney,city,GB,United Kingdom,England,4079,True,True,,
791,806050,Consett,city,GB,United Kingdom,England,4079,True,True,,
792,805861,"Coalville, Leicester",city,GB,United Kingdom,England,4079,True,True,,
793,806274,Cramlington,city,GB,United Kingdom,England,4079,True,True,,
794,805877,Cockermouth,city,GB,United Kingdom,England,4079,True,True,,
795,806030,Congleton,city,GB,United Kingdom,England,4079,True,True,,
796,818115,Waltham Cross,city,GB,United Kingdom,England,4079,True,True,,
797,805967,Colne,city,GB,United Kingdom,England,4079,True,True,,
798,806125,"Corsham, Wiltshire",city,GB,United Kingdom,England,4079,True,True,,
799,805751,Cleckheaton,city,GB,United Kingdom,England,4079,True,True,,
800,805859,Coalport,city,GB,United Kingdom,England,4079,True,True,,
801,805807,Clophill,city,GB,United Kingdom,England,4079,True,True,,
802,806163,"Coton, Cambridgeshire",city,GB,United Kingdom,England,4079,True,True,,
803,806514,Cuffley,city,GB,United Kingdom,England,4079,True,True,,
804,805579,"Chipping, Lancashire",city,GB,United Kingdom,England,4079,True,True,,
805,805905,Cogenhoe,city,GB,United Kingdom,England,4079,True,True,,
806,816968,Sutton-in-Craven,city,GB,United Kingdom,England,4079,True,True,,
807,806080,Copmanthorpe,city,GB,United Kingdom,England,4079,True,True,,
808,805330,"Cawston, Norfolk",city,GB,United Kingdom,England,4079,True,True,,
809,805571,Chinley,city,GB,United Kingdom,England,4079,True,True,,
810,806192,Coundon,city,GB,United Kingdom,England,4079,True,True,,
811,806469,Crowmarsh Gifford,city,GB,United Kingdom,England,4079,True,True,,
812,2789243,Little Chalfont,city,GB,United Kingdom,England,4079,True,True,,
813,805723,Claverley,city,GB,United Kingdom,England,4079,True,True,,
814,816719,Stoke Holy Cross,city,GB,United Kingdom,England,4079,True,True,,
815,806135,"Corton, Suffolk",city,GB,United Kingdom,England,4079,True,True,,
816,805038,Cambois,city,GB,United Kingdom,England,4079,True,True,,
817,806212,Coverack,city,GB,United Kingdom,England,4079,True,True,,
818,806249,Craghead,city,GB,United Kingdom,England,4079,True,True,,
819,813153,Mow Cop,city,GB,United Kingdom,England,4079,True,True,,
820,806097,Corley,city,GB,United Kingdom,England,4079,True,True,,
821,1733702,Calver,city,GB,United Kingdom,England,4079,True,True,,
822,817206,Temple Cloud,city,GB,United Kingdom,England,4079,True,True,,
823,805303,"Caton, Lancashire",city,GB,United Kingdom,England,4079,True,True,,
824,805065,Canewdon,city,GB,United Kingdom,England,4079,True,True,,
825,805333,"Caxton, Cambridgeshire",city,GB,United Kingdom,England,4079,True,True,,
826,805041,"Cambridge, Gloucestershire",city,GB,United Kingdom,England,4079,True,True,,
827,2687598,Cambourne,city,GB,United Kingdom,England,4079,True,True,,
828,806371,Cringleford,city,GB,United Kingdom,England,4079,True,True,,
829,804959,Cadnam,city,GB,United Kingdom,England,4079,True,True,,
830,815759,Seaton Carew,city,GB,United Kingdom,England,4079,True,True,,
831,806529,Cullercoats,city,GB,United Kingdom,England,4079,True,True,,
832,806290,Cranwell,city,GB,United Kingdom,England,4079,True,True,,
833,806288,Cranswick,city,GB,United Kingdom,England,4079,True,True,,
834,803505,Barton in the Clay,city,GB,United Kingdom,England,4079,True,True,,
835,805376,Chalgrove,city,GB,United Kingdom,England,4079,True,True,,
836,816279,South Cave,city,GB,United Kingdom,England,4079,True,True,,
837,805990,Colwick,city,GB,United Kingdom,England,4079,True,True,,
838,805980,"Coltishall, Norfolk",city,GB,United Kingdom,England,4079,True,True,,
839,805529,Chew Magna,city,GB,United Kingdom,England,4079,True,True,,
840,805116,Carcroft,city,GB,United Kingdom,England,4079,True,True,,
841,806031,Congresbury,city,GB,United Kingdom,England,4079,True,True,,
842,807249,Earls Colne,city,GB,United Kingdom,England,4079,True,True,,
843,806032,Coningsby,city,GB,United Kingdom,England,4079,True,True,,
844,805373,Chalfont St Giles,city,GB,United Kingdom,England,4079,True,True,,
845,806466,Crowland,city,GB,United Kingdom,England,4079,True,True,,
846,815226,Rowlands Castle,city,GB,United Kingdom,England,4079,True,True,,
847,805255,Castle Cary,city,GB,United Kingdom,England,4079,True,True,,
848,808180,Frampton Cotterell,city,GB,United Kingdom,England,4079,True,True,,
849,806361,Cricklade,city,GB,United Kingdom,England,4079,True,True,,
850,805434,Chasetown,city,GB,United Kingdom,England,4079,True,True,,
851,806167,Cottenham,city,GB,United Kingdom,England,4079,True,True,,
852,810645,Kings Cliffe,city,GB,United Kingdom,England,4079,True,True,,
853,805749,Cleator,city,GB,United Kingdom,England,4079,True,True,,
854,804956,Caddington,city,GB,United Kingdom,England,4079,True,True,,
855,805530,Chew Stoke,city,GB,United Kingdom,England,4079,True,True,,
856,806021,Compton Martin,city,GB,United Kingdom,England,4079,True,True,,
857,806148,Costessey,city,GB,United Kingdom,England,4079,True,True,,
858,806418,"Crosby, Cumbria",city,GB,United Kingdom,England,4079,True,True,,
859,805621,Christleton,city,GB,United Kingdom,England,4079,True,True,,
860,813610,North Cave,city,GB,United Kingdom,England,4079,True,True,,
861,808738,Great Chart,city,GB,United Kingdom,England,4079,True,True,,
862,806900,"Docking, Norfolk",city,GB,United Kingdom,England,4079,True,True,,
863,819034,"Withington, Herefordshire",city,GB,United Kingdom,England,4079,True,True,,
864,806914,"Dodleston, Cheshire",city,GB,United Kingdom,England,4079,True,True,,
865,806842,"Dickleburgh, Norfolk",city,GB,United Kingdom,England,4079,True,True,,
866,806729,Davidstow,city,GB,United Kingdom,England,4079,True,True,,
867,806899,"Dobwalls, Cornwall",city,GB,United Kingdom,England,4079,True,True,,
868,807008,"Draycott, Somerset",city,GB,United Kingdom,England,4079,True,True,,
869,807192,"Dunston, Lincolnshire",city,GB,United Kingdom,England,4079,True,True,,
870,807024,Drigg,city,GB,United Kingdom,England,4079,True,True,,
871,806794,"Denton, Kent",city,GB,United Kingdom,England,4079,True,True,,
872,807308,"East Dereham, Norfolk",city,GB,United Kingdom,England,4079,True,True,,
873,818446,"West Dereham, Norfolk",city,GB,United Kingdom,England,4079,True,True,,
874,806758,"Defford, Worcestershire",city,GB,United Kingdom,England,4079,True,True,,
875,807186,"Dunsford, Devon",city,GB,United Kingdom,England,4079,True,True,,
876,813085,"Morley, West Yorkshire",city,GB,United Kingdom,England,4079,True,True,,
877,806726,Datchworth,city,GB,United Kingdom,England,4079,True,True,,
878,807117,"Dummer, Wiltshire",city,GB,United Kingdom,England,4079,True,True,,
879,813732,Norton Disney,city,GB,United Kingdom,England,4079,True,True,,
880,806946,Donisthorpe,city,GB,United Kingdom,England,4079,True,True,,
881,810648,"Kingsdown, Kent",city,GB,United Kingdom,England,4079,True,True,,
882,806987,"Downe, Bromley",city,GB,United Kingdom,England,4079,True,True,,
883,807154,Dunholme,city,GB,United Kingdom,England,4079,True,True,,
884,806840,Dibden,city,GB,United Kingdom,England,4079,True,True,,
885,810093,"Ide, Devon",city,GB,United Kingdom,England,4079,True,True,,
886,811153,Layer de la Haye,city,GB,United Kingdom,England,4079,True,True,,
887,806761,Delabole,city,GB,United Kingdom,England,4079,True,True,,
888,806979,Dovercourt,city,GB,United Kingdom,England,4079,True,True,,
889,806873,"Dinnington, Newcastle Upon Tyne",city,GB,United Kingdom,England,4079,True,True,,
890,806754,"Deepdale, Lancashire",city,GB,United Kingdom,England,4079,True,True,,
891,818548,Westoning,city,GB,United Kingdom,England,4079,True,True,,
892,813738,"Norton, Doncaster",city,GB,United Kingdom,England,4079,True,True,,
893,806789,"Dent, Lancashire",city,GB,United Kingdom,England,4079,True,True,,
894,807744,Eversholt,city,GB,United Kingdom,England,4079,True,True,,
895,806769,"Denbury, Torbay",city,GB,United Kingdom,England,4079,True,True,,
896,806978,Dove Holes,city,GB,United Kingdom,England,4079,True,True,,
897,806848,"Digby, Norfolk",city,GB,United Kingdom,England,4079,True,True,,
898,806954,Dore,city,GB,United Kingdom,England,4079,True,True,,
899,806886,Diseworth,city,GB,United Kingdom,England,4079,True,True,,
900,818566,"Weston, Cheshire",city,GB,United Kingdom,England,4079,True,True,,
901,2687395,"Hatton, Derbyshire",city,GB,United Kingdom,England,4079,True,True,,
902,807022,"Drewsteignton, Devon",city,GB,United Kingdom,England,4079,True,True,,
903,806710,"Darley, North Yorkshire",city,GB,United Kingdom,England,4079,True,True,,
904,2789224,"Downham, Lancashire",city,GB,United Kingdom,England,4079,True,True,,
905,2789236,Horton Kirby and South Darenth,city,GB,United Kingdom,England,4079,True,True,,
906,808757,"Great Driffield, Norfolk",city,GB,United Kingdom,England,4079,True,True,,
907,811466,Little Driffield,city,GB,United Kingdom,England,4079,True,True,,
908,807010,"Draycott, Worcestershire",city,GB,United Kingdom,England,4079,True,True,,
909,806869,"Dingle, Liverpool",city,GB,United Kingdom,England,4079,True,True,,
910,806686,"Dalton, Stockton-On-Tees",city,GB,United Kingdom,England,4079,True,True,,
911,807174,Dunnington,city,GB,United Kingdom,England,4079,True,True,,
912,2873969,"Bramhall Drive, Sunderland",city,GB,United Kingdom,England,4079,True,True,,
913,806999,Doynton,city,GB,United Kingdom,England,4079,True,True,,
914,813763,"Nuneaton, Warwickshire",city,GB,United Kingdom,England,4079,True,True,,
915,809220,"Harlow, Essex",city,GB,United Kingdom,England,4079,True,True,,
916,810469,Kidderminster,city,GB,United Kingdom,England,4079,True,True,,
917,816639,Stevenage,city,GB,United Kingdom,England,4079,True,True,,
918,806634,Dagenham,city,GB,United Kingdom,England,4079,True,True,,
919,814904,Redditch,city,GB,United Kingdom,England,4079,True,True,,
920,811176,"Leamington Spa, Warwickshire",city,GB,United Kingdom,England,4079,True,True,,
921,815419,"St Helens, Merseyside",city,GB,United Kingdom,England,4079,True,True,,
922,807091,Dudley,city,GB,United Kingdom,England,4079,True,True,,
923,809472,"Hemel Hempstead, Hertfordshire",city,GB,United Kingdom,England,4079,True,True,,
924,808079,"Folkestone, Kent",city,GB,United Kingdom,England,4079,True,True,,
925,812231,Lowestoft,city,GB,United Kingdom,England,4079,True,True,,
926,818651,"Weymouth, Dorset",city,GB,United Kingdom,England,4079,True,True,,
927,812525,Market Drayton,city,GB,United Kingdom,England,4079,True,True,,
928,819352,"Yeovil, Somerset",city,GB,United Kingdom,England,4079,True,True,,
929,816107,Skegness,city,GB,United Kingdom,England,4079,True,True,,
930,816688,Stockton-on-Tees,city,GB,United Kingdom,England,4079,True,True,,
931,811025,"Lancaster, Lancashire",city,GB,United Kingdom,England,4079,True,True,,
932,817742,"Truro, Cornwall",city,GB,United Kingdom,England,4079,True,True,,
933,816368,South Shields,city,GB,United Kingdom,England,4079,True,True,,
934,809639,"High Wycombe, Buckinghamshire",city,GB,United Kingdom,England,4079,True,True,,
935,819227,"Worthing, West Sussex",city,GB,United Kingdom,England,4079,True,True,,
936,808875,Great Yarmouth,city,GB,United Kingdom,England,4079,True,True,,
937,815089,Rochdale,city,GB,United Kingdom,England,4079,True,True,,
938,815273,Runcorn,city,GB,United Kingdom,England,4079,True,True,,
939,810697,Kingston upon Thames,city,GB,United Kingdom,England,4079,True,True,,
940,818830,Widnes,city,GB,United Kingdom,England,4079,True,True,,
941,806720,Dartford,city,GB,United Kingdom,England,4079,True,True,,
942,817777,Royal Tunbridge Wells,city,GB,United Kingdom,England,4079,True,True,,
943,818449,"West Drayton, Hillingdon",city,GB,United Kingdom,England,4079,True,True,,
944,806803,"Dereham, Norfolk",city,GB,United Kingdom,England,4079,True,True,,
945,806843,"Didcot, Oxfordshire",city,GB,United Kingdom,England,4079,True,True,,
946,806831,Devizes,city,GB,United Kingdom,England,4079,True,True,,
947,807167,"Dunmow, Essex",city,GB,United Kingdom,England,4079,True,True,,
948,810295,Jarrow,city,GB,United Kingdom,England,4079,True,True,,
949,806704,Daresbury,city,GB,United Kingdom,England,4079,True,True,,
950,813950,Otley,city,GB,United Kingdom,England,4079,True,True,,
951,813420,"Newhaven, East Sussex",city,GB,United Kingdom,England,4079,True,True,,
952,817173,Tavistock,city,GB,United Kingdom,England,4079,True,True,,
953,818258,Wath upon Dearne,city,GB,United Kingdom,England,4079,True,True,,
954,807039,Droylsden,city,GB,United Kingdom,England,4079,True,True,,
955,806874,"Dinnington, South Yorkshire",city,GB,United Kingdom,England,4079,True,True,,
956,807023,Driffield,city,GB,United Kingdom,England,4079,True,True,,
957,808439,"Gillingham, Medway",city,GB,United Kingdom,England,4079,True,True,,
958,810660,"King's Lynn, Norfolk",city,GB,United Kingdom,England,4079,True,True,,
959,806835,Dewsbury,city,GB,United Kingdom,England,4079,True,True,,
960,806952,"Dorchester, Dorset",city,GB,United Kingdom,England,4079,True,True,,
961,808636,Gosport,city,GB,United Kingdom,England,4079,True,True,,
962,816981,"Sutton, London",city,GB,United Kingdom,England,4079,True,True,,
963,806728,"Daventry, Northamptonshire",city,GB,United Kingdom,England,4079,True,True,,
964,806797,"Denton, Tameside",city,GB,United Kingdom,England,4079,True,True,,
965,807187,Dunstable,city,GB,United Kingdom,England,4079,True,True,,
966,812631,"Matlock, Derbyshire",city,GB,United Kingdom,England,4079,True,True,,
967,816956,Royal Borough of Kingston upon Thames,city,GB,United Kingdom,England,4079,True,True,,
968,818176,"Wareham, Dorset",city,GB,United Kingdom,England,4079,True,True,,
969,2674476,"Richmond, North Yorkshire",city,GB,United Kingdom,England,4079,True,True,,
970,806724,Darwen,city,GB,United Kingdom,England,4079,True,True,,
971,807029,Droitwich,city,GB,United Kingdom,England,4079,True,True,,
972,807035,Dronfield,city,GB,United Kingdom,England,4079,True,True,,
973,818557,Weston-super-Mare,city,GB,United Kingdom,England,4079,True,True,,
974,819198,Worksop,city,GB,United Kingdom,England,4079,True,True,,
975,809248,Harrow,city,GB,United Kingdom,England,4079,True,True,,
976,815528,"Salisbury, Wiltshire",city,GB,United Kingdom,England,4079,True,True,,
977,817584,Torquay,city,GB,United Kingdom,England,4079,True,True,,
978,812361,Macclesfield,city,GB,United Kingdom,England,4079,True,True,,
979,816221,Solihull,city,GB,United Kingdom,England,4079,True,True,,
980,806956,Dorking,city,GB,United Kingdom,England,4079,True,True,,
981,813461,"Newport, Isle of Wight",city,GB,United Kingdom,England,4079,True,True,,
982,808696,"Gravesend, Kent",city,GB,United Kingdom,England,4079,True,True,,
983,817171,"Taunton, Somerset",city,GB,United Kingdom,England,4079,True,True,,
984,812162,Loughborough,city,GB,United Kingdom,England,4079,True,True,,
985,819063,Woking,city,GB,United Kingdom,England,4079,True,True,,
986,808377,Gateshead,city,GB,United Kingdom,England,4079,True,True,,
987,807139,Dundry,city,GB,United Kingdom,England,4079,True,True,,
988,806829,Detling,city,GB,United Kingdom,England,4079,True,True,,
989,809169,Hanslope,city,GB,United Kingdom,England,4079,True,True,,
990,816066,Silsoe,city,GB,United Kingdom,England,4079,True,True,,
991,806741,Deanshanger,city,GB,United Kingdom,England,4079,True,True,,
992,806849,"Diggle, Tameside",city,GB,United Kingdom,England,4079,True,True,,
993,807013,"Drayton, Norfolk",city,GB,United Kingdom,England,4079,True,True,,
994,2789223,Denmead,city,GB,United Kingdom,England,4079,True,True,,
995,808400,Gedling,city,GB,United Kingdom,England,4079,True,True,,
996,806752,"Deepcar, Barnsley",city,GB,United Kingdom,England,4079,True,True,,
997,812637,Maulden,city,GB,United Kingdom,England,4079,True,True,,
998,806705,"Darfield, Barnsley",city,GB,United Kingdom,England,4079,True,True,,
999,806749,"Dedham, Norfolk",city,GB,United Kingdom,England,4079,True,True,,
1000,806722,Darton,city,GB,United Kingdom,England,4079,True,True,,
1001,806770,Denby Dale,city,GB,United Kingdom,England,4079,True,True,,
1002,806712,"Darlington, Torbay",city,GB,United Kingdom,England,4079,True,True,,
1003,806966,"Dorrington, Shropshire",city,GB,United Kingdom,England,4079,True,True,,
1004,816528,"Stanhope, Durham",city,GB,United Kingdom,England,4079,True,True,,
1005,807077,"Drybrook, Gloucestershire",city,GB,United Kingdom,England,4079,True,True,,
1006,806633,"Dadlington, Leicestershire",city,GB,United Kingdom,England,4079,True,True,,
1007,806894,Ditchling,city,GB,United Kingdom,England,4079,True,True,,
1008,814662,"Preston, Dorset",city,GB,United Kingdom,England,4079,True,True,,
1009,807112,"Dulverton, Somerset",city,GB,United Kingdom,England,4079,True,True,,
1010,803437,Barnby Dun,city,GB,United Kingdom,England,4079,True,True,,
1011,812198,"Lower Darwen, Blackburn With Darwen",city,GB,United Kingdom,England,4079,True,True,,
1012,806795,"Denton, Northamptonshire",city,GB,United Kingdom,England,4079,True,True,,
1013,810420,"Kenton, Devon",city,GB,United Kingdom,England,4079,True,True,,
1014,812983,"Mollington, Cheshire",city,GB,United Kingdom,England,4079,True,True,,
1015,806882,"Dipton, Gateshead",city,GB,United Kingdom,England,4079,True,True,,
1016,818181,Wargrave,city,GB,United Kingdom,England,4079,True,True,,
1017,2687328,Duston,city,GB,United Kingdom,England,4079,True,True,,
1018,806753,Deepcut,city,GB,United Kingdom,England,4079,True,True,,
1019,807464,"Eccleston, Cheshire",city,GB,United Kingdom,England,4079,True,True,,
1020,807078,Dry Drayton,city,GB,United Kingdom,England,4079,True,True,,
1021,808647,Goxhill,city,GB,United Kingdom,England,4079,True,True,,
1022,817012,Swallowfield,city,GB,United Kingdom,England,4079,True,True,,
1023,807037,Droxford,city,GB,United Kingdom,England,4079,True,True,,
1024,2789232,Headley Down,city,GB,United Kingdom,England,4079,True,True,,
1025,806771,Denby,city,GB,United Kingdom,England,4079,True,True,,
1026,806991,"Down Hatherley, Gloucestershire",city,GB,United Kingdom,England,4079,True,True,,
1027,806990,"Downham Market, Norfolk",city,GB,United Kingdom,England,4079,True,True,,
1028,808438,"Gillingham, Dorset",city,GB,United Kingdom,England,4079,True,True,,
1029,807213,Dursley,city,GB,United Kingdom,England,4079,True,True,,
1030,808759,Great Dunmow,city,GB,United Kingdom,England,4079,True,True,,
1031,818963,Winkleigh,city,GB,United Kingdom,England,4079,True,True,,
1032,818019,"Verwood, Dorset",city,GB,United Kingdom,England,4079,True,True,,
1033,817589,"Torrington, Devon",city,GB,United Kingdom,England,4079,True,True,,
1034,806725,Datchet,city,GB,United Kingdom,England,4079,True,True,,
1035,806688,Dalton in Furness,city,GB,United Kingdom,England,4079,True,True,,
1036,806888,Disley,city,GB,United Kingdom,England,4079,True,True,,
1037,806735,Dawlish,city,GB,United Kingdom,England,4079,True,True,,
1038,809796,"Holsworthy, Devon",city,GB,United Kingdom,England,4079,True,True,,
1039,807104,Dukinfield,city,GB,United Kingdom,England,4079,True,True,,
1040,812524,Market Deeping,city,GB,United Kingdom,England,4079,True,True,,
1041,806721,"Dartmouth, Devon",city,GB,United Kingdom,England,4079,True,True,,
1042,819348,"Yelverton, Devon",city,GB,United Kingdom,England,4079,True,True,,
1043,815760,Seaton Delaval,city,GB,United Kingdom,England,4079,True,True,,
1044,807226,Dymock,city,GB,United Kingdom,England,4079,True,True,,
1045,807025,"Drighlington, West Yorkshire",city,GB,United Kingdom,England,4079,True,True,,
1046,806755,"Deeping Saint James, Norfolk",city,GB,United Kingdom,England,4079,True,True,,
1047,808227,"Friston, East Sussex",city,GB,United Kingdom,England,4079,True,True,,
1048,806826,Desford,city,GB,United Kingdom,England,4079,True,True,,
1049,818909,Wilstead,city,GB,United Kingdom,England,4079,True,True,,
1050,813855,Old Dalby,city,GB,United Kingdom,England,4079,True,True,,
1051,818128,Walton le Dale,city,GB,United Kingdom,England,4079,True,True,,
1052,807217,Duxford,city,GB,United Kingdom,England,4079,True,True,,
1053,815138,Romford,city,GB,United Kingdom,England,4079,True,True,,
1054,817971,"Upton, Dorset",city,GB,United Kingdom,England,4079,True,True,,
1055,807007,"Draycott, Nottingham",city,GB,United Kingdom,England,4079,True,True,,
1056,806734,Dawley,city,GB,United Kingdom,England,4079,True,True,,
1057,806699,"Danbury, Essex",city,GB,United Kingdom,England,4079,True,True,,
1058,806766,Delph,city,GB,United Kingdom,England,4079,True,True,,
1059,806816,"Dersingham, Norfolk",city,GB,United Kingdom,England,4079,True,True,,
1060,817252,Thames Ditton,city,GB,United Kingdom,England,4079,True,True,,
1061,811209,"Leeds, Kent",city,GB,United Kingdom,England,4079,True,True,,
1062,807766,Exminster,city,GB,United Kingdom,England,4079,True,True,,
1063,810815,Kirk Ella,city,GB,United Kingdom,England,4079,True,True,,
1064,810790,Kirkby,city,GB,United Kingdom,England,4079,True,True,,
1065,813774,"Nutley, East Sussex",city,GB,United Kingdom,England,4079,True,True,,
1066,2472957,Ellistown,city,GB,United Kingdom,England,4079,True,True,,
1067,807751,Ewell,city,GB,United Kingdom,England,4079,True,True,,
1068,817977,"Upton, Wirral",city,GB,United Kingdom,England,4079,True,True,,
1069,807731,Etwall,city,GB,United Kingdom,England,4079,True,True,,
1070,809310,"Hatfield Peverel, Essex",city,GB,United Kingdom,England,4079,True,True,,
1071,814080,Papworth Everard,city,GB,United Kingdom,England,4079,True,True,,
1072,807473,Edale,city,GB,United Kingdom,England,4079,True,True,,
1073,814885,Rawtenstall,city,GB,United Kingdom,England,4079,True,True,,
1074,807609,Elsecar,city,GB,United Kingdom,England,4079,True,True,,
1075,807718,Eston,city,GB,United Kingdom,England,4079,True,True,,
1076,807761,Exbury,city,GB,United Kingdom,England,4079,True,True,,
1077,807720,Etchingham,city,GB,United Kingdom,England,4079,True,True,,
1078,807423,East Tilbury,city,GB,United Kingdom,England,4079,True,True,,
1079,814393,"Plumpton, East Sussex",city,GB,United Kingdom,England,4079,True,True,,
1080,807339,"Eastham, Merseyside",city,GB,United Kingdom,England,4079,True,True,,
1081,808762,Great Eccleston,city,GB,United Kingdom,England,4079,True,True,,
1082,807593,Elloughton,city,GB,United Kingdom,England,4079,True,True,,
1083,818095,Wallsend,city,GB,United Kingdom,England,4079,True,True,,
1084,810040,"Hurst Green, East Sussex",city,GB,United Kingdom,England,4079,True,True,,
1085,807768,Exning,city,GB,United Kingdom,England,4079,True,True,,
1086,807597,Elmesthorpe,city,GB,United Kingdom,England,4079,True,True,,
1087,818069,"Wales, Rotherham",city,GB,United Kingdom,England,4079,True,True,,
1088,807386,East Meon,city,GB,United Kingdom,England,4079,True,True,,
1089,807343,East Hanningfield,city,GB,United Kingdom,England,4079,True,True,,
1090,811329,Lickey End,city,GB,United Kingdom,England,4079,True,True,,
1091,807345,East Harling,city,GB,United Kingdom,England,4079,True,True,,
1092,811307,"Lewes, East Sussex",city,GB,United Kingdom,England,4079,True,True,,
1093,818468,"Westfield, East Sussex",city,GB,United Kingdom,England,4079,True,True,,
1094,807658,Endon,city,GB,United Kingdom,England,4079,True,True,,
1095,807569,Elland,city,GB,United Kingdom,England,4079,True,True,,
1096,809229,Harpenden,city,GB,United Kingdom,England,4079,True,True,,
1097,807620,Elstree,city,GB,United Kingdom,England,4079,True,True,,
1098,807798,"Fakenham, Norfolk",city,GB,United Kingdom,England,4079,True,True,,
1099,809413,Heanor,city,GB,United Kingdom,England,4079,True,True,,
1100,814265,Perranporth,city,GB,United Kingdom,England,4079,True,True,,
1101,814039,"Padstow, Cornwall",city,GB,United Kingdom,England,4079,True,True,,
1102,809383,Hayling Island,city,GB,United Kingdom,England,4079,True,True,,
1103,818413,"Westbury, Wiltshire",city,GB,United Kingdom,England,4079,True,True,,
1104,812360,Mablethorpe,city,GB,United Kingdom,England,4079,True,True,,
1105,815093,Rochford,city,GB,United Kingdom,England,4079,True,True,,
1106,817017,Swanage,city,GB,United Kingdom,England,4079,True,True,,
1107,809685,"Hindley, Wigan",city,GB,United Kingdom,England,4079,True,True,,
1108,809282,Harwich,city,GB,United Kingdom,England,4079,True,True,,
1109,810955,Knottingley,city,GB,United Kingdom,England,4079,True,True,,
1110,807772,Eyam,city,GB,United Kingdom,England,4079,True,True,,
1111,814811,"Rainham, Medway",city,GB,United Kingdom,England,4079,True,True,,
1112,809731,Hoddesdon,city,GB,United Kingdom,England,4079,True,True,,
1113,808975,Guisborough,city,GB,United Kingdom,England,4079,True,True,,
1114,809833,Honiton,city,GB,United Kingdom,England,4079,True,True,,
1115,818089,"Wallington, London",city,GB,United Kingdom,England,4079,True,True,,
1116,816796,Stourport,city,GB,United Kingdom,England,4079,True,True,,
1117,812839,"Middlewich, Cheshire",city,GB,United Kingdom,England,4079,True,True,,
1118,809976,"Hucknall, Nottinghamshire",city,GB,United Kingdom,England,4079,True,True,,
1119,809419,"Heathfield, East Sussex",city,GB,United Kingdom,England,4079,True,True,,
1120,816415,Spennymoor,city,GB,United Kingdom,England,4079,True,True,,
1121,819297,"Wymondham, Norfolk",city,GB,United Kingdom,England,4079,True,True,,
1122,812950,Mirfield,city,GB,United Kingdom,England,4079,True,True,,
1123,809438,Hednesford,city,GB,United Kingdom,England,4079,True,True,,
1124,810913,Knaresborough,city,GB,United Kingdom,England,4079,True,True,,
1125,815918,Sherborne,city,GB,United Kingdom,England,4079,True,True,,
1126,813585,"Normanton, West Yorkshire",city,GB,United Kingdom,England,4079,True,True,,
1127,807690,"Erith, Greenwich",city,GB,United Kingdom,England,4079,True,True,,
1128,807245,Earley,city,GB,United Kingdom,England,4079,True,True,,
1129,807450,Eaton Socon,city,GB,United Kingdom,England,4079,True,True,,
1130,816064,Silloth,city,GB,United Kingdom,England,4079,True,True,,
1131,809043,"Hadleigh, Essex",city,GB,United Kingdom,England,4079,True,True,,
1132,807764,Exhall,city,GB,United Kingdom,England,4079,True,True,,
1133,815228,Rowley Regis,city,GB,United Kingdom,England,4079,True,True,,
1134,818513,West Kirby,city,GB,United Kingdom,England,4079,True,True,,
1135,815922,Sherburn in Elmet,city,GB,United Kingdom,England,4079,True,True,,
1136,807664,Englefield Green,city,GB,United Kingdom,England,4079,True,True,,
1137,810127,Immingham,city,GB,United Kingdom,England,4079,True,True,,
1138,812618,Maryport,city,GB,United Kingdom,England,4079,True,True,,
1139,807653,Emsworth,city,GB,United Kingdom,England,4079,True,True,,
1140,819236,Wotton-under-Edge,city,GB,United Kingdom,England,4079,True,True,,
1141,816943,Sunbury-on-Thames,city,GB,United Kingdom,England,4079,True,True,,
1142,815736,"Seaford, East Sussex",city,GB,United Kingdom,England,4079,True,True,,
1143,807437,"Eastwood, nottingham",city,GB,United Kingdom,England,4079,True,True,,
1144,2789235,Hedge End,city,GB,United Kingdom,England,4079,True,True,,
1145,2674189,Swanley,city,GB,United Kingdom,England,4079,True,True,,
1146,809556,Heswall,city,GB,United Kingdom,England,4079,True,True,,
1147,814186,Penistone,city,GB,United Kingdom,England,4079,True,True,,
1148,807265,Easingwold,city,GB,United Kingdom,England,4079,True,True,,
1149,807336,East Haddon,city,GB,United Kingdom,England,4079,True,True,,
1150,815316,"Rye, East Sussex",city,GB,United Kingdom,England,4079,True,True,,
1151,807256,Earlswood,city,GB,United Kingdom,England,4079,True,True,,
1152,807453,Ebchester,city,GB,United Kingdom,England,4079,True,True,,
1153,807299,Eastcote,city,GB,United Kingdom,England,4079,True,True,,
1154,807393,"Easton, Norfolk",city,GB,United Kingdom,England,4079,True,True,,
1155,2687613,Eaglescliffe,city,GB,United Kingdom,England,4079,True,True,,
1156,807588,"Ellington, Northumberland",city,GB,United Kingdom,England,4079,True,True,,
1157,807455,Ecchinswell,city,GB,United Kingdom,England,4079,True,True,,
1158,813882,"Old Town, East Sussex",city,GB,United Kingdom,England,4079,True,True,,
1159,808776,"Great Grimsby, North East Lincolnshire",city,GB,United Kingdom,England,4079,True,True,,
1160,807708,Esholt,city,GB,United Kingdom,England,4079,True,True,,
1161,809405,"Headley, East Hampshire",city,GB,United Kingdom,England,4079,True,True,,
1162,807323,East Farleigh,city,GB,United Kingdom,England,4079,True,True,,
1163,807396,Easton-in-Gordano,city,GB,United Kingdom,England,4079,True,True,,
1164,807608,"Elsdon, Northumberland",city,GB,United Kingdom,England,4079,True,True,,
1165,807739,Evenwood,city,GB,United Kingdom,England,4079,True,True,,
1166,807472,"Ecton, Northamptonshire",city,GB,United Kingdom,England,4079,True,True,,
1167,818900,"Wilmington, East Sussex",city,GB,United Kingdom,England,4079,True,True,,
1168,810641,Kingsbury Episcopi,city,GB,United Kingdom,England,4079,True,True,,
1169,807347,East Harptree,city,GB,United Kingdom,England,4079,True,True,,
1170,807635,"Elvington, Kent",city,GB,United Kingdom,England,4079,True,True,,
1171,807693,Erpingham,city,GB,United Kingdom,England,4079,True,True,,
1172,815535,"Saltash, Cornwall",city,GB,United Kingdom,England,4079,True,True,,
1173,817288,"Thirsk, North Yorkshire",city,GB,United Kingdom,England,4079,True,True,,
1174,809567,Hexham,city,GB,United Kingdom,England,4079,True,True,,
1175,814218,"Penrith, Cumbria",city,GB,United Kingdom,England,4079,True,True,,
1176,817731,"Trowbridge, Wiltshire",city,GB,United Kingdom,England,4079,True,True,,
1177,811281,Letchworth,city,GB,United Kingdom,England,4079,True,True,,
1178,809307,"Hatfield, Hertfordshire",city,GB,United Kingdom,England,4079,True,True,,
1179,813715,Northwich,city,GB,United Kingdom,England,4079,True,True,,
1180,817000,Swadlincote,city,GB,United Kingdom,England,4079,True,True,,
1181,808681,Grantham,city,GB,United Kingdom,England,4079,True,True,,
1182,807903,Feltham,city,GB,United Kingdom,England,4079,True,True,,
1183,807659,"Enfield, Enfield",city,GB,United Kingdom,England,4079,True,True,,
1184,815091,"Rochester, Medway",city,GB,United Kingdom,England,4079,True,True,,
1185,819045,"Witney, Oxfordshire",city,GB,United Kingdom,England,4079,True,True,,
1186,813392,Newcastle under Lyme,city,GB,United Kingdom,England,4079,True,True,,
1187,818199,Warminster,city,GB,United Kingdom,England,4079,True,True,,
1188,816793,Stourbridge,city,GB,United Kingdom,England,4079,True,True,,
1189,813058,Morecambe,city,GB,United Kingdom,England,4079,True,True,,
1190,814258,"Penzance, Cornwall",city,GB,United Kingdom,England,4079,True,True,,
1191,817282,"Thetford, Norfolk",city,GB,United Kingdom,England,4079,True,True,,
1192,817550,"Tonbridge, Kent",city,GB,United Kingdom,England,4079,True,True,,
1193,814829,Ramsgate,city,GB,United Kingdom,England,4079,True,True,,
1194,811268,Leominster,city,GB,United Kingdom,England,4079,True,True,,
1195,807832,"Farnborough, Hampshire",city,GB,United Kingdom,England,4079,True,True,,
1196,814042,Paignton,city,GB,United Kingdom,England,4079,True,True,,
1197,814922,Redruth,city,GB,United Kingdom,England,4079,True,True,,
1198,807843,Farnham,city,GB,United Kingdom,England,4079,True,True,,
1199,813787,Oakham,city,GB,United Kingdom,England,4079,True,True,,
1200,816400,"Spalding, Lincolnshire",city,GB,United Kingdom,England,4079,True,True,,
1201,812172,"Louth, Lincolnshire",city,GB,United Kingdom,England,4079,True,True,,
1202,813087,"Morpeth, Northumberland",city,GB,United Kingdom,England,4079,True,True,,
1203,809392,Haywards Heath,city,GB,United Kingdom,England,4079,True,True,,
1204,810110,Ilkeston,city,GB,United Kingdom,England,4079,True,True,,
1205,808290,"Gainsborough, Lincolnshire",city,GB,United Kingdom,England,4079,True,True,,
1206,811328,Lichfield,city,GB,United Kingdom,England,4079,True,True,,
1207,813698,North Shields,city,GB,United Kingdom,England,4079,True,True,,
1208,817246,Tewkesbury,city,GB,United Kingdom,England,4079,True,True,,
1209,809681,Hinckley,city,GB,United Kingdom,England,4079,True,True,,
1210,811482,Littlehampton,city,GB,United Kingdom,England,4079,True,True,,
1211,817808,Twickenham,city,GB,United Kingdom,England,4079,True,True,,
1212,808565,Godalming,city,GB,United Kingdom,England,4079,True,True,,
1213,816190,Smethwick,city,GB,United Kingdom,England,4079,True,True,,
1214,818326,"Wellingborough, Northamptonshire",city,GB,United Kingdom,England,4079,True,True,,
1215,816139,Skipton,city,GB,United Kingdom,England,4079,True,True,,
1216,814445,Pontefract,city,GB,United Kingdom,England,4079,True,True,,
1217,808927,"Grimsby, North East Lincolnshire",city,GB,United Kingdom,England,4079,True,True,,
1218,812413,Maidenhead,city,GB,United Kingdom,England,4079,True,True,,
1219,814934,"Reigate, Surrey",city,GB,United Kingdom,England,4079,True,True,,
1220,807334,East Grinstead,city,GB,United Kingdom,England,4079,True,True,,
1221,815015,Rickmansworth,city,GB,United Kingdom,England,4079,True,True,,
1222,809331,Havant,city,GB,United Kingdom,England,4079,True,True,,
1223,809381,Hayle,city,GB,United Kingdom,England,4079,True,True,,
1224,808545,Glossop,city,GB,United Kingdom,England,4079,True,True,,
1225,814619,Poulton le Fylde,city,GB,United Kingdom,England,4079,True,True,,
1226,814279,Peterlee,city,GB,United Kingdom,England,4079,True,True,,
1227,817883,Ulverston,city,GB,United Kingdom,England,4079,True,True,,
1228,816893,Strood,city,GB,United Kingdom,England,4079,True,True,,
1229,812336,Lymington,city,GB,United Kingdom,England,4079,True,True,,
1230,818649,Weybridge,city,GB,United Kingdom,England,4079,True,True,,
1231,812774,Mexborough,city,GB,United Kingdom,England,4079,True,True,,
1232,815877,Sheerness,city,GB,United Kingdom,England,4079,True,True,,
1233,819330,Yate,city,GB,United Kingdom,England,4079,True,True,,
1234,811179,Leatherhead,city,GB,United Kingdom,England,4079,True,True,,
1235,818772,Whitstable,city,GB,United Kingdom,England,4079,True,True,,
1236,807866,"Faversham, Kent",city,GB,United Kingdom,England,4079,True,True,,
1237,816809,Stowmarket,city,GB,United Kingdom,England,4079,True,True,,
1238,809334,"Haverhill, Suffolk",city,GB,United Kingdom,England,4079,True,True,,
1239,817611,Totnes,city,GB,United Kingdom,England,4079,True,True,,
1240,812936,Minehead,city,GB,United Kingdom,England,4079,True,True,,
1241,809506,Henley on Thames,city,GB,United Kingdom,England,4079,True,True,,
1242,812278,Ludlow,city,GB,United Kingdom,England,4079,True,True,,
1243,807647,Embsay,city,GB,United Kingdom,England,4079,True,True,,
1244,815742,Seaham,city,GB,United Kingdom,England,4079,True,True,,
1245,812442,"Malvern, Worcestershire",city,GB,United Kingdom,England,4079,True,True,,
1246,815482,St Neots,city,GB,United Kingdom,England,4079,True,True,,
1247,815047,Ringwood,city,GB,United Kingdom,England,4079,True,True,,
1248,807897,Felixstowe,city,GB,United Kingdom,England,4079,True,True,,
1249,808046,Fleetwood,city,GB,United Kingdom,England,4079,True,True,,
1250,818298,Wednesbury,city,GB,United Kingdom,England,4079,True,True,,
1251,817060,"Swinton, Lancashire",city,GB,United Kingdom,England,4079,True,True,,
1252,810113,Ilkley,city,GB,United Kingdom,England,4079,True,True,,
1253,810074,"Hythe, Kent",city,GB,United Kingdom,England,4079,True,True,,
1254,817718,"Tring, Hertfordshire",city,GB,United Kingdom,England,4079,True,True,,
1255,816500,Stalybridge,city,GB,United Kingdom,England,4079,True,True,,
1256,818330,"Wellington, Somerset",city,GB,United Kingdom,England,4079,True,True,,
1257,814281,Petersfield,city,GB,United Kingdom,England,4079,True,True,,
1258,816864,"Street, Somerset",city,GB,United Kingdom,England,4079,True,True,,
1259,817490,Tipton,city,GB,United Kingdom,England,4079,True,True,,
1260,816515,Stanford le Hope,city,GB,United Kingdom,England,4079,True,True,,
1261,813499,Newton-le-Willows,city,GB,United Kingdom,England,4079,True,True,,
1262,813469,Newport Pagnell,city,GB,United Kingdom,England,4079,True,True,,
1263,811402,"Liskeard, Cornwall",city,GB,United Kingdom,England,4079,True,True,,
1264,808110,Formby,city,GB,United Kingdom,England,4079,True,True,,
1265,815566,Sandbach,city,GB,United Kingdom,England,4079,True,True,,
1266,815332,Saffron Walden,city,GB,United Kingdom,England,4079,True,True,,
1267,812693,Melksham,city,GB,United Kingdom,England,4079,True,True,,
1268,815183,Ross On Wye,city,GB,United Kingdom,England,4079,True,True,,
1269,809058,"Hailsham, East Sussex",city,GB,United Kingdom,England,4079,True,True,,
1270,818969,"Winsford, Cheshire",city,GB,United Kingdom,England,4079,True,True,,
1271,2674321,Walton-on-Thames,city,GB,United Kingdom,England,4079,True,True,,
1272,818088,"Wallingford, Oxfordshire",city,GB,United Kingdom,England,4079,True,True,,
1273,807813,Fareham,city,GB,United Kingdom,England,4079,True,True,,
1274,817258,Thatcham,city,GB,United Kingdom,England,4079,True,True,,
1275,807962,Filey,city,GB,United Kingdom,England,4079,True,True,,
1276,817254,Thame,city,GB,United Kingdom,England,4079,True,True,,
1277,817997,Uttoxeter,city,GB,United Kingdom,England,4079,True,True,,
1278,810637,Kingsbridge,city,GB,United Kingdom,England,4079,True,True,,
1279,812168,Loughton,city,GB,United Kingdom,England,4079,True,True,,
1280,818728,Whitehaven,city,GB,United Kingdom,England,4079,True,True,,
1281,816053,Sidmouth,city,GB,United Kingdom,England,4079,True,True,,
1282,816545,"Stansted, Essex",city,GB,United Kingdom,England,4079,True,True,,
1283,815914,Shepton Mallet,city,GB,United Kingdom,England,4079,True,True,,
1284,810395,"Kenilworth, Warwickshire",city,GB,United Kingdom,England,4079,True,True,,
1285,809714,Hitchin,city,GB,United Kingdom,England,4079,True,True,,
1286,816894,"Stroud, Gloucestershire",city,GB,United Kingdom,England,4079,True,True,,
1287,807639,"Ely, Cambridgeshire",city,GB,United Kingdom,England,4079,True,True,,
1288,815140,Romsey,city,GB,United Kingdom,England,4079,True,True,,
1289,807583,Ellesmere Port,city,GB,United Kingdom,England,4079,True,True,,
1290,816115,Skelmersdale,city,GB,United Kingdom,England,4079,True,True,,
1291,807528,Egham,city,GB,United Kingdom,England,4079,True,True,,
1292,815247,"Royston, Hertfordshire",city,GB,United Kingdom,England,4079,True,True,,
1293,812079,Long Eaton,city,GB,United Kingdom,England,4079,True,True,,
1294,807678,Epsom,city,GB,United Kingdom,England,4079,True,True,,
1295,811317,"Leyland, Lancashire",city,GB,United Kingdom,England,4079,True,True,,
1296,808244,"Frome, Somerset",city,GB,United Kingdom,England,4079,True,True,,
1297,809874,Horley,city,GB,United Kingdom,England,4079,True,True,,
1298,813947,Oswestry,city,GB,United Kingdom,England,4079,True,True,,
1299,818163,Wantage,city,GB,United Kingdom,England,4079,True,True,,
1300,813926,Ormskirk,city,GB,United Kingdom,England,4079,True,True,,
1301,808699,Grays,city,GB,United Kingdom,England,4079,True,True,,
1302,812712,Melton Mowbray,city,GB,United Kingdom,England,4079,True,True,,
1303,816480,Staines,city,GB,United Kingdom,England,4079,True,True,,
1304,809070,Halesowen,city,GB,United Kingdom,England,4079,True,True,,
1305,819062,Wokingham,city,GB,United Kingdom,England,4079,True,True,,
1306,815267,Rugeley,city,GB,United Kingdom,England,4079,True,True,,
1307,819098,"Woodbridge, Suffolk",city,GB,United Kingdom,England,4079,True,True,,
1308,809471,"Helston, Cornwall",city,GB,United Kingdom,England,4079,True,True,,
1309,811238,Leigh-on-Sea,city,GB,United Kingdom,England,4079,True,True,,
1310,816091,Sittingbourne,city,GB,United Kingdom,England,4079,True,True,,
1311,809377,"Hayes, Hillingdon",city,GB,United Kingdom,England,4079,True,True,,
1312,818244,Waterlooville,city,GB,United Kingdom,England,4079,True,True,,
1313,813591,Northallerton,city,GB,United Kingdom,England,4079,True,True,,
1314,812526,Market Harborough,city,GB,United Kingdom,England,4079,True,True,,
1315,809543,"Hertford, Hertfordshire",city,GB,United Kingdom,England,4079,True,True,,
1316,813250,Nantwich,city,GB,United Kingdom,England,4079,True,True,,
1317,810963,Knutsford,city,GB,United Kingdom,England,4079,True,True,,
1318,810344,Keighley,city,GB,United Kingdom,England,4079,True,True,,
1319,816929,"Sudbury, Suffolk",city,GB,United Kingdom,England,4079,True,True,,
1320,818869,Willenhall,city,GB,United Kingdom,England,4079,True,True,,
1321,813943,"Ossett, West Yorkshire",city,GB,United Kingdom,England,4079,True,True,,
1322,810063,Huyton,city,GB,United Kingdom,England,4079,True,True,,
1323,808044,"Fleet, Hampshire",city,GB,United Kingdom,England,4079,True,True,,
1324,819025,"Witham, Essex",city,GB,United Kingdom,England,4079,True,True,,
1325,809943,Houghton le Spring,city,GB,United Kingdom,England,4079,True,True,,
1326,807410,East Retford,city,GB,United Kingdom,England,4079,True,True,,
1327,818809,"Wickford, Essex",city,GB,United Kingdom,England,4079,True,True,,
1328,809790,Holmfirth,city,GB,United Kingdom,England,4079,True,True,,
1329,816166,Sleaford,city,GB,United Kingdom,England,4079,True,True,,
1330,814703,Pudsey,city,GB,United Kingdom,England,4079,True,True,,
1331,810471,"Kidlington, Oxfordshire",city,GB,United Kingdom,England,4079,True,True,,
1332,818902,Wilmslow,city,GB,United Kingdom,England,4079,True,True,,
1333,807374,Eastleigh,city,GB,United Kingdom,England,4079,True,True,,
1334,808600,Goole,city,GB,United Kingdom,England,4079,True,True,,
1335,814900,Redcar,city,GB,United Kingdom,England,4079,True,True,,
1336,816506,"Stamford, Lincolnshire",city,GB,United Kingdom,England,4079,True,True,,
1337,815822,"Sevenoaks, Kent",city,GB,United Kingdom,England,4079,True,True,,
1338,807706,Esher,city,GB,United Kingdom,England,4079,True,True,,
1339,818085,Wallasey,city,GB,United Kingdom,England,4079,True,True,,
1340,819007,Wisbech,city,GB,United Kingdom,England,4079,True,True,,
1341,813291,"Nelson, Lancashire",city,GB,United Kingdom,England,4079,True,True,,
1342,815286,Rushden,city,GB,United Kingdom,England,4079,True,True,,
1343,807875,"Fazakerley, Knowsley",city,GB,United Kingdom,England,4079,True,True,,
1344,808257,Fulford,city,GB,United Kingdom,England,4079,True,True,,
1345,809296,Hassocks,city,GB,United Kingdom,England,4079,True,True,,
1346,808264,Fulmer,city,GB,United Kingdom,England,4079,True,True,,
1347,808196,"Freethorpe, Norfolk",city,GB,United Kingdom,England,4079,True,True,,
1348,808058,Flitton,city,GB,United Kingdom,England,4079,True,True,,
1349,813003,"Monk Fryston, Wakefield",city,GB,United Kingdom,England,4079,True,True,,
1350,807920,"Fenwick, Doncaster",city,GB,United Kingdom,England,4079,True,True,,
1351,808202,Freshford,city,GB,United Kingdom,England,4079,True,True,,
1352,807940,Ferrybridge,city,GB,United Kingdom,England,4079,True,True,,
1353,807910,"Feniscowles, Blackburn With Darwen",city,GB,United Kingdom,England,4079,True,True,,
1354,807971,"Fincham, Norfolk",city,GB,United Kingdom,England,4079,True,True,,
1355,808018,"Fiskerton, Lincolnshire",city,GB,United Kingdom,England,4079,True,True,,
1356,805568,"Chilworth, Bracknell Forest",city,GB,United Kingdom,England,4079,True,True,,
1357,808096,"Fordham, Essex",city,GB,United Kingdom,England,4079,True,True,,
1358,807933,"Fernhill Heath, Worcestershire",city,GB,United Kingdom,England,4079,True,True,,
1359,807830,Farmborough,city,GB,United Kingdom,England,4079,True,True,,
1360,808069,"Flushing, Cornwall",city,GB,United Kingdom,England,4079,True,True,,
1361,816711,"Stoke Ferry, Norfolk",city,GB,United Kingdom,England,4079,True,True,,
1362,807809,Falstone,city,GB,United Kingdom,England,4079,True,True,,
1363,813638,"North Fambridge, Southend-On-Sea",city,GB,United Kingdom,England,4079,True,True,,
1364,815101,Rock Ferry,city,GB,United Kingdom,England,4079,True,True,,
1365,808274,Furness Vale,city,GB,United Kingdom,England,4079,True,True,,
1366,808171,"Foxton, Cambridgeshire",city,GB,United Kingdom,England,4079,True,True,,
1367,807987,Fingringhoe,city,GB,United Kingdom,England,4079,True,True,,
1368,807790,"Fairfield, Stockport",city,GB,United Kingdom,England,4079,True,True,,
1369,816230,Somerleyton,city,GB,United Kingdom,England,4079,True,True,,
1370,819306,Wytham,city,GB,United Kingdom,England,4079,True,True,,
1371,813492,Newton Ferrers,city,GB,United Kingdom,England,4079,True,True,,
1372,808261,"Fullerton Junction, Wiltshire",city,GB,United Kingdom,England,4079,True,True,,
1373,813912,"Ord, Fife",city,GB,United Kingdom,England,4079,True,True,,
1374,808133,"Fort Wallington, Portsmouth",city,GB,United Kingdom,England,4079,True,True,,
1375,808768,"Great Fransham, Norfolk",city,GB,United Kingdom,England,4079,True,True,,
1376,808068,"Flordon, Norfolk",city,GB,United Kingdom,England,4079,True,True,,
1377,813432,"Newland, Gloucestershire",city,GB,United Kingdom,England,4079,True,True,,
1378,808098,Fordingbridge,city,GB,United Kingdom,England,4079,True,True,,
1379,808240,Frodsham,city,GB,United Kingdom,England,4079,True,True,,
1380,807788,Failsworth,city,GB,United Kingdom,England,4079,True,True,,
1381,814791,Radlett,city,GB,United Kingdom,England,4079,True,True,,
1382,807817,Faringdon,city,GB,United Kingdom,England,4079,True,True,,
1383,807942,Ferryhill,city,GB,United Kingdom,England,4079,True,True,,
1384,808221,Frinton-on-Sea,city,GB,United Kingdom,England,4079,True,True,,
1385,808059,Flitwick,city,GB,United Kingdom,England,4079,True,True,,
1386,808105,Forest Row,city,GB,United Kingdom,England,4079,True,True,,
1387,813639,North Ferriby,city,GB,United Kingdom,England,4079,True,True,,
1388,808013,"Fishponds, Bristol",city,GB,United Kingdom,England,4079,True,True,,
1389,808256,Fulbourn,city,GB,United Kingdom,England,4079,True,True,,
1390,814402,Plympton,city,GB,United Kingdom,England,4079,True,True,,
1391,807930,Ferndown,city,GB,United Kingdom,England,4079,True,True,,
1392,807856,"Farsley, Leeds",city,GB,United Kingdom,England,4079,True,True,,
1393,814632,Poynton,city,GB,United Kingdom,England,4079,True,True,,
1394,807792,"Fairford, Gloucestershire",city,GB,United Kingdom,England,4079,True,True,,
1395,2674451,"Freshwater, Isle Of Wight",city,GB,United Kingdom,England,4079,True,True,,
1396,808130,"Forton, Wiltshire",city,GB,United Kingdom,England,4079,True,True,,
1397,803756,"Berwick, Fife",city,GB,United Kingdom,England,4079,True,True,,
1398,809984,Hugh Town,city,GB,United Kingdom,England,4079,True,True,,
1399,808199,Frenchay,city,GB,United Kingdom,England,4079,True,True,,
1400,807855,Farrington Gurney,city,GB,United Kingdom,England,4079,True,True,,
1401,808102,Forest Hall,city,GB,United Kingdom,England,4079,True,True,,
1402,817114,Tamerton Foliot,city,GB,United Kingdom,England,4079,True,True,,
1403,808071,"Fobbing, Essex",city,GB,United Kingdom,England,4079,True,True,,
1404,819258,Wrenbury,city,GB,United Kingdom,England,4079,True,True,,
1405,819291,Wylam,city,GB,United Kingdom,England,4079,True,True,,
1406,808024,"Fitzwilliam, Wakefield",city,GB,United Kingdom,England,4079,True,True,,
1407,807976,Findern,city,GB,United Kingdom,England,4079,True,True,,
1408,805798,Clock Face,city,GB,United Kingdom,England,4079,True,True,,
1409,807844,Farnham Royal,city,GB,United Kingdom,England,4079,True,True,,
1410,808034,Flamstead,city,GB,United Kingdom,England,4079,True,True,,
1411,808041,"Flaxton, York",city,GB,United Kingdom,England,4079,True,True,,
1412,807869,"Fawley, Southampton",city,GB,United Kingdom,England,4079,True,True,,
1413,807874,"Faygate, West Sussex",city,GB,United Kingdom,England,4079,True,True,,
1414,813412,New Ferry,city,GB,United Kingdom,England,4079,True,True,,
1415,808063,"Flockton, West Yorkshire",city,GB,United Kingdom,England,4079,True,True,,
1416,810787,Kirkby Fleetham,city,GB,United Kingdom,England,4079,True,True,,
1417,808011,"Fishlake, Doncaster",city,GB,United Kingdom,England,4079,True,True,,
1418,812942,Minstead,city,GB,United Kingdom,England,4079,True,True,,
1419,807898,"Felling, Gateshead",city,GB,United Kingdom,England,4079,True,True,,
1420,808051,"Flimby, Dumfries And Galloway",city,GB,United Kingdom,England,4079,True,True,,
1421,805659,"Churston Ferrers, Torbay",city,GB,United Kingdom,England,4079,True,True,,
1422,816057,Silchester,city,GB,United Kingdom,England,4079,True,True,,
1423,807905,"Felton, North Somerset",city,GB,United Kingdom,England,4079,True,True,,
1424,807934,Fernhurst,city,GB,United Kingdom,England,4079,True,True,,
1425,808128,"Forton, Lancashire",city,GB,United Kingdom,England,4079,True,True,,
1426,807884,Feering,city,GB,United Kingdom,England,4079,True,True,,
1427,813232,Mytholmroyd,city,GB,United Kingdom,England,4079,True,True,,
1428,816585,Starcross,city,GB,United Kingdom,England,4079,True,True,,
1429,807966,Fillongley,city,GB,United Kingdom,England,4079,True,True,,
1430,808194,Freckleton,city,GB,United Kingdom,England,4079,True,True,,
1431,2868838,"Pheasey Park Farm, Walsall",city,GB,United Kingdom,England,4079,True,True,,
1432,804649,"Brookwood, Bracknell Forest",city,GB,United Kingdom,England,4079,True,True,,
1433,807979,"Findon, West Sussex",city,GB,United Kingdom,England,4079,True,True,,
1434,815770,Sedgefield,city,GB,United Kingdom,England,4079,True,True,,
1435,808163,Fowey,city,GB,United Kingdom,England,4079,True,True,,
1436,813929,Orsett,city,GB,United Kingdom,England,4079,True,True,,
1437,812494,Marazion,city,GB,United Kingdom,England,4079,True,True,,
1438,807992,Finningley,city,GB,United Kingdom,England,4079,True,True,,
1439,819114,"Woodham Ferrers, Essex",city,GB,United Kingdom,England,4079,True,True,,
1440,808249,Frosterley,city,GB,United Kingdom,England,4079,True,True,,
1441,808236,Frizington,city,GB,United Kingdom,England,4079,True,True,,
1442,808066,Flookburgh,city,GB,United Kingdom,England,4079,True,True,,
1443,818236,Waterbeach,city,GB,United Kingdom,England,4079,True,True,,
1444,814008,"Owston Ferry, North Lincolnshire",city,GB,United Kingdom,England,4079,True,True,,
1445,813486,"Newstead, Nottinghamshire",city,GB,United Kingdom,England,4079,True,True,,
1446,808831,"Great Rissington, Gloucestershire",city,GB,United Kingdom,England,4079,True,True,,
1447,808822,Great Ouseburn,city,GB,United Kingdom,England,4079,True,True,,
1448,808914,"Gretton, Gloucestershire",city,GB,United Kingdom,England,4079,True,True,,
1449,819054,Wivelsfield Green,city,GB,United Kingdom,England,4079,True,True,,
1450,808382,"Gatwick, Bromley",city,GB,United Kingdom,England,4079,True,True,,
1451,808589,Gomersal,city,GB,United Kingdom,England,4079,True,True,,
1452,808329,Garlinge,city,GB,United Kingdom,England,4079,True,True,,
1453,808812,"Great Moulton, Norfolk",city,GB,United Kingdom,England,4079,True,True,,
1454,808592,"Gooderstone, Norfolk",city,GB,United Kingdom,England,4079,True,True,,
1455,815581,"Sandhurst, Gloucestershire",city,GB,United Kingdom,England,4079,True,True,,
1456,808807,"Great Meols, Wirral",city,GB,United Kingdom,England,4079,True,True,,
1457,808675,"Grangetown, Middlesbrough",city,GB,United Kingdom,England,4079,True,True,,
1458,808941,Gringley on the Hill,city,GB,United Kingdom,England,4079,True,True,,
1459,808282,Gaddesby,city,GB,United Kingdom,England,4079,True,True,,
1460,808790,Great Horwood,city,GB,United Kingdom,England,4079,True,True,,
1461,808985,Gunnerside,city,GB,United Kingdom,England,4079,True,True,,
1462,808934,Grindleford,city,GB,United Kingdom,England,4079,True,True,,
1463,2687168,"Gamston, Rushcliffe",city,GB,United Kingdom,England,4079,True,True,,
1464,808591,"Good Easter, Essex",city,GB,United Kingdom,England,4079,True,True,,
1465,808884,Green Hammerton,city,GB,United Kingdom,England,4079,True,True,,
1466,808904,"Grendon, Northamptonshire",city,GB,United Kingdom,England,4079,True,True,,
1467,808870,Great Witley,city,GB,United Kingdom,England,4079,True,True,,
1468,816800,"Stourton, Wiltshire",city,GB,United Kingdom,England,4079,True,True,,
1469,808977,"Guiting Power, Gloucestershire",city,GB,United Kingdom,England,4079,True,True,,
1470,808787,"Great Holland, Essex",city,GB,United Kingdom,England,4079,True,True,,
1471,808391,"Gayton, Northamptonshire",city,GB,United Kingdom,England,4079,True,True,,
1472,808867,Great Wilbraham,city,GB,United Kingdom,England,4079,True,True,,
1473,808931,"Grimston, Norfolk",city,GB,United Kingdom,England,4079,True,True,,
1474,814391,"Plumpton Green, East Sussex",city,GB,United Kingdom,England,4079,True,True,,
1475,810039,"Hurst Green, Blackburn With Darwen",city,GB,United Kingdom,England,4079,True,True,,
1476,808320,"Garden City, Norfolk",city,GB,United Kingdom,England,4079,True,True,,
1477,808485,Glaston,city,GB,United Kingdom,England,4079,True,True,,
1478,808666,"Granby, Nottingham",city,GB,United Kingdom,England,4079,True,True,,
1479,812039,"Lofthouse Gate, Wakefield",city,GB,United Kingdom,England,4079,True,True,,
1480,808449,Gimingham,city,GB,United Kingdom,England,4079,True,True,,
1481,808427,Gildersome,city,GB,United Kingdom,England,4079,True,True,,
1482,808631,"Gorton, Tameside",city,GB,United Kingdom,England,4079,True,True,,
1483,808362,Garway,city,GB,United Kingdom,England,4079,True,True,,
1484,816564,"Stanway, Gloucestershire",city,GB,United Kingdom,England,4079,True,True,,
1485,808613,"Gorleston-On-Sea, Norfolk",city,GB,United Kingdom,England,4079,True,True,,
1486,808973,Guilsborough,city,GB,United Kingdom,England,4079,True,True,,
1487,809702,"Hinton Saint George, Somerset",city,GB,United Kingdom,England,4079,True,True,,
1488,808453,Girvan,city,GB,United Kingdom,England,4079,True,True,,
1489,810705,"Kingswood, South Gloucestershire",city,GB,United Kingdom,England,4079,True,True,,
1490,808635,"Gosforth, Newcastle Upon Tyne",city,GB,United Kingdom,England,4079,True,True,,
1491,808577,"Golborne, Wigan",city,GB,United Kingdom,England,4079,True,True,,
1492,2673681,"Orrell, Greater Manchester",city,GB,United Kingdom,England,4079,True,True,,
1493,816754,"Stonehouse, Gloucestershire",city,GB,United Kingdom,England,4079,True,True,,
1494,808665,Grampound,city,GB,United Kingdom,England,4079,True,True,,
1495,808889,Greenhithe,city,GB,United Kingdom,England,4079,True,True,,
1496,808671,"Grange, Lancashire",city,GB,United Kingdom,England,4079,True,True,,
1497,808881,"Greenfield, Tameside",city,GB,United Kingdom,England,4079,True,True,,
1498,808452,"Girton, Cambridgeshire",city,GB,United Kingdom,England,4079,True,True,,
1499,808852,Great Sutton,city,GB,United Kingdom,England,4079,True,True,,
1500,813411,"Newent, Gloucestershire",city,GB,United Kingdom,England,4079,True,True,,
1501,808517,"Glenfield, Leicester",city,GB,United Kingdom,England,4079,True,True,,
1502,808573,Godstone,city,GB,United Kingdom,England,4079,True,True,,
1503,817305,"Thornbury, Gloucestershire",city,GB,United Kingdom,England,4079,True,True,,
1504,808342,Garstang,city,GB,United Kingdom,England,4079,True,True,,
1505,816714,Stoke Gifford,city,GB,United Kingdom,England,4079,True,True,,
1506,819253,Wrea Green,city,GB,United Kingdom,England,4079,True,True,,
1507,808689,Grasmere,city,GB,United Kingdom,England,4079,True,True,,
1508,808809,Great Missenden,city,GB,United Kingdom,England,4079,True,True,,
1509,808913,"Gretna, Cumbria",city,GB,United Kingdom,England,4079,True,True,,
1510,808484,"Glastonbury, Somerset",city,GB,United Kingdom,England,4079,True,True,,
1511,808899,"Greenwich, Newham",city,GB,United Kingdom,England,4079,True,True,,
1512,808784,Great Harwood,city,GB,United Kingdom,England,4079,True,True,,
1513,815818,"Settle, North Yorkshire",city,GB,United Kingdom,England,4079,True,True,,
1514,814760,"Quedgeley, Gloucestershire",city,GB,United Kingdom,England,4079,True,True,,
1515,808612,Gorleston,city,GB,United Kingdom,England,4079,True,True,,
1516,812331,"Lydney, Gloucestershire",city,GB,United Kingdom,England,4079,True,True,,
1517,818928,"Winchcombe, Gloucestershire",city,GB,United Kingdom,England,4079,True,True,,
1518,808902,Greetland,city,GB,United Kingdom,England,4079,True,True,,
1519,808808,Great Milton,city,GB,United Kingdom,England,4079,True,True,,
1520,808888,"Greenhill, Sheffield",city,GB,United Kingdom,England,4079,True,True,,
1521,808997,Guyhirn,city,GB,United Kingdom,England,4079,True,True,,
1522,806122,"Corse, Gloucestershire",city,GB,United Kingdom,England,4079,True,True,,
1523,808610,"Goring, Reading",city,GB,United Kingdom,England,4079,True,True,,
1524,812576,Marston Green,city,GB,United Kingdom,England,4079,True,True,,
1525,804273,"Bowers Gifford, Essex",city,GB,United Kingdom,England,4079,True,True,,
1526,807676,"Epping Green, Havering",city,GB,United Kingdom,England,4079,True,True,,
1527,808862,"Great Waltham, Essex",city,GB,United Kingdom,England,4079,True,True,,
1528,808390,"Gayton, Norfolk",city,GB,United Kingdom,England,4079,True,True,,
1529,808297,Galgate,city,GB,United Kingdom,England,4079,True,True,,
1530,817961,Upton Grey,city,GB,United Kingdom,England,4079,True,True,,
1531,808788,Great Horkesley,city,GB,United Kingdom,England,4079,True,True,,
1532,808717,"Great Barrow, Cheshire",city,GB,United Kingdom,England,4079,True,True,,
1533,808700,"Grays Thurrock, Thurrock",city,GB,United Kingdom,England,4079,True,True,,
1534,808637,"Gotham, Nottingham",city,GB,United Kingdom,England,4079,True,True,,
1535,808341,Garsington,city,GB,United Kingdom,England,4079,True,True,,
1536,805611,"Chop Gate, Redcar And Cleveland",city,GB,United Kingdom,England,4079,True,True,,
1537,817710,Trimdon Grange,city,GB,United Kingdom,England,4079,True,True,,
1538,808300,Galleywood,city,GB,United Kingdom,England,4079,True,True,,
1539,816006,"Shotley Gate, Suffolk",city,GB,United Kingdom,England,4079,True,True,,
1540,808855,"Great Tey, Essex",city,GB,United Kingdom,England,4079,True,True,,
1541,808446,Gilsland,city,GB,United Kingdom,England,4079,True,True,,
1542,808769,Great Gaddesden,city,GB,United Kingdom,England,4079,True,True,,
1543,808543,"Glinton, Norfolk",city,GB,United Kingdom,England,4079,True,True,,
1544,808951,Groombridge,city,GB,United Kingdom,England,4079,True,True,,
1545,808615,"Gorran, Cornwall",city,GB,United Kingdom,England,4079,True,True,,
1546,808874,Great Wyrley,city,GB,United Kingdom,England,4079,True,True,,
1547,808988,Gunnislake,city,GB,United Kingdom,England,4079,True,True,,
1548,808578,"Golcar, Kirklees",city,GB,United Kingdom,England,4079,True,True,,
1549,809272,"Hartpury, Gloucestershire",city,GB,United Kingdom,England,4079,True,True,,
1550,813454,"Newnham, Gloucestershire",city,GB,United Kingdom,England,4079,True,True,,
1551,808798,Great Leighs,city,GB,United Kingdom,England,4079,True,True,,
1552,808532,Glenridding,city,GB,United Kingdom,England,4079,True,True,,
1553,807540,"Egremont, Dumfries And Galloway",city,GB,United Kingdom,England,4079,True,True,,
1554,815227,Rowlands Gill,city,GB,United Kingdom,England,4079,True,True,,
1555,816578,"Staple Hill, South Gloucestershire",city,GB,United Kingdom,England,4079,True,True,,
1556,808860,Great Wakering,city,GB,United Kingdom,England,4079,True,True,,
1557,808530,Glen Parva,city,GB,United Kingdom,England,4079,True,True,,
1558,809193,"Hardwicke, Gloucestershire",city,GB,United Kingdom,England,4079,True,True,,
1559,808800,Great Linford,city,GB,United Kingdom,England,4079,True,True,,
1560,814827,Ramsey,city,GB,United Kingdom,England,4079,True,True,,
1561,808926,Grimsargh,city,GB,United Kingdom,England,4079,True,True,,
1562,808564,Gobowen,city,GB,United Kingdom,England,4079,True,True,,
1563,808385,Gawcott,city,GB,United Kingdom,England,4079,True,True,,
1564,808489,"Glazebury, Lancashire",city,GB,United Kingdom,England,4079,True,True,,
1565,809012,Gwithian,city,GB,United Kingdom,England,4079,True,True,,
1566,808806,Great Massingham,city,GB,United Kingdom,England,4079,True,True,,
1567,808773,"Great Glen, Leicester",city,GB,United Kingdom,England,4079,True,True,,
1568,810020,"Huntley, Gloucestershire",city,GB,United Kingdom,England,4079,True,True,,
1569,814103,"Partridge Green, West Sussex",city,GB,United Kingdom,England,4079,True,True,,
1570,819033,"Withington, Gloucestershire",city,GB,United Kingdom,England,4079,True,True,,
1571,816599,"Staverton, Gloucestershire",city,GB,United Kingdom,England,4079,True,True,,
1572,808601,Goosnargh,city,GB,United Kingdom,England,4079,True,True,,
1573,809050,"Hadston, Northumberland",city,GB,United Kingdom,England,4079,True,True,,
1574,809716,"Hoarwithy, Herefordshire",city,GB,United Kingdom,England,4079,True,True,,
1575,815741,"Seaham Harbour, Durham",city,GB,United Kingdom,England,4079,True,True,,
1576,809108,Halvergate,city,GB,United Kingdom,England,4079,True,True,,
1577,810014,"Huntingdon And Peterborough, Norfolk",city,GB,United Kingdom,England,4079,True,True,,
1578,809329,Hauxton,city,GB,United Kingdom,England,4079,True,True,,
1579,809083,Hallatrow,city,GB,United Kingdom,England,4079,True,True,,
1580,809295,Haslingfield,city,GB,United Kingdom,England,4079,True,True,,
1581,809335,Haverigg,city,GB,United Kingdom,England,4079,True,True,,
1582,809601,"Higher Bebington, Wirral",city,GB,United Kingdom,England,4079,True,True,,
1583,809922,Horton in Ribblesdale,city,GB,United Kingdom,England,4079,True,True,,
1584,809408,Heage,city,GB,United Kingdom,England,4079,True,True,,
1585,809537,Herriard,city,GB,United Kingdom,England,4079,True,True,,
1586,809750,"Holbrook, Suffolk",city,GB,United Kingdom,England,4079,True,True,,
1587,809466,Helpston,city,GB,United Kingdom,England,4079,True,True,,
1588,809692,"Hintlesham, Suffolk",city,GB,United Kingdom,England,4079,True,True,,
1589,818505,West Hythe,city,GB,United Kingdom,England,4079,True,True,,
1590,809658,Hillmorton,city,GB,United Kingdom,England,4079,True,True,,
1591,816717,Stoke Hammond,city,GB,United Kingdom,England,4079,True,True,,
1592,809461,Helmshore,city,GB,United Kingdom,England,4079,True,True,,
1593,2717790,Harmondsworth,city,GB,United Kingdom,England,4079,True,True,,
1594,2789231,Hastingwood,city,GB,United Kingdom,England,4079,True,True,,
1595,809900,Horsell,city,GB,United Kingdom,England,4079,True,True,,
1596,809441,"Heeley, Sheffield",city,GB,United Kingdom,England,4079,True,True,,
1597,809954,Hovingham,city,GB,United Kingdom,England,4079,True,True,,
1598,819319,Yardley Hastings,city,GB,United Kingdom,England,4079,True,True,,
1599,809093,Halsham,city,GB,United Kingdom,England,4079,True,True,,
1600,809264,Hartington,city,GB,United Kingdom,England,4079,True,True,,
1601,810820,Kirk Hammerton,city,GB,United Kingdom,England,4079,True,True,,
1602,809917,"Horton, Northamptonshire",city,GB,United Kingdom,England,4079,True,True,,
1603,809816,"Holystone, Northumberland",city,GB,United Kingdom,England,4079,True,True,,
1604,809360,"Hawling, Gloucestershire",city,GB,United Kingdom,England,4079,True,True,,
1605,2687612,Hackbridge,city,GB,United Kingdom,England,4079,True,True,,
1606,2789234,Heathfield and Waldron,city,GB,United Kingdom,England,4079,True,True,,
1607,809150,Hamworthy,city,GB,United Kingdom,England,4079,True,True,,
1608,809960,"Howick, Northumberland",city,GB,United Kingdom,England,4079,True,True,,
1609,809350,Hawkesbury Upton,city,GB,United Kingdom,England,4079,True,True,,
1610,810022,"Hunton, Kent",city,GB,United Kingdom,England,4079,True,True,,
1611,809626,"High Peak, Derbyshire",city,GB,United Kingdom,England,4079,True,True,,
1612,809033,Hackthorn,city,GB,United Kingdom,England,4079,True,True,,
1613,817897,Upholland,city,GB,United Kingdom,England,4079,True,True,,
1614,809797,Holtby,city,GB,United Kingdom,England,4079,True,True,,
1615,809040,"Haddiscoe, Norfolk",city,GB,United Kingdom,England,4079,True,True,,
1616,812377,Madeley Heath,city,GB,United Kingdom,England,4079,True,True,,
1617,809195,"Hardwick, Cambridgeshire",city,GB,United Kingdom,England,4079,True,True,,
1618,809593,"Highbridge, Somerset",city,GB,United Kingdom,England,4079,True,True,,
1619,809575,Heysham,city,GB,United Kingdom,England,4079,True,True,,
1620,809555,"Heston, Hounslow",city,GB,United Kingdom,England,4079,True,True,,
1621,813650,North Hykeham,city,GB,United Kingdom,England,4079,True,True,,
1622,809724,"Hockley, Birmingham",city,GB,United Kingdom,England,4079,True,True,,
1623,809071,Halesworth,city,GB,United Kingdom,England,4079,True,True,,
1624,810011,Hunstanton,city,GB,United Kingdom,England,4079,True,True,,
1625,816671,"Stockbridge, Hampshire",city,GB,United Kingdom,England,4079,True,True,,
1626,809306,"Hatfield, Doncaster",city,GB,United Kingdom,England,4079,True,True,,
1627,809362,"Haworth, West Yorkshire",city,GB,United Kingdom,England,4079,True,True,,
1628,809881,"Horncastle, Lincolnshire",city,GB,United Kingdom,England,4079,True,True,,
1629,809155,Handforth,city,GB,United Kingdom,England,4079,True,True,,
1630,809294,Haslingden,city,GB,United Kingdom,England,4079,True,True,,
1631,810050,Huthwaite,city,GB,United Kingdom,England,4079,True,True,,
1632,817329,"Thornton Heath, Bromley",city,GB,United Kingdom,England,4079,True,True,,
1633,809865,Horbury,city,GB,United Kingdom,England,4079,True,True,,
1634,809372,Haydock,city,GB,United Kingdom,England,4079,True,True,,
1635,809798,"Holt, Norfolk",city,GB,United Kingdom,England,4079,True,True,,
1636,809549,Heslington,city,GB,United Kingdom,England,4079,True,True,,
1637,809435,Heckmondwike,city,GB,United Kingdom,England,4079,True,True,,
1638,809892,Hornsea,city,GB,United Kingdom,England,4079,True,True,,
1639,809559,Hethersett,city,GB,United Kingdom,England,4079,True,True,,
1640,818621,"Westward Ho, Devon",city,GB,United Kingdom,England,4079,True,True,,
1641,809462,Helmsley,city,GB,United Kingdom,England,4079,True,True,,
1642,809967,Hoylake,city,GB,United Kingdom,England,4079,True,True,,
1643,803840,"Biggin Hill, Bromley",city,GB,United Kingdom,England,4079,True,True,,
1644,809834,Honley,city,GB,United Kingdom,England,4079,True,True,,
1645,809439,Hedon,city,GB,United Kingdom,England,4079,True,True,,
1646,809044,Hadleigh,city,GB,United Kingdom,England,4079,True,True,,
1647,809285,Harworth,city,GB,United Kingdom,England,4079,True,True,,
1648,809497,Henfield,city,GB,United Kingdom,England,4079,True,True,,
1649,809684,Hindhead,city,GB,United Kingdom,England,4079,True,True,,
1650,809344,Hawes,city,GB,United Kingdom,England,4079,True,True,,
1651,810018,"Huntington, York",city,GB,United Kingdom,England,4079,True,True,,
1652,809182,Harbottle,city,GB,United Kingdom,England,4079,True,True,,
1653,809725,Hockley,city,GB,United Kingdom,England,4079,True,True,,
1654,809561,Hetton Le Hole,city,GB,United Kingdom,England,4079,True,True,,
1655,809216,"Harleston, Norfolk",city,GB,United Kingdom,England,4079,True,True,,
1656,812342,"Lyndhurst, Hampshire",city,GB,United Kingdom,England,4079,True,True,,
1657,809949,"Hounslow, Hounslow",city,GB,United Kingdom,England,4079,True,True,,
1658,809579,"Heywood, Rochdale",city,GB,United Kingdom,England,4079,True,True,,
1659,809064,"Hale, Cheshire",city,GB,United Kingdom,England,4079,True,True,,
1660,810006,Hungerford,city,GB,United Kingdom,England,4079,True,True,,
1661,809553,Hessle,city,GB,United Kingdom,England,4079,True,True,,
1662,809426,"Hebburn, North Tyneside",city,GB,United Kingdom,England,4079,True,True,,
1663,809968,Hoyland,city,GB,United Kingdom,England,4079,True,True,,
1664,810075,"Hythe, Southampton",city,GB,United Kingdom,England,4079,True,True,,
1665,810068,"Hyde, Tameside",city,GB,United Kingdom,England,4079,True,True,,
1666,809841,"Hook, Wokingham",city,GB,United Kingdom,England,4079,True,True,,
1667,809882,"Hornchurch, Barking And Dagenham",city,GB,United Kingdom,England,4079,True,True,,
1668,809095,Halstead,city,GB,United Kingdom,England,4079,True,True,,
1669,809140,"Hampton, London",city,GB,United Kingdom,England,4079,True,True,,
1670,809400,Heacham,city,GB,United Kingdom,England,4079,True,True,,
1671,809261,"Harthill, Rotherham",city,GB,United Kingdom,England,4079,True,True,,
1672,809238,Harrietsham,city,GB,United Kingdom,England,4079,True,True,,
1673,809706,Hipperholme,city,GB,United Kingdom,England,4079,True,True,,
1674,809157,"Handsworth, Rotherham",city,GB,United Kingdom,England,4079,True,True,,
1675,809119,Hambrook,city,GB,United Kingdom,England,4079,True,True,,
1676,809789,Holmewood,city,GB,United Kingdom,England,4079,True,True,,
1677,809565,Hevingham,city,GB,United Kingdom,England,4079,True,True,,
1678,809153,"Hanbury, Worcestershire",city,GB,United Kingdom,England,4079,True,True,,
1679,809981,"Hugglescote, Leicester",city,GB,United Kingdom,England,4079,True,True,,
1680,805970,Colney Heath,city,GB,United Kingdom,England,4079,True,True,,
1681,809436,Heddon on the wall,city,GB,United Kingdom,England,4079,True,True,,
1682,809690,"Hingham, Norfolk",city,GB,United Kingdom,England,4079,True,True,,
1683,811490,Little Horwood,city,GB,United Kingdom,England,4079,True,True,,
1684,809455,Hellesdon,city,GB,United Kingdom,England,4079,True,True,,
1685,809437,Hedgerley,city,GB,United Kingdom,England,4079,True,True,,
1686,809378,Hayfield,city,GB,United Kingdom,England,4079,True,True,,
1687,809232,Harpole,city,GB,United Kingdom,England,4079,True,True,,
1688,813169,Much Hadham,city,GB,United Kingdom,England,4079,True,True,,
1689,815932,Sheriff Hutton,city,GB,United Kingdom,England,4079,True,True,,
1690,809189,Hardingstone,city,GB,United Kingdom,England,4079,True,True,,
1691,809886,"Horndon On The Hill, Thurrock",city,GB,United Kingdom,England,4079,True,True,,
1692,809175,"Happisburgh, Norfolk",city,GB,United Kingdom,England,4079,True,True,,
1693,818488,West Hanningfield,city,GB,United Kingdom,England,4079,True,True,,
1694,809102,"Halton, Cheshire",city,GB,United Kingdom,England,4079,True,True,,
1695,809515,Henstridge,city,GB,United Kingdom,England,4079,True,True,,
1696,817259,Thatto Heath,city,GB,United Kingdom,England,4079,True,True,,
1697,809764,Hollingbourne,city,GB,United Kingdom,England,4079,True,True,,
1698,810026,Hunwick,city,GB,United Kingdom,England,4079,True,True,,
1699,818480,West Haddon,city,GB,United Kingdom,England,4079,True,True,,
1700,810031,"Hurley, Warwickshire",city,GB,United Kingdom,England,4079,True,True,,
1701,815085,"Robin Hood, Wakefield",city,GB,United Kingdom,England,4079,True,True,,
1702,813170,Much Hoole,city,GB,United Kingdom,England,4079,True,True,,
1703,809276,"Hartwell, Northamptonshire",city,GB,United Kingdom,England,4079,True,True,,
1704,809337,"Havering, Havering",city,GB,United Kingdom,England,4079,True,True,,
1705,809370,"Haxey, North Lincolnshire",city,GB,United Kingdom,England,4079,True,True,,
1706,809154,"Handcross, West Sussex",city,GB,United Kingdom,England,4079,True,True,,
1707,818490,West Harptree,city,GB,United Kingdom,England,4079,True,True,,
1708,809510,Henlow,city,GB,United Kingdom,England,4079,True,True,,
1709,809315,Hathersage,city,GB,United Kingdom,England,4079,True,True,,
1710,818708,"Whitchurch, Hampshire",city,GB,United Kingdom,England,4079,True,True,,
1711,809072,Halewood,city,GB,United Kingdom,England,4079,True,True,,
1712,809142,"Hampton Hill, London",city,GB,United Kingdom,England,4079,True,True,,
1713,809369,Haxby,city,GB,United Kingdom,England,4079,True,True,,
1714,809541,Hersham,city,GB,United Kingdom,England,4079,True,True,,
1715,809107,Haltwhistle,city,GB,United Kingdom,England,4079,True,True,,
1716,809637,Highworth,city,GB,United Kingdom,England,4079,True,True,,
1717,809836,"Hoo, Medway",city,GB,United Kingdom,England,4079,True,True,,
1718,809042,"Hadfield, Tameside",city,GB,United Kingdom,England,4079,True,True,,
1719,809903,Horsford,city,GB,United Kingdom,England,4079,True,True,,
1720,809257,Hartfield,city,GB,United Kingdom,England,4079,True,True,,
1721,816973,"Sutton On Hull, North Lincolnshire",city,GB,United Kingdom,England,4079,True,True,,
1722,809227,"Harold Wood, Havering",city,GB,United Kingdom,England,4079,True,True,,
1723,809739,"Hoghton, Blackburn With Darwen",city,GB,United Kingdom,England,4079,True,True,,
1724,817790,Turners Hill,city,GB,United Kingdom,England,4079,True,True,,
1725,815112,Rode Heath,city,GB,United Kingdom,England,4079,True,True,,
1726,809974,Hucclecote,city,GB,United Kingdom,England,4079,True,True,,
1727,809056,"Haigh, Wigan",city,GB,United Kingdom,England,4079,True,True,,
1728,809654,"Hillingdon, Slough",city,GB,United Kingdom,England,4079,True,True,,
1729,809889,Horning,city,GB,United Kingdom,England,4079,True,True,,
1730,816315,South Hetton,city,GB,United Kingdom,England,4079,True,True,,
1731,810041,"Hurst, Wokingham",city,GB,United Kingdom,England,4079,True,True,,
1732,809814,Holybourne,city,GB,United Kingdom,England,4079,True,True,,
1733,812849,Midsomer Norton,city,GB,United Kingdom,England,4079,True,True,,
1734,817583,"Torpoint, Cornwall",city,GB,United Kingdom,England,4079,True,True,,
1735,813296,Neston,city,GB,United Kingdom,England,4079,True,True,,
1736,819089,Wombwell,city,GB,United Kingdom,England,4079,True,True,,
1737,817831,Tynemouth,city,GB,United Kingdom,England,4079,True,True,,
1738,810130,Ince,city,GB,United Kingdom,England,4079,True,True,,
1739,810147,"Ingham, Lincolnshire",city,GB,United Kingdom,England,4079,True,True,,
1740,812122,"Longridge, Lancashire",city,GB,United Kingdom,England,4079,True,True,,
1741,810282,Ivybridge,city,GB,United Kingdom,England,4079,True,True,,
1742,814683,Princes Risborough,city,GB,United Kingdom,England,4079,True,True,,
1743,818014,"Ventnor, Isle of Wight",city,GB,United Kingdom,England,4079,True,True,,
1744,813946,Oswaldtwistle,city,GB,United Kingdom,England,4079,True,True,,
1745,810143,Ingatestone,city,GB,United Kingdom,England,4079,True,True,,
1746,817086,Tadley,city,GB,United Kingdom,England,4079,True,True,,
1747,815864,"Shaw, Oldham",city,GB,United Kingdom,England,4079,True,True,,
1748,809712,Histon,city,GB,United Kingdom,England,4079,True,True,,
1749,814409,Pocklington,city,GB,United Kingdom,England,4079,True,True,,
1750,813112,Mossley,city,GB,United Kingdom,England,4079,True,True,,
1751,815633,Sawbridgeworth,city,GB,United Kingdom,England,4079,True,True,,
1752,813711,North Walsham,city,GB,United Kingdom,England,4079,True,True,,
1753,815951,Shildon,city,GB,United Kingdom,England,4079,True,True,,
1754,814020,Oxted,city,GB,United Kingdom,England,4079,True,True,,
1755,812845,"Midhurst, west sussex",city,GB,United Kingdom,England,4079,True,True,,
1756,815847,Shanklin,city,GB,United Kingdom,England,4079,True,True,,
1757,810656,Kings Langley,city,GB,United Kingdom,England,4079,True,True,,
1758,815911,Shepperton,city,GB,United Kingdom,England,4079,True,True,,
1759,813641,Northfleet,city,GB,United Kingdom,England,4079,True,True,,
1760,810818,"Kirkham, Lancashire",city,GB,United Kingdom,England,4079,True,True,,
1761,814693,Prudhoe,city,GB,United Kingdom,England,4079,True,True,,
1762,817225,Tenterden,city,GB,United Kingdom,England,4079,True,True,,
1763,815835,Shaftesbury,city,GB,United Kingdom,England,4079,True,True,,
1764,814037,"Padiham, Lancashire",city,GB,United Kingdom,England,4079,True,True,,
1765,818927,Wincanton,city,GB,United Kingdom,England,4079,True,True,,
1766,815990,Shoeburyness,city,GB,United Kingdom,England,4079,True,True,,
1767,814883,Rawmarsh,city,GB,United Kingdom,England,4079,True,True,,
1768,811569,Liversedge,city,GB,United Kingdom,England,4079,True,True,,
1769,819113,Woodhall Spa,city,GB,United Kingdom,England,4079,True,True,,
1770,806222,"Cowes, Isle Of Wight",city,GB,United Kingdom,England,4079,True,True,,
1771,811199,Ledbury,city,GB,United Kingdom,England,4079,True,True,,
1772,810461,Keynsham,city,GB,United Kingdom,England,4079,True,True,,
1773,817827,Tyldesley,city,GB,United Kingdom,England,4079,True,True,,
1774,816338,South Molton,city,GB,United Kingdom,England,4079,True,True,,
1775,814271,"Pershore, Worcestershire",city,GB,United Kingdom,England,4079,True,True,,
1776,819325,Yarm,city,GB,United Kingdom,England,4079,True,True,,
1777,812478,Mansfield Woodhouse,city,GB,United Kingdom,England,4079,True,True,,
1778,815949,Shifnal,city,GB,United Kingdom,England,4079,True,True,,
1779,812684,Melbourn,city,GB,United Kingdom,England,4079,True,True,,
1780,810279,"Ivegill, Cumbria",city,GB,United Kingdom,England,4079,True,True,,
1781,803676,"Belle Isle, Leeds",city,GB,United Kingdom,England,4079,True,True,,
1782,810155,"Ingoldisthorpe, Norfolk",city,GB,United Kingdom,England,4079,True,True,,
1783,810249,"Ireby, Cumbria",city,GB,United Kingdom,England,4079,True,True,,
1784,817451,Tilbury,city,GB,United Kingdom,England,4079,True,True,,
1785,818269,"Watton, Norfolk",city,GB,United Kingdom,England,4079,True,True,,
1786,810275,"Itchenor, West Sussex",city,GB,United Kingdom,England,4079,True,True,,
1787,810176,"Inskip, Lancashire",city,GB,United Kingdom,England,4079,True,True,,
1788,810085,Icklesham,city,GB,United Kingdom,England,4079,True,True,,
1789,810283,Ivychurch,city,GB,United Kingdom,England,4079,True,True,,
1790,2632616,Peacehaven,city,GB,United Kingdom,England,4079,True,True,,
1791,813475,New Romney,city,GB,United Kingdom,England,4079,True,True,,
1792,2674214,Yateley,city,GB,United Kingdom,England,4079,True,True,,
1793,817491,Tiptree,city,GB,United Kingdom,England,4079,True,True,,
1794,810997,Laindon,city,GB,United Kingdom,England,4079,True,True,,
1795,813448,New Mills,city,GB,United Kingdom,England,4079,True,True,,
1796,807301,"East Cowes, Isle Of Wight",city,GB,United Kingdom,England,4079,True,True,,
1797,813969,Oundle,city,GB,United Kingdom,England,4079,True,True,,
1798,818132,Walton-on-the-Naze,city,GB,United Kingdom,England,4079,True,True,,
1799,818472,Westgate on Sea,city,GB,United Kingdom,England,4079,True,True,,
1800,818299,Wednesfield,city,GB,United Kingdom,England,4079,True,True,,
1801,815933,Sheringham,city,GB,United Kingdom,England,4079,True,True,,
1802,812887,Millom,city,GB,United Kingdom,England,4079,True,True,,
1803,819146,Woolacombe,city,GB,United Kingdom,England,4079,True,True,,
1804,810120,Ilminster,city,GB,United Kingdom,England,4079,True,True,,
1805,813239,Nailsea,city,GB,United Kingdom,England,4079,True,True,,
1806,810472,Kidsgrove,city,GB,United Kingdom,England,4079,True,True,,
1807,812247,Lowton,city,GB,United Kingdom,England,4079,True,True,,
1808,812334,Lyme Regis,city,GB,United Kingdom,England,4079,True,True,,
1809,817003,"Swaffham, Norfolk",city,GB,United Kingdom,England,4079,True,True,,
1810,812408,Maghull,city,GB,United Kingdom,England,4079,True,True,,
1811,811398,Liphook,city,GB,United Kingdom,England,4079,True,True,,
1812,810257,Ironbridge,city,GB,United Kingdom,England,4079,True,True,,
1813,810244,Ipstones,city,GB,United Kingdom,England,4079,True,True,,
1814,817337,"Thornton, Lancashire",city,GB,United Kingdom,England,4079,True,True,,
1815,810078,"Ibstock, Leicestershire",city,GB,United Kingdom,England,4079,True,True,,
1816,811000,Lakenheath,city,GB,United Kingdom,England,4079,True,True,,
1817,810100,"Ifield, West Sussex",city,GB,United Kingdom,England,4079,True,True,,
1818,816381,Southwark,city,GB,United Kingdom,England,4079,True,True,,
1819,814334,Pinner,city,GB,United Kingdom,England,4079,True,True,,
1820,817620,"Towcester, Northamptonshire",city,GB,United Kingdom,England,4079,True,True,,
1821,810108,"Ilford, Redbridge",city,GB,United Kingdom,England,4079,True,True,,
1822,818783,Whittlesey,city,GB,United Kingdom,England,4079,True,True,,
1823,812314,Lutterworth,city,GB,United Kingdom,England,4079,True,True,,
1824,816262,Southam,city,GB,United Kingdom,England,4079,True,True,,
1825,814677,Prestwich,city,GB,United Kingdom,England,4079,True,True,,
1826,816214,Snodland,city,GB,United Kingdom,England,4079,True,True,,
1827,818039,Wadebridge,city,GB,United Kingdom,England,4079,True,True,,
1828,817151,"Tarporley, Cheshire",city,GB,United Kingdom,England,4079,True,True,,
1829,810269,Isleworth,city,GB,United Kingdom,England,4079,True,True,,
1830,818851,Wigton,city,GB,United Kingdom,England,4079,True,True,,
1831,810164,"Inkberrow, Worcestershire",city,GB,United Kingdom,England,4079,True,True,,
1832,812530,Market Rasen,city,GB,United Kingdom,England,4079,True,True,,
1833,813835,Okehampton,city,GB,United Kingdom,England,4079,True,True,,
1834,819029,Withernsea,city,GB,United Kingdom,England,4079,True,True,,
1835,814643,Prescot,city,GB,United Kingdom,England,4079,True,True,,
1836,816870,Stretford,city,GB,United Kingdom,England,4079,True,True,,
1837,812428,"Maldon, Essex",city,GB,United Kingdom,England,4079,True,True,,
1838,818530,"West Malling, Kent",city,GB,United Kingdom,England,4079,True,True,,
1839,817084,Tadcaster,city,GB,United Kingdom,England,4079,True,True,,
1840,815785,Selby,city,GB,United Kingdom,England,4079,True,True,,
1841,817847,Uckfield,city,GB,United Kingdom,England,4079,True,True,,
1842,819197,Workington,city,GB,United Kingdom,England,4079,True,True,,
1843,817302,Thornaby,city,GB,United Kingdom,England,4079,True,True,,
1844,807749,Evesham,city,GB,United Kingdom,England,4079,True,True,,
1845,812732,Meopham,city,GB,United Kingdom,England,4079,True,True,,
1846,817432,Tickhill,city,GB,United Kingdom,England,4079,True,True,,
1847,816240,Sonning,city,GB,United Kingdom,England,4079,True,True,,
1848,810380,Kelvedon,city,GB,United Kingdom,England,4079,True,True,,
1849,816334,South Milford,city,GB,United Kingdom,England,4079,True,True,,
1850,819267,Writtle,city,GB,United Kingdom,England,4079,True,True,,
1851,815637,Sawston,city,GB,United Kingdom,England,4079,True,True,,
1852,819056,Wivenhoe,city,GB,United Kingdom,England,4079,True,True,,
1853,806915,Dodworth,city,GB,United Kingdom,England,4079,True,True,,
1854,818676,"Wheatley, Oxfordshire",city,GB,United Kingdom,England,4079,True,True,,
1855,812906,Milnthorpe,city,GB,United Kingdom,England,4079,True,True,,
1856,812532,Market Weighton,city,GB,United Kingdom,England,4079,True,True,,
1857,817148,Tarleton,city,GB,United Kingdom,England,4079,True,True,,
1858,815555,Samlesbury,city,GB,United Kingdom,England,4079,True,True,,
1859,812905,Milnrow,city,GB,United Kingdom,England,4079,True,True,,
1860,816724,Stokenchurch,city,GB,United Kingdom,England,4079,True,True,,
1861,813769,Nunthorpe,city,GB,United Kingdom,England,4079,True,True,,
1862,814335,Pinxton,city,GB,United Kingdom,England,4079,True,True,,
1863,812503,Marchwood,city,GB,United Kingdom,England,4079,True,True,,
1864,812599,Martock,city,GB,United Kingdom,England,4079,True,True,,
1865,811384,"Linton, Cambridgeshire",city,GB,United Kingdom,England,4079,True,True,,
1866,812543,Markyate,city,GB,United Kingdom,England,4079,True,True,,
1867,812542,Marks Tey,city,GB,United Kingdom,England,4079,True,True,,
1868,812158,Lostwithiel,city,GB,United Kingdom,England,4079,True,True,,
1869,810307,"Jesmond, Newcastle Upon Tyne",city,GB,United Kingdom,England,4079,True,True,,
1870,811010,Lambourn,city,GB,United Kingdom,England,4079,True,True,,
1871,819271,Wroughton,city,GB,United Kingdom,England,4079,True,True,,
1872,812137,"Longton, Lancashire",city,GB,United Kingdom,England,4079,True,True,,
1873,813146,Mountsorrel,city,GB,United Kingdom,England,4079,True,True,,
1874,813818,Odiham,city,GB,United Kingdom,England,4079,True,True,,
1875,817079,Syston,city,GB,United Kingdom,England,4079,True,True,,
1876,2687072,Thurmaston,city,GB,United Kingdom,England,4079,True,True,,
1877,818534,West Mersea,city,GB,United Kingdom,England,4079,True,True,,
1878,810339,Keele,city,GB,United Kingdom,England,4079,True,True,,
1879,814446,Ponteland,city,GB,United Kingdom,England,4079,True,True,,
1880,810771,Kirby Muxloe,city,GB,United Kingdom,England,4079,True,True,,
1881,810916,Knebworth,city,GB,United Kingdom,England,4079,True,True,,
1882,816648,Steyning,city,GB,United Kingdom,England,4079,True,True,,
1883,816065,Silsden,city,GB,United Kingdom,England,4079,True,True,,
1884,816238,"Somerton, Somerset",city,GB,United Kingdom,England,4079,True,True,,
1885,810516,Killamarsh,city,GB,United Kingdom,England,4079,True,True,,
1886,813133,"Moulton, Northamptonshire",city,GB,United Kingdom,England,4079,True,True,,
1887,812915,"Milton, Cambridgeshire",city,GB,United Kingdom,England,4079,True,True,,
1888,815513,Salcombe,city,GB,United Kingdom,England,4079,True,True,,
1889,818037,"Waddington, Lincolnshire",city,GB,United Kingdom,England,4079,True,True,,
1890,819334,Yatton,city,GB,United Kingdom,England,4079,True,True,,
1891,815258,Ruddington,city,GB,United Kingdom,England,4079,True,True,,
1892,818808,Wickersley,city,GB,United Kingdom,England,4079,True,True,,
1893,814140,"Peasedown Saint John, Bath And North East Somerset",city,GB,United Kingdom,England,4079,True,True,,
1894,812329,Lydiate,city,GB,United Kingdom,England,4079,True,True,,
1895,815525,Salfords,city,GB,United Kingdom,England,4079,True,True,,
1896,815622,Sarratt,city,GB,United Kingdom,England,4079,True,True,,
1897,816872,Stretham,city,GB,United Kingdom,England,4079,True,True,,
1898,811260,Lenham,city,GB,United Kingdom,England,4079,True,True,,
1899,817844,Tywardreath,city,GB,United Kingdom,England,4079,True,True,,
1900,818249,Water Orton,city,GB,United Kingdom,England,4079,True,True,,
1901,817486,Tintwistle,city,GB,United Kingdom,England,4079,True,True,,
1902,813283,Needham Market,city,GB,United Kingdom,England,4079,True,True,,
1903,818250,Waterperry,city,GB,United Kingdom,England,4079,True,True,,
1904,816905,Studland,city,GB,United Kingdom,England,4079,True,True,,
1905,814898,Redbourn,city,GB,United Kingdom,England,4079,True,True,,
1906,815941,Shevington,city,GB,United Kingdom,England,4079,True,True,,
1907,818904,Wilpshire,city,GB,United Kingdom,England,4079,True,True,,
1908,816455,Sprotbrough,city,GB,United Kingdom,England,4079,True,True,,
1909,816239,Sompting,city,GB,United Kingdom,England,4079,True,True,,
1910,810786,Kirkburton,city,GB,United Kingdom,England,4079,True,True,,
1911,812343,"Lyneham, Wiltshire",city,GB,United Kingdom,England,4079,True,True,,
1912,803376,Banwell,city,GB,United Kingdom,England,4079,True,True,,
1913,815202,Rothley,city,GB,United Kingdom,England,4079,True,True,,
1914,818953,Wingerworth,city,GB,United Kingdom,England,4079,True,True,,
1915,818794,Whitwick,city,GB,United Kingdom,England,4079,True,True,,
1916,818937,Windlesham,city,GB,United Kingdom,England,4079,True,True,,
1917,819186,"Wootton, Northamptonshire",city,GB,United Kingdom,England,4079,True,True,,
1918,810653,Kingskerswell,city,GB,United Kingdom,England,4079,True,True,,
1919,2687606,Wythall,city,GB,United Kingdom,England,4079,True,True,,
1920,813326,Nettleham,city,GB,United Kingdom,England,4079,True,True,,
1921,815179,Rossington,city,GB,United Kingdom,England,4079,True,True,,
1922,810343,Kegworth,city,GB,United Kingdom,England,4079,True,True,,
1923,815800,Selston,city,GB,United Kingdom,England,4079,True,True,,
1924,805734,"Claydon, Suffolk",city,GB,United Kingdom,England,4079,True,True,,
1925,814769,Queniborough,city,GB,United Kingdom,England,4079,True,True,,
1926,816173,Slimbridge,city,GB,United Kingdom,England,4079,True,True,,
1927,818799,Whyteleafe,city,GB,United Kingdom,England,4079,True,True,,
1928,819080,Wolverley,city,GB,United Kingdom,England,4079,True,True,,
1929,818884,"Willingham, Cambridgeshire",city,GB,United Kingdom,England,4079,True,True,,
1930,817036,Swavesey,city,GB,United Kingdom,England,4079,True,True,,
1931,815546,Saltford,city,GB,United Kingdom,England,4079,True,True,,
1932,812132,Long Stratton,city,GB,United Kingdom,England,4079,True,True,,
1933,814947,Repton,city,GB,United Kingdom,England,4079,True,True,,
1934,818961,Winkfield,city,GB,United Kingdom,England,4079,True,True,,
1935,818674,Wheathampstead,city,GB,United Kingdom,England,4079,True,True,,
1936,810386,"Kempsey, Worcestershire",city,GB,United Kingdom,England,4079,True,True,,
1937,816195,Snaith,city,GB,United Kingdom,England,4079,True,True,,
1938,819266,Wrington,city,GB,United Kingdom,England,4079,True,True,,
1939,815960,Shinfield,city,GB,United Kingdom,England,4079,True,True,,
1940,2687170,Jaywick,city,GB,United Kingdom,England,4079,True,True,,
1941,817235,Tetbury,city,GB,United Kingdom,England,4079,True,True,,
1942,814809,Rainford,city,GB,United Kingdom,England,4079,True,True,,
1943,818459,Westerham,city,GB,United Kingdom,England,4079,True,True,,
1944,814416,Polegate,city,GB,United Kingdom,England,4079,True,True,,
1945,814110,Patchway,city,GB,United Kingdom,England,4079,True,True,,
1946,816736,Stokesley,city,GB,United Kingdom,England,4079,True,True,,
1947,818194,Warlingham,city,GB,United Kingdom,England,4079,True,True,,
1948,2464386,Whiteley,city,GB,United Kingdom,England,4079,True,True,,
1949,815584,Sandiacre,city,GB,United Kingdom,England,4079,True,True,,
1950,813782,Oadby,city,GB,United Kingdom,England,4079,True,True,,
1951,814243,Penwortham,city,GB,United Kingdom,England,4079,True,True,,
1952,818358,Wem,city,GB,United Kingdom,England,4079,True,True,,
1953,815075,Roade,city,GB,United Kingdom,England,4079,True,True,,
1954,810296,"Jarrow-On-Tyne, South Tyneside",city,GB,United Kingdom,England,4079,True,True,,
1955,812534,Markfield,city,GB,United Kingdom,England,4079,True,True,,
1956,810922,"Knighton, Powys",city,GB,United Kingdom,England,4079,True,True,,
1957,810466,Kibworth,city,GB,United Kingdom,England,4079,True,True,,
1958,810575,Kilnhurst,city,GB,United Kingdom,England,4079,True,True,,
1959,813552,"New York, Norfolk",city,GB,United Kingdom,England,4079,True,True,,
1960,810408,"Kennington, Kent",city,GB,United Kingdom,England,4079,True,True,,
1961,810907,Kiveton Park,city,GB,United Kingdom,England,4079,True,True,,
1962,819314,"Yalding, Kent",city,GB,United Kingdom,England,4079,True,True,,
1963,811053,"Langley, Kent",city,GB,United Kingdom,England,4079,True,True,,
1964,819286,"Wye, Kent",city,GB,United Kingdom,England,4079,True,True,,
1965,810460,Keyingham,city,GB,United Kingdom,England,4079,True,True,,
1966,812213,Lower Kingswood,city,GB,United Kingdom,England,4079,True,True,,
1967,813074,"Moreton, Wirral",city,GB,United Kingdom,England,4079,True,True,,
1968,812322,"Lydd, Kent",city,GB,United Kingdom,England,4079,True,True,,
1969,819309,"Wythenshawe, Cheshire",city,GB,United Kingdom,England,4079,True,True,,
1970,810441,Keston,city,GB,United Kingdom,England,4079,True,True,,
1971,817414,"Thursford, Norfolk",city,GB,United Kingdom,England,4079,True,True,,
1972,810803,Kirkby Stephen,city,GB,United Kingdom,England,4079,True,True,,
1973,810701,"Kingswinford, West Midlands",city,GB,United Kingdom,England,4079,True,True,,
1974,817903,"Upminster, Havering",city,GB,United Kingdom,England,4079,True,True,,
1975,816044,"Sidcup, Bexley",city,GB,United Kingdom,England,4079,True,True,,
1976,819081,"Wolverton, Milton Keynes",city,GB,United Kingdom,England,4079,True,True,,
1977,2674473,"Portland, Dorset",city,GB,United Kingdom,England,4079,True,True,,
1978,813891,"Olney, Milton Keynes",city,GB,United Kingdom,England,4079,True,True,,
1979,817618,"Totton, Southampton",city,GB,United Kingdom,England,4079,True,True,,
1980,818332,"Welling, Bexley",city,GB,United Kingdom,England,4079,True,True,,
1981,813451,"New Milton, Hampshire",city,GB,United Kingdom,England,4079,True,True,,
1982,813052,"Morden, Merton",city,GB,United Kingdom,England,4079,True,True,,
1983,805222,Carshalton,city,GB,United Kingdom,England,4079,True,True,,
1984,816350,"South Ockendon, Thurrock",city,GB,United Kingdom,England,4079,True,True,,
1985,810710,"Kington, Worcestershire",city,GB,United Kingdom,England,4079,True,True,,
1986,810800,Kirkbymoorside,city,GB,United Kingdom,England,4079,True,True,,
1987,810485,Kilby,city,GB,United Kingdom,England,4079,True,True,,
1988,810368,Kelmarsh,city,GB,United Kingdom,England,4079,True,True,,
1989,810650,Kingsey,city,GB,United Kingdom,England,4079,True,True,,
1990,816946,"Sunderland, Cumbria",city,GB,United Kingdom,England,4079,True,True,,
1991,810452,Kettlewell,city,GB,United Kingdom,England,4079,True,True,,
1992,811387,"Linton, Kent",city,GB,United Kingdom,England,4079,True,True,,
1993,815241,"Royal Leamington Spa, Warwickshire",city,GB,United Kingdom,England,4079,True,True,,
1994,810700,Kingswear,city,GB,United Kingdom,England,4079,True,True,,
1995,810838,"Kirklington, North Yorkshire",city,GB,United Kingdom,England,4079,True,True,,
1996,810905,Kislingbury,city,GB,United Kingdom,England,4079,True,True,,
1997,810606,Kimberworth,city,GB,United Kingdom,England,4079,True,True,,
1998,810817,Kirkhamgate,city,GB,United Kingdom,England,4079,True,True,,
1999,810387,Kempsford,city,GB,United Kingdom,England,4079,True,True,,
2000,810715,Kinlet,city,GB,United Kingdom,England,4079,True,True,,
2001,813398,"Newchurch, Kent",city,GB,United Kingdom,England,4079,True,True,,
2002,810431,Keresley,city,GB,United Kingdom,England,4079,True,True,,
2003,810325,Keadby,city,GB,United Kingdom,England,4079,True,True,,
2004,810446,"Kettering, Northamptonshire",city,GB,United Kingdom,England,4079,True,True,,
2005,804210,"Boston, Lincolnshire",city,GB,United Kingdom,England,4079,True,True,,
2006,816762,"Stone, Stoke-On-Trent",city,GB,United Kingdom,England,4079,True,True,,
2007,812440,"Malton, York",city,GB,United Kingdom,England,4079,True,True,,
2008,816259,"Southall, Slough",city,GB,United Kingdom,England,4079,True,True,,
2009,811212,"Leek, Stoke-On-Trent",city,GB,United Kingdom,England,4079,True,True,,
2010,818920,Wimbledon,city,GB,United Kingdom,England,4079,True,True,,
2011,818356,"Wembley, Brent",city,GB,United Kingdom,England,4079,True,True,,
2012,813335,"Newark, Nottingham",city,GB,United Kingdom,England,4079,True,True,,
2013,803615,"Bedford, Bedfordshire",city,GB,United Kingdom,England,4079,True,True,,
2014,813928,"Orpington, Bromley",city,GB,United Kingdom,England,4079,True,True,,
2015,815312,"Ryde, Portsmouth",city,GB,United Kingdom,England,4079,True,True,,
2016,2674474,"Stanley, Durham",city,GB,United Kingdom,England,4079,True,True,,
2017,803595,"Beckenham, Bromley",city,GB,United Kingdom,England,4079,True,True,,
2018,817506,"Tiverton, Devon",city,GB,United Kingdom,England,4079,True,True,,
2019,813845,"Oldbury, Sandwell",city,GB,United Kingdom,England,4079,True,True,,
2020,814887,"Rayleigh, Southend-On-Sea",city,GB,United Kingdom,England,4079,True,True,,
2021,814761,"Queenborough, Kent",city,GB,United Kingdom,England,4079,True,True,,
2022,814783,"Radcliffe, Bury",city,GB,United Kingdom,England,4079,True,True,,
2023,813336,"Newark Upon Trent, Nottingham",city,GB,United Kingdom,England,4079,True,True,,
2024,814907,Redhill,city,GB,United Kingdom,England,4079,True,True,,
2025,815269,"Ruislip, Slough",city,GB,United Kingdom,England,4079,True,True,,
2026,811234,"Leigh, Wigan",city,GB,United Kingdom,England,4079,True,True,,
2027,804624,"Bromley, Bromley",city,GB,United Kingdom,England,4079,True,True,,
2028,813444,"Newmarket, Suffolk",city,GB,United Kingdom,England,4079,True,True,,
2029,818227,"Washington, Tyne and Wear",city,GB,United Kingdom,England,4079,True,True,,
2030,2687392,"Linwood, Hampshire",city,GB,United Kingdom,England,4079,True,True,,
2031,812593,"Martin, Lincolnshire",city,GB,United Kingdom,England,4079,True,True,,
2032,811355,Limpley Stoke,city,GB,United Kingdom,England,4079,True,True,,
2033,812078,Longdown,city,GB,United Kingdom,England,4079,True,True,,
2034,812347,"Lyng, Norfolk",city,GB,United Kingdom,England,4079,True,True,,
2035,811360,"Lindale, Lancashire",city,GB,United Kingdom,England,4079,True,True,,
2036,811304,"Levington, Suffolk",city,GB,United Kingdom,England,4079,True,True,,
2037,812237,"Lowick, Northumberland",city,GB,United Kingdom,England,4079,True,True,,
2038,817473,"Timberland, Lincolnshire",city,GB,United Kingdom,England,4079,True,True,,
2039,812171,"Lound, Nottinghamshire",city,GB,United Kingdom,England,4079,True,True,,
2040,812315,"Lutton, Norfolk",city,GB,United Kingdom,England,4079,True,True,,
2041,811155,"Layham, Suffolk",city,GB,United Kingdom,England,4079,True,True,,
2042,811249,Leintwardine,city,GB,United Kingdom,England,4079,True,True,,
2043,812144,"Longwick, Buckinghamshire",city,GB,United Kingdom,England,4079,True,True,,
2044,812107,"Long Marston, York",city,GB,United Kingdom,England,4079,True,True,,
2045,812033,Loddington,city,GB,United Kingdom,England,4079,True,True,,
2046,813259,"Narborough, Norfolk",city,GB,United Kingdom,England,4079,True,True,,
2047,811373,"Lingwood, Norfolk",city,GB,United Kingdom,England,4079,True,True,,
2048,811014,Lamesley,city,GB,United Kingdom,England,4079,True,True,,
2049,812327,"Lydiard Millicent, Wiltshire",city,GB,United Kingdom,England,4079,True,True,,
2050,811555,Little Weighton,city,GB,United Kingdom,England,4079,True,True,,
2051,811158,Leadenham,city,GB,United Kingdom,England,4079,True,True,,
2052,811419,"Litcham, Norfolk",city,GB,United Kingdom,England,4079,True,True,,
2053,811518,"Little Plumstead, Norfolk",city,GB,United Kingdom,England,4079,True,True,,
2054,811032,"Landrake, Cornwall",city,GB,United Kingdom,England,4079,True,True,,
2055,811213,Leek Wootton,city,GB,United Kingdom,England,4079,True,True,,
2056,811154,"Layer Marney, Essex",city,GB,United Kingdom,England,4079,True,True,,
2057,811549,Little Wakering,city,GB,United Kingdom,England,4079,True,True,,
2058,2687200,Lindisfarne,city,GB,United Kingdom,England,4079,True,True,,
2059,812219,Lower Penn,city,GB,United Kingdom,England,4079,True,True,,
2060,811264,"Lenton, Nottinghamshire",city,GB,United Kingdom,England,4079,True,True,,
2061,811522,"Little Rissington, Gloucestershire",city,GB,United Kingdom,England,4079,True,True,,
2062,811333,Liddington,city,GB,United Kingdom,England,4079,True,True,,
2063,811505,"Little Milton, Oxfordshire",city,GB,United Kingdom,England,4079,True,True,,
2064,813399,"Newchurch, Lancashire",city,GB,United Kingdom,England,4079,True,True,,
2065,807378,"East Looe, Cornwall",city,GB,United Kingdom,England,4079,True,True,,
2066,811208,Leece,city,GB,United Kingdom,England,4079,True,True,,
2067,811236,"Leigh, Worcestershire",city,GB,United Kingdom,England,4079,True,True,,
2068,811218,Lee-on-the-Solent,city,GB,United Kingdom,England,4079,True,True,,
2069,811382,Linthwaite,city,GB,United Kingdom,England,4079,True,True,,
2070,819252,"Wray, Lancashire",city,GB,United Kingdom,England,4079,True,True,,
2071,811372,"Lingfield, Bromley",city,GB,United Kingdom,England,4079,True,True,,
2072,811438,"Littleborough, Rochdale",city,GB,United Kingdom,England,4079,True,True,,
2073,812094,Longhope,city,GB,United Kingdom,England,4079,True,True,,
2074,811188,Lechlade,city,GB,United Kingdom,England,4079,True,True,,
2075,811060,Langley Mill,city,GB,United Kingdom,England,4079,True,True,,
2076,813258,"Narborough, Leicester",city,GB,United Kingdom,England,4079,True,True,,
2077,811541,"Little Sutton, Merseyside",city,GB,United Kingdom,England,4079,True,True,,
2078,812239,"Low Moor, Bradford",city,GB,United Kingdom,England,4079,True,True,,
2079,814928,"Reepham, Lincolnshire",city,GB,United Kingdom,England,4079,True,True,,
2080,812441,"Malvern Link, Worcestershire",city,GB,United Kingdom,England,4079,True,True,,
2081,811063,Langport,city,GB,United Kingdom,England,4079,True,True,,
2082,811251,Leiston,city,GB,United Kingdom,England,4079,True,True,,
2083,811413,Liss,city,GB,United Kingdom,England,4079,True,True,,
2084,811186,"Leavesden, Buckinghamshire",city,GB,United Kingdom,England,4079,True,True,,
2085,811316,Leyburn,city,GB,United Kingdom,England,4079,True,True,,
2086,812080,Longfield,city,GB,United Kingdom,England,4079,True,True,,
2087,812357,Lytchett Minster,city,GB,United Kingdom,England,4079,True,True,,
2088,815445,"Saint Leonards, East Sussex",city,GB,United Kingdom,England,4079,True,True,,
2089,811191,"Leckhampton, Gloucestershire",city,GB,United Kingdom,England,4079,True,True,,
2090,811265,"Lenwade, Norfolk",city,GB,United Kingdom,England,4079,True,True,,
2091,811069,"Langtoft, Norfolk",city,GB,United Kingdom,England,4079,True,True,,
2092,811370,Lingdale,city,GB,United Kingdom,England,4079,True,True,,
2093,811255,Lelant,city,GB,United Kingdom,England,4079,True,True,,
2094,812126,Longstanton,city,GB,United Kingdom,England,4079,True,True,,
2095,811136,Laverstoke,city,GB,United Kingdom,England,4079,True,True,,
2096,811311,"Lewknor, Buckinghamshire",city,GB,United Kingdom,England,4079,True,True,,
2097,812173,"Loversall, Doncaster",city,GB,United Kingdom,England,4079,True,True,,
2098,811080,"Langwith, Nottinghamshire",city,GB,United Kingdom,England,4079,True,True,,
2099,811211,"Leedstown, Cornwall",city,GB,United Kingdom,England,4079,True,True,,
2100,811336,Lidlington,city,GB,United Kingdom,England,4079,True,True,,
2101,812180,Lowdham,city,GB,United Kingdom,England,4079,True,True,,
2102,812104,"Long Marston, Buckinghamshire",city,GB,United Kingdom,England,4079,True,True,,
2103,812041,"Lofthouse, North Yorkshire",city,GB,United Kingdom,England,4079,True,True,,
2104,811117,"Latchingdon, Southend-On-Sea",city,GB,United Kingdom,England,4079,True,True,,
2105,812036,"Loddon, Norfolk",city,GB,United Kingdom,England,4079,True,True,,
2106,812341,Lympstone,city,GB,United Kingdom,England,4079,True,True,,
2107,812356,Lytchett Matravers,city,GB,United Kingdom,England,4079,True,True,,
2108,812320,"Lydbury North, Shropshire",city,GB,United Kingdom,England,4079,True,True,,
2109,811422,Litherland,city,GB,United Kingdom,England,4079,True,True,,
2110,812353,Lynton,city,GB,United Kingdom,England,4079,True,True,,
2111,812319,Lydbrook,city,GB,United Kingdom,England,4079,True,True,,
2112,812062,Longbenton,city,GB,United Kingdom,England,4079,True,True,,
2113,812081,"Longford, Coventry",city,GB,United Kingdom,England,4079,True,True,,
2114,811062,"Langley Park, Durham",city,GB,United Kingdom,England,4079,True,True,,
2115,811339,"Lifton, Cornwall",city,GB,United Kingdom,England,4079,True,True,,
2116,811045,"Langford, North Somerset",city,GB,United Kingdom,England,4079,True,True,,
2117,813500,Newton Longville,city,GB,United Kingdom,England,4079,True,True,,
2118,811570,Liverton,city,GB,United Kingdom,England,4079,True,True,,
2119,818348,"Welton, Lincolnshire",city,GB,United Kingdom,England,4079,True,True,,
2120,811552,"Little Waltham, Essex",city,GB,United Kingdom,England,4079,True,True,,
2121,818559,Weston under Lizard,city,GB,United Kingdom,England,4079,True,True,,
2122,812160,"Loudwater, Buckinghamshire",city,GB,United Kingdom,England,4079,True,True,,
2123,811343,Lilleshall,city,GB,United Kingdom,England,4079,True,True,,
2124,811049,Langho,city,GB,United Kingdom,England,4079,True,True,,
2125,816544,"Stansted Mountfitchet, Essex",city,GB,United Kingdom,England,4079,True,True,,
2126,812633,"Mattersey, Doncaster",city,GB,United Kingdom,England,4079,True,True,,
2127,813012,Monks Risborough,city,GB,United Kingdom,England,4079,True,True,,
2128,812497,"Marchamley, Shropshire",city,GB,United Kingdom,England,4079,True,True,,
2129,812694,"Melling, Knowsley",city,GB,United Kingdom,England,4079,True,True,,
2130,812380,Madingley,city,GB,United Kingdom,England,4079,True,True,,
2131,812838,"Middle Wallop, Wiltshire",city,GB,United Kingdom,England,4079,True,True,,
2132,812700,"Mellor, Stockport",city,GB,United Kingdom,England,4079,True,True,,
2133,813207,Mursley,city,GB,United Kingdom,England,4079,True,True,,
2134,813090,Mortehoe,city,GB,United Kingdom,England,4079,True,True,,
2135,817332,"Thornton Le Moors, Merseyside",city,GB,United Kingdom,England,4079,True,True,,
2136,816336,South Mimms,city,GB,United Kingdom,England,4079,True,True,,
2137,812856,"Milbourne, Newcastle Upon Tyne",city,GB,United Kingdom,England,4079,True,True,,
2138,812702,"Melmerby, Cumbria",city,GB,United Kingdom,England,4079,True,True,,
2139,813026,Montacute,city,GB,United Kingdom,England,4079,True,True,,
2140,812876,"Millbrook, Tameside",city,GB,United Kingdom,England,4079,True,True,,
2141,813008,"Monkseaton, North Tyneside",city,GB,United Kingdom,England,4079,True,True,,
2142,812979,"Molesey, Slough",city,GB,United Kingdom,England,4079,True,True,,
2143,812917,"Milton, Kent",city,GB,United Kingdom,England,4079,True,True,,
2144,812731,Meonstoke,city,GB,United Kingdom,England,4079,True,True,,
2145,813114,"Moss Side, Sefton",city,GB,United Kingdom,England,4079,True,True,,
2146,812777,"Meysey Hampton, Gloucestershire",city,GB,United Kingdom,England,4079,True,True,,
2147,812863,Mileham,city,GB,United Kingdom,England,4079,True,True,,
2148,812424,"Maisemore, Gloucestershire",city,GB,United Kingdom,England,4079,True,True,,
2149,812682,"Melbourne, Derby",city,GB,United Kingdom,England,4079,True,True,,
2150,812531,"Market Warsop, Nottinghamshire",city,GB,United Kingdom,England,4079,True,True,,
2151,812789,Mickleover,city,GB,United Kingdom,England,4079,True,True,,
2152,813962,Ottery Saint Mary,city,GB,United Kingdom,England,4079,True,True,,
2153,812630,"Matlock Bank, Derbyshire",city,GB,United Kingdom,England,4079,True,True,,
2154,812469,Manningtree,city,GB,United Kingdom,England,4079,True,True,,
2155,812554,"Marple, Stockport",city,GB,United Kingdom,England,4079,True,True,,
2156,813442,"New Malden, Bromley",city,GB,United Kingdom,England,4079,True,True,,
2157,812862,"Mile End, Norfolk",city,GB,United Kingdom,England,4079,True,True,,
2158,812439,"Maltby, Rotherham",city,GB,United Kingdom,England,4079,True,True,,
2159,812436,"Malpas, Wrexham",city,GB,United Kingdom,England,4079,True,True,,
2160,812581,"Marston, Oxfordshire",city,GB,United Kingdom,England,4079,True,True,,
2161,812975,"Moira, Derby",city,GB,United Kingdom,England,4079,True,True,,
2162,812738,"Meriden, Coventry",city,GB,United Kingdom,England,4079,True,True,,
2163,812817,"Middleton, West Midlands",city,GB,United Kingdom,England,4079,True,True,,
2164,813172,Much Wenlock,city,GB,United Kingdom,England,4079,True,True,,
2165,812642,"Mawdesley, Wigan",city,GB,United Kingdom,England,4079,True,True,,
2166,813107,"Moseley, Birmingham",city,GB,United Kingdom,England,4079,True,True,,
2167,818538,West Molesey,city,GB,United Kingdom,England,4079,True,True,,
2168,812559,"Marsden, Kirklees",city,GB,United Kingdom,England,4079,True,True,,
2169,813124,"Mottram, Tameside",city,GB,United Kingdom,England,4079,True,True,,
2170,812434,"Malmesbury, Wiltshire",city,GB,United Kingdom,England,4079,True,True,,
2171,812765,Metheringham,city,GB,United Kingdom,England,4079,True,True,,
2172,815252,"Ruan Minor, Cornwall",city,GB,United Kingdom,England,4079,True,True,,
2173,807387,"East Molesey, Surrey",city,GB,United Kingdom,England,4079,True,True,,
2174,812625,Matfen,city,GB,United Kingdom,England,4079,True,True,,
2175,813068,Moreton in Marsh,city,GB,United Kingdom,England,4079,True,True,,
2176,815373,"Saint Columb Major, Cornwall",city,GB,United Kingdom,England,4079,True,True,,
2177,812956,"Mitcham, Bromley",city,GB,United Kingdom,England,4079,True,True,,
2178,812598,Martley,city,GB,United Kingdom,England,4079,True,True,,
2179,812844,Midgham,city,GB,United Kingdom,England,4079,True,True,,
2180,812626,Matfield,city,GB,United Kingdom,England,4079,True,True,,
2181,812792,"Mickle Trafford, Cheshire",city,GB,United Kingdom,England,4079,True,True,,
2182,812519,"Marham, Norfolk",city,GB,United Kingdom,England,4079,True,True,,
2183,818533,West Meon,city,GB,United Kingdom,England,4079,True,True,,
2184,812557,"Marr, Doncaster",city,GB,United Kingdom,England,4079,True,True,,
2185,812369,"Mackworth, Derby",city,GB,United Kingdom,England,4079,True,True,,
2186,812812,"Middlestown, West Yorkshire",city,GB,United Kingdom,England,4079,True,True,,
2187,813093,"Mortimer, Reading",city,GB,United Kingdom,England,4079,True,True,,
2188,812737,Mereworth,city,GB,United Kingdom,England,4079,True,True,,
2189,812425,Malborough,city,GB,United Kingdom,England,4079,True,True,,
2190,812563,"Marsham, Norfolk",city,GB,United Kingdom,England,4079,True,True,,
2191,816490,"Stainton, Middlesbrough",city,GB,United Kingdom,England,4079,True,True,,
2192,813765,Nun Monkton,city,GB,United Kingdom,England,4079,True,True,,
2193,813188,"Mulbarton, Norfolk",city,GB,United Kingdom,England,4079,True,True,,
2194,812749,"Merstone, Isle Of Wight",city,GB,United Kingdom,England,4079,True,True,,
2195,816767,Stoney Middleton,city,GB,United Kingdom,England,4079,True,True,,
2196,812460,Mangotsfield,city,GB,United Kingdom,England,4079,True,True,,
2197,812699,"Mellor, Blackburn With Darwen",city,GB,United Kingdom,England,4079,True,True,,
2198,812953,"Misterton, North Lincolnshire",city,GB,United Kingdom,England,4079,True,True,,
2199,812653,"Mayfield, East Sussex",city,GB,United Kingdom,England,4079,True,True,,
2200,812683,"Melbourne, York",city,GB,United Kingdom,England,4079,True,True,,
2201,2789212,West Moors,city,GB,United Kingdom,England,4079,True,True,,
2202,812585,Marston Moretaine,city,GB,United Kingdom,England,4079,True,True,,
2203,812654,"Mayland, Southend-On-Sea",city,GB,United Kingdom,England,4079,True,True,,
2204,812945,"Minster, Kent",city,GB,United Kingdom,England,4079,True,True,,
2205,813198,Mundesley,city,GB,United Kingdom,England,4079,True,True,,
2206,817990,Ushaw Moor,city,GB,United Kingdom,England,4079,True,True,,
2207,812875,"Millbrook, Milton Keynes",city,GB,United Kingdom,England,4079,True,True,,
2208,812869,"Milford, St. Helens",city,GB,United Kingdom,England,4079,True,True,,
2209,816333,South Marston,city,GB,United Kingdom,England,4079,True,True,,
2210,812632,"Matson, Gloucestershire",city,GB,United Kingdom,England,4079,True,True,,
2211,818312,"Weeton, North Yorkshire",city,GB,United Kingdom,England,4079,True,True,,
2212,813574,Norham,city,GB,United Kingdom,England,4079,True,True,,
2213,813660,"North Kyme, Norfolk",city,GB,United Kingdom,England,4079,True,True,,
2214,813682,North Ockendon,city,GB,United Kingdom,England,4079,True,True,,
2215,817973,"Upton, Norfolk",city,GB,United Kingdom,England,4079,True,True,,
2216,813264,"Nassington, Nottinghamshire",city,GB,United Kingdom,England,4079,True,True,,
2217,813601,Northborough,city,GB,United Kingdom,England,4079,True,True,,
2218,813760,"Notton, Barnsley",city,GB,United Kingdom,England,4079,True,True,,
2219,813565,Nocton,city,GB,United Kingdom,England,4079,True,True,,
2220,813293,Nenthead,city,GB,United Kingdom,England,4079,True,True,,
2221,813702,North Sunderland,city,GB,United Kingdom,England,4079,True,True,,
2222,813389,"Newcastle, Powys",city,GB,United Kingdom,England,4079,True,True,,
2223,813724,"North Wootton, Norfolk",city,GB,United Kingdom,England,4079,True,True,,
2224,813520,"Newton Poppleford, Devon",city,GB,United Kingdom,England,4079,True,True,,
2225,813358,"Newborough, Norfolk",city,GB,United Kingdom,England,4079,True,True,,
2226,813372,"New Buckenham, Norfolk",city,GB,United Kingdom,England,4079,True,True,,
2227,813261,Naseby,city,GB,United Kingdom,England,4079,True,True,,
2228,817307,"Thornby, Northamptonshire",city,GB,United Kingdom,England,4079,True,True,,
2229,816704,"Stoke By Nayland, Norfolk",city,GB,United Kingdom,England,4079,True,True,,
2230,813278,Neatishead,city,GB,United Kingdom,England,4079,True,True,,
2231,813563,"Niton, Isle Of Wight",city,GB,United Kingdom,England,4079,True,True,,
2232,813262,"Nash, Milton Keynes",city,GB,United Kingdom,England,4079,True,True,,
2233,813739,"Norton, Gloucestershire",city,GB,United Kingdom,England,4079,True,True,,
2234,813419,"Newham, Northumberland",city,GB,United Kingdom,England,4079,True,True,,
2235,813695,North Runcton,city,GB,United Kingdom,England,4079,True,True,,
2236,2789238,Northowram,city,GB,United Kingdom,England,4079,True,True,,
2237,2789239,North Turton,city,GB,United Kingdom,England,4079,True,True,,
2238,813505,"Newton, Lincolnshire",city,GB,United Kingdom,England,4079,True,True,,
2239,2789241,New Herrington,city,GB,United Kingdom,England,4079,True,True,,
2240,817354,"Thorpe Next Norwich, Norfolk",city,GB,United Kingdom,England,4079,True,True,,
2241,815646,Saxlingham Nethergate,city,GB,United Kingdom,England,4079,True,True,,
2242,813323,Netley,city,GB,United Kingdom,England,4079,True,True,,
2243,813540,"Newtown, Isle Of Wight",city,GB,United Kingdom,England,4079,True,True,,
2244,813511,"Newton, Staffordshire",city,GB,United Kingdom,England,4079,True,True,,
2245,818226,Washington New Town,city,GB,United Kingdom,England,4079,True,True,,
2246,813683,"Northolt, Slough",city,GB,United Kingdom,England,4079,True,True,,
2247,813754,"Norwood, Bromley",city,GB,United Kingdom,England,4079,True,True,,
2248,813707,North Tidworth,city,GB,United Kingdom,England,4079,True,True,,
2249,813370,"New Brighton, Wirral",city,GB,United Kingdom,England,4079,True,True,,
2250,816574,"Stapleford, Nottingham",city,GB,United Kingdom,England,4079,True,True,,
2251,813722,"Northwood, Slough",city,GB,United Kingdom,England,4079,True,True,,
2252,816916,Sturminster Newton,city,GB,United Kingdom,England,4079,True,True,,
2253,818338,"Wells, Norfolk",city,GB,United Kingdom,England,4079,True,True,,
2254,818335,"Wells Next The Sea, Norfolk",city,GB,United Kingdom,England,4079,True,True,,
2255,813696,"North Scarle, Lincolnshire",city,GB,United Kingdom,England,4079,True,True,,
2256,813237,"Nacton, Suffolk",city,GB,United Kingdom,England,4079,True,True,,
2257,815593,"Sandringham, Norfolk",city,GB,United Kingdom,England,4079,True,True,,
2258,813463,"Newport, North Lincolnshire",city,GB,United Kingdom,England,4079,True,True,,
2259,813362,"Newbottle, Durham",city,GB,United Kingdom,England,4079,True,True,,
2260,813596,Northaw,city,GB,United Kingdom,England,4079,True,True,,
2261,813356,Newbold Verdon,city,GB,United Kingdom,England,4079,True,True,,
2262,813269,"Navenby, Lincolnshire",city,GB,United Kingdom,England,4079,True,True,,
2263,813274,Nayland,city,GB,United Kingdom,England,4079,True,True,,
2264,813409,"New Earswick, York",city,GB,United Kingdom,England,4079,True,True,,
2265,813297,"Neston, Wiltshire",city,GB,United Kingdom,England,4079,True,True,,
2266,817734,Trowse,city,GB,United Kingdom,England,4079,True,True,,
2267,813285,Needingworth,city,GB,United Kingdom,England,4079,True,True,,
2268,813680,"North Newton, Somerset",city,GB,United Kingdom,England,4079,True,True,,
2269,818057,"Walcott, Norfolk",city,GB,United Kingdom,England,4079,True,True,,
2270,818262,"Watlington, Norfolk",city,GB,United Kingdom,England,4079,True,True,,
2271,813255,"Napton, Warwickshire",city,GB,United Kingdom,England,4079,True,True,,
2272,813273,Nawton,city,GB,United Kingdom,England,4079,True,True,,
2273,813692,"Northrepps, Norfolk",city,GB,United Kingdom,England,4079,True,True,,
2274,813267,Naunton,city,GB,United Kingdom,England,4079,True,True,,
2275,813953,"Otterburn, Northumberland",city,GB,United Kingdom,England,4079,True,True,,
2276,813748,"Norton, York",city,GB,United Kingdom,England,4079,True,True,,
2277,813417,"Newhall, Derby",city,GB,United Kingdom,England,4079,True,True,,
2278,813713,North Weald,city,GB,United Kingdom,England,4079,True,True,,
2279,813313,Nether Poppleton,city,GB,United Kingdom,England,4079,True,True,,
2280,813662,Northleach,city,GB,United Kingdom,England,4079,True,True,,
2281,813378,Newby Bridge,city,GB,United Kingdom,England,4079,True,True,,
2282,813397,"Newchurch, Isle Of Wight",city,GB,United Kingdom,England,4079,True,True,,
2283,819149,"Wooler, Northumberland",city,GB,United Kingdom,England,4079,True,True,,
2284,813438,"Newlyn, Cornwall",city,GB,United Kingdom,England,4079,True,True,,
2285,813988,"Overstone, Northamptonshire",city,GB,United Kingdom,England,4079,True,True,,
2286,818855,Wilberfoss,city,GB,United Kingdom,England,4079,True,True,,
2287,815212,"Roughton, Norfolk",city,GB,United Kingdom,England,4079,True,True,,
2288,813951,"Otley, Suffolk",city,GB,United Kingdom,England,4079,True,True,,
2289,814512,Portbury,city,GB,United Kingdom,England,4079,True,True,,
2290,813961,Otterton,city,GB,United Kingdom,England,4079,True,True,,
2291,813963,Ottringham,city,GB,United Kingdom,England,4079,True,True,,
2292,818784,Whittlesford,city,GB,United Kingdom,England,4079,True,True,,
2293,813790,"Oakington, Cambridgeshire",city,GB,United Kingdom,England,4079,True,True,,
2294,818261,"Watlington, Oxfordshire",city,GB,United Kingdom,England,4079,True,True,,
2295,815627,Saughall,city,GB,United Kingdom,England,4079,True,True,,
2296,814925,"Reedham, Norfolk",city,GB,United Kingdom,England,4079,True,True,,
2297,815612,Sapcote,city,GB,United Kingdom,England,4079,True,True,,
2298,813964,"Oughtibridge, Sheffield",city,GB,United Kingdom,England,4079,True,True,,
2299,816768,"Stoney Stanton, Leicestershire",city,GB,United Kingdom,England,4079,True,True,,
2300,817711,Trimdon,city,GB,United Kingdom,England,4079,True,True,,
2301,818243,Wateringbury,city,GB,United Kingdom,England,4079,True,True,,
2302,813966,"Oulton, Cumbria",city,GB,United Kingdom,England,4079,True,True,,
2303,813828,"Offton, Suffolk",city,GB,United Kingdom,England,4079,True,True,,
2304,813967,"Oulton, Norfolk",city,GB,United Kingdom,England,4079,True,True,,
2305,813791,"Oakle Street, Gloucestershire",city,GB,United Kingdom,England,4079,True,True,,
2306,804580,"Broad Oak, Monmouthshire",city,GB,United Kingdom,England,4079,True,True,,
2307,813871,"Old Penshaw, Sunderland",city,GB,United Kingdom,England,4079,True,True,,
2308,813789,"Oakhill, Somerset",city,GB,United Kingdom,England,4079,True,True,,
2309,813931,Orston,city,GB,United Kingdom,England,4079,True,True,,
2310,815965,Shipham,city,GB,United Kingdom,England,4079,True,True,,
2311,817066,Swynnerton,city,GB,United Kingdom,England,4079,True,True,,
2312,819389,"Zennor, Cornwall",city,GB,United Kingdom,England,4079,True,True,,
2313,818082,Walkington,city,GB,United Kingdom,England,4079,True,True,,
2314,2866808,Oscott,city,GB,United Kingdom,England,4079,True,True,,
2315,805231,"Carterton, Oxfordshire",city,GB,United Kingdom,England,4079,True,True,,
2316,816023,Shrivenham,city,GB,United Kingdom,England,4079,True,True,,
2317,814704,Pulborough,city,GB,United Kingdom,England,4079,True,True,,
2318,816810,Stow on the Wold,city,GB,United Kingdom,England,4079,True,True,,
2319,814097,"Par, Cornwall",city,GB,United Kingdom,England,4079,True,True,,
2320,815969,Shipston on Stour,city,GB,United Kingdom,England,4079,True,True,,
2321,815246,Royston,city,GB,United Kingdom,England,4079,True,True,,
2322,814782,Radcliffe on Trent,city,GB,United Kingdom,England,4079,True,True,,
2323,814004,"Ower, Southampton",city,GB,United Kingdom,England,4079,True,True,,
2324,816536,Stanmore,city,GB,United Kingdom,England,4079,True,True,,
2325,813922,Ormesby,city,GB,United Kingdom,England,4079,True,True,,
2326,2674197,Virginia Water,city,GB,United Kingdom,England,4079,True,True,,
2327,813991,"Overton, Wiltshire",city,GB,United Kingdom,England,4079,True,True,,
2328,815008,Riccall,city,GB,United Kingdom,England,4079,True,True,,
2329,810009,Hunmanby,city,GB,United Kingdom,England,4079,True,True,,
2330,816997,Sutton Valence,city,GB,United Kingdom,England,4079,True,True,,
2331,816210,"Snettisham, Norfolk",city,GB,United Kingdom,England,4079,True,True,,
2332,814066,Pangbourne,city,GB,United Kingdom,England,4079,True,True,,
2333,819064,Woldingham,city,GB,United Kingdom,England,4079,True,True,,
2334,817651,Treeton,city,GB,United Kingdom,England,4079,True,True,,
2335,813794,"Oakley, West Berkshire",city,GB,United Kingdom,England,4079,True,True,,
2336,813986,Overseal,city,GB,United Kingdom,England,4079,True,True,,
2337,813797,"Oakworth, West Yorkshire",city,GB,United Kingdom,England,4079,True,True,,
2338,814014,"Oxenhope, West Yorkshire",city,GB,United Kingdom,England,4079,True,True,,
2339,817160,"Tarvin, Cheshire",city,GB,United Kingdom,England,4079,True,True,,
2340,813876,"Old Sarum, Wiltshire",city,GB,United Kingdom,England,4079,True,True,,
2341,814083,Parbold,city,GB,United Kingdom,England,4079,True,True,,
2342,819275,Wroxham,city,GB,United Kingdom,England,4079,True,True,,
2343,814649,Presteigne,city,GB,United Kingdom,England,4079,True,True,,
2344,814631,Poynings,city,GB,United Kingdom,England,4079,True,True,,
2345,814513,"Port Carlisle, Cumbria",city,GB,United Kingdom,England,4079,True,True,,
2346,815751,"Sea Palling, Norfolk",city,GB,United Kingdom,England,4079,True,True,,
2347,814575,"Porton, Wiltshire",city,GB,United Kingdom,England,4079,True,True,,
2348,814107,"Paston, Norfolk",city,GB,United Kingdom,England,4079,True,True,,
2349,814153,"Peldon, Essex",city,GB,United Kingdom,England,4079,True,True,,
2350,814359,Pitsford,city,GB,United Kingdom,England,4079,True,True,,
2351,814711,Pulloxhill,city,GB,United Kingdom,England,4079,True,True,,
2352,814591,Port Sunlight,city,GB,United Kingdom,England,4079,True,True,,
2353,814689,"Privett, Hampshire",city,GB,United Kingdom,England,4079,True,True,,
2354,814688,Priston,city,GB,United Kingdom,England,4079,True,True,,
2355,818585,West Peckham,city,GB,United Kingdom,England,4079,True,True,,
2356,814415,Polebrook,city,GB,United Kingdom,England,4079,True,True,,
2357,814049,"Pakefield, Suffolk",city,GB,United Kingdom,England,4079,True,True,,
2358,814058,Pampisford,city,GB,United Kingdom,England,4079,True,True,,
2359,814681,Priddy,city,GB,United Kingdom,England,4079,True,True,,
2360,814696,Pucklechurch,city,GB,United Kingdom,England,4079,True,True,,
2361,817945,Upper Poppleton,city,GB,United Kingdom,England,4079,True,True,,
2362,814205,"Penn, Buckinghamshire",city,GB,United Kingdom,England,4079,True,True,,
2363,814722,"Purleigh, Essex",city,GB,United Kingdom,England,4079,True,True,,
2364,814432,"Polstead, Norfolk",city,GB,United Kingdom,England,4079,True,True,,
2365,814385,Pleshey,city,GB,United Kingdom,England,4079,True,True,,
2366,814109,Patching,city,GB,United Kingdom,England,4079,True,True,,
2367,2789233,Peckleton,city,GB,United Kingdom,England,4079,True,True,,
2368,814332,"Pinhoe, Devon",city,GB,United Kingdom,England,4079,True,True,,
2369,814126,Paull,city,GB,United Kingdom,England,4079,True,True,,
2370,814227,"Pensilva, Cornwall",city,GB,United Kingdom,England,4079,True,True,,
2371,814695,Puckeridge,city,GB,United Kingdom,England,4079,True,True,,
2372,817002,Swaffham Prior,city,GB,United Kingdom,England,4079,True,True,,
2373,814381,"Playford, Suffolk",city,GB,United Kingdom,England,4079,True,True,,
2374,814493,"Pool, North Yorkshire",city,GB,United Kingdom,England,4079,True,True,,
2375,814309,"Piddington, Northamptonshire",city,GB,United Kingdom,England,4079,True,True,,
2376,814405,"Plymstock, Plymouth",city,GB,United Kingdom,England,4079,True,True,,
2377,814620,"Poulton, Blackpool",city,GB,United Kingdom,England,4079,True,True,,
2378,817638,"Trafford Park, Lancashire",city,GB,United Kingdom,England,4079,True,True,,
2379,814122,Pattingham,city,GB,United Kingdom,England,4079,True,True,,
2380,814100,"Partington, Lancashire",city,GB,United Kingdom,England,4079,True,True,,
2381,814128,Paulton,city,GB,United Kingdom,England,4079,True,True,,
2382,816356,South Petherton,city,GB,United Kingdom,England,4079,True,True,,
2383,814429,Polperro,city,GB,United Kingdom,England,4079,True,True,,
2384,814613,Potton,city,GB,United Kingdom,England,4079,True,True,,
2385,814686,Princetown,city,GB,United Kingdom,England,4079,True,True,,
2386,814629,Powick,city,GB,United Kingdom,England,4079,True,True,,
2387,814358,"Pitsea, Essex",city,GB,United Kingdom,England,4079,True,True,,
2388,814325,"Pilsley, Nottinghamshire",city,GB,United Kingdom,England,4079,True,True,,
2389,814726,Purton,city,GB,United Kingdom,England,4079,True,True,,
2390,814321,Pilling,city,GB,United Kingdom,England,4079,True,True,,
2391,816728,Stoke Poges,city,GB,United Kingdom,England,4079,True,True,,
2392,814088,"Parkgate, Clwyd",city,GB,United Kingdom,England,4079,True,True,,
2393,814499,Poringland,city,GB,United Kingdom,England,4079,True,True,,
2394,814224,Pensford,city,GB,United Kingdom,England,4079,True,True,,
2395,814119,Patrington,city,GB,United Kingdom,England,4079,True,True,,
2396,814086,"Parkend, Gloucestershire",city,GB,United Kingdom,England,4079,True,True,,
2397,814322,"Pill, North Somerset",city,GB,United Kingdom,England,4079,True,True,,
2398,814095,"Park Street, Buckinghamshire",city,GB,United Kingdom,England,4079,True,True,,
2399,2687605,Worcester Park,city,GB,United Kingdom,England,4079,True,True,,
2400,814723,"Purley, London",city,GB,United Kingdom,England,4079,True,True,,
2401,814269,"Perry Barr, Birmingham",city,GB,United Kingdom,England,4079,True,True,,
2402,814323,Pilning,city,GB,United Kingdom,England,4079,True,True,,
2403,814304,"Pickering, Redcar And Cleveland",city,GB,United Kingdom,England,4079,True,True,,
2404,814492,"Pool, Cornwall",city,GB,United Kingdom,England,4079,True,True,,
2405,814228,"Pentewan, Cornwall",city,GB,United Kingdom,England,4079,True,True,,
2406,814720,Purfleet,city,GB,United Kingdom,England,4079,True,True,,
2407,814297,Pewsey,city,GB,United Kingdom,England,4079,True,True,,
2408,814158,"Pemberton, Wigan",city,GB,United Kingdom,England,4079,True,True,,
2409,814759,Quatt,city,GB,United Kingdom,England,4079,True,True,,
2410,814773,"Quinton, Sandwell",city,GB,United Kingdom,England,4079,True,True,,
2411,815095,"Rockbeare, Devon",city,GB,United Kingdom,England,4079,True,True,,
2412,815193,"Rotherfield, East Sussex",city,GB,United Kingdom,England,4079,True,True,,
2413,815318,Ryhill,city,GB,United Kingdom,England,4079,True,True,,
2414,815021,"Ridingmill, Newcastle Upon Tyne",city,GB,United Kingdom,England,4079,True,True,,
2415,815196,Rothersthorpe,city,GB,United Kingdom,England,4079,True,True,,
2416,815128,"Rollesby, Norfolk",city,GB,United Kingdom,England,4079,True,True,,
2417,815761,Seaton Ross,city,GB,United Kingdom,England,4079,True,True,,
2418,814908,"Redhill, North Somerset",city,GB,United Kingdom,England,4079,True,True,,
2419,814875,"Ravenstone, Leicester",city,GB,United Kingdom,England,4079,True,True,,
2420,814903,"Reddish, Stockport",city,GB,United Kingdom,England,4079,True,True,,
2421,814826,"Ramsey, Essex",city,GB,United Kingdom,England,4079,True,True,,
2422,818914,"Wilton, Redcar and Cleveland",city,GB,United Kingdom,England,4079,True,True,,
2423,814946,"Renwick, Cumbria",city,GB,United Kingdom,England,4079,True,True,,
2424,815149,Roos,city,GB,United Kingdom,England,4079,True,True,,
2425,815014,Rickinghall,city,GB,United Kingdom,England,4079,True,True,,
2426,815063,"Rise, Norfolk",city,GB,United Kingdom,England,4079,True,True,,
2427,814871,Ravenglass,city,GB,United Kingdom,England,4079,True,True,,
2428,818597,"West Row, Norfolk",city,GB,United Kingdom,England,4079,True,True,,
2429,815067,"Risley, Nottingham",city,GB,United Kingdom,England,4079,True,True,,
2430,815281,"Rushall, Walsall",city,GB,United Kingdom,England,4079,True,True,,
2431,815240,"Roxwell, Essex",city,GB,United Kingdom,England,4079,True,True,,
2432,814884,"Rawreth, Essex",city,GB,United Kingdom,England,4079,True,True,,
2433,815066,"Rishworth, Calderdale",city,GB,United Kingdom,England,4079,True,True,,
2434,815019,Ridgmont,city,GB,United Kingdom,England,4079,True,True,,
2435,815068,"Risley, Warrington",city,GB,United Kingdom,England,4079,True,True,,
2436,814930,Reeth,city,GB,United Kingdom,England,4079,True,True,,
2437,815292,"Rushton Spencer, Stoke-On-Trent",city,GB,United Kingdom,England,4079,True,True,,
2438,815224,Rowhedge,city,GB,United Kingdom,England,4079,True,True,,
2439,815265,Rufforth,city,GB,United Kingdom,England,4079,True,True,,
2440,815263,"Rudyard, Stoke-On-Trent",city,GB,United Kingdom,England,4079,True,True,,
2441,815087,"Roby, Knowsley",city,GB,United Kingdom,England,4079,True,True,,
2442,815325,"Ryton, York",city,GB,United Kingdom,England,4079,True,True,,
2443,2789242,Lawhitton Rural,city,GB,United Kingdom,England,4079,True,True,,
2444,814919,"Rednal, Wrexham",city,GB,United Kingdom,England,4079,True,True,,
2445,2789230,Ruscombe,city,GB,United Kingdom,England,4079,True,True,,
2446,815061,"Riseholme, Lincolnshire",city,GB,United Kingdom,England,4079,True,True,,
2447,814886,"Raydon, Suffolk",city,GB,United Kingdom,England,4079,True,True,,
2448,815151,Ropsley,city,GB,United Kingdom,England,4079,True,True,,
2449,814793,Radnage,city,GB,United Kingdom,England,4079,True,True,,
2450,807412,"East Rudham, Norfolk",city,GB,United Kingdom,England,4079,True,True,,
2451,815274,"Runcton Holme, Norfolk",city,GB,United Kingdom,England,4079,True,True,,
2452,814842,Ranworth,city,GB,United Kingdom,England,4079,True,True,,
2453,818599,West Runton,city,GB,United Kingdom,England,4079,True,True,,
2454,814892,Rearsby,city,GB,United Kingdom,England,4079,True,True,,
2455,815045,Ringway,city,GB,United Kingdom,England,4079,True,True,,
2456,814929,"Reepham, Norfolk",city,GB,United Kingdom,England,4079,True,True,,
2457,814956,Reydon,city,GB,United Kingdom,England,4079,True,True,,
2458,815065,Rishton,city,GB,United Kingdom,England,4079,True,True,,
2459,815004,Ribchester,city,GB,United Kingdom,England,4079,True,True,,
2460,815053,"Ripley, Nottinghamshire",city,GB,United Kingdom,England,4079,True,True,,
2461,815082,Robertsbridge,city,GB,United Kingdom,England,4079,True,True,,
2462,815296,"Rustington, West Sussex",city,GB,United Kingdom,England,4079,True,True,,
2463,814794,"Radstock, Bath And North East Somerset",city,GB,United Kingdom,England,4079,True,True,,
2464,815184,"Ross, Gloucestershire",city,GB,United Kingdom,England,4079,True,True,,
2465,816441,Spratton,city,GB,United Kingdom,England,4079,True,True,,
2466,816380,South Walsham,city,GB,United Kingdom,England,4079,True,True,,
2467,815333,Saighton,city,GB,United Kingdom,England,4079,True,True,,
2468,816354,Southowram,city,GB,United Kingdom,England,4079,True,True,,
2469,816254,Souldrop,city,GB,United Kingdom,England,4079,True,True,,
2470,815544,Saltfleetby,city,GB,United Kingdom,England,4079,True,True,,
2471,816988,"Sutton, North Yorkshire",city,GB,United Kingdom,England,4079,True,True,,
2472,815982,Shirland,city,GB,United Kingdom,England,4079,True,True,,
2473,816130,Skidby,city,GB,United Kingdom,England,4079,True,True,,
2474,816773,Stonnall,city,GB,United Kingdom,England,4079,True,True,,
2475,816855,"Stratton, Cornwall",city,GB,United Kingdom,England,4079,True,True,,
2476,815957,"Shilton, Warwickshire",city,GB,United Kingdom,England,4079,True,True,,
2477,816456,Sproughton,city,GB,United Kingdom,England,4079,True,True,,
2478,816261,"Southam, Gloucestershire",city,GB,United Kingdom,England,4079,True,True,,
2479,818145,"Walton, Somerset",city,GB,United Kingdom,England,4079,True,True,,
2480,815526,Salhouse,city,GB,United Kingdom,England,4079,True,True,,
2481,815780,Seghill,city,GB,United Kingdom,England,4079,True,True,,
2482,815903,Shenton,city,GB,United Kingdom,England,4079,True,True,,
2483,816170,Sleights,city,GB,United Kingdom,England,4079,True,True,,
2484,817005,Swainby,city,GB,United Kingdom,England,4079,True,True,,
2485,816217,Soberton,city,GB,United Kingdom,England,4079,True,True,,
2486,815709,Scothern,city,GB,United Kingdom,England,4079,True,True,,
2487,816104,Skegby,city,GB,United Kingdom,England,4079,True,True,,
2488,816007,"Shotley, Suffolk",city,GB,United Kingdom,England,4079,True,True,,
2489,815698,"Scopwick, Lincolnshire",city,GB,United Kingdom,England,4079,True,True,,
2490,815715,Scoulton,city,GB,United Kingdom,England,4079,True,True,,
2491,815782,Seisdon,city,GB,United Kingdom,England,4079,True,True,,
2492,816389,"Southwick, West Sussex",city,GB,United Kingdom,England,4079,True,True,,
2493,815767,Sedbergh,city,GB,United Kingdom,England,4079,True,True,,
2494,815649,Saxmundham,city,GB,United Kingdom,England,4079,True,True,,
2495,816337,Southminster,city,GB,United Kingdom,England,4079,True,True,,
2496,816209,"Snetterton, Norfolk",city,GB,United Kingdom,England,4079,True,True,,
2497,815896,Shenfield,city,GB,United Kingdom,England,4079,True,True,,
2498,816421,Spilsby,city,GB,United Kingdom,England,4079,True,True,,
2499,816155,Slaithwaite,city,GB,United Kingdom,England,4079,True,True,,
2500,815901,"Shenley, Hertfordshire",city,GB,United Kingdom,England,4079,True,True,,
2501,816112,Skellow,city,GB,United Kingdom,England,4079,True,True,,
2502,816469,Stadhampton,city,GB,United Kingdom,England,4079,True,True,,
2503,816396,South Wootton,city,GB,United Kingdom,England,4079,True,True,,
2504,817020,Swanland,city,GB,United Kingdom,England,4079,True,True,,
2505,811319,Leysdown-on-Sea,city,GB,United Kingdom,England,4079,True,True,,
2506,816494,Staithes,city,GB,United Kingdom,England,4079,True,True,,
2507,815668,Scampton,city,GB,United Kingdom,England,4079,True,True,,
2508,816029,Shurdington,city,GB,United Kingdom,England,4079,True,True,,
2509,815867,"Shebbear, Devon",city,GB,United Kingdom,England,4079,True,True,,
2510,816979,Sutton Scotney,city,GB,United Kingdom,England,4079,True,True,,
2511,815909,Shepley,city,GB,United Kingdom,England,4079,True,True,,
2512,816088,Sissinghurst,city,GB,United Kingdom,England,4079,True,True,,
2513,816122,"Skelton, York",city,GB,United Kingdom,England,4079,True,True,,
2514,815907,Shepherdswell,city,GB,United Kingdom,England,4079,True,True,,
2515,819060,Woburn Sands,city,GB,United Kingdom,England,4079,True,True,,
2516,815755,Seascale,city,GB,United Kingdom,England,4079,True,True,,
2517,816784,"Storrington, West Sussex",city,GB,United Kingdom,England,4079,True,True,,
2518,817968,Upton upon Severn,city,GB,United Kingdom,England,4079,True,True,,
2519,817081,Sywell,city,GB,United Kingdom,England,4079,True,True,,
2520,816685,Stocksfield,city,GB,United Kingdom,England,4079,True,True,,
2521,817025,Swanscombe,city,GB,United Kingdom,England,4079,True,True,,
2522,816113,Skelmanthorpe,city,GB,United Kingdom,England,4079,True,True,,
2523,815978,Shiremoor,city,GB,United Kingdom,England,4079,True,True,,
2524,815645,Saxilby,city,GB,United Kingdom,England,4079,True,True,,
2525,816478,Staincross,city,GB,United Kingdom,England,4079,True,True,,
2526,816974,Sutton on Sea,city,GB,United Kingdom,England,4079,True,True,,
2527,816497,"Stalham, Norfolk",city,GB,United Kingdom,England,4079,True,True,,
2528,817013,Swallownest,city,GB,United Kingdom,England,4079,True,True,,
2529,815632,Saunderton,city,GB,United Kingdom,England,4079,True,True,,
2530,819322,"Yarm On Tees, Stockton-On-Tees",city,GB,United Kingdom,England,4079,True,True,,
2531,817243,Teversham,city,GB,United Kingdom,England,4079,True,True,,
2532,817426,"Tibenham, Norfolk",city,GB,United Kingdom,England,4079,True,True,,
2533,817408,Thurlstone,city,GB,United Kingdom,England,4079,True,True,,
2534,817195,"Teesside County Borough, Middlesbrough",city,GB,United Kingdom,England,4079,True,True,,
2535,817368,"Thorverton, Devon",city,GB,United Kingdom,England,4079,True,True,,
2536,817575,"Torksey, Lincolnshire",city,GB,United Kingdom,England,4079,True,True,,
2537,817648,"Tredington, Gloucestershire",city,GB,United Kingdom,England,4079,True,True,,
2538,817409,Thurlton,city,GB,United Kingdom,England,4079,True,True,,
2539,811182,"Lea Town, Lancashire",city,GB,United Kingdom,England,4079,True,True,,
2540,817576,Tormarton,city,GB,United Kingdom,England,4079,True,True,,
2541,817712,Trimingham,city,GB,United Kingdom,England,4079,True,True,,
2542,817479,"Timsbury, Hampshire",city,GB,United Kingdom,England,4079,True,True,,
2543,817301,"Thornaby On Tees, Middlesbrough",city,GB,United Kingdom,England,4079,True,True,,
2544,817226,Terling,city,GB,United Kingdom,England,4079,True,True,,
2545,818094,"Wallsend-On-Tyne, North Tyneside",city,GB,United Kingdom,England,4079,True,True,,
2546,817342,"Thornton, Wirral",city,GB,United Kingdom,England,4079,True,True,,
2547,817338,"Thornton, Leicester",city,GB,United Kingdom,England,4079,True,True,,
2548,817323,"Thornhill, West Yorkshire",city,GB,United Kingdom,England,4079,True,True,,
2549,817424,"Tibberton, Gloucestershire",city,GB,United Kingdom,England,4079,True,True,,
2550,803410,"Barking Town, Newham",city,GB,United Kingdom,England,4079,True,True,,
2551,816017,"Shouldham Thorpe, Norfolk",city,GB,United Kingdom,England,4079,True,True,,
2552,817340,"Thornton, Norfolk",city,GB,United Kingdom,England,4079,True,True,,
2553,817124,"Tanfield, Gateshead",city,GB,United Kingdom,England,4079,True,True,,
2554,817165,"Tattenhall, Cheshire",city,GB,United Kingdom,England,4079,True,True,,
2555,817454,"Tilehurst, Reading",city,GB,United Kingdom,England,4079,True,True,,
2556,817452,"Tilbury, Kent",city,GB,United Kingdom,England,4079,True,True,,
2557,817274,Thelwall,city,GB,United Kingdom,England,4079,True,True,,
2558,817088,Tadworth,city,GB,United Kingdom,England,4079,True,True,,
2559,805446,"Cheadle, Stoke-On-Trent",city,GB,United Kingdom,England,4079,True,True,,
2560,817169,Tattershall,city,GB,United Kingdom,England,4079,True,True,,
2561,817261,"Theale, Reading",city,GB,United Kingdom,England,4079,True,True,,
2562,807279,"East Boldon, South Tyneside",city,GB,United Kingdom,England,4079,True,True,,
2563,817312,Thorne,city,GB,United Kingdom,England,4079,True,True,,
2564,818614,"West Thurrock, Kent",city,GB,United Kingdom,England,4079,True,True,,
2565,817396,Thundersley,city,GB,United Kingdom,England,4079,True,True,,
2566,817120,Tamworth,city,GB,United Kingdom,England,4079,True,True,,
2567,2687174,Thornton-Cleveleys,city,GB,United Kingdom,England,4079,True,True,,
2568,817190,"Teddington, Slough",city,GB,United Kingdom,England,4079,True,True,,
2569,817417,Thurstaston,city,GB,United Kingdom,England,4079,True,True,,
2570,817478,"Timsbury, Bath And North East Somerset",city,GB,United Kingdom,England,4079,True,True,,
2571,818397,"West Boldon, South Tyneside",city,GB,United Kingdom,England,4079,True,True,,
2572,817683,"Trench, Telford And Wrekin",city,GB,United Kingdom,England,4079,True,True,,
2573,817608,"Totland, Hampshire",city,GB,United Kingdom,England,4079,True,True,,
2574,817521,"Todwick, Rotherham",city,GB,United Kingdom,England,4079,True,True,,
2575,816577,"Stapleford Tawney, Havering",city,GB,United Kingdom,England,4079,True,True,,
2576,817383,Throckley,city,GB,United Kingdom,England,4079,True,True,,
2577,817535,"Tollerton, Nottingham",city,GB,United Kingdom,England,4079,True,True,,
2578,817492,"Tirley, Gloucestershire",city,GB,United Kingdom,England,4079,True,True,,
2579,817367,Thorrington,city,GB,United Kingdom,England,4079,True,True,,
2580,817410,Thurnby,city,GB,United Kingdom,England,4079,True,True,,
2581,817379,Thringstone,city,GB,United Kingdom,England,4079,True,True,,
2582,817094,"Talaton, Somerset",city,GB,United Kingdom,England,4079,True,True,,
2583,817517,"Toddington, Gloucestershire",city,GB,United Kingdom,England,4079,True,True,,
2584,817745,"Trusthorpe, Norfolk",city,GB,United Kingdom,England,4079,True,True,,
2585,817740,"Trumpington, Cambridgeshire",city,GB,United Kingdom,England,4079,True,True,,
2586,817612,Toton,city,GB,United Kingdom,England,4079,True,True,,
2587,2675153,"Tintagel, Cornwall",city,GB,United Kingdom,England,4079,True,True,,
2588,817240,"Tettenhall, Wolverhampton",city,GB,United Kingdom,England,4079,True,True,,
2589,817222,"Tenbury Wells, Worcestershire",city,GB,United Kingdom,England,4079,True,True,,
2590,817322,"Thornhaugh, Norfolk",city,GB,United Kingdom,England,4079,True,True,,
2591,817498,Titchfield,city,GB,United Kingdom,England,4079,True,True,,
2592,817429,Ticehurst,city,GB,United Kingdom,England,4079,True,True,,
2593,818134,"Walton-On-Trent, West Midlands",city,GB,United Kingdom,England,4079,True,True,,
2594,817207,Templecombe,city,GB,United Kingdom,England,4079,True,True,,
2595,810534,"Killingworth, North Tyneside",city,GB,United Kingdom,England,4079,True,True,,
2596,817555,Tongham,city,GB,United Kingdom,England,4079,True,True,,
2597,817632,Toxteth,city,GB,United Kingdom,England,4079,True,True,,
2598,817314,"Thorney, Norfolk",city,GB,United Kingdom,England,4079,True,True,,
2599,817230,"Terrington Saint Clement, Norfolk",city,GB,United Kingdom,England,4079,True,True,,
2600,817394,Thrybergh,city,GB,United Kingdom,England,4079,True,True,,
2601,804370,"Bramhall, Stockport",city,GB,United Kingdom,England,4079,True,True,,
2602,803803,"Bexley, Bexley",city,GB,United Kingdom,England,4079,True,True,,
2603,817062,"Swinton, Rotherham",city,GB,United Kingdom,England,4079,True,True,,
2604,806406,"Crook, Durham",city,GB,United Kingdom,England,4079,True,True,,
2605,818712,"Whitchurch, Wrexham",city,GB,United Kingdom,England,4079,True,True,,
2606,818725,"Whitefield, Bury",city,GB,United Kingdom,England,4079,True,True,,
2607,817902,Uplyme,city,GB,United Kingdom,England,4079,True,True,,
2608,817867,Ulcombe,city,GB,United Kingdom,England,4079,True,True,,
2609,818924,"Wimborne, Dorset",city,GB,United Kingdom,England,4079,True,True,,
2610,817985,"Urmston, Lancashire",city,GB,United Kingdom,England,4079,True,True,,
2611,804839,"Burnham, Windsor And Maidenhead",city,GB,United Kingdom,England,4079,True,True,,
2612,818702,"Whitby, Redcar And Cleveland",city,GB,United Kingdom,England,4079,True,True,,
2613,819087,Wombourn,city,GB,United Kingdom,England,4079,True,True,,
2614,818966,"Winmarleigh, Lancashire",city,GB,United Kingdom,England,4079,True,True,,
2615,819220,Worsthorne,city,GB,United Kingdom,England,4079,True,True,,
2616,818726,"Whitegate, Cheshire",city,GB,United Kingdom,England,4079,True,True,,
2617,818224,Washford,city,GB,United Kingdom,England,4079,True,True,,
2618,818146,"Walton, Warwickshire",city,GB,United Kingdom,England,4079,True,True,,
2619,819040,Withyham,city,GB,United Kingdom,England,4079,True,True,,
2620,818328,Wellingore,city,GB,United Kingdom,England,4079,True,True,,
2621,818797,Whixley,city,GB,United Kingdom,England,4079,True,True,,
2622,818107,Walsden,city,GB,United Kingdom,England,4079,True,True,,
2623,819104,Woodcote,city,GB,United Kingdom,England,4079,True,True,,
2624,2789208,Willersey,city,GB,United Kingdom,England,4079,True,True,,
2625,819103,Woodchurch,city,GB,United Kingdom,England,4079,True,True,,
2626,818314,Welbourn,city,GB,United Kingdom,England,4079,True,True,,
2627,819242,Wrafton,city,GB,United Kingdom,England,4079,True,True,,
2628,818368,Wenhaston,city,GB,United Kingdom,England,4079,True,True,,
2629,819030,Withernwick,city,GB,United Kingdom,England,4079,True,True,,
2630,819262,Wrestlingworth,city,GB,United Kingdom,England,4079,True,True,,
2631,818041,Wadhurst,city,GB,United Kingdom,England,4079,True,True,,
2632,819085,Wolvey,city,GB,United Kingdom,England,4079,True,True,,
2633,818689,Whickham,city,GB,United Kingdom,England,4079,True,True,,
2634,818874,Willesborough,city,GB,United Kingdom,England,4079,True,True,,
2635,819208,Wormingford,city,GB,United Kingdom,England,4079,True,True,,
2636,818200,Warmley,city,GB,United Kingdom,England,4079,True,True,,
2637,818211,Warsash,city,GB,United Kingdom,England,4079,True,True,,
2638,818302,"Weedon, Northamptonshire",city,GB,United Kingdom,England,4079,True,True,,
2639,818233,Watchet,city,GB,United Kingdom,England,4079,True,True,,
2640,819251,Wraysbury,city,GB,United Kingdom,England,4079,True,True,,
2641,819131,Woodplumpton,city,GB,United Kingdom,England,4079,True,True,,
2642,819078,Wolston,city,GB,United Kingdom,England,4079,True,True,,
2643,818235,Watchfield,city,GB,United Kingdom,England,4079,True,True,,
2644,818049,"Wainscott, Medway",city,GB,United Kingdom,England,4079,True,True,,
2645,818375,Weobley,city,GB,United Kingdom,England,4079,True,True,,
2646,818947,Winford,city,GB,United Kingdom,England,4079,True,True,,
2647,818072,Walgrave,city,GB,United Kingdom,England,4079,True,True,,
2648,818680,Wheldrake,city,GB,United Kingdom,England,4079,True,True,,
2649,818930,Winchelsea,city,GB,United Kingdom,England,4079,True,True,,
2650,818965,Winlaton,city,GB,United Kingdom,England,4079,True,True,,
2651,818623,West Wellow,city,GB,United Kingdom,England,4079,True,True,,
2652,818638,"West Wycombe, Buckinghamshire",city,GB,United Kingdom,England,4079,True,True,,
2653,818274,Wavendon,city,GB,United Kingdom,England,4079,True,True,,
2654,818275,"Waverton, Cheshire",city,GB,United Kingdom,England,4079,True,True,,
2655,818905,Wilsden,city,GB,United Kingdom,England,4079,True,True,,
2656,819202,Worle,city,GB,United Kingdom,England,4079,True,True,,
2657,818357,Wembury,city,GB,United Kingdom,England,4079,True,True,,
2658,818225,Washingborough,city,GB,United Kingdom,England,4079,True,True,,
2659,818958,Wingrave,city,GB,United Kingdom,England,4079,True,True,,
2660,818111,"Walsingham, Norfolk",city,GB,United Kingdom,England,4079,True,True,,
2661,819323,"Yarmouth, Hampshire",city,GB,United Kingdom,England,4079,True,True,,
2662,819350,Yeoford,city,GB,United Kingdom,England,4079,True,True,,
2663,816504,"Stamford Bridge, York",city,GB,United Kingdom,England,4079,True,True,,
2664,819329,Yatesbury,city,GB,United Kingdom,England,4079,True,True,,
2665,819320,"Yardley, Solihull",city,GB,United Kingdom,England,4079,True,True,,
2666,819347,Yelvertoft,city,GB,United Kingdom,England,4079,True,True,,
2667,819339,Yealmpton,city,GB,United Kingdom,England,4079,True,True,,
2668,808476,Glasgow,city,GB,United Kingdom,Scotland,4081,True,True,,
2669,808511,"Glendaruel, Argyll And Bute",city,GB,United Kingdom,Scotland,4081,True,True,,
2670,805074,Canonbie,city,GB,United Kingdom,Scotland,4081,True,True,,
2671,812002,Lochboisdale,city,GB,United Kingdom,Scotland,4081,True,True,,
2672,817560,"Tongue, Highland",city,GB,United Kingdom,Scotland,4081,True,True,,
2673,811119,Latheron,city,GB,United Kingdom,Scotland,4081,True,True,,
2674,803114,Aultbea,city,GB,United Kingdom,Scotland,4081,True,True,,
2675,816825,Straiton,city,GB,United Kingdom,Scotland,4081,True,True,,
2676,803515,Barvas,city,GB,United Kingdom,Scotland,4081,True,True,,
2677,814567,Portnahaven,city,GB,United Kingdom,Scotland,4081,True,True,,
2678,814505,"Port Appin, Highland",city,GB,United Kingdom,Scotland,4081,True,True,,
2679,814511,Port Bannatyne,city,GB,United Kingdom,Scotland,4081,True,True,,
2680,812086,Longforgan,city,GB,United Kingdom,Scotland,4081,True,True,,
2681,807126,Dunbeath,city,GB,United Kingdom,Scotland,4081,True,True,,
2682,807107,Dullatur,city,GB,United Kingdom,Scotland,4081,True,True,,
2683,812019,Lochmaddy,city,GB,United Kingdom,Scotland,4081,True,True,,
2684,817898,Uplawmoor,city,GB,United Kingdom,Scotland,4081,True,True,,
2685,804490,"Bridgend, Argyll And Bute",city,GB,United Kingdom,Scotland,4081,True,True,,
2686,808524,Glenluce,city,GB,United Kingdom,Scotland,4081,True,True,,
2687,818074,Walkerburn,city,GB,United Kingdom,Scotland,4081,True,True,,
2688,810813,Kirkcowan,city,GB,United Kingdom,Scotland,4081,True,True,,
2689,804280,Bowmore,city,GB,United Kingdom,Scotland,4081,True,True,,
2690,817548,Tomintoul,city,GB,United Kingdom,Scotland,4081,True,True,,
2691,805948,Colintraive,city,GB,United Kingdom,Scotland,4081,True,True,,
2692,805228,Carsphairn,city,GB,United Kingdom,Scotland,4081,True,True,,
2693,808519,Glenfinnan,city,GB,United Kingdom,Scotland,4081,True,True,,
2694,812004,Lochcarron,city,GB,United Kingdom,Scotland,4081,True,True,,
2695,809996,Humbie,city,GB,United Kingdom,Scotland,4081,True,True,,
2696,804279,"Bowling, West Dunbartonshire",city,GB,United Kingdom,Scotland,4081,True,True,,
2697,803979,"Blackford, Perth and Kinross",city,GB,United Kingdom,Scotland,4081,True,True,,
2698,811998,Lochailort,city,GB,United Kingdom,Scotland,4081,True,True,,
2699,803131,Avoch,city,GB,United Kingdom,Scotland,4081,True,True,,
2700,810998,Lairg,city,GB,United Kingdom,Scotland,4081,True,True,,
2701,803286,Ballygrant,city,GB,United Kingdom,Scotland,4081,True,True,,
2702,817104,Talmine,city,GB,United Kingdom,Scotland,4081,True,True,,
2703,813182,"Muirhead, Angus",city,GB,United Kingdom,Scotland,4081,True,True,,
2704,802465,"Achmore, Highland",city,GB,United Kingdom,Scotland,4081,True,True,,
2705,812705,"Melrose, Scottish Borders",city,GB,United Kingdom,Scotland,4081,True,True,,
2706,803581,Bearsden,city,GB,United Kingdom,Scotland,4081,True,True,,
2707,809039,"Haddington, East Lothian",city,GB,United Kingdom,Scotland,4081,True,True,,
2708,816014,Shotts,city,GB,United Kingdom,Scotland,4081,True,True,,
2709,811099,Largs,city,GB,United Kingdom,Scotland,4081,True,True,,
2710,811996,Loanhead,city,GB,United Kingdom,Scotland,4081,True,True,,
2711,804350,Braemar,city,GB,United Kingdom,Scotland,4081,True,True,,
2712,810596,Kilsyth,city,GB,United Kingdom,Scotland,4081,True,True,,
2713,804161,Bonnybridge,city,GB,United Kingdom,Scotland,4081,True,True,,
2714,804158,Bo'ness,city,GB,United Kingdom,Scotland,4081,True,True,,
2715,814529,Port Glasgow,city,GB,United Kingdom,Scotland,4081,True,True,,
2716,805197,"Carnoustie, Angus",city,GB,United Kingdom,Scotland,4081,True,True,,
2717,811121,Lauder,city,GB,United Kingdom,Scotland,4081,True,True,,
2718,807219,"Dyce, Aberdeen City",city,GB,United Kingdom,Scotland,4081,True,True,,
2719,813501,Newton Mearns,city,GB,United Kingdom,Scotland,4081,True,True,,
2720,803092,Auchterarder,city,GB,United Kingdom,Scotland,4081,True,True,,
2721,812635,Mauchline,city,GB,United Kingdom,Scotland,4081,True,True,,
2722,817091,Tain,city,GB,United Kingdom,Scotland,4081,True,True,,
2723,804217,Bothwell,city,GB,United Kingdom,Scotland,4081,True,True,,
2724,814185,Penicuik,city,GB,United Kingdom,Scotland,4081,True,True,,
2725,817723,Troon,city,GB,United Kingdom,Scotland,4081,True,True,,
2726,810374,"Kelso, Scottish Borders",city,GB,United Kingdom,Scotland,4081,True,True,,
2727,807178,Dunoon,city,GB,United Kingdom,Scotland,4081,True,True,,
2728,806870,Dingwall,city,GB,United Kingdom,Scotland,4081,True,True,,
2729,807127,Dunblane,city,GB,United Kingdom,Scotland,4081,True,True,,
2730,803586,Beauly,city,GB,United Kingdom,Scotland,4081,True,True,,
2731,805168,Carluke,city,GB,United Kingdom,Scotland,4081,True,True,,
2732,818416,West Calder,city,GB,United Kingdom,Scotland,4081,True,True,,
2733,817640,Tranent,city,GB,United Kingdom,Scotland,4081,True,True,,
2734,803464,Barrhead,city,GB,United Kingdom,Scotland,4081,True,True,,
2735,804745,Buckie,city,GB,United Kingdom,Scotland,4081,True,True,,
2736,810602,Kilwinning,city,GB,United Kingdom,Scotland,4081,True,True,,
2737,810714,Kingussie,city,GB,United Kingdom,Scotland,4081,True,True,,
2738,814578,Portree,city,GB,United Kingdom,Scotland,4081,True,True,,
2739,804445,"Brechin, Angus",city,GB,United Kingdom,Scotland,4081,True,True,,
2740,812028,Lockerbie,city,GB,United Kingdom,Scotland,4081,True,True,,
2741,806783,"Denny, Falkirk",city,GB,United Kingdom,Scotland,4081,True,True,,
2742,813600,North Berwick,city,GB,United Kingdom,Scotland,4081,True,True,,
2743,802764,"Anstruther, Fife",city,GB,United Kingdom,Scotland,4081,True,True,,
2744,815539,Saltcoats,city,GB,United Kingdom,Scotland,4081,True,True,,
2745,802751,"Annan, Dumfries and Galloway",city,GB,United Kingdom,Scotland,4081,True,True,,
2746,813241,Nairn,city,GB,United Kingdom,Scotland,4081,True,True,,
2747,810535,Killin,city,GB,United Kingdom,Scotland,4081,True,True,,
2748,813404,New Cumnock,city,GB,United Kingdom,Scotland,4081,True,True,,
2749,810895,"Kirriemuir, Angus",city,GB,United Kingdom,Scotland,4081,True,True,,
2750,816753,Stonehaven,city,GB,United Kingdom,Scotland,4081,True,True,,
2751,818510,"West Kilbride, North Ayrshire",city,GB,United Kingdom,Scotland,4081,True,True,,
2752,817871,Ullapool,city,GB,United Kingdom,Scotland,4081,True,True,,
2753,802426,Aboyne,city,GB,United Kingdom,Scotland,4081,True,True,,
2754,812650,Maybole,city,GB,United Kingdom,Scotland,4081,True,True,,
2755,810477,Kilbirnie,city,GB,United Kingdom,Scotland,4081,True,True,,
2756,812116,Longniddry,city,GB,United Kingdom,Scotland,4081,True,True,,
2757,812362,"Macduff, Aberdeenshire",city,GB,United Kingdom,Scotland,4081,True,True,,
2758,803650,Beith,city,GB,United Kingdom,Scotland,4081,True,True,,
2759,802855,Ardrossan,city,GB,United Kingdom,Scotland,4081,True,True,,
2760,812015,Lochgoilhead,city,GB,United Kingdom,Scotland,4081,True,True,,
2761,808306,"Galston, East Ayrshire",city,GB,United Kingdom,Scotland,4081,True,True,,
2762,802601,"Alford, Aberdeenshire",city,GB,United Kingdom,Scotland,4081,True,True,,
2763,806640,Dalbeattie,city,GB,United Kingdom,Scotland,4081,True,True,,
2764,815609,Sanquhar,city,GB,United Kingdom,Scotland,4081,True,True,,
2765,814558,Portlethen,city,GB,United Kingdom,Scotland,4081,True,True,,
2766,806961,Dornoch,city,GB,United Kingdom,Scotland,4081,True,True,,
2767,812999,"Monifieth, Angus",city,GB,United Kingdom,Scotland,4081,True,True,,
2768,807067,Drumnadrochit,city,GB,United Kingdom,Scotland,4081,True,True,,
2769,810814,Kirkcudbright,city,GB,United Kingdom,Scotland,4081,True,True,,
2770,812156,Lossiemouth,city,GB,United Kingdom,Scotland,4081,True,True,,
2771,811050,Langholm,city,GB,United Kingdom,Scotland,4081,True,True,,
2772,804613,Brodick,city,GB,United Kingdom,Scotland,4081,True,True,,
2773,814661,Prestonpans,city,GB,United Kingdom,Scotland,4081,True,True,,
2774,810200,Invergordon,city,GB,United Kingdom,Scotland,4081,True,True,,
2775,808641,Gourock,city,GB,United Kingdom,Scotland,4081,True,True,,
2776,808422,Giffnock,city,GB,United Kingdom,Scotland,4081,True,True,,
2777,810298,Jedburgh,city,GB,United Kingdom,Scotland,4081,True,True,,
2778,804980,"Cairndow, Argyll And Bute",city,GB,United Kingdom,Scotland,4081,True,True,,
2779,811130,Laurencekirk,city,GB,United Kingdom,Scotland,4081,True,True,,
2780,802646,Alness,city,GB,United Kingdom,Scotland,4081,True,True,,
2781,806694,Dalwhinnie,city,GB,United Kingdom,Scotland,4081,True,True,,
2782,815198,"Rothesay, Argyll and Bute",city,GB,United Kingdom,Scotland,4081,True,True,,
2783,816640,Stevenston,city,GB,United Kingdom,Scotland,4081,True,True,,
2784,806351,Crianlarich,city,GB,United Kingdom,Scotland,4081,True,True,,
2785,817512,"Tobermory, Argyll and Bute",city,GB,United Kingdom,Scotland,4081,True,True,,
2786,805204,Carrbridge,city,GB,United Kingdom,Scotland,4081,True,True,,
2787,812014,Lochgilphead,city,GB,United Kingdom,Scotland,4081,True,True,,
2788,805009,Callander,city,GB,United Kingdom,Scotland,4081,True,True,,
2789,815663,Scalloway,city,GB,United Kingdom,Scotland,4081,True,True,,
2790,807776,Eyemouth,city,GB,United Kingdom,Scotland,4081,True,True,,
2791,808072,Fochabers,city,GB,United Kingdom,Scotland,4081,True,True,,
2792,806363,Crieff,city,GB,United Kingdom,Scotland,4081,True,True,,
2793,809345,Hawick,city,GB,United Kingdom,Scotland,4081,True,True,,
2794,803155,Ayr,city,GB,United Kingdom,Scotland,4081,True,True,,
2795,807116,Dumfries,city,GB,United Kingdom,Scotland,4081,True,True,,
2796,807364,East Kilbride,city,GB,United Kingdom,Scotland,4081,True,True,,
2797,811571,"Livingston, West Lothian",city,GB,United Kingdom,Scotland,4081,True,True,,
2798,810807,"Kirkcaldy, Fife",city,GB,United Kingdom,Scotland,4081,True,True,,
2799,809124,"Hamilton, South Lanarkshire",city,GB,United Kingdom,Scotland,4081,True,True,,
2800,807804,Falkirk,city,GB,United Kingdom,Scotland,4081,True,True,,
2801,803539,Bathgate,city,GB,United Kingdom,Scotland,4081,True,True,,
2802,810237,"Inverurie, Aberdeenshire",city,GB,United Kingdom,Scotland,4081,True,True,,
2803,802539,"Airdrie, North Lanarkshire",city,GB,United Kingdom,Scotland,4081,True,True,,
2804,806552,Cumbernauld,city,GB,United Kingdom,Scotland,4081,True,True,,
2805,807555,"Elgin, Moray",city,GB,United Kingdom,Scotland,4081,True,True,,
2806,808896,Greenock,city,GB,United Kingdom,Scotland,4081,True,True,,
2807,815342,St Andrews,city,GB,United Kingdom,Scotland,4081,True,True,,
2808,805263,Castle Douglas,city,GB,United Kingdom,Scotland,4081,True,True,,
2809,805863,Coatbridge,city,GB,United Kingdom,Scotland,4081,True,True,,
2810,808537,Glenrothes,city,GB,United Kingdom,Scotland,4081,True,True,,
2811,810549,Kilmarnock,city,GB,United Kingdom,Scotland,4081,True,True,,
2812,817324,"Thornhill, Dumfries and Galloway",city,GB,United Kingdom,Scotland,4081,True,True,,
2813,807493,Edinburgh,city,GB,United Kingdom,Scotland,4081,True,True,,
2814,802370,Aberdeen,city,GB,United Kingdom,Scotland,4081,True,True,,
2815,807131,Dundee,city,GB,United Kingdom,Scotland,4081,True,True,,
2816,807143,"Dunfermline, Fife",city,GB,United Kingdom,Scotland,4081,True,True,,
2817,810228,Inverness,city,GB,United Kingdom,Scotland,4081,True,True,,
2818,816663,Stirling,city,GB,United Kingdom,Scotland,4081,True,True,,
2819,814273,"Perth, Perth and Kinross",city,GB,United Kingdom,Scotland,4081,True,True,,
2820,814048,"Paisley, Renfrewshire",city,GB,United Kingdom,Scotland,4081,True,True,,
2821,804039,"Blantyre, South Lanarkshire",city,GB,United Kingdom,Scotland,4081,True,True,,
2822,802404,Aberlour,city,GB,United Kingdom,Scotland,4081,True,True,,
2823,809450,Helensburgh,city,GB,United Kingdom,Scotland,4081,True,True,,
2824,813527,Newton Stewart,city,GB,United Kingdom,Scotland,4081,True,True,,
2825,816408,Spean Bridge,city,GB,United Kingdom,Scotland,4081,True,True,,
2826,803129,Aviemore,city,GB,United Kingdom,Scotland,4081,True,True,,
2827,811102,Larkhall,city,GB,United Kingdom,Scotland,4081,True,True,,
2828,805044,Cambuslang,city,GB,United Kingdom,Scotland,4081,True,True,,
2829,810829,Kirkintilloch,city,GB,United Kingdom,Scotland,4081,True,True,,
2830,813028,"Montrose, Angus",city,GB,United Kingdom,Scotland,4081,True,True,,
2831,811377,Linlithgow,city,GB,United Kingdom,Scotland,4081,True,True,,
2832,816832,Stranraer,city,GB,United Kingdom,Scotland,4081,True,True,,
2833,811096,Larbert,city,GB,United Kingdom,Scotland,4081,True,True,,
2834,808674,Grangemouth,city,GB,United Kingdom,Scotland,4081,True,True,,
2835,814678,Prestwick,city,GB,United Kingdom,Scotland,4081,True,True,,
2836,810888,Kirkwall,city,GB,United Kingdom,Scotland,4081,True,True,,
2837,808106,"Forfar, Angus",city,GB,United Kingdom,Scotland,4081,True,True,,
2838,817416,"Thurso, Highland",city,GB,United Kingdom,Scotland,4081,True,True,,
2839,808294,Galashiels,city,GB,United Kingdom,Scotland,4081,True,True,,
2840,814149,Peebles,city,GB,United Kingdom,Scotland,4081,True,True,,
2841,804694,Broxburn,city,GB,United Kingdom,Scotland,4081,True,True,,
2842,817848,Uddingston,city,GB,United Kingdom,Scotland,4081,True,True,,
2843,817794,"Turriff, Aberdeenshire",city,GB,United Kingdom,Scotland,4081,True,True,,
2844,803358,"Banff, Aberdeenshire",city,GB,United Kingdom,Scotland,4081,True,True,,
2845,816841,Strathaven,city,GB,United Kingdom,Scotland,4081,True,True,,
2846,803242,"Ballater, Aberdeenshire",city,GB,United Kingdom,Scotland,4081,True,True,,
2847,811274,Lerwick,city,GB,United Kingdom,Scotland,4081,True,True,,
2848,810356,"Keith, Moray",city,GB,United Kingdom,Scotland,4081,True,True,,
2849,808116,Forres,city,GB,United Kingdom,Scotland,4081,True,True,,
2850,807158,Dunkeld,city,GB,United Kingdom,Scotland,4081,True,True,,
2851,810260,"Irvine, North Ayrshire",city,GB,United Kingdom,Scotland,4081,True,True,,
2852,814278,"Peterhead, Aberdeenshire",city,GB,United Kingdom,Scotland,4081,True,True,,
2853,805837,Clydebank,city,GB,United Kingdom,Scotland,4081,True,True,,
2854,819010,Wishaw,city,GB,United Kingdom,Scotland,4081,True,True,,
2855,808191,"Fraserburgh, Aberdeenshire",city,GB,United Kingdom,Scotland,4081,True,True,,
2856,802802,"Arbroath, Angus",city,GB,United Kingdom,Scotland,4081,True,True,,
2857,802382,"Aberfeldy, Perth and Kinross",city,GB,United Kingdom,Scotland,4081,True,True,,
2858,806559,Cumnock,city,GB,United Kingdom,Scotland,4081,True,True,,
2859,807591,"Ellon, Aberdeenshire",city,GB,United Kingdom,Scotland,4081,True,True,,
2860,803918,Bishopbriggs,city,GB,United Kingdom,Scotland,4081,True,True,,
2861,816361,South Queensferry,city,GB,United Kingdom,Scotland,4081,True,True,,
2862,802628,Alloa,city,GB,United Kingdom,Scotland,4081,True,True,,
2863,802597,"Alexandria, West Dunbartonshire",city,GB,United Kingdom,Scotland,4081,True,True,,
2864,807114,Dumbarton,city,GB,United Kingdom,Scotland,4081,True,True,,
2865,814352,Pitlochry,city,GB,United Kingdom,Scotland,4081,True,True,,
2866,810745,Kinross,city,GB,United Kingdom,Scotland,4081,True,True,,
2867,808134,"Fort William, Highland",city,GB,United Kingdom,Scotland,4081,True,True,,
2868,810021,"Huntly, Aberdeenshire",city,GB,United Kingdom,Scotland,4081,True,True,,
2869,808373,Gatehouse of Fleet,city,GB,United Kingdom,Scotland,4081,True,True,,
2870,811298,"Leven, Fife",city,GB,United Kingdom,Scotland,4081,True,True,,
2871,806657,Dalkeith,city,GB,United Kingdom,Scotland,4081,True,True,,
2872,813802,Oban,city,GB,United Kingdom,Scotland,4081,True,True,,
2873,805058,Campbeltown,city,GB,United Kingdom,Scotland,4081,True,True,,
2874,816886,Stromness,city,GB,United Kingdom,Scotland,4081,True,True,,
2875,805930,Coldstream,city,GB,United Kingdom,Scotland,4081,True,True,,
2876,802372,Aberdour,city,GB,United Kingdom,Scotland,4081,True,True,,
2877,813391,Newcastleton,city,GB,United Kingdom,Scotland,4081,True,True,,
2878,813862,Old Kilpatrick,city,GB,United Kingdom,Scotland,4081,True,True,,
2879,814856,Ratho,city,GB,United Kingdom,Scotland,4081,True,True,,
2880,813021,"Monkton, South Ayrshire",city,GB,United Kingdom,Scotland,4081,True,True,,
2881,805127,Cardross,city,GB,United Kingdom,Scotland,4081,True,True,,
2882,802879,Arisaig,city,GB,United Kingdom,Scotland,4081,True,True,,
2883,809460,Helmsdale,city,GB,United Kingdom,Scotland,4081,True,True,,
2884,804505,"Bridge Of Orchy, Argyll And Bute",city,GB,United Kingdom,Scotland,4081,True,True,,
2885,810201,Invergowrie,city,GB,United Kingdom,Scotland,4081,True,True,,
2886,806723,Darvel,city,GB,United Kingdom,Scotland,4081,True,True,,
2887,804659,Brora,city,GB,United Kingdom,Scotland,4081,True,True,,
2888,808980,Gullane,city,GB,United Kingdom,Scotland,4081,True,True,,
2889,106639,Applecross,city,GB,United Kingdom,Scotland,4081,True,True,,
2890,803227,Balfron,city,GB,United Kingdom,Scotland,4081,True,True,,
2891,807377,East Linton,city,GB,United Kingdom,Scotland,4081,True,True,,
2892,807519,Edzell,city,GB,United Kingdom,Scotland,4081,True,True,,
2893,810522,Killearn,city,GB,United Kingdom,Scotland,4081,True,True,,
2894,804348,Brae,city,GB,United Kingdom,Scotland,4081,True,True,,
2895,816844,Strathdon,city,GB,United Kingdom,Scotland,4081,True,True,,
2896,806263,"Craignure, Argyll And Bute",city,GB,United Kingdom,Scotland,4081,True,True,,
2897,816116,Skelmorlie,city,GB,United Kingdom,Scotland,4081,True,True,,
2898,802870,"Ardvasar, Highland",city,GB,United Kingdom,Scotland,4081,True,True,,
2899,814520,Port Ellen,city,GB,United Kingdom,Scotland,4081,True,True,,
2900,811016,Lamlash,city,GB,United Kingdom,Scotland,4081,True,True,,
2901,814115,"Pathhead, Midlothian",city,GB,United Kingdom,Scotland,4081,True,True,,
2902,810723,Kinlochleven,city,GB,United Kingdom,Scotland,4081,True,True,,
2903,814506,Port Askaig,city,GB,United Kingdom,Scotland,4081,True,True,,
2904,818359,Wemyss Bay,city,GB,United Kingdom,Scotland,4081,True,True,,
2905,803973,"Blackburn, Aberdeenshire",city,GB,United Kingdom,Scotland,4081,True,True,,
2906,813184,Muirkirk,city,GB,United Kingdom,Scotland,4081,True,True,,
2907,807255,Earlston,city,GB,United Kingdom,Scotland,4081,True,True,,
2908,813450,"Newmilns, East Ayrshire",city,GB,United Kingdom,Scotland,4081,True,True,,
2909,816755,Stonehouse,city,GB,United Kingdom,Scotland,4081,True,True,,
2910,802443,Acharacle,city,GB,United Kingdom,Scotland,4081,True,True,,
2911,802687,"Alva, Clackmannanshire",city,GB,United Kingdom,Scotland,4081,True,True,,
2912,810182,Inveraray,city,GB,United Kingdom,Scotland,4081,True,True,,
2913,804510,Bridge of Weir,city,GB,United Kingdom,Scotland,4081,True,True,,
2914,806975,Doune,city,GB,United Kingdom,Scotland,4081,True,True,,
2915,806928,"Dollar, Clackmannanshire",city,GB,United Kingdom,Scotland,4081,True,True,,
2916,813468,"Newport-on-Tay, Fife",city,GB,United Kingdom,Scotland,4081,True,True,,
2917,805624,Chryston,city,GB,United Kingdom,Scotland,4081,True,True,,
2918,810544,Kilmacolm,city,GB,United Kingdom,Scotland,4081,True,True,,
2919,814277,"Peterculter, Aberdeen City",city,GB,United Kingdom,Scotland,4081,True,True,,
2920,805117,Cardenden,city,GB,United Kingdom,Scotland,4081,True,True,,
2921,802473,Achnasheen,city,GB,United Kingdom,Scotland,4081,True,True,,
2922,803325,Balmedie,city,GB,United Kingdom,Scotland,4081,True,True,,
2923,804700,"Bruichladdich, Argyll And Bute",city,GB,United Kingdom,Scotland,4081,True,True,,
2924,806676,"Dalry, North Ayrshire",city,GB,United Kingdom,Scotland,4081,True,True,,
2925,812888,"Millport, Argyll And Bute",city,GB,United Kingdom,Scotland,4081,True,True,,
2926,810173,Insch,city,GB,United Kingdom,Scotland,4081,True,True,,
2927,810169,Innerleithen,city,GB,United Kingdom,Scotland,4081,True,True,,
2928,808606,Gorebridge,city,GB,United Kingdom,Scotland,4081,True,True,,
2929,817457,Tillicoultry,city,GB,United Kingdom,Scotland,4081,True,True,,
2930,808120,Fort Augustus,city,GB,United Kingdom,Scotland,4081,True,True,,
2931,812307,Luss,city,GB,United Kingdom,Scotland,4081,True,True,,
2932,812432,Mallaig,city,GB,United Kingdom,Scotland,4081,True,True,,
2933,807234,Eaglesham,city,GB,United Kingdom,Scotland,4081,True,True,,
2934,815743,Seahouses,city,GB,United Kingdom,Scotland,4081,True,True,,
2935,810378,Kelty,city,GB,United Kingdom,Scotland,4081,True,True,,
2936,802918,"Arrochar, Argyll and Bute",city,GB,United Kingdom,Scotland,4081,True,True,,
2937,810134,Inchinnan,city,GB,United Kingdom,Scotland,4081,True,True,,
2938,807735,Evanton,city,GB,United Kingdom,Scotland,4081,True,True,,
2939,811262,Lennoxtown,city,GB,United Kingdom,Scotland,4081,True,True,,
2940,806667,Dalmellington,city,GB,United Kingdom,Scotland,4081,True,True,,
2941,808588,Golspie,city,GB,United Kingdom,Scotland,4081,True,True,,
2942,807200,Dunvegan,city,GB,United Kingdom,Scotland,4081,True,True,,
2943,816848,Strathpeffer,city,GB,United Kingdom,Scotland,4081,True,True,,
2944,806665,Dalmally,city,GB,United Kingdom,Scotland,4081,True,True,,
2945,814169,Pencaitland,city,GB,United Kingdom,Scotland,4081,True,True,,
2946,812025,Lochwinnoch,city,GB,United Kingdom,Scotland,4081,True,True,,
2947,816124,"Skene, Aberdeenshire",city,GB,United Kingdom,Scotland,4081,True,True,,
2948,807079,Drymen,city,GB,United Kingdom,Scotland,4081,True,True,,
2949,808131,Fortrose,city,GB,United Kingdom,Scotland,4081,True,True,,
2950,811038,Langbank,city,GB,United Kingdom,Scotland,4081,True,True,,
2951,817829,Tyndrum,city,GB,United Kingdom,Scotland,4081,True,True,,
2952,806024,Comrie,city,GB,United Kingdom,Scotland,4081,True,True,,
2953,808291,Gairloch,city,GB,United Kingdom,Scotland,4081,True,True,,
2954,813290,Neilston,city,GB,United Kingdom,Scotland,4081,True,True,,
2955,817180,Taynuilt,city,GB,United Kingdom,Scotland,4081,True,True,,
2956,810476,Kilbarchan,city,GB,United Kingdom,Scotland,4081,True,True,,
2957,817802,"Twatt, Shetland Islands",city,GB,United Kingdom,Scotland,4081,True,True,,
2958,803745,"Berriedale, Highland",city,GB,United Kingdom,Scotland,4081,True,True,,
2959,804004,"Blackwood, South Lanarkshire",city,GB,United Kingdom,Scotland,4081,True,True,,
2960,805687,"Clackmannan, Clackmannanshire",city,GB,United Kingdom,Scotland,4081,True,True,,
2961,803320,"Balmacara, Highland",city,GB,United Kingdom,Scotland,4081,True,True,,
2962,807995,Finstown,city,GB,United Kingdom,Scotland,4081,True,True,,
2963,816813,"Stow, Scottish Borders",city,GB,United Kingdom,Scotland,4081,True,True,,
2964,803465,"Barrhill, Dumfries And Galloway",city,GB,United Kingdom,Scotland,4081,True,True,,
2965,804036,"Blanefield, Stirling",city,GB,United Kingdom,Scotland,4081,True,True,,
2966,803839,"Biggar, South Lanarkshire",city,GB,United Kingdom,Scotland,4081,True,True,,
2967,804162,"Bonnyrigg, Midlothian",city,GB,United Kingdom,Scotland,4081,True,True,,
2968,807183,Duns,city,GB,United Kingdom,Scotland,4081,True,True,,
2969,804851,"Burntisland, Fife",city,GB,United Kingdom,Scotland,4081,True,True,,
2970,803235,"Ballachulish, Highland",city,GB,United Kingdom,Scotland,4081,True,True,,
2971,803955,"Bishopton, Renfrewshire",city,GB,United Kingdom,Scotland,4081,True,True,,
2972,2789229,Harris,city,GB,United Kingdom,Scotland,4081,True,True,,
2973,803204,"Baillieston, East Dunbartonshire",city,GB,United Kingdom,Scotland,4081,True,True,,
2974,813120,"Motherwell, North Lanarkshire",city,GB,United Kingdom,Scotland,4081,True,True,,
2975,810313,"Johnstone, Renfrewshire",city,GB,United Kingdom,Scotland,4081,True,True,,
2976,804026,"Blairgowrie, Perth And Kinross",city,GB,United Kingdom,Scotland,4081,True,True,,
2977,803354,Banchory,city,GB,United Kingdom,Scotland,4081,True,True,,
2978,813215,"Musselburgh, Midlothian",city,GB,United Kingdom,Scotland,4081,True,True,,
2979,803683,"Bellshill, North Lanarkshire",city,GB,United Kingdom,Scotland,4081,True,True,,
2980,814942,"Renfrew, Renfrewshire",city,GB,United Kingdom,Scotland,4081,True,True,,
2981,804687,"Broughty Ferry, Dundee City",city,GB,United Kingdom,Scotland,4081,True,True,,
2982,804311,"Braco, Perth And Kinross",city,GB,United Kingdom,Scotland,4081,True,True,,
2983,804096,"Boat Of Garten, Highland",city,GB,United Kingdom,Scotland,4081,True,True,,
2984,803226,"Balerno, Fife",city,GB,United Kingdom,Scotland,4081,True,True,,
2985,808912,Gretna Green,city,GB,United Kingdom,Scotland,4081,True,True,,
2986,808604,"Gordon, Scottish Borders",city,GB,United Kingdom,Scotland,4081,True,True,,
2987,813545,Newtown Saint Boswells,city,GB,United Kingdom,Scotland,4081,True,True,,
2988,804570,"Broadford, Highland",city,GB,United Kingdom,Scotland,4081,True,True,,
2989,806318,"Creagorry, Eilean Siar",city,GB,United Kingdom,Scotland,4081,True,True,,
2990,805951,"Coll, Eilean Siar",city,GB,United Kingdom,Scotland,4081,True,True,,
2991,805139,"Carinish, Eilean Siar",city,GB,United Kingdom,Scotland,4081,True,True,,
2992,2789237,Kennacraig,city,GB,United Kingdom,Scotland,4081,True,True,,
2993,805173,"Carmunnock, East Renfrewshire",city,GB,United Kingdom,Scotland,4081,True,True,,
2994,805112,"Carbost, Highland",city,GB,United Kingdom,Scotland,4081,True,True,,
2995,806566,"Cupar, Fife",city,GB,United Kingdom,Scotland,4081,True,True,,
2996,806575,"Currie, Fife",city,GB,United Kingdom,Scotland,4081,True,True,,
2997,815299,"Rutherglen, Glasgow City",city,GB,United Kingdom,Scotland,4081,True,True,,
2998,806219,"Cowdenbeath, Fife",city,GB,United Kingdom,Scotland,4081,True,True,,
2999,805010,"Callanish, Eilean Siar",city,GB,United Kingdom,Scotland,4081,True,True,,
3000,806055,"Contin, Highland",city,GB,United Kingdom,Scotland,4081,True,True,,
3001,805872,"Cockburnspath, East Lothian",city,GB,United Kingdom,Scotland,4081,True,True,,
3002,806395,"Cromarty, Highland",city,GB,United Kingdom,Scotland,4081,True,True,,
3003,810669,"Kings Park, Glasgow City",city,GB,United Kingdom,Scotland,4081,True,True,,
3004,805248,"Castlebay, Eilean Siar",city,GB,United Kingdom,Scotland,4081,True,True,,
3005,806048,"Cononbridge, Highland",city,GB,United Kingdom,Scotland,4081,True,True,,
3006,806638,"Dail, Eilean Siar",city,GB,United Kingdom,Scotland,4081,True,True,,
3007,812904,"Milngavie, East Dunbartonshire",city,GB,United Kingdom,Scotland,4081,True,True,,
3008,807125,"Dunbar, East Lothian",city,GB,United Kingdom,Scotland,4081,True,True,,
3009,816444,"Springburn, East Dunbartonshire",city,GB,United Kingdom,Scotland,4081,True,True,,
3010,812974,"Moffat, Dumfries And Galloway",city,GB,United Kingdom,Scotland,4081,True,True,,
3011,817444,Tighnabruaich,city,GB,United Kingdom,Scotland,4081,True,True,,
3012,807544,"Eishken, Eilean Siar",city,GB,United Kingdom,Scotland,4081,True,True,,
3013,811396,"Lionel, Eilean Siar",city,GB,United Kingdom,Scotland,4081,True,True,,
3014,807606,"Elphin, Highland",city,GB,United Kingdom,Scotland,4081,True,True,,
3015,816783,"Stornoway, Eilean Siar",city,GB,United Kingdom,Scotland,4081,True,True,,
3016,810213,"Inverkeithing, Fife",city,GB,United Kingdom,Scotland,4081,True,True,,
3017,808685,Grantown on Spey,city,GB,United Kingdom,Scotland,4081,True,True,,
3018,812013,"Lochgelly, Fife",city,GB,United Kingdom,Scotland,4081,True,True,,
3019,816634,Stepps,city,GB,United Kingdom,Scotland,4081,True,True,,
3020,809080,"Halkirk, Highland",city,GB,United Kingdom,Scotland,4081,True,True,,
3021,814764,"Queensferry, Fife",city,GB,United Kingdom,Scotland,4081,True,True,,
3022,808119,"Forsinard, Highland",city,GB,United Kingdom,Scotland,4081,True,True,,
3023,818384,"West Anstruther, Fife",city,GB,United Kingdom,Scotland,4081,True,True,,
3024,810876,"Kirkton Of Largo, Fife",city,GB,United Kingdom,Scotland,4081,True,True,,
3025,810841,"Kirkliston, Fife",city,GB,United Kingdom,Scotland,4081,True,True,,
3026,817181,"Tayport, Fife",city,GB,United Kingdom,Scotland,4081,True,True,,
3027,813366,"Newbridge, Fife",city,GB,United Kingdom,Scotland,4081,True,True,,
3028,807958,"Fife Keith, Moray",city,GB,United Kingdom,Scotland,4081,True,True,,
3029,808359,"Garve, Highland",city,GB,United Kingdom,Scotland,4081,True,True,,
3030,808684,"Grantown, Highland",city,GB,United Kingdom,Scotland,4081,True,True,,
3031,808512,"Glendevon, Perth And Kinross",city,GB,United Kingdom,Scotland,4081,True,True,,
3032,813645,"North Haa, Shetland Islands",city,GB,United Kingdom,Scotland,4081,True,True,,
3033,810965,"Kyleakin, Highland",city,GB,United Kingdom,Scotland,4081,True,True,,
3034,815243,"Roybridge, Highland",city,GB,United Kingdom,Scotland,4081,True,True,,
3035,810197,"Invergarry, Highland",city,GB,United Kingdom,Scotland,4081,True,True,,
3036,810966,"Kyle Of Lochalsh, Highland",city,GB,United Kingdom,Scotland,4081,True,True,,
3037,812318,"Lybster, Highland",city,GB,United Kingdom,Scotland,4081,True,True,,
3038,817544,"Tomatin, Highland",city,GB,United Kingdom,Scotland,4081,True,True,,
3039,810208,"Inverinate, Highland",city,GB,United Kingdom,Scotland,4081,True,True,,
3040,810616,"Kinbrace, Highland",city,GB,United Kingdom,Scotland,4081,True,True,,
3041,810989,"Laggan, Highland",city,GB,United Kingdom,Scotland,4081,True,True,,
3042,813203,"Munlochy, Highland",city,GB,United Kingdom,Scotland,4081,True,True,,
3043,814386,"Plockton, Highland",city,GB,United Kingdom,Scotland,4081,True,True,,
3044,816843,"Strathcarron, Highland",city,GB,United Kingdom,Scotland,4081,True,True,,
3045,818821,"Wick, Highland",city,GB,United Kingdom,Scotland,4081,True,True,,
3046,815123,"Rogart, Highland",city,GB,United Kingdom,Scotland,4081,True,True,,
3047,813502,"Newtonmore, Highland",city,GB,United Kingdom,Scotland,4081,True,True,,
3048,813186,"Muir Of Ord, Highland",city,GB,United Kingdom,Scotland,4081,True,True,,
3049,809351,"Hawkhead, Renfrewshire",city,GB,United Kingdom,Scotland,4081,True,True,,
3050,809529,"Heriot, Midlothian",city,GB,United Kingdom,Scotland,4081,True,True,,
3051,814963,"Rhiconich, Highland",city,GB,United Kingdom,Scotland,4081,True,True,,
3052,810424,"Kentra, Highland",city,GB,United Kingdom,Scotland,4081,True,True,,
3053,815162,"Rosehall, Highland",city,GB,United Kingdom,Scotland,4081,True,True,,
3054,813888,"Ollaberry, Shetland Islands",city,GB,United Kingdom,Scotland,4081,True,True,,
3055,818028,"Voe, Shetland Islands",city,GB,United Kingdom,Scotland,4081,True,True,,
3056,818096,"Walls, Shetland Islands",city,GB,United Kingdom,Scotland,4081,True,True,,
3057,815602,"Sandwick, Shetland Islands",city,GB,United Kingdom,Scotland,4081,True,True,,
3058,816302,"Southend, Strathclyde",city,GB,United Kingdom,Scotland,4081,True,True,,
3059,816842,"Strathblane, Stirling",city,GB,United Kingdom,Scotland,4081,True,True,,
3060,812008,"Lochearnhead, Stirling",city,GB,United Kingdom,Scotland,4081,True,True,,
3061,813927,"Orphir, Orkney",city,GB,United Kingdom,Scotland,4081,True,True,,
3062,811113,"Lasswade, Midlothian",city,GB,United Kingdom,Scotland,4081,True,True,,
3063,811024,Lanark,city,GB,United Kingdom,Scotland,4081,True,True,,
3064,816895,Struan,city,GB,United Kingdom,Scotland,4081,True,True,,
3065,817137,"Tarbert, Strathclyde",city,GB,United Kingdom,Scotland,4081,True,True,,
3066,818525,West Linton,city,GB,United Kingdom,Scotland,4081,True,True,,
3067,810849,"Kirknewton, West Lothian",city,GB,United Kingdom,Scotland,4081,True,True,,
3068,812005,"Lochdonhead, Argyll And Bute",city,GB,United Kingdom,Scotland,4081,True,True,,
3069,812022,"Loch Strivenhead, Argyll And Bute",city,GB,United Kingdom,Scotland,4081,True,True,,
3070,812804,"Middle Kames, Argyll And Bute",city,GB,United Kingdom,Scotland,4081,True,True,,
3071,813478,New Scone,city,GB,United Kingdom,Scotland,4081,True,True,,
3072,810649,"Kingseat, Perth And Kinross",city,GB,United Kingdom,Scotland,4081,True,True,,
3073,814584,"Port Skiogar, Eilean Siar",city,GB,United Kingdom,Scotland,4081,True,True,,
3074,816172,Sliddery,city,GB,United Kingdom,Scotland,4081,True,True,,
3075,819355,"Yetholm, Scottish Borders",city,GB,United Kingdom,Scotland,4081,True,True,,
3076,815787,Selkirk,city,GB,United Kingdom,Scotland,4081,True,True,,
3077,802540,"Aird Tong, Eilean Siar",city,GB,United Kingdom,Scotland,4081,True,True,,
3078,805119,Cardiff,city,GB,United Kingdom,Wales,4080,True,True,,
3079,805347,"Cemaes, Isle Of Anglesey",city,GB,United Kingdom,Wales,4080,True,True,,
3080,810433,Kerry,city,GB,United Kingdom,Wales,4080,True,True,,
3081,816271,"Southbourne, Dorset",city,GB,United Kingdom,Wales,4080,True,True,,
3082,807953,Ffestiniog,city,GB,United Kingdom,Wales,4080,True,True,,
3083,818374,Wenvoe,city,GB,United Kingdom,Wales,4080,True,True,,
3084,817653,Trefeglwys,city,GB,United Kingdom,Wales,4080,True,True,,
3085,807538,Eglwyswrw,city,GB,United Kingdom,Wales,4080,True,True,,
3086,808333,Garnant,city,GB,United Kingdom,Wales,4080,True,True,,
3087,812972,"Moelfre, Anglesey",city,GB,United Kingdom,Wales,4080,True,True,,
3088,811824,Llangynidr,city,GB,United Kingdom,Wales,4080,True,True,,
3089,814981,Rhossili,city,GB,United Kingdom,Wales,4080,True,True,,
3090,813548,New Tredegar,city,GB,United Kingdom,Wales,4080,True,True,,
3091,808404,Gelligaer,city,GB,United Kingdom,Wales,4080,True,True,,
3092,802381,Aberfan,city,GB,United Kingdom,Wales,4080,True,True,,
3093,811957,Llanwrtyd Wells,city,GB,United Kingdom,Wales,4080,True,True,,
3094,802488,Acrefair,city,GB,United Kingdom,Wales,4080,True,True,,
3095,802355,Aberbeeg,city,GB,United Kingdom,Wales,4080,True,True,,
3096,812387,Maerdy,city,GB,United Kingdom,Wales,4080,True,True,,
3097,814453,Ponthir,city,GB,United Kingdom,Wales,4080,True,True,,
3098,811710,Llanfaes,city,GB,United Kingdom,Wales,4080,True,True,,
3099,811831,Llangynwyd,city,GB,United Kingdom,Wales,4080,True,True,,
3100,814518,Y Felinheli,city,GB,United Kingdom,Wales,4080,True,True,,
3101,811609,Llanbrynmair,city,GB,United Kingdom,Wales,4080,True,True,,
3102,817662,Trefriw,city,GB,United Kingdom,Wales,4080,True,True,,
3103,804967,Caergwrle,city,GB,United Kingdom,Wales,4080,True,True,,
3104,811812,Llangurig,city,GB,United Kingdom,Wales,4080,True,True,,
3105,804571,Broad Haven,city,GB,United Kingdom,Wales,4080,True,True,,
3106,811586,Llanarth,city,GB,United Kingdom,Wales,4080,True,True,,
3107,804119,Bodorgan,city,GB,United Kingdom,Wales,4080,True,True,,
3108,811659,Llandinam,city,GB,United Kingdom,Wales,4080,True,True,,
3109,811663,Llandough,city,GB,United Kingdom,Wales,4080,True,True,,
3110,812672,Meifod,city,GB,United Kingdom,Wales,4080,True,True,,
3111,814463,Pontrhydfendigaid,city,GB,United Kingdom,Wales,4080,True,True,,
3112,814285,Peterston-super-Ely,city,GB,United Kingdom,Wales,4080,True,True,,
3113,811736,Llanfihangel-ar-Arth,city,GB,United Kingdom,Wales,4080,True,True,,
3114,806932,Dolwyddelan,city,GB,United Kingdom,Wales,4080,True,True,,
3115,2675165,"Marian-Glas, Isle Of Anglesey",city,GB,United Kingdom,Wales,4080,True,True,,
3116,811707,"Llanfaelog, Isle Of Anglesey",city,GB,United Kingdom,Wales,4080,True,True,,
3117,811677,Llandybie,city,GB,United Kingdom,Wales,4080,True,True,,
3118,803401,Bargoed,city,GB,United Kingdom,Wales,4080,True,True,,
3119,804778,Builth Wells,city,GB,United Kingdom,Wales,4080,True,True,,
3120,2874437,Betws-y-Coed,city,GB,United Kingdom,Wales,4080,True,True,,
3121,817991,Usk,city,GB,United Kingdom,Wales,4080,True,True,,
3122,811018,Lampeter,city,GB,United Kingdom,Wales,4080,True,True,,
3123,813135,"Mountain Ash, Rhondda Cynon Taff",city,GB,United Kingdom,Wales,4080,True,True,,
3124,817561,Tonypandy,city,GB,United Kingdom,Wales,4080,True,True,,
3125,811653,Llandeilo,city,GB,United Kingdom,Wales,4080,True,True,,
3126,812368,Machynlleth,city,GB,United Kingdom,Wales,4080,True,True,,
3127,802416,"Abertridwr, Caerphilly",city,GB,United Kingdom,Wales,4080,True,True,,
3128,806360,Crickhowell,city,GB,United Kingdom,Wales,4080,True,True,,
3129,806137,Corwen,city,GB,United Kingdom,Wales,4080,True,True,,
3130,817630,Towyn,city,GB,United Kingdom,Wales,4080,True,True,,
3131,808616,Gorseinon,city,GB,United Kingdom,Wales,4080,True,True,,
3132,811801,Llangollen,city,GB,United Kingdom,Wales,4080,True,True,,
3133,812148,Looe,city,GB,United Kingdom,Wales,4080,True,True,,
3134,818345,Welshpool,city,GB,United Kingdom,Wales,4080,True,True,,
3135,813024,Monmouth,city,GB,United Kingdom,Wales,4080,True,True,,
3136,817647,Tredegar,city,GB,United Kingdom,Wales,4080,True,True,,
3137,815300,Ruthin,city,GB,United Kingdom,Wales,4080,True,True,,
3138,809500,Hengoed,city,GB,United Kingdom,Wales,4080,True,True,,
3139,802415,"Abertillery, Blaenau Gwent",city,GB,United Kingdom,Wales,4080,True,True,,
3140,817199,Teignmouth,city,GB,United Kingdom,Wales,4080,True,True,,
3141,814544,Porthmadog,city,GB,United Kingdom,Wales,4080,True,True,,
3142,817691,Treorchy,city,GB,United Kingdom,Wales,4080,True,True,,
3143,812392,Maesteg,city,GB,United Kingdom,Wales,4080,True,True,,
3144,813544,"Newtown, Powys",city,GB,United Kingdom,Wales,4080,True,True,,
3145,811721,Llanfairpwllgwyngyll,city,GB,United Kingdom,Wales,4080,True,True,,
3146,804725,Brynmawr,city,GB,United Kingdom,Wales,4080,True,True,,
3147,811925,Llantwit Major,city,GB,United Kingdom,Wales,4080,True,True,,
3148,811762,Llanfyllin,city,GB,United Kingdom,Wales,4080,True,True,,
3149,803587,Beaumaris,city,GB,United Kingdom,Wales,4080,True,True,,
3150,811886,Llanrwst,city,GB,United Kingdom,Wales,4080,True,True,,
3151,2687342,Tywyn,city,GB,United Kingdom,Wales,4080,True,True,,
3152,815631,Saundersfoot,city,GB,United Kingdom,Wales,4080,True,True,,
3153,811783,Llangefni,city,GB,United Kingdom,Wales,4080,True,True,,
3154,817562,Tonyrefail,city,GB,United Kingdom,Wales,4080,True,True,,
3155,812718,Menai Bridge,city,GB,United Kingdom,Wales,4080,True,True,,
3156,806924,Dolgellau,city,GB,United Kingdom,Wales,4080,True,True,,
3157,806446,Crosskeys,city,GB,United Kingdom,Wales,4080,True,True,,
3158,817663,Tregaron,city,GB,United Kingdom,Wales,4080,True,True,,
3159,818757,Whitland,city,GB,United Kingdom,Wales,4080,True,True,,
3160,817671,Treharris,city,GB,United Kingdom,Wales,4080,True,True,,
3161,804969,Caerleon,city,GB,United Kingdom,Wales,4080,True,True,,
3162,814959,Rhayader,city,GB,United Kingdom,Wales,4080,True,True,,
3163,803427,Barmouth,city,GB,United Kingdom,Wales,4080,True,True,,
3164,815575,"Sandgate, Kent",city,GB,United Kingdom,Wales,4080,True,True,,
3165,811670,Llandrindod Wells,city,GB,United Kingdom,Wales,4080,True,True,,
3166,806768,Denbigh,city,GB,United Kingdom,Wales,4080,True,True,,
3167,803487,"Barry, Vale of Glamorgan",city,GB,United Kingdom,Wales,4080,True,True,,
3168,809333,Haverfordwest,city,GB,United Kingdom,Wales,4080,True,True,,
3169,804972,Caerphilly,city,GB,United Kingdom,Wales,4080,True,True,,
3170,814735,Pwllheli,city,GB,United Kingdom,Wales,4080,True,True,,
3171,805169,Carmarthen,city,GB,United Kingdom,Wales,4080,True,True,,
3172,812756,Merthyr Tydfil,city,GB,United Kingdom,Wales,4080,True,True,,
3173,811694,Llanelli,city,GB,United Kingdom,Wales,4080,True,True,,
3174,814484,Pontypridd,city,GB,United Kingdom,Wales,4080,True,True,,
3175,811838,Llanidloes,city,GB,United Kingdom,Wales,4080,True,True,,
3176,815000,Rhyl,city,GB,United Kingdom,Wales,4080,True,True,,
3177,813471,"Newquay, Cornwall",city,GB,United Kingdom,Wales,4080,True,True,,
3178,817026,Swansea,city,GB,United Kingdom,Wales,4080,True,True,,
3179,813466,Newport,city,GB,United Kingdom,Wales,4080,True,True,,
3180,819264,Wrexham,city,GB,United Kingdom,Wales,4080,True,True,,
3181,804492,Bridgend,city,GB,United Kingdom,Wales,4080,True,True,,
3182,814162,"Pembroke, Pembrokeshire",city,GB,United Kingdom,Wales,4080,True,True,,
3183,802417,Aberystwyth,city,GB,United Kingdom,Wales,4080,True,True,,
3184,802719,"Ammanford, Carmarthenshire",city,GB,United Kingdom,Wales,4080,True,True,,
3185,805479,Chepstow,city,GB,United Kingdom,Wales,4080,True,True,,
3186,809815,Holyhead,city,GB,United Kingdom,Wales,4080,True,True,,
3187,802387,"Abergavenny, Monmouthshire",city,GB,United Kingdom,Wales,4080,True,True,,
3188,802388,Abergele,city,GB,United Kingdom,Wales,4080,True,True,,
3189,803209,"Bala, Gwynedd",city,GB,United Kingdom,Wales,4080,True,True,,
3190,810109,Ilfracombe,city,GB,United Kingdom,Wales,4080,True,True,,
3191,814534,Porthcawl,city,GB,United Kingdom,Wales,4080,True,True,,
3192,814645,Prestatyn,city,GB,United Kingdom,Wales,4080,True,True,,
3193,814545,Porth,city,GB,United Kingdom,Wales,4080,True,True,,
3194,812865,Milford Haven,city,GB,United Kingdom,Wales,4080,True,True,,
3195,806061,Conwy,city,GB,United Kingdom,Wales,4080,True,True,,
3196,813257,"Narberth, Pembrokeshire",city,GB,United Kingdom,Wales,4080,True,True,,
3197,807767,"Exmouth, Devon",city,GB,United Kingdom,Wales,4080,True,True,,
3198,805000,"Caldicot, Monmouthshire",city,GB,United Kingdom,Wales,4080,True,True,,
3199,812978,"Mold, Flintshire",city,GB,United Kingdom,Wales,4080,True,True,,
3200,804971,Caernarfon,city,GB,United Kingdom,Wales,4080,True,True,,
3201,805992,Colwyn Bay,city,GB,United Kingdom,Wales,4080,True,True,,
3202,804448,Brecon,city,GB,United Kingdom,Wales,4080,True,True,,
3203,803362,"Bangor, Gwynedd",city,GB,United Kingdom,Wales,4080,True,True,,
3204,814968,Rhondda,city,GB,United Kingdom,Wales,4080,True,True,,
3205,806218,Cowbridge,city,GB,United Kingdom,Wales,4080,True,True,,
3206,806596,Cwmbran,city,GB,United Kingdom,Wales,4080,True,True,,
3207,811673,Llandudno,city,GB,United Kingdom,Wales,4080,True,True,,
3208,814483,Pontypool,city,GB,United Kingdom,Wales,4080,True,True,,
3209,804005,"Blackwood, Caerphilly",city,GB,United Kingdom,Wales,4080,True,True,,
3210,802367,"Aberdare, Rhondda Cynon Taff",city,GB,United Kingdom,Wales,4080,True,True,,
3211,813385,Newcastle Emlyn,city,GB,United Kingdom,Wales,4080,True,True,,
3212,814194,Penmaenmawr,city,GB,United Kingdom,Wales,4080,True,True,,
3213,817643,Trawsfynydd,city,GB,United Kingdom,Wales,4080,True,True,,
3214,817672,Treherbert,city,GB,United Kingdom,Wales,4080,True,True,,
3215,806865,Dinas Powys,city,GB,United Kingdom,Wales,4080,True,True,,
3216,809711,Hirwaun,city,GB,United Kingdom,Wales,4080,True,True,,
3217,804022,Blaina,city,GB,United Kingdom,Wales,4080,True,True,,
3218,811951,Llanwrda,city,GB,United Kingdom,Wales,4080,True,True,,
3219,806491,Crumlin,city,GB,United Kingdom,Wales,4080,True,True,,
3220,809211,Harlech,city,GB,United Kingdom,Wales,4080,True,True,,
3221,812394,Maesycwmmer,city,GB,United Kingdom,Wales,4080,True,True,,
3222,811794,Llangernyw,city,GB,United Kingdom,Wales,4080,True,True,,
3223,803193,Bagillt,city,GB,United Kingdom,Wales,4080,True,True,,
3224,815618,"Sarn, Bridgend",city,GB,United Kingdom,Wales,4080,True,True,,
3225,814231,Pentraeth,city,GB,United Kingdom,Wales,4080,True,True,,
3226,802921,"Arthog, Gwynedd",city,GB,United Kingdom,Wales,4080,True,True,,
3227,802359,"Abercarn, Caerphilly",city,GB,United Kingdom,Wales,4080,True,True,,
3228,808010,Fishguard,city,GB,United Kingdom,Wales,4080,True,True,,
3229,813027,"Montgomery, Powys",city,GB,United Kingdom,Wales,4080,True,True,,
3230,802718,Amlwch,city,GB,United Kingdom,Wales,4080,True,True,,
3231,811717,Llanfairfechan,city,GB,United Kingdom,Wales,4080,True,True,,
3232,813367,Newbridge,city,GB,United Kingdom,Wales,4080,True,True,,
3233,804194,Borth,city,GB,United Kingdom,Wales,4080,True,True,,
3234,804842,Burnham on Crouch,city,GB,United Kingdom,Wales,4080,True,True,,
3235,809342,Hawarden,city,GB,United Kingdom,Wales,4080,True,True,,
3236,813473,New Quay,city,GB,United Kingdom,Wales,4080,True,True,,
3237,808645,Gowerton,city,GB,United Kingdom,Wales,4080,True,True,,
3238,811833,Llanharan,city,GB,United Kingdom,Wales,4080,True,True,,
3239,802347,"Aberaeron, Ceredigion",city,GB,United Kingdom,Wales,4080,True,True,,
3240,804973,Caersws,city,GB,United Kingdom,Wales,4080,True,True,,
3241,811664,Llandovery,city,GB,United Kingdom,Wales,4080,True,True,,
3242,815348,"Saint Asaph, Clwyd",city,GB,United Kingdom,Wales,4080,True,True,,
3243,811697,Llanelwy,city,GB,United Kingdom,Wales,4080,True,True,,
3244,813467,"Newport, Pembrokeshire",city,GB,United Kingdom,Wales,4080,True,True,,
3245,806498,Crymych,city,GB,United Kingdom,Wales,4080,True,True,,
3246,814740,Pyle,city,GB,United Kingdom,Wales,4080,True,True,,
3247,813292,Nelson,city,GB,United Kingdom,Wales,4080,True,True,,
3248,802354,Aberbargoed,city,GB,United Kingdom,Wales,4080,True,True,,
3249,802373,"Aberdovey, Gwynedd",city,GB,United Kingdom,Wales,4080,True,True,,
3250,802398,Aberkenfig,city,GB,United Kingdom,Wales,4080,True,True,,
3251,806353,Criccieth,city,GB,United Kingdom,Wales,4080,True,True,,
3252,815001,Rhymney,city,GB,United Kingdom,Wales,4080,True,True,,
3253,819379,Ystradgynlais,city,GB,United Kingdom,Wales,4080,True,True,,
3254,802365,"Abercynon, Rhondda Cynon Taff",city,GB,United Kingdom,Wales,4080,True,True,,
3255,811735,"Llanfihangel Abergwesyn, Carmarthenshire",city,GB,United Kingdom,Wales,4080,True,True,,
3256,814430,Polruan,city,GB,United Kingdom,Wales,4080,True,True,,
3257,808949,Groeslon,city,GB,United Kingdom,Wales,4080,True,True,,
3258,814193,Penmachno,city,GB,United Kingdom,Wales,4080,True,True,,
3259,803777,"Bettws, Bridgend",city,GB,United Kingdom,Wales,4080,True,True,,
3260,818055,Walberswick,city,GB,United Kingdom,Wales,4080,True,True,,
3261,811772,Llangammarch Wells,city,GB,United Kingdom,Wales,4080,True,True,,
3262,811647,Llandegfan,city,GB,United Kingdom,Wales,4080,True,True,,
3263,804444,Brechfa,city,GB,United Kingdom,Wales,4080,True,True,,
3264,814748,Quakers Yard,city,GB,United Kingdom,Wales,4080,True,True,,
3265,805329,Cawsand,city,GB,United Kingdom,Wales,4080,True,True,,
3266,804728,Brynna,city,GB,United Kingdom,Wales,4080,True,True,,
3267,804285,"Bow Street, Carmarthenshire",city,GB,United Kingdom,Wales,4080,True,True,,
3268,813396,Newchapel,city,GB,United Kingdom,Wales,4080,True,True,,
3269,803357,Bancyfelin,city,GB,United Kingdom,Wales,4080,True,True,,
3270,805913,"Coity, Bridgend",city,GB,United Kingdom,Wales,4080,True,True,,
3271,817093,Talacre,city,GB,United Kingdom,Wales,4080,True,True,,
3272,814188,"Penley, Wrexham",city,GB,United Kingdom,Wales,4080,True,True,,
3273,804874,"Burton, Cheshire",city,GB,United Kingdom,Wales,4080,True,True,,
3274,813832,"Ogmore-by-Sea, Vale of Glamorgan",city,GB,United Kingdom,Wales,4080,True,True,,
3275,807199,Dunvant,city,GB,United Kingdom,Wales,4080,True,True,,
3276,806588,Cwmaman,city,GB,United Kingdom,Wales,4080,True,True,,
3277,817888,Undy,city,GB,United Kingdom,Wales,4080,True,True,,
3278,805346,Cemaes Bay,city,GB,United Kingdom,Wales,4080,True,True,,
3279,812939,Minffordd,city,GB,United Kingdom,Wales,4080,True,True,,
3280,811802,Llangolman,city,GB,United Kingdom,Wales,4080,True,True,,
3281,803363,"Bangor, Wrexham",city,GB,United Kingdom,Wales,4080,True,True,,
3282,807944,Ferryside,city,GB,United Kingdom,Wales,4080,True,True,,
3283,803792,"Beulah, Carmarthenshire",city,GB,United Kingdom,Wales,4080,True,True,,
3284,2789225,Talbot Green,city,GB,United Kingdom,Wales,4080,True,True,,
3285,808073,Fochriw,city,GB,United Kingdom,Wales,4080,True,True,,
3286,804937,Bwlch,city,GB,United Kingdom,Wales,4080,True,True,,
3287,815360,"Saint Brides, Pembrokeshire",city,GB,United Kingdom,Wales,4080,True,True,,
3288,813088,Morriston,city,GB,United Kingdom,Wales,4080,True,True,,
3289,809115,Hamble-le-Rice,city,GB,United Kingdom,Wales,4080,True,True,,
3290,817661,Treforest,city,GB,United Kingdom,Wales,4080,True,True,,
3291,814168,"Pencader, Carmarthenshire",city,GB,United Kingdom,Wales,4080,True,True,,
3292,804760,"Buckley, Flintshire",city,GB,United Kingdom,Wales,4080,True,True,,
3293,815060,Risca,city,GB,United Kingdom,Wales,4080,True,True,,
3294,811672,Llandudno Junction,city,GB,United Kingdom,Wales,4080,True,True,,
3295,808609,Goring by Sea,city,GB,United Kingdom,Wales,4080,True,True,,
3296,804010,"Blaenau-Ffestiniog, Gwynedd",city,GB,United Kingdom,Wales,4080,True,True,,
3297,805835,"Clydach, Swansea",city,GB,United Kingdom,Wales,4080,True,True,,
3298,811968,Llanymynech,city,GB,United Kingdom,Wales,4080,True,True,,
3299,814553,Port Isaac,city,GB,United Kingdom,Wales,4080,True,True,,
3300,804861,Burry Port,city,GB,United Kingdom,Wales,4080,True,True,,
3301,814296,"Pevensey, East Sussex",city,GB,United Kingdom,Wales,4080,True,True,,
3302,814765,"Queensferry, Flintshire",city,GB,United Kingdom,Wales,4080,True,True,,
3303,811027,"Lancing, West Sussex",city,GB,United Kingdom,Wales,4080,True,True,,
3304,809818,Holywell,city,GB,United Kingdom,Wales,4080,True,True,,
3305,2674320,Pontyclun,city,GB,United Kingdom,Wales,4080,True,True,,
3306,807452,Ebbw Vale,city,GB,United Kingdom,Wales,4080,True,True,,
3307,803714,Benllech,city,GB,United Kingdom,Wales,4080,True,True,,
3308,813622,"North Cornelly, Bridgend",city,GB,United Kingdom,Wales,4080,True,True,,
3309,813253,"Nantyglo, Blaenau Gwent",city,GB,United Kingdom,Wales,4080,True,True,,
3310,804164,Bonvilston,city,GB,United Kingdom,Wales,4080,True,True,,
3311,813834,"Ogmore Vale, Bridgend",city,GB,United Kingdom,Wales,4080,True,True,,
3312,804716,Bryncethin,city,GB,United Kingdom,Wales,4080,True,True,,
3313,803527,"Bassaleg, Newport",city,GB,United Kingdom,Wales,4080,True,True,,
3314,803509,"Barton On Sea, Hampshire",city,GB,United Kingdom,Wales,4080,True,True,,
3315,812409,"Magor, Monmouthshire",city,GB,United Kingdom,Wales,4080,True,True,,
3316,814977,Rhosneigr,city,GB,United Kingdom,Wales,4080,True,True,,
3317,808598,Goodwick,city,GB,United Kingdom,Wales,4080,True,True,,
3318,808448,Gilwern,city,GB,United Kingdom,Wales,4080,True,True,,
3319,812366,Machen,city,GB,United Kingdom,Wales,4080,True,True,,
3320,813150,Mousehole,city,GB,United Kingdom,Wales,4080,True,True,,
3321,814479,Pontycymer,city,GB,United Kingdom,Wales,4080,True,True,,
3322,814799,Radyr,city,GB,United Kingdom,Wales,4080,True,True,,
3323,804154,"Boncath, Pembrokeshire",city,GB,United Kingdom,Wales,4080,True,True,,
3324,803943,"Bishopston, Swansea",city,GB,United Kingdom,Wales,4080,True,True,,
3325,817552,Tondu,city,GB,United Kingdom,Wales,4080,True,True,,
3326,814461,Pontnewynydd,city,GB,United Kingdom,Wales,4080,True,True,,
3327,808285,Gaerwen,city,GB,United Kingdom,Wales,4080,True,True,,
3328,804672,"Broughton, Cheshire",city,GB,United Kingdom,Wales,4080,True,True,,
3329,803623,Bedwas,city,GB,United Kingdom,Wales,4080,True,True,,
3330,810393,"Kenfig Hill, Bridgend",city,GB,United Kingdom,Wales,4080,True,True,,
3331,803610,Beddau,city,GB,United Kingdom,Wales,4080,True,True,,
3332,807939,Ferring,city,GB,United Kingdom,Wales,4080,True,True,,
3333,807225,Dymchurch,city,GB,United Kingdom,Wales,4080,True,True,,
3334,812166,Loughor,city,GB,United Kingdom,Wales,4080,True,True,,
3335,806759,Deganwy,city,GB,United Kingdom,Wales,4080,True,True,,
3336,813277,"Neath, Neath Port Talbot",city,GB,United Kingdom,Wales,4080,True,True,,
3337,804121,"Bodvean, Gwynedd",city,GB,United Kingdom,Wales,4080,True,True,,
3338,812049,"Login, Carmarthenshire",city,GB,United Kingdom,Wales,4080,True,True,,
3339,811623,"Llanddeiniol, Ceredigion",city,GB,United Kingdom,Wales,4080,True,True,,
3340,2687393,Dwygyfylchi,city,GB,United Kingdom,Wales,4080,True,True,,
3341,811636,"Llanddulas, Clwyd",city,GB,United Kingdom,Wales,4080,True,True,,
3342,811627,"Llanddeusant, Carmarthenshire",city,GB,United Kingdom,Wales,4080,True,True,,
3343,817682,"Tremeirchion, Clwyd",city,GB,United Kingdom,Wales,4080,True,True,,
3344,808548,"Glyn-Ceiriog, Wrexham",city,GB,United Kingdom,Wales,4080,True,True,,
3345,806617,"Cwm-Pengraig, Carmarthenshire",city,GB,United Kingdom,Wales,4080,True,True,,
3346,817111,"Talybont, Carmarthenshire",city,GB,United Kingdom,Wales,4080,True,True,,
3347,808070,"Flynnon Taf, Cardiff",city,GB,United Kingdom,Wales,4080,True,True,,
3348,805020,"Calshot Castle, Isle Of Wight",city,GB,United Kingdom,Wales,4080,True,True,,
3349,811961,"Llanybyther, Carmarthenshire",city,GB,United Kingdom,Wales,4080,True,True,,
3350,811921,"Llantrisant, Rhondda Cynon Taff",city,GB,United Kingdom,Wales,4080,True,True,,
3351,810473,"Kidwelly, Carmarthenshire",city,GB,United Kingdom,Wales,4080,True,True,,
3352,813246,"Nantgarw, Rhondda Cynon Taff",city,GB,United Kingdom,Wales,4080,True,True,,
3353,806439,"Cross Hands, Carmarthenshire",city,GB,United Kingdom,Wales,4080,True,True,,
3354,806042,"Connahs Quay, Flintshire",city,GB,United Kingdom,Wales,4080,True,True,,
3355,819382,"Ystrad Mynach, Caerphilly",city,GB,United Kingdom,Wales,4080,True,True,,
3356,807929,"Ferndale, Rhondda Cynon Taff",city,GB,United Kingdom,Wales,4080,True,True,,
3357,811894,"Llansannan, Clwyd",city,GB,United Kingdom,Wales,4080,True,True,,
3358,804965,"Caerfyrddin, Carmarthenshire",city,GB,United Kingdom,Wales,4080,True,True,,
3359,817223,"Tenby, Pembrokeshire",city,GB,United Kingdom,Wales,4080,True,True,,
3360,808054,"Flint, Clwyd",city,GB,United Kingdom,Wales,4080,True,True,,
3361,811685,"Llandyssul, Carmarthenshire",city,GB,United Kingdom,Wales,4080,True,True,,
3362,805120,"Cardigan, Ceredigion",city,GB,United Kingdom,Wales,4080,True,True,,
3363,805901,"Coelbren, Neath Port Talbot",city,GB,United Kingdom,Wales,4080,True,True,,
3364,814175,"Penderyn, Rhondda Cynon Taff",city,GB,United Kingdom,Wales,4080,True,True,,
3365,815808,"Senghenydd, Caerphilly",city,GB,United Kingdom,Wales,4080,True,True,,
3366,806626,"Cymmer, Neath Port Talbot",city,GB,United Kingdom,Wales,4080,True,True,,
3367,815812,"Sennybridge, Rhondda Cynon Taff",city,GB,United Kingdom,Wales,4080,True,True,,
3368,817774,"Tumble, Carmarthenshire",city,GB,United Kingdom,Wales,4080,True,True,,
3369,805706,"Clarbeston Road, Pembrokeshire",city,GB,United Kingdom,Wales,4080,True,True,,
3370,813245,"Nantgaredig, Carmarthenshire",city,GB,United Kingdom,Wales,4080,True,True,,
3371,817821,"Tycroes, Carmarthenshire",city,GB,United Kingdom,Wales,4080,True,True,,
3372,808921,Griffithstown,city,GB,United Kingdom,Wales,4080,True,True,,
3373,814159,"Pembrey, Carmarthenshire",city,GB,United Kingdom,Wales,4080,True,True,,
3374,811867,"Llanon, Ceredigion",city,GB,United Kingdom,Wales,4080,True,True,,
3375,817373,"Three Crosses, Swansea",city,GB,United Kingdom,Wales,4080,True,True,,
3376,819360,"Ynysddu, Caerphilly",city,GB,United Kingdom,Wales,4080,True,True,,
3377,811122,"Laugharne, Carmarthenshire",city,GB,United Kingdom,Wales,4080,True,True,,
3378,815605,"Sandycroft, Cheshire",city,GB,United Kingdom,Wales,4080,True,True,,
3379,807221,"Dyffryn, Gwynedd",city,GB,United Kingdom,Wales,4080,True,True,,
3380,814444,"Pont Dolanog, Gwynedd",city,GB,United Kingdom,Wales,4080,True,True,,
3381,814161,"Pembroke Dock, Pembrokeshire",city,GB,United Kingdom,Wales,4080,True,True,,
3382,814988,"Rhuthun, Denbighshire",city,GB,United Kingdom,Wales,4080,True,True,,
3383,814165,"Penarth, Vale of Glamorgan",city,GB,United Kingdom,Wales,4080,True,True,,
3384,807095,"Duffryn, Newport",city,GB,United Kingdom,Wales,4080,True,True,,
3385,814442,Pontardulais,city,GB,United Kingdom,Wales,4080,True,True,,
3386,807839,"Farndon, Wrexham",city,GB,United Kingdom,Wales,4080,True,True,,
3387,811984,"Llwyngwril, Gwynedd",city,GB,United Kingdom,Wales,4080,True,True,,
3388,817108,"Talsarnau, Gwynedd",city,GB,United Kingdom,Wales,4080,True,True,,
3389,808462,"Glais, Neath Port Talbot",city,GB,United Kingdom,Wales,4080,True,True,,
3390,811848,"Llanllechid, Gwynedd",city,GB,United Kingdom,Wales,4080,True,True,,
3391,811760,"Llanfrothen, Gwynedd",city,GB,United Kingdom,Wales,4080,True,True,,
3392,814967,Rhiw,city,GB,United Kingdom,Wales,4080,True,True,,
3393,811720,"Llanfairpwllgwyngyllgogerychwyrndrobwllllantysilio, Gwynedd",city,GB,United Kingdom,Wales,4080,True,True,,
3394,809005,"Gwbert-On-The-Sea, Pembrokeshire",city,GB,United Kingdom,Wales,4080,True,True,,
3395,811701,Llanerchymedd,city,GB,United Kingdom,Wales,4080,True,True,,
3396,814216,"Penrhyndeudreath, Gwynedd",city,GB,United Kingdom,Wales,4080,True,True,,
3397,810508,"Kilgetty, Pembrokeshire",city,GB,United Kingdom,Wales,4080,True,True,,
3398,816936,"Sully, Vale Of Glamorgan",city,GB,United Kingdom,Wales,4080,True,True,,
3399,811599,"Llanbedr, Gwynedd",city,GB,United Kingdom,Wales,4080,True,True,,
3400,813360,"Newborough, Gwynedd",city,GB,United Kingdom,Wales,4080,True,True,,
3401,808549,"Glyncorrwg, Neath Port Talbot",city,GB,United Kingdom,Wales,4080,True,True,,
3402,808553,"Glyn-Neath, Neath Port Talbot",city,GB,United Kingdom,Wales,4080,True,True,,
3403,809532,"Hermon, Pembrokeshire",city,GB,United Kingdom,Wales,4080,True,True,,
3404,809494,"Hendre, Carmarthenshire",city,GB,United Kingdom,Wales,4080,True,True,,
3405,815589,"Sandown, Isle Of Wight",city,GB,United Kingdom,Wales,4080,True,True,,
3406,817276,"The Mumbles, Swansea",city,GB,United Kingdom,Wales,4080,True,True,,
3407,812384,"Maenclochog, Pembrokeshire",city,GB,United Kingdom,Wales,4080,True,True,,
3408,816311,"Southgate, Swansea",city,GB,United Kingdom,Wales,4080,True,True,,
3409,812870,"Milford, Pembrokeshire",city,GB,United Kingdom,Wales,4080,True,True,,
3410,814203,"Pennard, Swansea",city,GB,United Kingdom,Wales,4080,True,True,,
3411,814441,"Pontardawe, Neath Port Talbot",city,GB,United Kingdom,Wales,4080,True,True,,
3412,814594,"Port Tennant, Swansea",city,GB,United Kingdom,Wales,4080,True,True,,
3413,819375,"Ystalyfera, Neath Port Talbot",city,GB,United Kingdom,Wales,4080,True,True,,
3414,815094,"Roch, Pembrokeshire",city,GB,United Kingdom,Wales,4080,True,True,,
3415,815765,"Seaview, Portsmouth",city,GB,United Kingdom,Wales,4080,True,True,,
3416,811765,"Llanfyrnach, Pembrokeshire",city,GB,United Kingdom,Wales,4080,True,True,,
3417,814190,"Penllergaer, Swansea",city,GB,United Kingdom,Wales,4080,True,True,,
3418,814592,"Port Talbot, Neath Port Talbot",city,GB,United Kingdom,Wales,4080,True,True,,
3419,811535,"Littlestone, Kent",city,GB,United Kingdom,Wales,4080,True,True,,
3420,811243,"Leighton, Shropshire",city,GB,United Kingdom,Wales,4080,True,True,,
3421,811839,"Llanigon, Monmouthshire",city,GB,United Kingdom,Wales,4080,True,True,,
3422,814213,"Penrhôs, Monmouthshire",city,GB,United Kingdom,Wales,4080,True,True,,
3423,817822,"Tyddewi, Pembrokeshire",city,GB,United Kingdom,Wales,4080,True,True,,
