,key,name,type,country_code,country_name,supports_region,supports_city,kml
0,3273,Västmanland County,region,SE,Sweden,True,True,Polygons not found.
1,3259,Kalmar County,region,SE,Sweden,True,True,Polygons not found.
2,3256,Halland County,region,SE,Sweden,True,True,Polygons not found.
3,3270,Värmland County,region,SE,Sweden,True,True,Polygons not found.
4,3257,Jämtland County,region,SE,Sweden,True,True,Polygons not found.
5,3265,Örebro County,region,SE,Sweden,True,True,Polygons not found.
6,3252,Blekinge County,region,SE,Sweden,True,True,Polygons not found.
7,3269,Uppsala County,region,SE,Sweden,True,True,Polygons not found.
8,3276,Västra Götaland County,region,SE,Sweden,True,True,Polygons not found.
9,3268,Södermanland County,region,SE,Sweden,True,True,Polygons not found.
10,3272,Västernorrland County,region,SE,Sweden,True,True,Polygons not found.
11,3260,Dalarna County,region,SE,Sweden,True,True,Polygons not found.
12,3258,Jönköping County,region,SE,Sweden,True,True,Polygons not found.
13,3264,Norrbotten County,region,SE,Sweden,True,True,Polygons not found.
14,3253,Gävleborg County,region,SE,Sweden,True,True,Polygons not found.
15,3275,Skåne County,region,SE,Sweden,True,True,Polygons not found.
16,3271,Västerbotten County,region,SE,Sweden,True,True,Polygons not found.
17,3266,Östergötland County,region,SE,Sweden,True,True,Polygons not found.
18,3255,Gotland County,region,SE,Sweden,True,True,Polygons not found.
19,3274,Stockholm County,region,SE,Sweden,True,True,"<Polygon><outerBoundaryIs><LinearRing><coordinates> 18.77827,59.62674 18.77821,59.62677 18.7782,59.62669 18.77827,59.62674</coordinates></LinearRing></outerBoundaryIs></Polygon><Polygon><outerBoundaryIs><LinearRing><coordinates> 18.63443,59.24492 18.63235,59.24367 18.63739,59.24502 18.63443,59.24492</coordinates></LinearRing></outerBoundaryIs></Polygon><Polygon><outerBoundaryIs><LinearRing><coordinates> 18.91696,60.27634 18.91647,60.27466 18.92049,60.27407 18.92162,60.27668 18.91696,60.27634</coordinates></LinearRing></outerBoundaryIs></Polygon><Polygon><outerBoundaryIs><LinearRing><coordinates> 18.91602,60.27185 18.91712,60.27083 18.91827,60.27191 18.91704,60.27277 18.91602,60.27185</coordinates></LinearRing></outerBoundaryIs></Polygon><Polygon><outerBoundaryIs><LinearRing><coordinates> 18.88906,60.27149 18.89071,60.27224 18.89059,60.27348 18.8872,60.27221 18.88906,60.27149</coordinates></LinearRing></outerBoundaryIs></Polygon><Polygon><outerBoundaryIs><LinearRing><coordinates> 18.88835,60.26799 18.89134,60.26772 18.89137,60.2681 18.88922,60.26876 18.88835,60.26799</coordinates></LinearRing></outerBoundaryIs></Polygon><Polygon><outerBoundaryIs><LinearRing><coordinates> 18.80321,60.25479 18.79318,60.25241 18.80977,60.24567 18.81826,60.2511 18.80321,60.25479</coordinates></LinearRing></outerBoundaryIs></Polygon><Polygon><outerBoundaryIs><LinearRing><coordinates> 18.79208,60.25467 18.79455,60.25442 18.79352,60.25584 18.79196,60.2558 18.79208,60.25467</coordinates></LinearRing></outerBoundaryIs></Polygon><Polygon><outerBoundaryIs><LinearRing><coordinates> 18.87893,60.23466 18.87755,60.23422 18.87704,60.23335 18.87955,60.23304 18.87893,60.23466</coordinates></LinearRing></outerBoundaryIs></Polygon><Polygon><outerBoundaryIs><LinearRing><coordinates> 18.89663,60.22765 18.89447,60.22815 18.89373,60.22712 18.89649,60.2269 18.89663,60.22765</coordinates></LinearRing></outerBoundaryIs></Polygon><Polygon><outerBoundaryIs><LinearRing><coordinates> 18.81192,60.2436 18.81008,60.24326 18.81054,60.24226 18.81309,60.24289 18.81192,60.2436</coordinates></LinearRing></outerBoundaryIs></Polygon><Polygon><outerBoundaryIs><LinearRing><coordinates> 18.90817,60.22039 18.9073,60.21958 18.91245,60.22018 18.91162,60.22105 18.90817,60.22039</coordinates></LinearRing></outerBoundaryIs></Polygon><Polygon><outerBoundaryIs><LinearRing><coordinates> 18.8139,60.23581 18.81374,60.23525 18.81915,60.23508 18.81667,60.23648 18.8139,60.23581</coordinates></LinearRing></outerBoundaryIs></Polygon><Polygon><outerBoundaryIs><LinearRing><coordinates> 18.76406,60.24582 18.76354,60.2466 18.76104,60.24698 18.76168,60.24594 18.76406,60.24582</coordinates></LinearRing></outerBoundaryIs></Polygon><Polygon><outerBoundaryIs><LinearRing><coordinates> 18.88525,60.22143 18.88523,60.22256 18.88104,60.22237 18.88306,60.22092 18.88525,60.22143</coordinates></LinearRing></outerBoundaryIs></Polygon><Polygon><outerBoundaryIs><LinearRing><coordinates> 18.87784,60.22058 18.87778,60.22126 18.87394,60.22123 18.8757,60.21934 18.87784,60.22058</coordinates></LinearRing></outerBoundaryIs></Polygon><Polygon><outerBoundaryIs><LinearRing><coordinates> 18.77952,60.23776 18.77222,60.23965 18.76349,60.23647 18.76332,60.23574 18.77952,60.23776</coordinates></LinearRing></outerBoundaryIs></Polygon><Polygon><outerBoundaryIs><LinearRing><coordinates> 18.76325,60.23967 18.76532,60.23943 18.7655,60.2407 18.76327,60.23997 18.76325,60.23967</coordinates></LinearRing></outerBoundaryIs></Polygon><Polygon><outerBoundaryIs><LinearRing><coordinates> 18.77308,60.23228 18.77536,60.23128 18.77871,60.23222 18.77974,60.23372 18.77308,60.23228</coordinates></LinearRing></outerBoundaryIs></Polygon><Polygon><outerBoundaryIs><LinearRing><coordinates> 18.7207,60.24403 18.71927,60.24439 18.7183,60.24272 18.72112,60.24261 18.7207,60.24403</coordinates></LinearRing></outerBoundaryIs></Polygon><Polygon><outerBoundaryIs><LinearRing><coordinates> 18.70589,60.23407 18.7099,60.23402 18.70911,60.23414 18.70768,60.23443 18.70589,60.23407</coordinates></LinearRing></outerBoundaryIs></Polygon><Polygon><outerBoundaryIs><LinearRing><coordinates> 18.72168,60.22919 18.72382,60.22802 18.72584,60.22899 18.72125,60.23088 18.72168,60.22919</coordinates></LinearRing></outerBoundaryIs></Polygon><Polygon><outerBoundaryIs><LinearRing><coordinates> 18.8444,60.20316 18.83784,60.2029 18.83834,60.20222 18.84132,60.20148 18.8444,60.20316</coordinates></LinearRing></outerBoundaryIs></Polygon><Polygon><outerBoundaryIs><LinearRing><coordinates> 18.82032,60.20692 18.81769,60.20746 18.81564,60.20666 18.81874,60.20582 18.82032,60.20692</coordinates></LinearRing></outerBoundaryIs></Polygon><Polygon><outerBoundaryIs><LinearRing><coordinates> 18.70742,60.22594 18.71475,60.22455 18.68871,60.23181 18.69629,60.22655 18.70742,60.22594</coordinates></LinearRing></outerBoundaryIs></Polygon><Polygon><outerBoundaryIs><LinearRing><coordinates> 18.78273,60.21283 18.77872,60.21347 18.77713,60.21199 18.78177,60.21223 18.78273,60.21283</coordinates></LinearRing></outerBoundaryIs></Polygon><Polygon><outerBoundaryIs><LinearRing><coordinates> 18.85727,60.19793 18.85616,60.1984 18.85502,60.19857 18.85403,60.19672 18.85727,60.19793</coordinates></LinearRing></outerBoundaryIs></Polygon><Polygon><outerBoundaryIs><LinearRing><coordinates> 18.78663,60.211 18.78406,60.21128 18.78347,60.21095 18.78946,60.20971 18.78663,60.211</coordinates></LinearRing></outerBoundaryIs></Polygon><Polygon><outerBoundaryIs><LinearRing><coordinates> 18.79742,60.20647 18.79965,60.20641 18.79941,60.20826 18.79765,60.20789 18.79742,60.20647</coordinates></LinearRing></outerBoundaryIs></Polygon><Polygon><outerBoundaryIs><LinearRing><coordinates> 18.81452,60.20417 18.81206,60.20536 18.81042,60.20442 18.81424,60.20351 18.81452,60.20417</coordinates></LinearRing></outerBoundaryIs></Polygon><Polygon><outerBoundaryIs><LinearRing><coordinates> 18.79534,60.20666 18.79414,60.20739 18.79305,60.207 18.7929,60.20603 18.79534,60.20666</coordinates></LinearRing></outerBoundaryIs></Polygon><Polygon><outerBoundaryIs><LinearRing><coordinates> 18.69894,60.22404 18.70296,60.21839 18.71591,60.22211 18.70635,60.22124 18.69894,60.22404</coordinates></LinearRing></outerBoundaryIs></Polygon><Polygon><outerBoundaryIs><LinearRing><coordinates> 18.84626,60.19176 18.84859,60.19197 18.84748,60.19287 18.84609,60.19222 18.84626,60.19176</coordinates></LinearRing></outerBoundaryIs></Polygon><Polygon><outerBoundaryIs><LinearRing><coordinates> 18.78465,60.20217 18.79085,60.20213 18.80058,60.20116 18.77756,60.20636 18.78465,60.20217</coordinates></LinearRing></outerBoundaryIs></Polygon><Polygon><outerBoundaryIs><LinearRing><coordinates> 18.834,60.19238 18.83655,60.19322 18.83461,60.19427 18.83293,60.1943 18.834,60.19238</coordinates></LinearRing></outerBoundaryIs></Polygon><Polygon><outerBoundaryIs><LinearRing><coordinates> 18.84398,60.1908 18.84442,60.19173 18.84231,60.19154 18.84236,60.1909 18.84398,60.1908</coordinates></LinearRing></outerBoundaryIs></Polygon><Polygon><outerBoundaryIs><LinearRing><coordinates> 18.80424,60.19912 18.80116,60.20003 18.79943,60.19956 18.80518,60.1982 18.80424,60.19912</coordinates></LinearRing></outerBoundaryIs></Polygon><Polygon><outerBoundaryIs><LinearRing><coordinates> 18.79111,60.19985 18.79599,60.19896 18.79463,60.20022 18.79151,60.20068 18.79111,60.19985</coordinates></LinearRing></outerBoundaryIs></Polygon><Polygon><outerBoundaryIs><LinearRing><coordinates> 18.81449,60.16056 18.76199,60.20635 18.70673,60.21612 18.7559,60.15277 18.81449,60.16056</coordinates></LinearRing></outerBoundaryIs></Polygon><Polygon><outerBoundaryIs><LinearRing><coordinates> 18.76817,60.2049 18.76723,60.20495 18.76646,60.20423 18.76917,60.20344 18.76817,60.2049</coordinates></LinearRing></outerBoundaryIs></Polygon><Polygon><outerBoundaryIs><LinearRing><coordinates> 18.84903,60.18487 18.84993,60.18878 18.83869,60.18919 18.83991,60.18635 18.84903,60.18487</coordinates></LinearRing></outerBoundaryIs></Polygon><Polygon><outerBoundaryIs><LinearRing><coordinates> 18.79338,60.1934 18.79475,60.19354 18.79296,60.19509 18.78942,60.19595 18.79338,60.1934</coordinates></LinearRing></outerBoundaryIs></Polygon><Polygon><outerBoundaryIs><LinearRing><coordinates> 18.78586,60.19378 18.79257,60.19044 18.78336,60.19619 18.77789,60.19417 18.78586,60.19378</coordinates></LinearRing></outerBoundaryIs></Polygon><Polygon><outerBoundaryIs><LinearRing><coordinates> 18.79595,60.18111 18.79825,60.17898 18.79934,60.17955 18.79886,60.18082 18.79595,60.18111</coordinates></LinearRing></outerBoundaryIs></Polygon><Polygon><outerBoundaryIs><LinearRing><coordinates> 18.82168,60.17618 18.82229,60.17269 18.82569,60.17425 18.82562,60.17475 18.82168,60.17618</coordinates></LinearRing></outerBoundaryIs></Polygon><Polygon><outerBoundaryIs><LinearRing><coordinates> 18.81689,60.17157 18.81332,60.17058 18.82061,60.16891 18.81902,60.174 18.81689,60.17157</coordinates></LinearRing></outerBoundaryIs></Polygon><Polygon><outerBoundaryIs><LinearRing><coordinates> 18.71639,60.19229 18.71197,60.19474 18.71101,60.19133 18.71688,60.19138 18.71639,60.19229</coordinates></LinearRing></outerBoundaryIs></Polygon><Polygon><outerBoundaryIs><LinearRing><coordinates> 18.80954,60.17122 18.81177,60.17229 18.81155,60.1737 18.80817,60.17231 18.80954,60.17122</coordinates></LinearRing></outerBoundaryIs></Polygon><Polygon><outerBoundaryIs><LinearRing><coordinates> 18.69652,60.18775 18.69262,60.18974 18.68673,60.18806 18.70604,60.1857 18.69652,60.18775</coordinates></LinearRing></outerBoundaryIs></Polygon><Polygon><outerBoundaryIs><LinearRing><coordinates> 18.81844,60.16328 18.817,60.16348 18.81609,60.16345 18.8205,60.16234 18.81844,60.16328</coordinates></LinearRing></outerBoundaryIs></Polygon><Polygon><outerBoundaryIs><LinearRing><coordinates> 18.68528,60.18721 18.6869,60.18497 18.69056,60.1839 18.68639,60.18713 18.68528,60.18721</coordinates></LinearRing></outerBoundaryIs></Polygon><Polygon><outerBoundaryIs><LinearRing><coordinates> 18.80064,60.1538 18.80354,60.1534 18.80026,60.15594 18.79859,60.1562 18.80064,60.1538</coordinates></LinearRing></outerBoundaryIs></Polygon><Polygon><outerBoundaryIs><LinearRing><coordinates> 18.78949,60.14696 18.79146,60.14905 18.78329,60.14967 18.78485,60.14862 18.78949,60.14696</coordinates></LinearRing></outerBoundaryIs></Polygon><Polygon><outerBoundaryIs><LinearRing><coordinates> 18.75919,60.12766 18.78058,60.12501 18.79203,60.14371 18.76203,60.14719 18.75919,60.12766</coordinates></LinearRing></outerBoundaryIs></Polygon><Polygon><outerBoundaryIs><LinearRing><coordinates> 18.71573,60.15651 18.71949,60.15576 18.71881,60.15707 18.71452,60.15833 18.71573,60.15651</coordinates></LinearRing></outerBoundaryIs></Polygon><Polygon><outerBoundaryIs><LinearRing><coordinates> 18.71517,60.15523 18.71479,60.15459 18.71853,60.15353 18.72054,60.15478 18.71517,60.15523</coordinates></LinearRing></outerBoundaryIs></Polygon><Polygon><outerBoundaryIs><LinearRing><coordinates> 18.76024,60.14459 18.75144,60.14842 18.75062,60.14446 18.74155,60.14318 18.76024,60.14459</coordinates></LinearRing></outerBoundaryIs></Polygon><Polygon><outerBoundaryIs><LinearRing><coordinates> 18.80054,60.13471 18.80836,60.12769 18.81799,60.12845 18.80683,60.13497 18.80054,60.13471</coordinates></LinearRing></outerBoundaryIs></Polygon><Polygon><outerBoundaryIs><LinearRing><coordinates> 18.72801,60.1455 18.72697,60.14516 18.72831,60.14405 18.73045,60.1446 18.72801,60.1455</coordinates></LinearRing></outerBoundaryIs></Polygon><Polygon><outerBoundaryIs><LinearRing><coordinates> 18.72002,60.14525 18.71915,60.1445 18.72132,60.14369 18.72222,60.14445 18.72002,60.14525</coordinates></LinearRing></outerBoundaryIs></Polygon><Polygon><outerBoundaryIs><LinearRing><coordinates> 18.71551,60.14516 18.71366,60.14511 18.71445,60.14381 18.71581,60.14458 18.71551,60.14516</coordinates></LinearRing></outerBoundaryIs></Polygon><Polygon><outerBoundaryIs><LinearRing><coordinates> 18.721,60.14236 18.72962,60.1418 18.72615,60.14209 18.72348,60.14249 18.721,60.14236</coordinates></LinearRing></outerBoundaryIs></Polygon><Polygon><outerBoundaryIs><LinearRing><coordinates> 18.64334,60.15258 18.6424,60.15782 18.63687,60.15478 18.63708,60.15169 18.64334,60.15258</coordinates></LinearRing></outerBoundaryIs></Polygon><Polygon><outerBoundaryIs><LinearRing><coordinates> 18.69435,60.14682 18.68991,60.14825 18.69011,60.14728 18.69294,60.14624 18.69435,60.14682</coordinates></LinearRing></outerBoundaryIs></Polygon><Polygon><outerBoundaryIs><LinearRing><coordinates> 18.82519,60.12112 18.82737,60.1195 18.82853,60.1203 18.82642,60.12161 18.82519,60.12112</coordinates></LinearRing></outerBoundaryIs></Polygon><Polygon><outerBoundaryIs><LinearRing><coordinates> 18.7104,60.14219 18.71186,60.14053 18.71445,60.14076 18.71242,60.14344 18.7104,60.14219</coordinates></LinearRing></outerBoundaryIs></Polygon><Polygon><outerBoundaryIs><LinearRing><coordinates> 18.80159,60.12604 18.79961,60.1253 18.8041,60.1238 18.80406,60.1247 18.80159,60.12604</coordinates></LinearRing></outerBoundaryIs></Polygon><Polygon><outerBoundaryIs><LinearRing><coordinates> 18.73374,60.13764 18.73637,60.13771 18.73431,60.13872 18.7334,60.13852 18.73374,60.13764</coordinates></LinearRing></outerBoundaryIs></Polygon><Polygon><outerBoundaryIs><LinearRing><coordinates> 18.81509,60.12214 18.81334,60.12272 18.81193,60.12261 18.81314,60.12136 18.81509,60.12214</coordinates></LinearRing></outerBoundaryIs></Polygon><Polygon><outerBoundaryIs><LinearRing><coordinates> 18.6825,60.14798 18.67975,60.14633 18.6831,60.14572 18.6865,60.14739 18.6825,60.14798</coordinates></LinearRing></outerBoundaryIs></Polygon><Polygon><outerBoundaryIs><LinearRing><coordinates> 18.67687,60.14663 18.67942,60.14637 18.67869,60.14828 18.67656,60.14692 18.67687,60.14663</coordinates></LinearRing></outerBoundaryIs></Polygon><Polygon><outerBoundaryIs><LinearRing><coordinates> 18.6607,60.15139 18.64012,60.15034 18.64475,60.14901 18.65505,60.14976 18.6607,60.15139</coordinates></LinearRing></outerBoundaryIs></Polygon><Polygon><outerBoundaryIs><LinearRing><coordinates> 18.82173,60.11918 18.82266,60.1195 18.82017,60.12026 18.81979,60.11908 18.82173,60.11918</coordinates></LinearRing></outerBoundaryIs></Polygon><Polygon><outerBoundaryIs><LinearRing><coordinates> 18.73922,60.13525 18.74077,60.13365 18.7455,60.13367 18.74643,60.13404 18.73922,60.13525</coordinates></LinearRing></outerBoundaryIs></Polygon><Polygon><outerBoundaryIs><LinearRing><coordinates> 18.73395,60.13526 18.73432,60.1357 18.73184,60.13619 18.73277,60.13512 18.73395,60.13526</coordinates></LinearRing></outerBoundaryIs></Polygon><Polygon><outerBoundaryIs><LinearRing><coordinates> 18.83854,60.11418 18.83488,60.1143 18.83611,60.11325 18.8374,60.11282 18.83854,60.11418</coordinates></LinearRing></outerBoundaryIs></Polygon><Polygon><outerBoundaryIs><LinearRing><coordinates> 18.74811,60.12985 18.747,60.13133 18.74499,60.1316 18.74401,60.13061 18.74811,60.12985</coordinates></LinearRing></outerBoundaryIs></Polygon><Polygon><outerBoundaryIs><LinearRing><coordinates> 18.62965,60.15217 18.6315,60.15263 18.63047,60.1536 18.62868,60.15372 18.62965,60.15217</coordinates></LinearRing></outerBoundaryIs></Polygon><Polygon><outerBoundaryIs><LinearRing><coordinates> 18.63339,60.15118 18.63601,60.15102 18.63494,60.15244 18.63284,60.15267 18.63339,60.15118</coordinates></LinearRing></outerBoundaryIs></Polygon><Polygon><outerBoundaryIs><LinearRing><coordinates> 18.66576,60.14404 18.66471,60.14665 18.66144,60.14655 18.6618,60.14542 18.66576,60.14404</coordinates></LinearRing></outerBoundaryIs></Polygon><Polygon><outerBoundaryIs><LinearRing><coordinates> 18.72743,60.1337 18.7258,60.13478 18.7251,60.13462 18.72421,60.13358 18.72743,60.1337</coordinates></LinearRing></outerBoundaryIs></Polygon><Polygon><outerBoundaryIs><LinearRing><coordinates> 18.65291,60.14542 18.6544,60.14573 18.65427,60.14702 18.64988,60.14694 18.65291,60.14542</coordinates></LinearRing></outerBoundaryIs></Polygon><Polygon><outerBoundaryIs><LinearRing><coordinates> 18.77847,60.11665 18.7856,60.11779 18.78974,60.12028 18.77767,60.11986 18.77847,60.11665</coordinates></LinearRing></outerBoundaryIs></Polygon><Polygon><outerBoundaryIs><LinearRing><coordinates> 18.58601,60.15803 18.58489,60.15764 18.58696,60.15664 18.58837,60.15705 18.58601,60.15803</coordinates></LinearRing></outerBoundaryIs></Polygon><Polygon><outerBoundaryIs><LinearRing><coordinates> 18.64943,60.14561 18.64477,60.14508 18.64766,60.14457 18.64973,60.14363 18.64943,60.14561</coordinates></LinearRing></outerBoundaryIs></Polygon><Polygon><outerBoundaryIs><LinearRing><coordinates> 18.65314,60.14267 18.65541,60.14285 18.65574,60.14419 18.65306,60.14447 18.65314,60.14267</coordinates></LinearRing></outerBoundaryIs></Polygon><Polygon><outerBoundaryIs><LinearRing><coordinates> 18.61461,60.15047 18.61522,60.15155 18.61276,60.15186 18.61351,60.15042 18.61461,60.15047</coordinates></LinearRing></outerBoundaryIs></Polygon><Polygon><outerBoundaryIs><LinearRing><coordinates> 18.57789,60.15812 18.57931,60.15602 18.58261,60.155 18.58215,60.15782 18.57789,60.15812</coordinates></LinearRing></outerBoundaryIs></Polygon><Polygon><outerBoundaryIs><LinearRing><coordinates> 18.64133,60.14565 18.64054,60.14507 18.64187,60.14404 18.6436,60.1444 18.64133,60.14565</coordinates></LinearRing></outerBoundaryIs></Polygon><Polygon><outerBoundaryIs><LinearRing><coordinates> 18.57456,60.15577 18.57673,60.15271 18.57817,60.15582 18.57044,60.15782 18.57456,60.15577</coordinates></LinearRing></outerBoundaryIs></Polygon><Polygon><outerBoundaryIs><LinearRing><coordinates> 18.57877,60.15213 18.5859,60.14955 18.58899,60.1501 18.58437,60.15452 18.57877,60.15213</coordinates></LinearRing></outerBoundaryIs></Polygon><Polygon><outerBoundaryIs><LinearRing><coordinates> 18.78561,60.1152 18.77766,60.11565 18.77959,60.11449 18.78536,60.11493 18.78561,60.1152</coordinates></LinearRing></outerBoundaryIs></Polygon><Polygon><outerBoundaryIs><LinearRing><coordinates> 18.61852,60.1453 18.61752,60.14704 18.61487,60.14818 18.61635,60.14527 18.61852,60.1453</coordinates></LinearRing></outerBoundaryIs></Polygon><Polygon><outerBoundaryIs><LinearRing><coordinates> 18.65998,60.13774 18.66269,60.13822 18.6596,60.13917 18.65826,60.13834 18.65998,60.13774</coordinates></LinearRing></outerBoundaryIs></Polygon><Polygon><outerBoundaryIs><LinearRing><coordinates> 18.60863,60.14801 18.6107,60.14618 18.6119,60.14632 18.61133,60.14799 18.60863,60.14801</coordinates></LinearRing></outerBoundaryIs></Polygon><Polygon><outerBoundaryIs><LinearRing><coordinates> 18.56328,60.15695 18.56254,60.15618 18.56662,60.15211 18.56766,60.15578 18.56328,60.15695</coordinates></LinearRing></outerBoundaryIs></Polygon><Polygon><outerBoundaryIs><LinearRing><coordinates> 18.78515,60.1137 18.78193,60.11287 18.78127,60.1117 18.78797,60.11117 18.78515,60.1137</coordinates></LinearRing></outerBoundaryIs></Polygon><Polygon><outerBoundaryIs><LinearRing><coordinates> 18.68462,60.13233 18.68535,60.12969 18.68765,60.1308 18.68577,60.13264 18.68462,60.13233</coordinates></LinearRing></outerBoundaryIs></Polygon><Polygon><outerBoundaryIs><LinearRing><coordinates> 18.57776,60.14909 18.57458,60.15377 18.56832,60.15357 18.57319,60.14816 18.57776,60.14909</coordinates></LinearRing></outerBoundaryIs></Polygon><Polygon><outerBoundaryIs><LinearRing><coordinates> 18.53749,60.16002 18.53324,60.16038 18.53472,60.15907 18.53605,60.15876 18.53749,60.16002</coordinates></LinearRing></outerBoundaryIs></Polygon><Polygon><outerBoundaryIs><LinearRing><coordinates> 18.61817,60.14295 18.61619,60.14344 18.61532,60.14253 18.61818,60.14233 18.61817,60.14295</coordinates></LinearRing></outerBoundaryIs></Polygon><Polygon><outerBoundaryIs><LinearRing><coordinates> 18.70019,60.12623 18.69856,60.12697 18.69708,60.12691 18.6977,60.12576 18.70019,60.12623</coordinates></LinearRing></outerBoundaryIs></Polygon><Polygon><outerBoundaryIs><LinearRing><coordinates> 18.52929,60.15647 18.52865,60.1586 18.52655,60.15931 18.52676,60.15758 18.52929,60.15647</coordinates></LinearRing></outerBoundaryIs></Polygon><Polygon><outerBoundaryIs><LinearRing><coordinates> 18.51905,60.15734 18.52233,60.15761 18.51803,60.1609 18.51424,60.16025 18.51905,60.15734</coordinates></LinearRing></outerBoundaryIs></Polygon><Polygon><outerBoundaryIs><LinearRing><coordinates> 18.54949,60.15193 18.54474,60.15163 18.54684,60.14513 18.55337,60.14658 18.54949,60.15193</coordinates></LinearRing></outerBoundaryIs></Polygon><Polygon><outerBoundaryIs><LinearRing><coordinates> 18.51118,60.15606 18.51184,60.15398 18.51546,60.156 18.51293,60.15843 18.51118,60.15606</coordinates></LinearRing></outerBoundaryIs></Polygon><Polygon><outerBoundaryIs><LinearRing><coordinates> 18.58526,60.14411 18.56787,60.14484 18.57594,60.13851 18.58172,60.14054 18.58526,60.14411</coordinates></LinearRing></outerBoundaryIs></Polygon><Polygon><outerBoundaryIs><LinearRing><coordinates> 18.55751,60.14195 18.55975,60.14169 18.55767,60.14392 18.55677,60.14393 18.55751,60.14195</coordinates></LinearRing></outerBoundaryIs></Polygon><Polygon><outerBoundaryIs><LinearRing><coordinates> 18.56549,60.14023 18.56712,60.14098 18.56341,60.14252 18.56399,60.14105 18.56549,60.14023</coordinates></LinearRing></outerBoundaryIs></Polygon><Polygon><outerBoundaryIs><LinearRing><coordinates> 18.55666,60.14116 18.5563,60.14021 18.55759,60.13937 18.5594,60.13984 18.55666,60.14116</coordinates></LinearRing></outerBoundaryIs></Polygon><Polygon><outerBoundaryIs><LinearRing><coordinates> 18.55457,60.14028 18.55352,60.14151 18.55146,60.14122 18.55341,60.1402 18.55457,60.14028</coordinates></LinearRing></outerBoundaryIs></Polygon><Polygon><outerBoundaryIs><LinearRing><coordinates> 18.56257,60.13733 18.56037,60.13737 18.56117,60.13619 18.56497,60.13555 18.56257,60.13733</coordinates></LinearRing></outerBoundaryIs></Polygon><Polygon><outerBoundaryIs><LinearRing><coordinates> 18.56083,60.12347 18.56448,60.12256 18.56432,60.12352 18.5624,60.1249 18.56083,60.12347</coordinates></LinearRing></outerBoundaryIs></Polygon><Polygon><outerBoundaryIs><LinearRing><coordinates> 18.56836,60.11901 18.56803,60.1181 18.57018,60.11713 18.57106,60.11818 18.56836,60.11901</coordinates></LinearRing></outerBoundaryIs></Polygon><Polygon><outerBoundaryIs><LinearRing><coordinates> 18.87105,59.93398 18.86972,59.93468 18.86909,59.93328 18.87109,59.93321 18.87105,59.93398</coordinates></LinearRing></outerBoundaryIs></Polygon><Polygon><outerBoundaryIs><LinearRing><coordinates> 18.90357,59.92169 18.90214,59.92207 18.90228,59.92053 18.90465,59.92026 18.90357,59.92169</coordinates></LinearRing></outerBoundaryIs></Polygon><Polygon><outerBoundaryIs><LinearRing><coordinates> 18.90952,59.91876 18.90645,59.91816 18.90724,59.91696 18.90988,59.91639 18.90952,59.91876</coordinates></LinearRing></outerBoundaryIs></Polygon><Polygon><outerBoundaryIs><LinearRing><coordinates> 19.09477,59.87767 19.09734,59.87795 19.09536,59.88075 19.09415,59.87853 19.09477,59.87767</coordinates></LinearRing></outerBoundaryIs></Polygon><Polygon><outerBoundaryIs><LinearRing><coordinates> 19.08148,59.88201 19.08123,59.88327 19.07962,59.8824 19.07953,59.88152 19.08148,59.88201</coordinates></LinearRing></outerBoundaryIs></Polygon><Polygon><outerBoundaryIs><LinearRing><coordinates> 18.91116,59.9144 18.91028,59.91588 18.90772,59.91513 18.90833,59.91396 18.91116,59.9144</coordinates></LinearRing></outerBoundaryIs></Polygon><Polygon><outerBoundaryIs><LinearRing><coordinates> 19.12585,59.86919 19.1272,59.8696 19.12795,59.87028 19.12633,59.87092 19.12585,59.86919</coordinates></LinearRing></outerBoundaryIs></Polygon><Polygon><outerBoundaryIs><LinearRing><coordinates> 19.12528,59.86847 19.12137,59.86851 19.12047,59.86718 19.12392,59.8671 19.12528,59.86847</coordinates></LinearRing></outerBoundaryIs></Polygon><Polygon><outerBoundaryIs><LinearRing><coordinates> 18.91753,59.90533 18.91883,59.90625 18.92288,59.9051 18.91491,59.90989 18.91753,59.90533</coordinates></LinearRing></outerBoundaryIs></Polygon><Polygon><outerBoundaryIs><LinearRing><coordinates> 19.114,59.86851 19.1115,59.86795 19.11327,59.86544 19.11618,59.86672 19.114,59.86851</coordinates></LinearRing></outerBoundaryIs></Polygon><Polygon><outerBoundaryIs><LinearRing><coordinates> 19.10283,59.86861 19.10623,59.86892 19.10709,59.86986 19.10185,59.86992 19.10283,59.86861</coordinates></LinearRing></outerBoundaryIs></Polygon><Polygon><outerBoundaryIs><LinearRing><coordinates> 18.93548,59.90353 18.93425,59.90221 18.93845,59.90167 18.9368,59.90328 18.93548,59.90353</coordinates></LinearRing></outerBoundaryIs></Polygon><Polygon><outerBoundaryIs><LinearRing><coordinates> 19.1455,59.85539 19.15387,59.85538 19.15516,59.85608 19.14893,59.85983 19.1455,59.85539</coordinates></LinearRing></outerBoundaryIs></Polygon><Polygon><outerBoundaryIs><LinearRing><coordinates> 18.92273,59.90084 18.92388,59.90115 18.92504,59.90298 18.9223,59.90354 18.92273,59.90084</coordinates></LinearRing></outerBoundaryIs></Polygon><Polygon><outerBoundaryIs><LinearRing><coordinates> 19.14477,59.85358 19.1451,59.85104 19.14959,59.85375 19.14673,59.8542 19.14477,59.85358</coordinates></LinearRing></outerBoundaryIs></Polygon><Polygon><outerBoundaryIs><LinearRing><coordinates> 18.93227,59.89612 18.93072,59.8967 18.93044,59.89546 18.93196,59.89554 18.93227,59.89612</coordinates></LinearRing></outerBoundaryIs></Polygon><Polygon><outerBoundaryIs><LinearRing><coordinates> 19.16496,59.84439 19.16671,59.84492 19.1667,59.84622 19.16574,59.84624 19.16496,59.84439</coordinates></LinearRing></outerBoundaryIs></Polygon><Polygon><outerBoundaryIs><LinearRing><coordinates> 19.14677,59.84488 19.15109,59.84585 19.15263,59.848 19.14335,59.84788 19.14677,59.84488</coordinates></LinearRing></outerBoundaryIs></Polygon><Polygon><outerBoundaryIs><LinearRing><coordinates> 19.15274,59.83964 19.15419,59.8396 19.15603,59.84264 19.15264,59.84216 19.15274,59.83964</coordinates></LinearRing></outerBoundaryIs></Polygon><Polygon><outerBoundaryIs><LinearRing><coordinates> 19.10169,59.8516 19.10356,59.85178 19.10289,59.8531 19.10229,59.85293 19.10169,59.8516</coordinates></LinearRing></outerBoundaryIs></Polygon><Polygon><outerBoundaryIs><LinearRing><coordinates> 19.15659,59.83785 19.15994,59.83794 19.15989,59.83974 19.15843,59.83966 19.15659,59.83785</coordinates></LinearRing></outerBoundaryIs></Polygon><Polygon><outerBoundaryIs><LinearRing><coordinates> 19.10323,59.84851 19.10552,59.84782 19.10665,59.85044 19.10308,59.85046 19.10323,59.84851</coordinates></LinearRing></outerBoundaryIs></Polygon><Polygon><outerBoundaryIs><LinearRing><coordinates> 19.13379,59.84246 19.14264,59.83452 19.14475,59.83286 19.15528,59.83457 19.13379,59.84246</coordinates></LinearRing></outerBoundaryIs></Polygon><Polygon><outerBoundaryIs><LinearRing><coordinates> 19.15285,59.83614 19.15504,59.83584 19.15627,59.83665 19.15265,59.83638 19.15285,59.83614</coordinates></LinearRing></outerBoundaryIs></Polygon><Polygon><outerBoundaryIs><LinearRing><coordinates> 19.36924,59.79153 19.37118,59.79102 19.37115,59.79265 19.3684,59.7929 19.36924,59.79153</coordinates></LinearRing></outerBoundaryIs></Polygon><Polygon><outerBoundaryIs><LinearRing><coordinates> 19.12313,59.83792 19.12652,59.84205 19.1209,59.84162 19.12095,59.83821 19.12313,59.83792</coordinates></LinearRing></outerBoundaryIs></Polygon><Polygon><outerBoundaryIs><LinearRing><coordinates> 18.9763,59.87087 18.973,59.87084 18.97241,59.87027 18.97472,59.86905 18.9763,59.87087</coordinates></LinearRing></outerBoundaryIs></Polygon><Polygon><outerBoundaryIs><LinearRing><coordinates> 19.13295,59.8392 19.13022,59.83967 19.13113,59.83638 19.13533,59.83594 19.13295,59.8392</coordinates></LinearRing></outerBoundaryIs></Polygon><Polygon><outerBoundaryIs><LinearRing><coordinates> 19.09732,59.84605 19.09749,59.84261 19.09995,59.84189 19.098,59.84614 19.09732,59.84605</coordinates></LinearRing></outerBoundaryIs></Polygon><Polygon><outerBoundaryIs><LinearRing><coordinates> 19.12776,59.83927 19.12658,59.83907 19.12545,59.83533 19.12842,59.83728 19.12776,59.83927</coordinates></LinearRing></outerBoundaryIs></Polygon><Polygon><outerBoundaryIs><LinearRing><coordinates> 19.09542,59.8434 19.09317,59.84235 19.09561,59.84179 19.09661,59.8425 19.09542,59.8434</coordinates></LinearRing></outerBoundaryIs></Polygon><Polygon><outerBoundaryIs><LinearRing><coordinates> 18.94224,59.86936 18.94713,59.86913 18.94679,59.87237 18.94215,59.86969 18.94224,59.86936</coordinates></LinearRing></outerBoundaryIs></Polygon><Polygon><outerBoundaryIs><LinearRing><coordinates> 19.11511,59.83569 19.11832,59.83539 19.12008,59.83759 19.11669,59.83824 19.11511,59.83569</coordinates></LinearRing></outerBoundaryIs></Polygon><Polygon><outerBoundaryIs><LinearRing><coordinates> 19.12998,59.82883 19.13929,59.8281 19.13915,59.83271 19.13363,59.83452 19.12998,59.82883</coordinates></LinearRing></outerBoundaryIs></Polygon><Polygon><outerBoundaryIs><LinearRing><coordinates> 19.12744,59.83265 19.12588,59.83027 19.12878,59.83026 19.12997,59.83337 19.12744,59.83265</coordinates></LinearRing></outerBoundaryIs></Polygon><Polygon><outerBoundaryIs><LinearRing><coordinates> 19.10773,59.81972 19.11673,59.82172 19.12138,59.8347 19.11926,59.83475 19.10773,59.81972</coordinates></LinearRing></outerBoundaryIs></Polygon><Polygon><outerBoundaryIs><LinearRing><coordinates> 19.151,59.82504 19.1559,59.82562 19.15778,59.8267 19.14779,59.82717 19.151,59.82504</coordinates></LinearRing></outerBoundaryIs></Polygon><Polygon><outerBoundaryIs><LinearRing><coordinates> 18.98866,59.85738 18.98933,59.85877 18.98828,59.85894 18.98765,59.85831 18.98866,59.85738</coordinates></LinearRing></outerBoundaryIs></Polygon><Polygon><outerBoundaryIs><LinearRing><coordinates> 19.25719,59.80381 19.24955,59.80203 19.24926,59.80136 19.26051,59.80249 19.25719,59.80381</coordinates></LinearRing></outerBoundaryIs></Polygon><Polygon><outerBoundaryIs><LinearRing><coordinates> 19.15885,59.82022 19.16034,59.82063 19.16045,59.82181 19.15705,59.82122 19.15885,59.82022</coordinates></LinearRing></outerBoundaryIs></Polygon><Polygon><outerBoundaryIs><LinearRing><coordinates> 18.96348,59.8598 18.96522,59.86037 18.96298,59.8612 18.96239,59.86003 18.96348,59.8598</coordinates></LinearRing></outerBoundaryIs></Polygon><Polygon><outerBoundaryIs><LinearRing><coordinates> 19.1418,59.82308 19.14136,59.82478 19.13977,59.82415 19.13971,59.82288 19.1418,59.82308</coordinates></LinearRing></outerBoundaryIs></Polygon><Polygon><outerBoundaryIs><LinearRing><coordinates> 18.9585,59.86072 18.95812,59.85855 18.95958,59.859 18.9601,59.86068 18.9585,59.86072</coordinates></LinearRing></outerBoundaryIs></Polygon><Polygon><outerBoundaryIs><LinearRing><coordinates> 19.12304,59.82644 19.12459,59.82687 19.12379,59.82784 19.12243,59.8274 19.12304,59.82644</coordinates></LinearRing></outerBoundaryIs></Polygon><Polygon><outerBoundaryIs><LinearRing><coordinates> 19.14174,59.81726 19.1478,59.81773 19.14805,59.8203 19.14252,59.82089 19.14174,59.81726</coordinates></LinearRing></outerBoundaryIs></Polygon><Polygon><outerBoundaryIs><LinearRing><coordinates> 19.12015,59.82448 19.11804,59.82362 19.11776,59.82296 19.12186,59.82327 19.12015,59.82448</coordinates></LinearRing></outerBoundaryIs></Polygon><Polygon><outerBoundaryIs><LinearRing><coordinates> 19.24383,59.79358 19.24455,59.79171 19.24927,59.79339 19.25105,59.79795 19.24383,59.79358</coordinates></LinearRing></outerBoundaryIs></Polygon><Polygon><outerBoundaryIs><LinearRing><coordinates> 19.26027,59.79194 19.26248,59.79525 19.25516,59.79319 19.25663,59.79231 19.26027,59.79194</coordinates></LinearRing></outerBoundaryIs></Polygon><Polygon><outerBoundaryIs><LinearRing><coordinates> 19.23895,59.79719 19.24102,59.79679 19.2425,59.79905 19.24022,59.79861 19.23895,59.79719</coordinates></LinearRing></outerBoundaryIs></Polygon><Polygon><outerBoundaryIs><LinearRing><coordinates> 19.23188,59.79684 19.23332,59.7996 19.23291,59.80095 19.2306,59.80024 19.23188,59.79684</coordinates></LinearRing></outerBoundaryIs></Polygon><Polygon><outerBoundaryIs><LinearRing><coordinates> 19.10837,59.8247 19.10584,59.82341 19.108,59.82284 19.10936,59.82356 19.10837,59.8247</coordinates></LinearRing></outerBoundaryIs></Polygon><Polygon><outerBoundaryIs><LinearRing><coordinates> 19.2709,59.78325 19.27201,59.79013 19.26358,59.78697 19.26254,59.78205 19.2709,59.78325</coordinates></LinearRing></outerBoundaryIs></Polygon><Polygon><outerBoundaryIs><LinearRing><coordinates> 19.13098,59.81544 19.13246,59.81703 19.12898,59.81672 19.12892,59.8161 19.13098,59.81544</coordinates></LinearRing></outerBoundaryIs></Polygon><Polygon><outerBoundaryIs><LinearRing><coordinates> 19.22618,59.79642 19.22662,59.79759 19.22488,59.79797 19.22426,59.79613 19.22618,59.79642</coordinates></LinearRing></outerBoundaryIs></Polygon><Polygon><outerBoundaryIs><LinearRing><coordinates> 19.12857,59.81352 19.13863,59.81385 19.13599,59.81537 19.13057,59.81466 19.12857,59.81352</coordinates></LinearRing></outerBoundaryIs></Polygon><Polygon><outerBoundaryIs><LinearRing><coordinates> 18.99887,59.84283 18.99757,59.84273 18.99778,59.84087 18.9992,59.8412 18.99887,59.84283</coordinates></LinearRing></outerBoundaryIs></Polygon><Polygon><outerBoundaryIs><LinearRing><coordinates> 18.94685,59.85305 18.94654,59.85168 18.94873,59.85181 18.94869,59.85285 18.94685,59.85305</coordinates></LinearRing></outerBoundaryIs></Polygon><Polygon><outerBoundaryIs><LinearRing><coordinates> 19.12618,59.81688 19.12485,59.81624 19.12592,59.8152 19.12733,59.81637 19.12618,59.81688</coordinates></LinearRing></outerBoundaryIs></Polygon><Polygon><outerBoundaryIs><LinearRing><coordinates> 19.10887,59.81147 19.11764,59.81103 19.11711,59.81857 19.11519,59.81474 19.10887,59.81147</coordinates></LinearRing></outerBoundaryIs></Polygon><Polygon><outerBoundaryIs><LinearRing><coordinates> 19.00281,59.84098 19.00082,59.8412 19.00086,59.83917 19.00267,59.83953 19.00281,59.84098</coordinates></LinearRing></outerBoundaryIs></Polygon><Polygon><outerBoundaryIs><LinearRing><coordinates> 19.41336,59.75714 19.41356,59.75606 19.41538,59.75634 19.41483,59.75732 19.41336,59.75714</coordinates></LinearRing></outerBoundaryIs></Polygon><Polygon><outerBoundaryIs><LinearRing><coordinates> 19.22902,59.79012 19.22893,59.79259 19.22768,59.79234 19.22685,59.78956 19.22902,59.79012</coordinates></LinearRing></outerBoundaryIs></Polygon><Polygon><outerBoundaryIs><LinearRing><coordinates> 19.4051,59.75157 19.40795,59.75228 19.40623,59.75508 19.40384,59.75233 19.4051,59.75157</coordinates></LinearRing></outerBoundaryIs></Polygon><Polygon><outerBoundaryIs><LinearRing><coordinates> 19.29432,59.77789 19.29228,59.77761 19.29285,59.77675 19.29422,59.77705 19.29432,59.77789</coordinates></LinearRing></outerBoundaryIs></Polygon><Polygon><outerBoundaryIs><LinearRing><coordinates> 19.02188,59.82466 19.03058,59.82603 19.03005,59.83126 19.02372,59.83116 19.02188,59.82466</coordinates></LinearRing></outerBoundaryIs></Polygon><Polygon><outerBoundaryIs><LinearRing><coordinates> 19.21385,59.7941 19.21057,59.79268 19.21308,59.79126 19.21277,59.79245 19.21385,59.7941</coordinates></LinearRing></outerBoundaryIs></Polygon><Polygon><outerBoundaryIs><LinearRing><coordinates> 19.41492,59.75081 19.41522,59.74822 19.41653,59.74909 19.41696,59.75116 19.41492,59.75081</coordinates></LinearRing></outerBoundaryIs></Polygon><Polygon><outerBoundaryIs><LinearRing><coordinates> 19.07719,59.81829 19.07873,59.81906 19.07752,59.82008 19.0762,59.81913 19.07719,59.81829</coordinates></LinearRing></outerBoundaryIs></Polygon><Polygon><outerBoundaryIs><LinearRing><coordinates> 19.29813,59.77519 19.29649,59.77552 19.2962,59.77395 19.29738,59.77359 19.29813,59.77519</coordinates></LinearRing></outerBoundaryIs></Polygon><Polygon><outerBoundaryIs><LinearRing><coordinates> 19.23386,59.78478 19.23734,59.78627 19.23717,59.78678 19.23336,59.78659 19.23386,59.78478</coordinates></LinearRing></outerBoundaryIs></Polygon><Polygon><outerBoundaryIs><LinearRing><coordinates> 19.01458,59.83107 19.01465,59.83164 19.01291,59.8317 19.01342,59.83088 19.01458,59.83107</coordinates></LinearRing></outerBoundaryIs></Polygon><Polygon><outerBoundaryIs><LinearRing><coordinates> 19.40785,59.74909 19.41061,59.74997 19.41192,59.75084 19.40451,59.75013 19.40785,59.74909</coordinates></LinearRing></outerBoundaryIs></Polygon><Polygon><outerBoundaryIs><LinearRing><coordinates> 19.22597,59.78379 19.22846,59.78418 19.23167,59.78753 19.22564,59.78734 19.22597,59.78379</coordinates></LinearRing></outerBoundaryIs></Polygon><Polygon><outerBoundaryIs><LinearRing><coordinates> 19.14498,59.80415 19.14188,59.80322 19.14168,59.80221 19.14701,59.80315 19.14498,59.80415</coordinates></LinearRing></outerBoundaryIs></Polygon><Polygon><outerBoundaryIs><LinearRing><coordinates> 19.292,59.77324 19.29177,59.77229 19.29298,59.77119 19.29344,59.77325 19.292,59.77324</coordinates></LinearRing></outerBoundaryIs></Polygon><Polygon><outerBoundaryIs><LinearRing><coordinates> 19.21135,59.78813 19.21263,59.7863 19.21418,59.78739 19.21378,59.78903 19.21135,59.78813</coordinates></LinearRing></outerBoundaryIs></Polygon><Polygon><outerBoundaryIs><LinearRing><coordinates> 19.25234,59.77996 19.25232,59.78075 19.24952,59.7806 19.25078,59.77894 19.25234,59.77996</coordinates></LinearRing></outerBoundaryIs></Polygon><Polygon><outerBoundaryIs><LinearRing><coordinates> 19.0306,59.81991 19.02958,59.82531 19.02577,59.82457 19.02402,59.82242 19.0306,59.81991</coordinates></LinearRing></outerBoundaryIs></Polygon><Polygon><outerBoundaryIs><LinearRing><coordinates> 19.20876,59.78662 19.20826,59.78843 19.20535,59.78705 19.20738,59.78615 19.20876,59.78662</coordinates></LinearRing></outerBoundaryIs></Polygon><Polygon><outerBoundaryIs><LinearRing><coordinates> 19.22008,59.78511 19.21992,59.78226 19.22227,59.78349 19.22092,59.78566 19.22008,59.78511</coordinates></LinearRing></outerBoundaryIs></Polygon><Polygon><outerBoundaryIs><LinearRing><coordinates> 19.39915,59.74667 19.39684,59.74909 19.39315,59.74778 19.39787,59.74496 19.39915,59.74667</coordinates></LinearRing></outerBoundaryIs></Polygon><Polygon><outerBoundaryIs><LinearRing><coordinates> 19.03746,59.81925 19.03839,59.82042 19.03677,59.8211 19.03622,59.81987 19.03746,59.81925</coordinates></LinearRing></outerBoundaryIs></Polygon><Polygon><outerBoundaryIs><LinearRing><coordinates> 19.04119,59.81989 19.03843,59.81406 19.04514,59.8093 19.04722,59.81632 19.04119,59.81989</coordinates></LinearRing></outerBoundaryIs></Polygon><Polygon><outerBoundaryIs><LinearRing><coordinates> 19.41076,59.74267 19.41361,59.74332 19.41365,59.74377 19.4091,59.7449 19.41076,59.74267</coordinates></LinearRing></outerBoundaryIs></Polygon><Polygon><outerBoundaryIs><LinearRing><coordinates> 19.23543,59.77564 19.2352,59.77206 19.24535,59.77692 19.24515,59.77827 19.23543,59.77564</coordinates></LinearRing></outerBoundaryIs></Polygon><Polygon><outerBoundaryIs><LinearRing><coordinates> 19.07759,59.8086 19.08181,59.80923 19.08293,59.81056 19.07963,59.81108 19.07759,59.8086</coordinates></LinearRing></outerBoundaryIs></Polygon><Polygon><outerBoundaryIs><LinearRing><coordinates> 19.37095,59.74966 19.3722,59.74901 19.37313,59.75022 19.37292,59.75129 19.37095,59.74966</coordinates></LinearRing></outerBoundaryIs></Polygon><Polygon><outerBoundaryIs><LinearRing><coordinates> 19.0563,59.81538 19.05575,59.81418 19.05677,59.81337 19.05812,59.81508 19.0563,59.81538</coordinates></LinearRing></outerBoundaryIs></Polygon><Polygon><outerBoundaryIs><LinearRing><coordinates> 19.21972,59.77895 19.21906,59.78143 19.218,59.78196 19.21614,59.77999 19.21972,59.77895</coordinates></LinearRing></outerBoundaryIs></Polygon><Polygon><outerBoundaryIs><LinearRing><coordinates> 19.06336,59.81234 19.06127,59.8131 19.05862,59.80915 19.05887,59.80825 19.06336,59.81234</coordinates></LinearRing></outerBoundaryIs></Polygon><Polygon><outerBoundaryIs><LinearRing><coordinates> 19.29592,59.76354 19.29581,59.76467 19.29138,59.76382 19.29166,59.76213 19.29592,59.76354</coordinates></LinearRing></outerBoundaryIs></Polygon><Polygon><outerBoundaryIs><LinearRing><coordinates> 19.04885,59.81193 19.05043,59.81282 19.05033,59.81391 19.04808,59.81287 19.04885,59.81193</coordinates></LinearRing></outerBoundaryIs></Polygon><Polygon><outerBoundaryIs><LinearRing><coordinates> 19.38073,59.74583 19.38027,59.74663 19.37853,59.74607 19.37875,59.74511 19.38073,59.74583</coordinates></LinearRing></outerBoundaryIs></Polygon><Polygon><outerBoundaryIs><LinearRing><coordinates> 19.05313,59.81012 19.05476,59.80799 19.05784,59.81041 19.05459,59.81273 19.05313,59.81012</coordinates></LinearRing></outerBoundaryIs></Polygon><Polygon><outerBoundaryIs><LinearRing><coordinates> 19.19997,59.78319 19.16751,59.76576 19.18212,59.76149 19.17913,59.7667 19.19997,59.78319</coordinates></LinearRing></outerBoundaryIs></Polygon><Polygon><outerBoundaryIs><LinearRing><coordinates> 19.42991,59.73408 19.42935,59.73629 19.42824,59.73626 19.42816,59.73329 19.42991,59.73408</coordinates></LinearRing></outerBoundaryIs></Polygon><Polygon><outerBoundaryIs><LinearRing><coordinates> 19.39785,59.73592 19.4023,59.74148 19.39934,59.73965 19.39964,59.73829 19.39785,59.73592</coordinates></LinearRing></outerBoundaryIs></Polygon><Polygon><outerBoundaryIs><LinearRing><coordinates> 19.21722,59.77491 19.2232,59.77577 19.22405,59.77766 19.21159,59.77897 19.21722,59.77491</coordinates></LinearRing></outerBoundaryIs></Polygon><Polygon><outerBoundaryIs><LinearRing><coordinates> 19.24695,59.77181 19.24618,59.77093 19.24796,59.77094 19.24817,59.77178 19.24695,59.77181</coordinates></LinearRing></outerBoundaryIs></Polygon><Polygon><outerBoundaryIs><LinearRing><coordinates> 19.06856,59.80777 19.06709,59.80735 19.06688,59.806 19.06913,59.80607 19.06856,59.80777</coordinates></LinearRing></outerBoundaryIs></Polygon><Polygon><outerBoundaryIs><LinearRing><coordinates> 19.38635,59.74162 19.38857,59.74161 19.38916,59.74182 19.38566,59.74327 19.38635,59.74162</coordinates></LinearRing></outerBoundaryIs></Polygon><Polygon><outerBoundaryIs><LinearRing><coordinates> 19.28489,59.75994 19.28403,59.76254 19.28205,59.76164 19.28164,59.75974 19.28489,59.75994</coordinates></LinearRing></outerBoundaryIs></Polygon><Polygon><outerBoundaryIs><LinearRing><coordinates> 19.3695,59.74309 19.37036,59.74188 19.37207,59.74222 19.37135,59.7437 19.3695,59.74309</coordinates></LinearRing></outerBoundaryIs></Polygon><Polygon><outerBoundaryIs><LinearRing><coordinates> 19.24569,59.76859 19.24522,59.76934 19.24399,59.76932 19.2439,59.76853 19.24569,59.76859</coordinates></LinearRing></outerBoundaryIs></Polygon><Polygon><outerBoundaryIs><LinearRing><coordinates> 19.38059,59.7409 19.37948,59.74093 19.37896,59.73932 19.38147,59.73986 19.38059,59.7409</coordinates></LinearRing></outerBoundaryIs></Polygon><Polygon><outerBoundaryIs><LinearRing><coordinates> 19.09215,59.79798 19.09088,59.78878 19.09737,59.79174 19.0945,59.7981 19.09215,59.79798</coordinates></LinearRing></outerBoundaryIs></Polygon><Polygon><outerBoundaryIs><LinearRing><coordinates> 19.41365,59.73074 19.41494,59.73096 19.41454,59.73268 19.41366,59.73271 19.41365,59.73074</coordinates></LinearRing></outerBoundaryIs></Polygon><Polygon><outerBoundaryIs><LinearRing><coordinates> 19.0391,59.80735 19.04092,59.8069 19.04212,59.80784 19.04037,59.80819 19.0391,59.80735</coordinates></LinearRing></outerBoundaryIs></Polygon><Polygon><outerBoundaryIs><LinearRing><coordinates> 19.36897,59.73957 19.37044,59.73975 19.37028,59.74121 19.3687,59.74103 19.36897,59.73957</coordinates></LinearRing></outerBoundaryIs></Polygon><Polygon><outerBoundaryIs><LinearRing><coordinates> 19.34482,59.74428 19.34671,59.74422 19.34621,59.74564 19.34563,59.74548 19.34482,59.74428</coordinates></LinearRing></outerBoundaryIs></Polygon><Polygon><outerBoundaryIs><LinearRing><coordinates> 19.43306,59.72757 19.43201,59.72715 19.43133,59.72605 19.4334,59.72571 19.43306,59.72757</coordinates></LinearRing></outerBoundaryIs></Polygon><Polygon><outerBoundaryIs><LinearRing><coordinates> 19.40777,59.73188 19.40934,59.73104 19.40981,59.73215 19.4083,59.73259 19.40777,59.73188</coordinates></LinearRing></outerBoundaryIs></Polygon><Polygon><outerBoundaryIs><LinearRing><coordinates> 19.3893,59.73368 19.39041,59.73364 19.39073,59.73542 19.38906,59.73537 19.3893,59.73368</coordinates></LinearRing></outerBoundaryIs></Polygon><Polygon><outerBoundaryIs><LinearRing><coordinates> 19.24571,59.76489 19.24379,59.76466 19.24381,59.76388 19.24585,59.76326 19.24571,59.76489</coordinates></LinearRing></outerBoundaryIs></Polygon><Polygon><outerBoundaryIs><LinearRing><coordinates> 19.22644,59.76876 19.22485,59.76847 19.22505,59.76729 19.22662,59.76741 19.22644,59.76876</coordinates></LinearRing></outerBoundaryIs></Polygon><Polygon><outerBoundaryIs><LinearRing><coordinates> 19.16055,59.78187 19.15953,59.78168 19.15835,59.77991 19.16085,59.78062 19.16055,59.78187</coordinates></LinearRing></outerBoundaryIs></Polygon><Polygon><outerBoundaryIs><LinearRing><coordinates> 19.23052,59.76498 19.2333,59.76385 19.23442,59.76629 19.23216,59.76702 19.23052,59.76498</coordinates></LinearRing></outerBoundaryIs></Polygon><Polygon><outerBoundaryIs><LinearRing><coordinates> 19.3437,59.74414 19.34099,59.74388 19.33842,59.74374 19.3378,59.74319 19.3437,59.74414</coordinates></LinearRing></outerBoundaryIs></Polygon><Polygon><outerBoundaryIs><LinearRing><coordinates> 19.40936,59.7299 19.40603,59.73105 19.40407,59.72919 19.40973,59.72916 19.40936,59.7299</coordinates></LinearRing></outerBoundaryIs></Polygon><Polygon><outerBoundaryIs><LinearRing><coordinates> 19.37666,59.73501 19.37746,59.73515 19.37874,59.73657 19.37596,59.73655 19.37666,59.73501</coordinates></LinearRing></outerBoundaryIs></Polygon><Polygon><outerBoundaryIs><LinearRing><coordinates> 19.3194,59.74767 19.32047,59.7463 19.32167,59.74615 19.32115,59.74835 19.3194,59.74767</coordinates></LinearRing></outerBoundaryIs></Polygon><Polygon><outerBoundaryIs><LinearRing><coordinates> 19.42474,59.72698 19.41665,59.72718 19.41729,59.72369 19.42261,59.72461 19.42474,59.72698</coordinates></LinearRing></outerBoundaryIs></Polygon><Polygon><outerBoundaryIs><LinearRing><coordinates> 19.40006,59.7306 19.40094,59.73057 19.40064,59.73176 19.39929,59.73163 19.40006,59.7306</coordinates></LinearRing></outerBoundaryIs></Polygon><Polygon><outerBoundaryIs><LinearRing><coordinates> 19.15179,59.78237 19.15125,59.78089 19.15344,59.78103 19.15411,59.78164 19.15179,59.78237</coordinates></LinearRing></outerBoundaryIs></Polygon><Polygon><outerBoundaryIs><LinearRing><coordinates> 19.22735,59.76503 19.225,59.76589 19.22464,59.76472 19.22788,59.76378 19.22735,59.76503</coordinates></LinearRing></outerBoundaryIs></Polygon><Polygon><outerBoundaryIs><LinearRing><coordinates> 19.14795,59.77932 19.14872,59.77991 19.14735,59.78144 19.14626,59.78059 19.14795,59.77932</coordinates></LinearRing></outerBoundaryIs></Polygon><Polygon><outerBoundaryIs><LinearRing><coordinates> 19.38549,59.73023 19.38673,59.73256 19.38224,59.73104 19.38405,59.73027 19.38549,59.73023</coordinates></LinearRing></outerBoundaryIs></Polygon><Polygon><outerBoundaryIs><LinearRing><coordinates> 19.21978,59.76502 19.22194,59.76446 19.22211,59.76591 19.21955,59.76599 19.21978,59.76502</coordinates></LinearRing></outerBoundaryIs></Polygon><Polygon><outerBoundaryIs><LinearRing><coordinates> 19.31987,59.74502 19.32156,59.74424 19.32169,59.74531 19.32026,59.74546 19.31987,59.74502</coordinates></LinearRing></outerBoundaryIs></Polygon><Polygon><outerBoundaryIs><LinearRing><coordinates> 19.38647,59.72886 19.38738,59.72793 19.39319,59.72717 19.39984,59.72913 19.38647,59.72886</coordinates></LinearRing></outerBoundaryIs></Polygon><Polygon><outerBoundaryIs><LinearRing><coordinates> 19.44842,59.7175 19.44959,59.71887 19.44859,59.7189 19.44757,59.7187 19.44842,59.7175</coordinates></LinearRing></outerBoundaryIs></Polygon><Polygon><outerBoundaryIs><LinearRing><coordinates> 19.3164,59.74551 19.31368,59.74496 19.32233,59.74132 19.31799,59.74581 19.3164,59.74551</coordinates></LinearRing></outerBoundaryIs></Polygon><Polygon><outerBoundaryIs><LinearRing><coordinates> 19.33955,59.74107 19.33775,59.74089 19.3367,59.73953 19.33811,59.7392 19.33955,59.74107</coordinates></LinearRing></outerBoundaryIs></Polygon><Polygon><outerBoundaryIs><LinearRing><coordinates> 19.41585,59.7226 19.41478,59.72515 19.41247,59.72437 19.41314,59.7211 19.41585,59.7226</coordinates></LinearRing></outerBoundaryIs></Polygon><Polygon><outerBoundaryIs><LinearRing><coordinates> 19.191,59.76945 19.19135,59.76823 19.19421,59.76835 19.19494,59.76984 19.191,59.76945</coordinates></LinearRing></outerBoundaryIs></Polygon><Polygon><outerBoundaryIs><LinearRing><coordinates> 19.19904,59.75929 19.20703,59.76729 19.19728,59.76539 19.19569,59.76144 19.19904,59.75929</coordinates></LinearRing></outerBoundaryIs></Polygon><Polygon><outerBoundaryIs><LinearRing><coordinates> 19.06999,59.79322 19.06993,59.78999 19.07773,59.79006 19.08083,59.79241 19.06999,59.79322</coordinates></LinearRing></outerBoundaryIs></Polygon><Polygon><outerBoundaryIs><LinearRing><coordinates> 19.09445,59.77063 19.10453,59.78719 19.06228,59.78183 19.0792,59.76984 19.09445,59.77063</coordinates></LinearRing></outerBoundaryIs></Polygon><Polygon><outerBoundaryIs><LinearRing><coordinates> 19.14891,59.778 19.12313,59.7762 19.12662,59.76943 19.13742,59.76962 19.14891,59.778</coordinates></LinearRing></outerBoundaryIs></Polygon><Polygon><outerBoundaryIs><LinearRing><coordinates> 19.34962,59.73614 19.34837,59.73707 19.34586,59.7364 19.3463,59.73516 19.34962,59.73614</coordinates></LinearRing></outerBoundaryIs></Polygon><Polygon><outerBoundaryIs><LinearRing><coordinates> 19.37724,59.73106 19.37495,59.7282 19.38042,59.72839 19.37977,59.72965 19.37724,59.73106</coordinates></LinearRing></outerBoundaryIs></Polygon><Polygon><outerBoundaryIs><LinearRing><coordinates> 19.21462,59.76161 19.21755,59.76198 19.21787,59.7631 19.21364,59.76309 19.21462,59.76161</coordinates></LinearRing></outerBoundaryIs></Polygon><Polygon><outerBoundaryIs><LinearRing><coordinates> 19.34227,59.73492 19.34474,59.73632 19.34471,59.7371 19.34137,59.73713 19.34227,59.73492</coordinates></LinearRing></outerBoundaryIs></Polygon><Polygon><outerBoundaryIs><LinearRing><coordinates> 19.23466,59.75949 19.23175,59.75922 19.22919,59.75929 19.23027,59.75656 19.23466,59.75949</coordinates></LinearRing></outerBoundaryIs></Polygon><Polygon><outerBoundaryIs><LinearRing><coordinates> 19.35153,59.73306 19.35465,59.73197 19.35901,59.73225 19.36056,59.73322 19.35153,59.73306</coordinates></LinearRing></outerBoundaryIs></Polygon><Polygon><outerBoundaryIs><LinearRing><coordinates> 19.24833,59.75572 19.24493,59.75616 19.24555,59.75479 19.24666,59.75481 19.24833,59.75572</coordinates></LinearRing></outerBoundaryIs></Polygon><Polygon><outerBoundaryIs><LinearRing><coordinates> 19.40099,59.7226 19.40255,59.72261 19.40279,59.72367 19.40067,59.72451 19.40099,59.7226</coordinates></LinearRing></outerBoundaryIs></Polygon><Polygon><outerBoundaryIs><LinearRing><coordinates> 19.31071,59.74277 19.30961,59.74101 19.31152,59.74105 19.31197,59.74217 19.31071,59.74277</coordinates></LinearRing></outerBoundaryIs></Polygon><Polygon><outerBoundaryIs><LinearRing><coordinates> 19.38969,59.72333 19.39511,59.72526 19.38369,59.72556 19.38519,59.72271 19.38969,59.72333</coordinates></LinearRing></outerBoundaryIs></Polygon><Polygon><outerBoundaryIs><LinearRing><coordinates> 19.33942,59.73645 19.33423,59.73574 19.3367,59.73365 19.33868,59.73349 19.33942,59.73645</coordinates></LinearRing></outerBoundaryIs></Polygon><Polygon><outerBoundaryIs><LinearRing><coordinates> 19.1905,59.76604 19.19129,59.76518 19.19313,59.76568 19.19232,59.76638 19.1905,59.76604</coordinates></LinearRing></outerBoundaryIs></Polygon><Polygon><outerBoundaryIs><LinearRing><coordinates> 19.18942,59.76635 19.1885,59.76705 19.1864,59.76723 19.18665,59.76643 19.18942,59.76635</coordinates></LinearRing></outerBoundaryIs></Polygon><Polygon><outerBoundaryIs><LinearRing><coordinates> 18.99509,59.80577 18.99263,59.8065 18.99168,59.80546 18.99294,59.80456 18.99509,59.80577</coordinates></LinearRing></outerBoundaryIs></Polygon><Polygon><outerBoundaryIs><LinearRing><coordinates> 19.43267,59.71501 19.43408,59.71569 19.43395,59.71643 19.43246,59.71608 19.43267,59.71501</coordinates></LinearRing></outerBoundaryIs></Polygon><Polygon><outerBoundaryIs><LinearRing><coordinates> 19.35797,59.7303 19.36052,59.73112 19.36031,59.73124 19.35899,59.73149 19.35797,59.7303</coordinates></LinearRing></outerBoundaryIs></Polygon><Polygon><outerBoundaryIs><LinearRing><coordinates> 19.40565,59.7206 19.40525,59.72196 19.40344,59.72168 19.4039,59.72083 19.40565,59.7206</coordinates></LinearRing></outerBoundaryIs></Polygon><Polygon><outerBoundaryIs><LinearRing><coordinates> 19.31469,59.7405 19.31088,59.7402 19.31236,59.73831 19.31486,59.73999 19.31469,59.7405</coordinates></LinearRing></outerBoundaryIs></Polygon><Polygon><outerBoundaryIs><LinearRing><coordinates> 19.0772,59.78868 19.07752,59.78748 19.07861,59.78763 19.07899,59.78821 19.0772,59.78868</coordinates></LinearRing></outerBoundaryIs></Polygon><Polygon><outerBoundaryIs><LinearRing><coordinates> 19.15375,59.7726 19.15362,59.7712 19.15581,59.77076 19.15585,59.7725 19.15375,59.7726</coordinates></LinearRing></outerBoundaryIs></Polygon><Polygon><outerBoundaryIs><LinearRing><coordinates> 19.31932,59.73651 19.32125,59.73679 19.32287,59.73831 19.31957,59.73768 19.31932,59.73651</coordinates></LinearRing></outerBoundaryIs></Polygon><Polygon><outerBoundaryIs><LinearRing><coordinates> 19.19479,59.76291 19.1952,59.76428 19.19232,59.7634 19.19354,59.76242 19.19479,59.76291</coordinates></LinearRing></outerBoundaryIs></Polygon><Polygon><outerBoundaryIs><LinearRing><coordinates> 19.00445,59.79692 19.00925,59.79417 19.01053,59.8011 19.00595,59.80222 19.00445,59.79692</coordinates></LinearRing></outerBoundaryIs></Polygon><Polygon><outerBoundaryIs><LinearRing><coordinates> 19.06078,59.78872 19.06373,59.78809 19.06646,59.78994 19.06029,59.78946 19.06078,59.78872</coordinates></LinearRing></outerBoundaryIs></Polygon><Polygon><outerBoundaryIs><LinearRing><coordinates> 19.07234,59.78698 19.07398,59.78769 19.07262,59.78866 19.07142,59.78769 19.07234,59.78698</coordinates></LinearRing></outerBoundaryIs></Polygon><Polygon><outerBoundaryIs><LinearRing><coordinates> 19.30335,59.73979 19.30468,59.73975 19.30445,59.74161 19.30293,59.74092 19.30335,59.73979</coordinates></LinearRing></outerBoundaryIs></Polygon><Polygon><outerBoundaryIs><LinearRing><coordinates> 19.34583,59.73045 19.34691,59.73121 19.34389,59.73331 19.3427,59.7303 19.34583,59.73045</coordinates></LinearRing></outerBoundaryIs></Polygon><Polygon><outerBoundaryIs><LinearRing><coordinates> 19.23308,59.75572 19.2305,59.75557 19.23248,59.75438 19.23325,59.75431 19.23308,59.75572</coordinates></LinearRing></outerBoundaryIs></Polygon><Polygon><outerBoundaryIs><LinearRing><coordinates> 19.41017,59.71845 19.40878,59.71894 19.40838,59.71738 19.40973,59.71756 19.41017,59.71845</coordinates></LinearRing></outerBoundaryIs></Polygon><Polygon><outerBoundaryIs><LinearRing><coordinates> 19.40489,59.71889 19.40473,59.71945 19.40171,59.71932 19.40314,59.71827 19.40489,59.71889</coordinates></LinearRing></outerBoundaryIs></Polygon><Polygon><outerBoundaryIs><LinearRing><coordinates> 19.29795,59.74103 19.29744,59.73924 19.30072,59.73978 19.30076,59.74023 19.29795,59.74103</coordinates></LinearRing></outerBoundaryIs></Polygon><Polygon><outerBoundaryIs><LinearRing><coordinates> 19.3077,59.73725 19.30731,59.73894 19.30551,59.73876 19.30575,59.73662 19.3077,59.73725</coordinates></LinearRing></outerBoundaryIs></Polygon><Polygon><outerBoundaryIs><LinearRing><coordinates> 19.15281,59.76606 19.15519,59.76971 19.14909,59.77041 19.1439,59.76481 19.15281,59.76606</coordinates></LinearRing></outerBoundaryIs></Polygon><Polygon><outerBoundaryIs><LinearRing><coordinates> 19.20103,59.75918 19.19958,59.75698 19.20121,59.75632 19.20562,59.75941 19.20103,59.75918</coordinates></LinearRing></outerBoundaryIs></Polygon><Polygon><outerBoundaryIs><LinearRing><coordinates> 19.31406,59.73717 19.31336,59.73691 19.31244,59.73564 19.31491,59.73591 19.31406,59.73717</coordinates></LinearRing></outerBoundaryIs></Polygon><Polygon><outerBoundaryIs><LinearRing><coordinates> 19.39774,59.71961 19.39627,59.71937 19.39534,59.71811 19.3971,59.71795 19.39774,59.71961</coordinates></LinearRing></outerBoundaryIs></Polygon><Polygon><outerBoundaryIs><LinearRing><coordinates> 19.21136,59.75433 19.20943,59.75803 19.20462,59.75708 19.20212,59.75539 19.21136,59.75433</coordinates></LinearRing></outerBoundaryIs></Polygon><Polygon><outerBoundaryIs><LinearRing><coordinates> 19.33951,59.73124 19.33646,59.73089 19.33662,59.73038 19.33883,59.7302 19.33951,59.73124</coordinates></LinearRing></outerBoundaryIs></Polygon><Polygon><outerBoundaryIs><LinearRing><coordinates> 19.19395,59.7607 19.18724,59.75805 19.19742,59.75393 19.19764,59.75782 19.19395,59.7607</coordinates></LinearRing></outerBoundaryIs></Polygon><Polygon><outerBoundaryIs><LinearRing><coordinates> 19.15705,59.76654 19.15886,59.76697 19.15915,59.76764 19.15786,59.76798 19.15705,59.76654</coordinates></LinearRing></outerBoundaryIs></Polygon><Polygon><outerBoundaryIs><LinearRing><coordinates> 19.40692,59.71671 19.40653,59.71391 19.41202,59.71439 19.41323,59.71536 19.40692,59.71671</coordinates></LinearRing></outerBoundaryIs></Polygon><Polygon><outerBoundaryIs><LinearRing><coordinates> 19.18754,59.76119 19.18449,59.76076 19.18425,59.75936 19.18803,59.75933 19.18754,59.76119</coordinates></LinearRing></outerBoundaryIs></Polygon><Polygon><outerBoundaryIs><LinearRing><coordinates> 19.31077,59.73139 19.3193,59.72972 19.32329,59.73304 19.31479,59.73477 19.31077,59.73139</coordinates></LinearRing></outerBoundaryIs></Polygon><Polygon><outerBoundaryIs><LinearRing><coordinates> 19.21872,59.75378 19.21911,59.75427 19.21504,59.75473 19.2163,59.75306 19.21872,59.75378</coordinates></LinearRing></outerBoundaryIs></Polygon><Polygon><outerBoundaryIs><LinearRing><coordinates> 19.3767,59.72126 19.37569,59.72213 19.37408,59.72167 19.37354,59.72085 19.3767,59.72126</coordinates></LinearRing></outerBoundaryIs></Polygon><Polygon><outerBoundaryIs><LinearRing><coordinates> 19.10319,59.77374 19.10478,59.77465 19.10506,59.77713 19.10118,59.77609 19.10319,59.77374</coordinates></LinearRing></outerBoundaryIs></Polygon><Polygon><outerBoundaryIs><LinearRing><coordinates> 19.38645,59.71976 19.38681,59.71784 19.38843,59.71741 19.3897,59.719 19.38645,59.71976</coordinates></LinearRing></outerBoundaryIs></Polygon><Polygon><outerBoundaryIs><LinearRing><coordinates> 19.29622,59.73686 19.29753,59.73665 19.29822,59.73783 19.29618,59.73742 19.29622,59.73686</coordinates></LinearRing></outerBoundaryIs></Polygon><Polygon><outerBoundaryIs><LinearRing><coordinates> 19.34368,59.72702 19.3425,59.72829 19.33975,59.72759 19.33934,59.72698 19.34368,59.72702</coordinates></LinearRing></outerBoundaryIs></Polygon><Polygon><outerBoundaryIs><LinearRing><coordinates> 19.15882,59.76408 19.1595,59.76359 19.16057,59.76413 19.15941,59.76535 19.15882,59.76408</coordinates></LinearRing></outerBoundaryIs></Polygon><Polygon><outerBoundaryIs><LinearRing><coordinates> 19.32511,59.72665 19.3287,59.72695 19.32902,59.73025 19.32478,59.72896 19.32511,59.72665</coordinates></LinearRing></outerBoundaryIs></Polygon><Polygon><outerBoundaryIs><LinearRing><coordinates> 19.01598,59.79222 19.01769,59.79269 19.01545,59.79375 19.01346,59.79306 19.01598,59.79222</coordinates></LinearRing></outerBoundaryIs></Polygon><Polygon><outerBoundaryIs><LinearRing><coordinates> 19.16303,59.76347 19.16146,59.7631 19.16142,59.76182 19.1626,59.76176 19.16303,59.76347</coordinates></LinearRing></outerBoundaryIs></Polygon><Polygon><outerBoundaryIs><LinearRing><coordinates> 19.13199,59.76747 19.13328,59.76841 19.13253,59.76953 19.13148,59.76862 19.13199,59.76747</coordinates></LinearRing></outerBoundaryIs></Polygon><Polygon><outerBoundaryIs><LinearRing><coordinates> 19.29494,59.73638 19.28922,59.73709 19.2915,59.73529 19.29451,59.73539 19.29494,59.73638</coordinates></LinearRing></outerBoundaryIs></Polygon><Polygon><outerBoundaryIs><LinearRing><coordinates> 19.40233,59.71199 19.40344,59.71197 19.40485,59.71266 19.40122,59.71416 19.40233,59.71199</coordinates></LinearRing></outerBoundaryIs></Polygon><Polygon><outerBoundaryIs><LinearRing><coordinates> 19.30252,59.73316 19.30242,59.7344 19.29916,59.73409 19.30072,59.73299 19.30252,59.73316</coordinates></LinearRing></outerBoundaryIs></Polygon><Polygon><outerBoundaryIs><LinearRing><coordinates> 19.40441,59.7116 19.40399,59.71077 19.40927,59.71137 19.40717,59.7126 19.40441,59.7116</coordinates></LinearRing></outerBoundaryIs></Polygon><Polygon><outerBoundaryIs><LinearRing><coordinates> 19.15665,59.76057 19.15975,59.76168 19.15505,59.76381 19.15496,59.76144 19.15665,59.76057</coordinates></LinearRing></outerBoundaryIs></Polygon><Polygon><outerBoundaryIs><LinearRing><coordinates> 19.38691,59.7164 19.38518,59.71685 19.38576,59.71515 19.38698,59.71511 19.38691,59.7164</coordinates></LinearRing></outerBoundaryIs></Polygon><Polygon><outerBoundaryIs><LinearRing><coordinates> 18.99578,59.78296 19.01818,59.78818 19.01594,59.79171 19.00329,59.79035 18.99578,59.78296</coordinates></LinearRing></outerBoundaryIs></Polygon><Polygon><outerBoundaryIs><LinearRing><coordinates> 19.14856,59.75859 19.15367,59.7598 19.15357,59.76345 19.14355,59.76223 19.14856,59.75859</coordinates></LinearRing></outerBoundaryIs></Polygon><Polygon><outerBoundaryIs><LinearRing><coordinates> 19.14087,59.76562 19.13873,59.76562 19.13874,59.76426 19.14053,59.76408 19.14087,59.76562</coordinates></LinearRing></outerBoundaryIs></Polygon><Polygon><outerBoundaryIs><LinearRing><coordinates> 19.10193,59.77325 19.10134,59.77195 19.10264,59.7721 19.10318,59.77289 19.10193,59.77325</coordinates></LinearRing></outerBoundaryIs></Polygon><Polygon><outerBoundaryIs><LinearRing><coordinates> 19.10781,59.7704 19.10908,59.76992 19.11003,59.77041 19.10868,59.77155 19.10781,59.7704</coordinates></LinearRing></outerBoundaryIs></Polygon><Polygon><outerBoundaryIs><LinearRing><coordinates> 19.39237,59.71017 19.39233,59.71197 19.39119,59.71391 19.38851,59.71263 19.39237,59.71017</coordinates></LinearRing></outerBoundaryIs></Polygon><Polygon><outerBoundaryIs><LinearRing><coordinates> 19.02239,59.78792 19.01971,59.7841 19.02516,59.78527 19.02465,59.78796 19.02239,59.78792</coordinates></LinearRing></outerBoundaryIs></Polygon><Polygon><outerBoundaryIs><LinearRing><coordinates> 19.16174,59.76028 19.15559,59.75891 19.15552,59.75807 19.15772,59.75662 19.16174,59.76028</coordinates></LinearRing></outerBoundaryIs></Polygon><Polygon><outerBoundaryIs><LinearRing><coordinates> 19.12966,59.76492 19.12908,59.76177 19.13556,59.76253 19.1371,59.76469 19.12966,59.76492</coordinates></LinearRing></outerBoundaryIs></Polygon><Polygon><outerBoundaryIs><LinearRing><coordinates> 19.39161,59.70587 19.40303,59.70451 19.40814,59.70892 19.39731,59.70842 19.39161,59.70587</coordinates></LinearRing></outerBoundaryIs></Polygon><Polygon><outerBoundaryIs><LinearRing><coordinates> 19.2609,59.73622 19.26141,59.73806 19.25804,59.73769 19.25859,59.7365 19.2609,59.73622</coordinates></LinearRing></outerBoundaryIs></Polygon><Polygon><outerBoundaryIs><LinearRing><coordinates> 19.2035,59.74916 19.20088,59.74964 19.20149,59.7481 19.20324,59.74878 19.2035,59.74916</coordinates></LinearRing></outerBoundaryIs></Polygon><Polygon><outerBoundaryIs><LinearRing><coordinates> 19.30137,59.72825 19.30025,59.72935 19.29549,59.72947 19.29492,59.72825 19.30137,59.72825</coordinates></LinearRing></outerBoundaryIs></Polygon><Polygon><outerBoundaryIs><LinearRing><coordinates> 19.19363,59.74673 19.19733,59.74703 19.1964,59.75014 19.1938,59.74976 19.19363,59.74673</coordinates></LinearRing></outerBoundaryIs></Polygon><Polygon><outerBoundaryIs><LinearRing><coordinates> 19.38194,59.70915 19.38277,59.71194 19.37885,59.71052 19.38,59.70976 19.38194,59.70915</coordinates></LinearRing></outerBoundaryIs></Polygon><Polygon><outerBoundaryIs><LinearRing><coordinates> 19.27276,59.73244 19.27196,59.73449 19.26938,59.73303 19.27049,59.73188 19.27276,59.73244</coordinates></LinearRing></outerBoundaryIs></Polygon><Polygon><outerBoundaryIs><LinearRing><coordinates> 19.39104,59.70908 19.3886,59.71016 19.38735,59.70884 19.38527,59.708 19.39104,59.70908</coordinates></LinearRing></outerBoundaryIs></Polygon><Polygon><outerBoundaryIs><LinearRing><coordinates> 19.33087,59.71971 19.33191,59.7212 19.32924,59.72121 19.32929,59.72053 19.33087,59.71971</coordinates></LinearRing></outerBoundaryIs></Polygon><Polygon><outerBoundaryIs><LinearRing><coordinates> 19.18263,59.7516 19.17845,59.75081 19.17957,59.74982 19.18367,59.75084 19.18263,59.7516</coordinates></LinearRing></outerBoundaryIs></Polygon><Polygon><outerBoundaryIs><LinearRing><coordinates> 19.24344,59.73844 19.23989,59.73853 19.24047,59.73649 19.2432,59.7371 19.24344,59.73844</coordinates></LinearRing></outerBoundaryIs></Polygon><Polygon><outerBoundaryIs><LinearRing><coordinates> 19.20047,59.74695 19.19941,59.74642 19.20082,59.7461 19.20134,59.74676 19.20047,59.74695</coordinates></LinearRing></outerBoundaryIs></Polygon><Polygon><outerBoundaryIs><LinearRing><coordinates> 19.15047,59.75585 19.15184,59.75524 19.15281,59.75569 19.15149,59.75664 19.15047,59.75585</coordinates></LinearRing></outerBoundaryIs></Polygon><Polygon><outerBoundaryIs><LinearRing><coordinates> 19.33393,59.718 19.33736,59.71668 19.33733,59.71865 19.33609,59.71851 19.33393,59.718</coordinates></LinearRing></outerBoundaryIs></Polygon><Polygon><outerBoundaryIs><LinearRing><coordinates> 19.25995,59.73444 19.25147,59.73527 19.25294,59.73327 19.25578,59.73269 19.25995,59.73444</coordinates></LinearRing></outerBoundaryIs></Polygon><Polygon><outerBoundaryIs><LinearRing><coordinates> 19.32582,59.72077 19.32534,59.71853 19.32777,59.71841 19.32659,59.72069 19.32582,59.72077</coordinates></LinearRing></outerBoundaryIs></Polygon><Polygon><outerBoundaryIs><LinearRing><coordinates> 19.15644,59.75479 19.15475,59.75467 19.15409,59.75356 19.15815,59.7529 19.15644,59.75479</coordinates></LinearRing></outerBoundaryIs></Polygon><Polygon><outerBoundaryIs><LinearRing><coordinates> 19.19085,59.74751 19.18883,59.74634 19.19,59.74591 19.191,59.74683 19.19085,59.74751</coordinates></LinearRing></outerBoundaryIs></Polygon><Polygon><outerBoundaryIs><LinearRing><coordinates> 19.212,59.74263 19.20912,59.74283 19.21029,59.74134 19.21184,59.74225 19.212,59.74263</coordinates></LinearRing></outerBoundaryIs></Polygon><Polygon><outerBoundaryIs><LinearRing><coordinates> 19.23605,59.73565 19.23882,59.73552 19.23526,59.7378 19.23226,59.73439 19.23605,59.73565</coordinates></LinearRing></outerBoundaryIs></Polygon><Polygon><outerBoundaryIs><LinearRing><coordinates> 19.28365,59.72724 19.2836,59.7278 19.28172,59.72791 19.28164,59.72718 19.28365,59.72724</coordinates></LinearRing></outerBoundaryIs></Polygon><Polygon><outerBoundaryIs><LinearRing><coordinates> 19.40313,59.70328 19.40056,59.70313 19.39997,59.70192 19.40217,59.70174 19.40313,59.70328</coordinates></LinearRing></outerBoundaryIs></Polygon><Polygon><outerBoundaryIs><LinearRing><coordinates> 19.34182,59.71573 19.33873,59.71485 19.33728,59.71371 19.34491,59.71441 19.34182,59.71573</coordinates></LinearRing></outerBoundaryIs></Polygon><Polygon><outerBoundaryIs><LinearRing><coordinates> 19.18388,59.74483 19.18632,59.74471 19.18678,59.74717 19.18427,59.74661 19.18388,59.74483</coordinates></LinearRing></outerBoundaryIs></Polygon><Polygon><outerBoundaryIs><LinearRing><coordinates> 19.17514,59.7476 19.17696,59.74454 19.18366,59.74719 19.17891,59.74871 19.17514,59.7476</coordinates></LinearRing></outerBoundaryIs></Polygon><Polygon><outerBoundaryIs><LinearRing><coordinates> 19.40985,59.69999 19.41054,59.70109 19.40692,59.70148 19.40797,59.70005 19.40985,59.69999</coordinates></LinearRing></outerBoundaryIs></Polygon><Polygon><outerBoundaryIs><LinearRing><coordinates> 19.27335,59.72698 19.27462,59.72864 19.27054,59.72784 19.27143,59.72669 19.27335,59.72698</coordinates></LinearRing></outerBoundaryIs></Polygon><Polygon><outerBoundaryIs><LinearRing><coordinates> 18.99196,59.78503 18.9921,59.78282 18.99438,59.78356 18.99365,59.78537 18.99196,59.78503</coordinates></LinearRing></outerBoundaryIs></Polygon><Polygon><outerBoundaryIs><LinearRing><coordinates> 19.03278,59.77454 19.04147,59.77112 19.04925,59.76944 19.05302,59.77295 19.03278,59.77454</coordinates></LinearRing></outerBoundaryIs></Polygon><Polygon><outerBoundaryIs><LinearRing><coordinates> 19.24815,59.73187 19.24883,59.73298 19.24656,59.73355 19.24656,59.73259 19.24815,59.73187</coordinates></LinearRing></outerBoundaryIs></Polygon><Polygon><outerBoundaryIs><LinearRing><coordinates> 19.20368,59.74192 19.20176,59.74265 19.20127,59.74227 19.20223,59.7409 19.20368,59.74192</coordinates></LinearRing></outerBoundaryIs></Polygon><Polygon><outerBoundaryIs><LinearRing><coordinates> 19.27989,59.72645 19.27728,59.72602 19.2781,59.72543 19.2791,59.72541 19.27989,59.72645</coordinates></LinearRing></outerBoundaryIs></Polygon><Polygon><outerBoundaryIs><LinearRing><coordinates> 19.32543,59.71412 19.32972,59.71474 19.33047,59.71556 19.32644,59.71645 19.32543,59.71412</coordinates></LinearRing></outerBoundaryIs></Polygon><Polygon><outerBoundaryIs><LinearRing><coordinates> 19.39543,59.7011 19.39589,59.70036 19.39721,59.7002 19.39857,59.7014 19.39543,59.7011</coordinates></LinearRing></outerBoundaryIs></Polygon><Polygon><outerBoundaryIs><LinearRing><coordinates> 19.2618,59.72878 19.25931,59.7284 19.26025,59.72686 19.26132,59.72655 19.2618,59.72878</coordinates></LinearRing></outerBoundaryIs></Polygon><Polygon><outerBoundaryIs><LinearRing><coordinates> 19.19522,59.74006 19.19771,59.74169 19.19109,59.74224 19.19357,59.74027 19.19522,59.74006</coordinates></LinearRing></outerBoundaryIs></Polygon><Polygon><outerBoundaryIs><LinearRing><coordinates> 19.03005,59.77263 19.03092,59.77492 19.02893,59.7745 19.0283,59.77296 19.03005,59.77263</coordinates></LinearRing></outerBoundaryIs></Polygon><Polygon><outerBoundaryIs><LinearRing><coordinates> 19.24506,59.72987 19.24554,59.72913 19.24907,59.72881 19.24893,59.73079 19.24506,59.72987</coordinates></LinearRing></outerBoundaryIs></Polygon><Polygon><outerBoundaryIs><LinearRing><coordinates> 19.26847,59.72679 19.26691,59.72678 19.26678,59.72566 19.26865,59.72543 19.26847,59.72679</coordinates></LinearRing></outerBoundaryIs></Polygon><Polygon><outerBoundaryIs><LinearRing><coordinates> 19.27365,59.72445 19.27643,59.72442 19.27617,59.7251 19.27473,59.72514 19.27365,59.72445</coordinates></LinearRing></outerBoundaryIs></Polygon><Polygon><outerBoundaryIs><LinearRing><coordinates> 19.19584,59.73954 19.19559,59.73927 19.20028,59.73944 19.19859,59.74043 19.19584,59.73954</coordinates></LinearRing></outerBoundaryIs></Polygon><Polygon><outerBoundaryIs><LinearRing><coordinates> 19.02701,59.77478 19.02396,59.77547 19.02324,59.77458 19.02635,59.77362 19.02701,59.77478</coordinates></LinearRing></outerBoundaryIs></Polygon><Polygon><outerBoundaryIs><LinearRing><coordinates> 19.33554,59.70981 19.33674,59.70955 19.33785,59.71053 19.33708,59.7115 19.33554,59.70981</coordinates></LinearRing></outerBoundaryIs></Polygon><Polygon><outerBoundaryIs><LinearRing><coordinates> 19.15948,59.73607 19.17041,59.73515 19.16551,59.74524 19.15645,59.74443 19.15948,59.73607</coordinates></LinearRing></outerBoundaryIs></Polygon><Polygon><outerBoundaryIs><LinearRing><coordinates> 19.31029,59.71342 19.3121,59.71371 19.31214,59.715 19.31014,59.71506 19.31029,59.71342</coordinates></LinearRing></outerBoundaryIs></Polygon><Polygon><outerBoundaryIs><LinearRing><coordinates> 19.25813,59.72483 19.25977,59.72333 19.2611,59.7233 19.26293,59.72505 19.25813,59.72483</coordinates></LinearRing></outerBoundaryIs></Polygon><Polygon><outerBoundaryIs><LinearRing><coordinates> 19.19083,59.73944 19.19037,59.7381 19.19332,59.73758 19.19248,59.73934 19.19083,59.73944</coordinates></LinearRing></outerBoundaryIs></Polygon><Polygon><outerBoundaryIs><LinearRing><coordinates> 19.12809,59.7437 19.12548,59.74003 19.15328,59.74729 19.10354,59.75565 19.12809,59.7437</coordinates></LinearRing></outerBoundaryIs></Polygon><Polygon><outerBoundaryIs><LinearRing><coordinates> 19.26502,59.72129 19.26716,59.71994 19.26985,59.72067 19.2696,59.72275 19.26502,59.72129</coordinates></LinearRing></outerBoundaryIs></Polygon><Polygon><outerBoundaryIs><LinearRing><coordinates> 18.99467,59.77733 18.99341,59.77646 18.99652,59.77584 18.99607,59.77739 18.99467,59.77733</coordinates></LinearRing></outerBoundaryIs></Polygon><Polygon><outerBoundaryIs><LinearRing><coordinates> 18.98837,59.77594 18.99244,59.77793 18.97893,59.77756 18.98376,59.77548 18.98837,59.77594</coordinates></LinearRing></outerBoundaryIs></Polygon><Polygon><outerBoundaryIs><LinearRing><coordinates> 19.3221,59.70954 19.32108,59.71046 19.31802,59.70992 19.32054,59.70834 19.3221,59.70954</coordinates></LinearRing></outerBoundaryIs></Polygon><Polygon><outerBoundaryIs><LinearRing><coordinates> 19.18616,59.7359 19.17854,59.73642 19.17903,59.73343 19.18505,59.73363 19.18616,59.7359</coordinates></LinearRing></outerBoundaryIs></Polygon><Polygon><outerBoundaryIs><LinearRing><coordinates> 18.97369,59.7782 18.97275,59.7777 18.97707,59.77703 18.97559,59.778 18.97369,59.7782</coordinates></LinearRing></outerBoundaryIs></Polygon><Polygon><outerBoundaryIs><LinearRing><coordinates> 19.22696,59.72543 19.22799,59.72691 19.22423,59.72706 19.22473,59.72531 19.22696,59.72543</coordinates></LinearRing></outerBoundaryIs></Polygon><Polygon><outerBoundaryIs><LinearRing><coordinates> 19.2716,59.71461 19.27517,59.7125 19.27587,59.714 19.27484,59.71717 19.2716,59.71461</coordinates></LinearRing></outerBoundaryIs></Polygon><Polygon><outerBoundaryIs><LinearRing><coordinates> 19.15326,59.74094 19.14903,59.74087 19.15083,59.73875 19.15295,59.74005 19.15326,59.74094</coordinates></LinearRing></outerBoundaryIs></Polygon><Polygon><outerBoundaryIs><LinearRing><coordinates> 19.31478,59.70742 19.31077,59.70729 19.31255,59.70394 19.31576,59.70498 19.31478,59.70742</coordinates></LinearRing></outerBoundaryIs></Polygon><Polygon><outerBoundaryIs><LinearRing><coordinates> 19.14374,59.74145 19.14113,59.73853 19.14674,59.73908 19.14771,59.74113 19.14374,59.74145</coordinates></LinearRing></outerBoundaryIs></Polygon><Polygon><outerBoundaryIs><LinearRing><coordinates> 19.25367,59.71903 19.25266,59.71793 19.25484,59.71753 19.25446,59.71906 19.25367,59.71903</coordinates></LinearRing></outerBoundaryIs></Polygon><Polygon><outerBoundaryIs><LinearRing><coordinates> 18.9431,59.78162 18.9388,59.78211 18.94039,59.77988 18.94306,59.78117 18.9431,59.78162</coordinates></LinearRing></outerBoundaryIs></Polygon><Polygon><outerBoundaryIs><LinearRing><coordinates> 19.2849,59.70407 19.28801,59.7114 19.27978,59.70969 19.2776,59.7066 19.2849,59.70407</coordinates></LinearRing></outerBoundaryIs></Polygon><Polygon><outerBoundaryIs><LinearRing><coordinates> 19.10888,59.74626 19.10812,59.7479 19.10583,59.74679 19.10737,59.74596 19.10888,59.74626</coordinates></LinearRing></outerBoundaryIs></Polygon><Polygon><outerBoundaryIs><LinearRing><coordinates> 19.26717,59.71358 19.26974,59.71367 19.26898,59.71482 19.26807,59.71462 19.26717,59.71358</coordinates></LinearRing></outerBoundaryIs></Polygon><Polygon><outerBoundaryIs><LinearRing><coordinates> 19.32272,59.70284 19.32148,59.7017 19.32494,59.70182 19.32479,59.70244 19.32272,59.70284</coordinates></LinearRing></outerBoundaryIs></Polygon><Polygon><outerBoundaryIs><LinearRing><coordinates> 19.25965,59.71283 19.26289,59.71309 19.26289,59.71416 19.2608,59.71443 19.25965,59.71283</coordinates></LinearRing></outerBoundaryIs></Polygon><Polygon><outerBoundaryIs><LinearRing><coordinates> 19.08699,59.74981 19.08443,59.74987 19.08211,59.74874 19.08978,59.74873 19.08699,59.74981</coordinates></LinearRing></outerBoundaryIs></Polygon><Polygon><outerBoundaryIs><LinearRing><coordinates> 19.2264,59.71842 19.22837,59.71921 19.2281,59.72107 19.22517,59.71952 19.2264,59.71842</coordinates></LinearRing></outerBoundaryIs></Polygon><Polygon><outerBoundaryIs><LinearRing><coordinates> 19.14582,59.73727 19.1435,59.73789 19.14411,59.73642 19.14543,59.73624 19.14582,59.73727</coordinates></LinearRing></outerBoundaryIs></Polygon><Polygon><outerBoundaryIs><LinearRing><coordinates> 19.29873,59.70585 19.29759,59.70651 19.29676,59.70513 19.29785,59.70493 19.29873,59.70585</coordinates></LinearRing></outerBoundaryIs></Polygon><Polygon><outerBoundaryIs><LinearRing><coordinates> 19.25578,59.71408 19.25586,59.71481 19.25457,59.71524 19.25389,59.71408 19.25578,59.71408</coordinates></LinearRing></outerBoundaryIs></Polygon><Polygon><outerBoundaryIs><LinearRing><coordinates> 19.13267,59.73722 19.1334,59.73552 19.13689,59.7347 19.1394,59.73784 19.13267,59.73722</coordinates></LinearRing></outerBoundaryIs></Polygon><Polygon><outerBoundaryIs><LinearRing><coordinates> 19.27416,59.70866 19.27289,59.70743 19.27443,59.70714 19.27543,59.70812 19.27416,59.70866</coordinates></LinearRing></outerBoundaryIs></Polygon><Polygon><outerBoundaryIs><LinearRing><coordinates> 19.1078,59.74011 19.10543,59.74224 19.10385,59.74071 19.10621,59.73805 19.1078,59.74011</coordinates></LinearRing></outerBoundaryIs></Polygon><Polygon><outerBoundaryIs><LinearRing><coordinates> 19.11322,59.73886 19.11492,59.73842 19.11483,59.73932 19.11361,59.73928 19.11322,59.73886</coordinates></LinearRing></outerBoundaryIs></Polygon><Polygon><outerBoundaryIs><LinearRing><coordinates> 19.26805,59.70785 19.26349,59.70886 19.26328,59.70673 19.26698,59.70715 19.26805,59.70785</coordinates></LinearRing></outerBoundaryIs></Polygon><Polygon><outerBoundaryIs><LinearRing><coordinates> 19.29318,59.70114 19.29406,59.70195 19.29128,59.70198 19.29105,59.70098 19.29318,59.70114</coordinates></LinearRing></outerBoundaryIs></Polygon><Polygon><outerBoundaryIs><LinearRing><coordinates> 19.11212,59.73633 19.11339,59.73436 19.11722,59.73618 19.11606,59.738 19.11212,59.73633</coordinates></LinearRing></outerBoundaryIs></Polygon><Polygon><outerBoundaryIs><LinearRing><coordinates> 19.27955,59.70156 19.28001,59.70284 19.27837,59.70422 19.2767,59.70421 19.27955,59.70156</coordinates></LinearRing></outerBoundaryIs></Polygon><Polygon><outerBoundaryIs><LinearRing><coordinates> 19.26934,59.70543 19.26821,59.7062 19.26709,59.70516 19.26837,59.70473 19.26934,59.70543</coordinates></LinearRing></outerBoundaryIs></Polygon><Polygon><outerBoundaryIs><LinearRing><coordinates> 19.12535,59.7338 19.12024,59.73027 19.12349,59.72935 19.12941,59.73392 19.12535,59.7338</coordinates></LinearRing></outerBoundaryIs></Polygon><Polygon><outerBoundaryIs><LinearRing><coordinates> 19.27482,59.70401 19.27232,59.70483 19.27086,59.70351 19.27516,59.70094 19.27482,59.70401</coordinates></LinearRing></outerBoundaryIs></Polygon><Polygon><outerBoundaryIs><LinearRing><coordinates> 19.25315,59.70765 19.25239,59.70885 19.2511,59.70821 19.25131,59.70714 19.25315,59.70765</coordinates></LinearRing></outerBoundaryIs></Polygon><Polygon><outerBoundaryIs><LinearRing><coordinates> 19.19925,59.71758 19.20075,59.71709 19.20089,59.71832 19.19888,59.71826 19.19925,59.71758</coordinates></LinearRing></outerBoundaryIs></Polygon><Polygon><outerBoundaryIs><LinearRing><coordinates> 19.26453,59.70518 19.26267,59.70525 19.26347,59.70364 19.26518,59.7041 19.26453,59.70518</coordinates></LinearRing></outerBoundaryIs></Polygon><Polygon><outerBoundaryIs><LinearRing><coordinates> 19.28733,59.70041 19.28188,59.70032 19.28169,59.69617 19.28698,59.69795 19.28733,59.70041</coordinates></LinearRing></outerBoundaryIs></Polygon><Polygon><outerBoundaryIs><LinearRing><coordinates> 19.26871,59.70287 19.26708,59.7032 19.26734,59.70204 19.26827,59.70193 19.26871,59.70287</coordinates></LinearRing></outerBoundaryIs></Polygon><Polygon><outerBoundaryIs><LinearRing><coordinates> 19.19949,59.71477 19.19937,59.71567 19.19769,59.71661 19.19804,59.71481 19.19949,59.71477</coordinates></LinearRing></outerBoundaryIs></Polygon><Polygon><outerBoundaryIs><LinearRing><coordinates> 19.11249,59.73068 19.11407,59.73092 19.11473,59.73203 19.11104,59.73178 19.11249,59.73068</coordinates></LinearRing></outerBoundaryIs></Polygon><Polygon><outerBoundaryIs><LinearRing><coordinates> 19.26683,59.69867 19.26789,59.70044 19.26553,59.70123 19.26494,59.69973 19.26683,59.69867</coordinates></LinearRing></outerBoundaryIs></Polygon><Polygon><outerBoundaryIs><LinearRing><coordinates> 19.20496,59.71208 19.20751,59.71195 19.20748,59.71274 19.20563,59.71302 19.20496,59.71208</coordinates></LinearRing></outerBoundaryIs></Polygon><Polygon><outerBoundaryIs><LinearRing><coordinates> 19.29215,59.69415 19.29294,59.6952 19.2914,59.69535 19.29013,59.69399 19.29215,59.69415</coordinates></LinearRing></outerBoundaryIs></Polygon><Polygon><outerBoundaryIs><LinearRing><coordinates> 19.18836,59.70979 19.19655,59.71415 19.19355,59.71528 19.19063,59.71278 19.18836,59.70979</coordinates></LinearRing></outerBoundaryIs></Polygon><Polygon><outerBoundaryIs><LinearRing><coordinates> 19.22773,59.70704 19.22867,59.7055 19.22966,59.70643 19.22955,59.70738 19.22773,59.70704</coordinates></LinearRing></outerBoundaryIs></Polygon><Polygon><outerBoundaryIs><LinearRing><coordinates> 19.23328,59.70084 19.23497,59.70462 19.23254,59.70586 19.23081,59.70292 19.23328,59.70084</coordinates></LinearRing></outerBoundaryIs></Polygon><Polygon><outerBoundaryIs><LinearRing><coordinates> 19.30055,59.69132 19.29899,59.689 19.30232,59.68898 19.302,59.69027 19.30055,59.69132</coordinates></LinearRing></outerBoundaryIs></Polygon><Polygon><outerBoundaryIs><LinearRing><coordinates> 19.08132,59.73023 19.08394,59.73089 19.08456,59.73408 19.08049,59.73086 19.08132,59.73023</coordinates></LinearRing></outerBoundaryIs></Polygon><Polygon><outerBoundaryIs><LinearRing><coordinates> 19.2404,59.70117 19.23976,59.70046 19.24043,59.69949 19.24183,59.70007 19.2404,59.70117</coordinates></LinearRing></outerBoundaryIs></Polygon><Polygon><outerBoundaryIs><LinearRing><coordinates> 19.30032,59.68701 19.30203,59.6874 19.30068,59.68818 19.29891,59.68823 19.30032,59.68701</coordinates></LinearRing></outerBoundaryIs></Polygon><Polygon><outerBoundaryIs><LinearRing><coordinates> 19.23918,59.69925 19.23815,59.69995 19.23742,59.6984 19.2396,59.69805 19.23918,59.69925</coordinates></LinearRing></outerBoundaryIs></Polygon><Polygon><outerBoundaryIs><LinearRing><coordinates> 19.19105,59.70603 19.19241,59.70627 19.19289,59.70755 19.19035,59.70768 19.19105,59.70603</coordinates></LinearRing></outerBoundaryIs></Polygon><Polygon><outerBoundaryIs><LinearRing><coordinates> 19.29808,59.68543 19.29412,59.68462 19.29741,59.68303 19.29993,59.68438 19.29808,59.68543</coordinates></LinearRing></outerBoundaryIs></Polygon><Polygon><outerBoundaryIs><LinearRing><coordinates> 18.84414,59.77149 18.84236,59.76919 18.85254,59.76917 18.86068,59.7736 18.84414,59.77149</coordinates></LinearRing></outerBoundaryIs></Polygon><Polygon><outerBoundaryIs><LinearRing><coordinates> 19.31487,59.68001 19.3145,59.68193 19.31285,59.68197 19.31169,59.68043 19.31487,59.68001</coordinates></LinearRing></outerBoundaryIs></Polygon><Polygon><outerBoundaryIs><LinearRing><coordinates> 19.21589,59.69542 19.21926,59.69708 19.21917,59.70085 19.21605,59.69952 19.21589,59.69542</coordinates></LinearRing></outerBoundaryIs></Polygon><Polygon><outerBoundaryIs><LinearRing><coordinates> 19.27481,59.68928 19.27215,59.68935 19.2718,59.68824 19.27528,59.68853 19.27481,59.68928</coordinates></LinearRing></outerBoundaryIs></Polygon><Polygon><outerBoundaryIs><LinearRing><coordinates> 19.07559,59.72587 19.07782,59.72604 19.07902,59.72691 19.07631,59.7277 19.07559,59.72587</coordinates></LinearRing></outerBoundaryIs></Polygon><Polygon><outerBoundaryIs><LinearRing><coordinates> 19.56365,59.62633 19.56299,59.6273 19.56123,59.62736 19.55965,59.62629 19.56365,59.62633</coordinates></LinearRing></outerBoundaryIs></Polygon><Polygon><outerBoundaryIs><LinearRing><coordinates> 18.82562,59.77637 18.82446,59.77578 18.83211,59.77539 18.82876,59.77659 18.82562,59.77637</coordinates></LinearRing></outerBoundaryIs></Polygon><Polygon><outerBoundaryIs><LinearRing><coordinates> 19.12921,59.71534 19.12338,59.71363 19.12715,59.7123 19.13042,59.71494 19.12921,59.71534</coordinates></LinearRing></outerBoundaryIs></Polygon><Polygon><outerBoundaryIs><LinearRing><coordinates> 19.27632,59.68502 19.27493,59.68456 19.27517,59.68376 19.27708,59.68393 19.27632,59.68502</coordinates></LinearRing></outerBoundaryIs></Polygon><Polygon><outerBoundaryIs><LinearRing><coordinates> 19.25866,59.687 19.25797,59.68584 19.25934,59.68519 19.26009,59.68589 19.25866,59.687</coordinates></LinearRing></outerBoundaryIs></Polygon><Polygon><outerBoundaryIs><LinearRing><coordinates> 19.21983,59.6933 19.21922,59.69478 19.21823,59.6948 19.21751,59.69438 19.21983,59.6933</coordinates></LinearRing></outerBoundaryIs></Polygon><Polygon><outerBoundaryIs><LinearRing><coordinates> 19.07575,59.71784 19.07956,59.71814 19.08,59.71936 19.07622,59.72052 19.07575,59.71784</coordinates></LinearRing></outerBoundaryIs></Polygon><Polygon><outerBoundaryIs><LinearRing><coordinates> 19.13759,59.70569 19.13967,59.70551 19.13987,59.70675 19.13803,59.70724 19.13759,59.70569</coordinates></LinearRing></outerBoundaryIs></Polygon><Polygon><outerBoundaryIs><LinearRing><coordinates> 19.16434,59.69972 19.16367,59.7007 19.16193,59.70007 19.16262,59.69932 19.16434,59.69972</coordinates></LinearRing></outerBoundaryIs></Polygon><Polygon><outerBoundaryIs><LinearRing><coordinates> 19.26957,59.67854 19.26683,59.67789 19.26714,59.67671 19.26894,59.67688 19.26957,59.67854</coordinates></LinearRing></outerBoundaryIs></Polygon><Polygon><outerBoundaryIs><LinearRing><coordinates> 19.2709,59.67367 19.27406,59.67409 19.27285,59.67423 19.27106,59.67412 19.2709,59.67367</coordinates></LinearRing></outerBoundaryIs></Polygon><Polygon><outerBoundaryIs><LinearRing><coordinates> 19.09931,59.70685 19.10171,59.70659 19.10069,59.70818 19.09984,59.70824 19.09931,59.70685</coordinates></LinearRing></outerBoundaryIs></Polygon><Polygon><outerBoundaryIs><LinearRing><coordinates> 19.13134,59.69536 19.1327,59.69411 19.14052,59.69218 19.14733,59.69859 19.13134,59.69536</coordinates></LinearRing></outerBoundaryIs></Polygon><Polygon><outerBoundaryIs><LinearRing><coordinates> 19.15587,59.69608 19.14925,59.69652 19.14562,59.69094 19.1565,59.6909 19.15587,59.69608</coordinates></LinearRing></outerBoundaryIs></Polygon><Polygon><outerBoundaryIs><LinearRing><coordinates> 19.13106,59.69927 19.1321,59.70064 19.1279,59.69975 19.12924,59.69939 19.13106,59.69927</coordinates></LinearRing></outerBoundaryIs></Polygon><Polygon><outerBoundaryIs><LinearRing><coordinates> 19.10969,59.70456 19.10119,59.70421 19.09961,59.70192 19.10492,59.70105 19.10969,59.70456</coordinates></LinearRing></outerBoundaryIs></Polygon><Polygon><outerBoundaryIs><LinearRing><coordinates> 19.09027,59.70685 19.08868,59.70729 19.08723,59.70599 19.08962,59.70602 19.09027,59.70685</coordinates></LinearRing></outerBoundaryIs></Polygon><Polygon><outerBoundaryIs><LinearRing><coordinates> 19.12533,59.69725 19.12527,59.69535 19.1308,59.69516 19.12988,59.69838 19.12533,59.69725</coordinates></LinearRing></outerBoundaryIs></Polygon><Polygon><outerBoundaryIs><LinearRing><coordinates> 19.09217,59.70334 19.0934,59.70437 19.08935,59.70398 19.08943,59.70292 19.09217,59.70334</coordinates></LinearRing></outerBoundaryIs></Polygon><Polygon><outerBoundaryIs><LinearRing><coordinates> 19.05981,59.711 19.05644,59.71147 19.05619,59.71016 19.0589,59.71005 19.05981,59.711</coordinates></LinearRing></outerBoundaryIs></Polygon><Polygon><outerBoundaryIs><LinearRing><coordinates> 19.16071,59.67983 19.16478,59.67852 19.16276,59.69013 19.13764,59.68511 19.16071,59.67983</coordinates></LinearRing></outerBoundaryIs></Polygon><Polygon><outerBoundaryIs><LinearRing><coordinates> 19.16945,59.68594 19.16993,59.68621 19.16808,59.68755 19.16779,59.68593 19.16945,59.68594</coordinates></LinearRing></outerBoundaryIs></Polygon><Polygon><outerBoundaryIs><LinearRing><coordinates> 19.3339,59.65126 19.33402,59.65227 19.33137,59.65145 19.33109,59.6509 19.3339,59.65126</coordinates></LinearRing></outerBoundaryIs></Polygon><Polygon><outerBoundaryIs><LinearRing><coordinates> 19.13864,59.68992 19.14008,59.68742 19.14306,59.68841 19.14231,59.68989 19.13864,59.68992</coordinates></LinearRing></outerBoundaryIs></Polygon><Polygon><outerBoundaryIs><LinearRing><coordinates> 19.22787,59.67028 19.22965,59.67124 19.22969,59.67163 19.22678,59.67143 19.22787,59.67028</coordinates></LinearRing></outerBoundaryIs></Polygon><Polygon><outerBoundaryIs><LinearRing><coordinates> 19.07849,59.70019 19.08063,59.70041 19.08241,59.70148 19.08041,59.70148 19.07849,59.70019</coordinates></LinearRing></outerBoundaryIs></Polygon><Polygon><outerBoundaryIs><LinearRing><coordinates> 19.35413,59.64302 19.35242,59.64392 19.35036,59.64398 19.34972,59.64332 19.35413,59.64302</coordinates></LinearRing></outerBoundaryIs></Polygon><Polygon><outerBoundaryIs><LinearRing><coordinates> 19.06292,59.70214 19.04896,59.69634 19.05327,59.69607 19.06081,59.6994 19.06292,59.70214</coordinates></LinearRing></outerBoundaryIs></Polygon><Polygon><outerBoundaryIs><LinearRing><coordinates> 19.06645,59.70065 19.06621,59.6992 19.07055,59.69932 19.0714,59.70009 19.06645,59.70065</coordinates></LinearRing></outerBoundaryIs></Polygon><Polygon><outerBoundaryIs><LinearRing><coordinates> 19.28032,59.65442 19.28239,59.65521 19.28298,59.65677 19.28002,59.65707 19.28032,59.65442</coordinates></LinearRing></outerBoundaryIs></Polygon><Polygon><outerBoundaryIs><LinearRing><coordinates> 18.76081,59.76115 18.76014,59.7598 18.76179,59.75934 18.76385,59.76048 18.76081,59.76115</coordinates></LinearRing></outerBoundaryIs></Polygon><Polygon><outerBoundaryIs><LinearRing><coordinates> 19.18824,59.67065 19.18934,59.67063 19.18948,59.6745 19.18746,59.67298 19.18824,59.67065</coordinates></LinearRing></outerBoundaryIs></Polygon><Polygon><outerBoundaryIs><LinearRing><coordinates> 19.19956,59.67072 19.19954,59.66578 19.20552,59.66451 19.20807,59.67035 19.19956,59.67072</coordinates></LinearRing></outerBoundaryIs></Polygon><Polygon><outerBoundaryIs><LinearRing><coordinates> 19.27627,59.6561 19.27134,59.65454 19.27364,59.65301 19.27778,59.6523 19.27627,59.6561</coordinates></LinearRing></outerBoundaryIs></Polygon><Polygon><outerBoundaryIs><LinearRing><coordinates> 19.06558,59.69797 19.06396,59.69841 19.06152,59.69736 19.06326,59.69708 19.06558,59.69797</coordinates></LinearRing></outerBoundaryIs></Polygon><Polygon><outerBoundaryIs><LinearRing><coordinates> 19.28508,59.65036 19.28768,59.65174 19.28771,59.65196 19.28312,59.65165 19.28508,59.65036</coordinates></LinearRing></outerBoundaryIs></Polygon><Polygon><outerBoundaryIs><LinearRing><coordinates> 19.17709,59.66975 19.18159,59.65779 19.1949,59.66134 19.19553,59.66913 19.17709,59.66975</coordinates></LinearRing></outerBoundaryIs></Polygon><Polygon><outerBoundaryIs><LinearRing><coordinates> 19.29096,59.64866 19.28809,59.64878 19.28537,59.64705 19.28541,59.64627 19.29096,59.64866</coordinates></LinearRing></outerBoundaryIs></Polygon><Polygon><outerBoundaryIs><LinearRing><coordinates> 19.01494,59.70133 19.0167,59.70213 19.01458,59.70314 19.01407,59.70225 19.01494,59.70133</coordinates></LinearRing></outerBoundaryIs></Polygon><Polygon><outerBoundaryIs><LinearRing><coordinates> 19.19734,59.66336 19.19793,59.6657 19.19584,59.66588 19.19562,59.66485 19.19734,59.66336</coordinates></LinearRing></outerBoundaryIs></Polygon><Polygon><outerBoundaryIs><LinearRing><coordinates> 19.58492,59.58422 19.58404,59.5852 19.58315,59.58517 19.58179,59.58399 19.58492,59.58422</coordinates></LinearRing></outerBoundaryIs></Polygon><Polygon><outerBoundaryIs><LinearRing><coordinates> 19.01147,59.70205 19.01151,59.7025 19.0081,59.70174 19.00973,59.70142 19.01147,59.70205</coordinates></LinearRing></outerBoundaryIs></Polygon><Polygon><outerBoundaryIs><LinearRing><coordinates> 19.06759,59.68787 19.06596,59.68819 19.06356,59.68753 19.06616,59.68695 19.06759,59.68787</coordinates></LinearRing></outerBoundaryIs></Polygon><Polygon><outerBoundaryIs><LinearRing><coordinates> 18.93777,59.71227 18.93792,59.71395 18.93321,59.71344 18.93397,59.71061 18.93777,59.71227</coordinates></LinearRing></outerBoundaryIs></Polygon><Polygon><outerBoundaryIs><LinearRing><coordinates> 19.01081,59.69702 19.01056,59.69775 19.00897,59.6974 19.00839,59.69613 19.01081,59.69702</coordinates></LinearRing></outerBoundaryIs></Polygon><Polygon><outerBoundaryIs><LinearRing><coordinates> 19.47579,59.60237 19.4714,59.60273 19.4715,59.60107 19.47584,59.60186 19.47579,59.60237</coordinates></LinearRing></outerBoundaryIs></Polygon><Polygon><outerBoundaryIs><LinearRing><coordinates> 18.93879,59.70635 18.94228,59.71037 18.93336,59.70883 18.93384,59.70562 18.93879,59.70635</coordinates></LinearRing></outerBoundaryIs></Polygon><Polygon><outerBoundaryIs><LinearRing><coordinates> 19.13883,59.67032 19.13864,59.67043 19.13707,59.66947 19.13955,59.66873 19.13883,59.67032</coordinates></LinearRing></outerBoundaryIs></Polygon><Polygon><outerBoundaryIs><LinearRing><coordinates> 19.43998,59.60028 19.44404,59.60101 19.4416,59.60534 19.43938,59.60416 19.43998,59.60028</coordinates></LinearRing></outerBoundaryIs></Polygon><Polygon><outerBoundaryIs><LinearRing><coordinates> 19.29117,59.63396 19.29308,59.63514 19.2922,59.63612 19.28912,59.63637 19.29117,59.63396</coordinates></LinearRing></outerBoundaryIs></Polygon><Polygon><outerBoundaryIs><LinearRing><coordinates> 18.95396,59.70455 18.94754,59.70475 18.94635,59.7027 18.9531,59.70356 18.95396,59.70455</coordinates></LinearRing></outerBoundaryIs></Polygon><Polygon><outerBoundaryIs><LinearRing><coordinates> 19.01363,59.67736 19.03474,59.67892 19.04111,59.68675 19.00895,59.68086 19.01363,59.67736</coordinates></LinearRing></outerBoundaryIs></Polygon><Polygon><outerBoundaryIs><LinearRing><coordinates> 19.1595,59.66249 19.159,59.66098 19.16134,59.66109 19.1614,59.66165 19.1595,59.66249</coordinates></LinearRing></outerBoundaryIs></Polygon><Polygon><outerBoundaryIs><LinearRing><coordinates> 19.02209,59.68763 19.02615,59.68737 19.02985,59.68869 19.02174,59.68865 19.02209,59.68763</coordinates></LinearRing></outerBoundaryIs></Polygon><Polygon><outerBoundaryIs><LinearRing><coordinates> 19.17218,59.65977 19.17097,59.65991 19.17035,59.65836 19.17194,59.65865 19.17218,59.65977</coordinates></LinearRing></outerBoundaryIs></Polygon><Polygon><outerBoundaryIs><LinearRing><coordinates> 19.47015,59.5964 19.46883,59.59868 19.46652,59.59773 19.46443,59.5957 19.47015,59.5964</coordinates></LinearRing></outerBoundaryIs></Polygon><Polygon><outerBoundaryIs><LinearRing><coordinates> 18.97004,59.69914 18.96983,59.69678 18.97331,59.69716 18.97417,59.69944 18.97004,59.69914</coordinates></LinearRing></outerBoundaryIs></Polygon><Polygon><outerBoundaryIs><LinearRing><coordinates> 19.26217,59.63875 19.26379,59.63714 19.26543,59.638 19.26455,59.64038 19.26217,59.63875</coordinates></LinearRing></outerBoundaryIs></Polygon><Polygon><outerBoundaryIs><LinearRing><coordinates> 18.94453,59.70336 18.94194,59.70549 18.94022,59.70233 18.94348,59.70276 18.94453,59.70336</coordinates></LinearRing></outerBoundaryIs></Polygon><Polygon><outerBoundaryIs><LinearRing><coordinates> 19.30889,59.62895 19.31021,59.62892 19.312,59.63016 19.30788,59.62998 19.30889,59.62895</coordinates></LinearRing></outerBoundaryIs></Polygon><Polygon><outerBoundaryIs><LinearRing><coordinates> 19.17487,59.65593 19.17724,59.65637 19.17516,59.65778 19.17402,59.65655 19.17487,59.65593</coordinates></LinearRing></outerBoundaryIs></Polygon><Polygon><outerBoundaryIs><LinearRing><coordinates> 18.98089,59.68868 18.98965,59.68854 18.99349,59.69434 18.98808,59.69087 18.98089,59.68868</coordinates></LinearRing></outerBoundaryIs></Polygon><Polygon><outerBoundaryIs><LinearRing><coordinates> 19.30226,59.63029 19.30182,59.62811 19.30561,59.6283 19.30543,59.63094 19.30226,59.63029</coordinates></LinearRing></outerBoundaryIs></Polygon><Polygon><outerBoundaryIs><LinearRing><coordinates> 19.2774,59.63571 19.27724,59.63628 19.2744,59.63569 19.2755,59.63465 19.2774,59.63571</coordinates></LinearRing></outerBoundaryIs></Polygon><Polygon><outerBoundaryIs><LinearRing><coordinates> 19.45333,59.59986 19.45146,59.60003 19.45062,59.59949 19.45422,59.59899 19.45333,59.59986</coordinates></LinearRing></outerBoundaryIs></Polygon><Polygon><outerBoundaryIs><LinearRing><coordinates> 19.26644,59.63587 19.26877,59.63591 19.26894,59.63742 19.26772,59.6374 19.26644,59.63587</coordinates></LinearRing></outerBoundaryIs></Polygon><Polygon><outerBoundaryIs><LinearRing><coordinates> 18.90771,59.70152 18.93262,59.70435 18.9117,59.70886 18.91299,59.70609 18.90771,59.70152</coordinates></LinearRing></outerBoundaryIs></Polygon><Polygon><outerBoundaryIs><LinearRing><coordinates> 19.44788,59.59956 19.44657,59.59864 19.44828,59.5959 19.45,59.59642 19.44788,59.59956</coordinates></LinearRing></outerBoundaryIs></Polygon><Polygon><outerBoundaryIs><LinearRing><coordinates> 19.45775,59.59751 19.45595,59.59722 19.4553,59.59634 19.45718,59.59522 19.45775,59.59751</coordinates></LinearRing></outerBoundaryIs></Polygon><Polygon><outerBoundaryIs><LinearRing><coordinates> 19.11918,59.65691 19.13477,59.6552 19.14751,59.66102 19.11666,59.65913 19.11918,59.65691</coordinates></LinearRing></outerBoundaryIs></Polygon><Polygon><outerBoundaryIs><LinearRing><coordinates> 19.43516,59.60191 19.43198,59.60222 19.43306,59.6009 19.4353,59.60112 19.43516,59.60191</coordinates></LinearRing></outerBoundaryIs></Polygon><Polygon><outerBoundaryIs><LinearRing><coordinates> 19.27664,59.63251 19.27942,59.63302 19.27908,59.63392 19.27692,59.63348 19.27664,59.63251</coordinates></LinearRing></outerBoundaryIs></Polygon><Polygon><outerBoundaryIs><LinearRing><coordinates> 19.32198,59.62237 19.32138,59.62421 19.31887,59.6232 19.32045,59.62248 19.32198,59.62237</coordinates></LinearRing></outerBoundaryIs></Polygon><Polygon><outerBoundaryIs><LinearRing><coordinates> 19.14294,59.65065 19.15301,59.651 19.15572,59.65751 19.13931,59.65391 19.14294,59.65065</coordinates></LinearRing></outerBoundaryIs></Polygon><Polygon><outerBoundaryIs><LinearRing><coordinates> 19.27481,59.63182 19.2733,59.63 19.2804,59.63123 19.27827,59.63207 19.27481,59.63182</coordinates></LinearRing></outerBoundaryIs></Polygon><Polygon><outerBoundaryIs><LinearRing><coordinates> 19.43842,59.59807 19.43692,59.59743 19.43579,59.59606 19.44036,59.59526 19.43842,59.59807</coordinates></LinearRing></outerBoundaryIs></Polygon><Polygon><outerBoundaryIs><LinearRing><coordinates> 19.28406,59.62889 19.28207,59.629 19.27917,59.62536 19.28295,59.62549 19.28406,59.62889</coordinates></LinearRing></outerBoundaryIs></Polygon><Polygon><outerBoundaryIs><LinearRing><coordinates> 19.26593,59.62827 19.26965,59.63009 19.26884,59.63084 19.26701,59.63021 19.26593,59.62827</coordinates></LinearRing></outerBoundaryIs></Polygon><Polygon><outerBoundaryIs><LinearRing><coordinates> 19.27424,59.62593 19.27341,59.62876 19.26883,59.62725 19.27095,59.62512 19.27424,59.62593</coordinates></LinearRing></outerBoundaryIs></Polygon><Polygon><outerBoundaryIs><LinearRing><coordinates> 18.94688,59.69208 18.94746,59.69358 18.93987,59.69442 18.94149,59.6913 18.94688,59.69208</coordinates></LinearRing></outerBoundaryIs></Polygon><Polygon><outerBoundaryIs><LinearRing><coordinates> 18.91666,59.69968 18.91122,59.69864 18.91273,59.69827 18.91669,59.69889 18.91666,59.69968</coordinates></LinearRing></outerBoundaryIs></Polygon><Polygon><outerBoundaryIs><LinearRing><coordinates> 19.13565,59.65464 19.136,59.65367 19.13788,59.65379 19.13765,59.65463 19.13565,59.65464</coordinates></LinearRing></outerBoundaryIs></Polygon><Polygon><outerBoundaryIs><LinearRing><coordinates> 19.26423,59.62824 19.26436,59.62863 19.26145,59.62821 19.26274,59.62784 19.26423,59.62824</coordinates></LinearRing></outerBoundaryIs></Polygon><Polygon><outerBoundaryIs><LinearRing><coordinates> 19.00776,59.67993 19.00475,59.68106 19.00197,59.67984 19.00637,59.67928 19.00776,59.67993</coordinates></LinearRing></outerBoundaryIs></Polygon><Polygon><outerBoundaryIs><LinearRing><coordinates> 19.18423,59.63622 19.19187,59.63851 19.1891,59.64329 19.18257,59.63867 19.18423,59.63622</coordinates></LinearRing></outerBoundaryIs></Polygon><Polygon><outerBoundaryIs><LinearRing><coordinates> 19.17962,59.64273 19.17839,59.64017 19.18102,59.64101 19.18471,59.64378 19.17962,59.64273</coordinates></LinearRing></outerBoundaryIs></Polygon><Polygon><outerBoundaryIs><LinearRing><coordinates> 18.93649,59.69388 18.93363,59.69285 18.93517,59.69138 18.93748,59.69245 18.93649,59.69388</coordinates></LinearRing></outerBoundaryIs></Polygon><Polygon><outerBoundaryIs><LinearRing><coordinates> 18.9031,59.69869 18.9038,59.70024 18.90151,59.69946 18.90183,59.69816 18.9031,59.69869</coordinates></LinearRing></outerBoundaryIs></Polygon><Polygon><outerBoundaryIs><LinearRing><coordinates> 18.91856,59.69573 18.91926,59.69623 18.91449,59.69756 18.91576,59.69546 18.91856,59.69573</coordinates></LinearRing></outerBoundaryIs></Polygon><Polygon><outerBoundaryIs><LinearRing><coordinates> 19.42706,59.58859 19.43222,59.5838 19.43471,59.58654 19.42954,59.59229 19.42706,59.58859</coordinates></LinearRing></outerBoundaryIs></Polygon><Polygon><outerBoundaryIs><LinearRing><coordinates> 19.45255,59.58697 19.45076,59.5877 19.44946,59.58707 19.45259,59.58636 19.45255,59.58697</coordinates></LinearRing></outerBoundaryIs></Polygon><Polygon><outerBoundaryIs><LinearRing><coordinates> 19.45664,59.58595 19.45496,59.58488 19.45838,59.58478 19.4579,59.58535 19.45664,59.58595</coordinates></LinearRing></outerBoundaryIs></Polygon><Polygon><outerBoundaryIs><LinearRing><coordinates> 19.00259,59.67833 19.0004,59.67861 18.99916,59.67747 19.00104,59.67736 19.00259,59.67833</coordinates></LinearRing></outerBoundaryIs></Polygon><Polygon><outerBoundaryIs><LinearRing><coordinates> 18.90319,59.69585 18.90398,59.69718 18.90052,59.69697 18.90138,59.69549 18.90319,59.69585</coordinates></LinearRing></outerBoundaryIs></Polygon><Polygon><outerBoundaryIs><LinearRing><coordinates> 19.45874,59.58319 19.45964,59.58232 19.46176,59.58158 19.46154,59.58339 19.45874,59.58319</coordinates></LinearRing></outerBoundaryIs></Polygon><Polygon><outerBoundaryIs><LinearRing><coordinates> 19.00916,59.67444 19.01007,59.6756 19.0081,59.67588 19.00705,59.67541 19.00916,59.67444</coordinates></LinearRing></outerBoundaryIs></Polygon><Polygon><outerBoundaryIs><LinearRing><coordinates> 19.26225,59.6223 19.26237,59.62348 19.25978,59.62303 19.26023,59.62196 19.26225,59.6223</coordinates></LinearRing></outerBoundaryIs></Polygon><Polygon><outerBoundaryIs><LinearRing><coordinates> 19.29905,59.61582 19.29757,59.61547 19.29694,59.61481 19.30086,59.61515 19.29905,59.61582</coordinates></LinearRing></outerBoundaryIs></Polygon><Polygon><outerBoundaryIs><LinearRing><coordinates> 19.26801,59.62071 19.26954,59.62039 19.27057,59.62166 19.26821,59.62139 19.26801,59.62071</coordinates></LinearRing></outerBoundaryIs></Polygon><Polygon><outerBoundaryIs><LinearRing><coordinates> 18.9204,59.69132 18.92026,59.69098 18.9225,59.69003 18.92356,59.69197 18.9204,59.69132</coordinates></LinearRing></outerBoundaryIs></Polygon><Polygon><outerBoundaryIs><LinearRing><coordinates> 18.88895,59.6955 18.88935,59.6988 18.88317,59.69687 18.88398,59.69601 18.88895,59.6955</coordinates></LinearRing></outerBoundaryIs></Polygon><Polygon><outerBoundaryIs><LinearRing><coordinates> 18.87147,59.70112 18.87265,59.70004 18.87429,59.70038 18.87448,59.70122 18.87147,59.70112</coordinates></LinearRing></outerBoundaryIs></Polygon><Polygon><outerBoundaryIs><LinearRing><coordinates> 19.26385,59.61928 19.26701,59.61988 19.26552,59.62166 19.26406,59.62147 19.26385,59.61928</coordinates></LinearRing></outerBoundaryIs></Polygon><Polygon><outerBoundaryIs><LinearRing><coordinates> 19.44083,59.58436 19.4416,59.58523 19.43766,59.58564 19.43837,59.58505 19.44083,59.58436</coordinates></LinearRing></outerBoundaryIs></Polygon><Polygon><outerBoundaryIs><LinearRing><coordinates> 19.45129,59.58296 19.45189,59.58126 19.45343,59.58122 19.45386,59.58217 19.45129,59.58296</coordinates></LinearRing></outerBoundaryIs></Polygon><Polygon><outerBoundaryIs><LinearRing><coordinates> 18.9854,59.67751 18.98273,59.67752 18.98183,59.67625 18.98452,59.67652 18.9854,59.67751</coordinates></LinearRing></outerBoundaryIs></Polygon><Polygon><outerBoundaryIs><LinearRing><coordinates> 19.04682,59.66505 19.04246,59.66594 19.03747,59.66483 19.04504,59.6638 19.04682,59.66505</coordinates></LinearRing></outerBoundaryIs></Polygon><Polygon><outerBoundaryIs><LinearRing><coordinates> 18.99886,59.67254 19.0015,59.67336 19.00177,59.6738 18.99752,59.67358 18.99886,59.67254</coordinates></LinearRing></outerBoundaryIs></Polygon><Polygon><outerBoundaryIs><LinearRing><coordinates> 18.96213,59.68163 18.9615,59.6804 18.9645,59.68038 18.96467,59.68099 18.96213,59.68163</coordinates></LinearRing></outerBoundaryIs></Polygon><Polygon><outerBoundaryIs><LinearRing><coordinates> 18.99286,59.67213 18.99498,59.67348 18.99072,59.67548 18.9855,59.67161 18.99286,59.67213</coordinates></LinearRing></outerBoundaryIs></Polygon><Polygon><outerBoundaryIs><LinearRing><coordinates> 18.87846,59.6976 18.8731,59.69614 18.86564,59.6934 18.88183,59.69673 18.87846,59.6976</coordinates></LinearRing></outerBoundaryIs></Polygon><Polygon><outerBoundaryIs><LinearRing><coordinates> 19.30351,59.60786 19.30546,59.60971 19.30448,59.61097 19.3016,59.60981 19.30351,59.60786</coordinates></LinearRing></outerBoundaryIs></Polygon><Polygon><outerBoundaryIs><LinearRing><coordinates> 18.95924,59.68108 18.95558,59.68006 18.95685,59.6798 18.95884,59.68042 18.95924,59.68108</coordinates></LinearRing></outerBoundaryIs></Polygon><Polygon><outerBoundaryIs><LinearRing><coordinates> 19.28789,59.61424 19.28453,59.61389 19.2863,59.61294 19.28736,59.61347 19.28789,59.61424</coordinates></LinearRing></outerBoundaryIs></Polygon><Polygon><outerBoundaryIs><LinearRing><coordinates> 18.86011,59.69869 18.86286,59.69958 18.86292,59.70025 18.85912,59.70001 18.86011,59.69869</coordinates></LinearRing></outerBoundaryIs></Polygon><Polygon><outerBoundaryIs><LinearRing><coordinates> 19.17884,59.63415 19.18159,59.63491 19.18162,59.63519 19.17895,59.63611 19.17884,59.63415</coordinates></LinearRing></outerBoundaryIs></Polygon><Polygon><outerBoundaryIs><LinearRing><coordinates> 18.8641,59.69854 18.86066,59.69739 18.86166,59.69495 18.86516,59.69564 18.8641,59.69854</coordinates></LinearRing></outerBoundaryIs></Polygon><Polygon><outerBoundaryIs><LinearRing><coordinates> 19.29574,59.61025 19.29233,59.61041 19.29167,59.60953 19.29353,59.6093 19.29574,59.61025</coordinates></LinearRing></outerBoundaryIs></Polygon><Polygon><outerBoundaryIs><LinearRing><coordinates> 19.27392,59.6146 19.26793,59.61447 19.2654,59.61009 19.27362,59.61259 19.27392,59.6146</coordinates></LinearRing></outerBoundaryIs></Polygon><Polygon><outerBoundaryIs><LinearRing><coordinates> 19.18322,59.63141 19.18412,59.63274 19.18001,59.63267 19.17941,59.63094 19.18322,59.63141</coordinates></LinearRing></outerBoundaryIs></Polygon><Polygon><outerBoundaryIs><LinearRing><coordinates> 19.29721,59.60908 19.2947,59.60836 19.29629,59.60646 19.29885,59.6078 19.29721,59.60908</coordinates></LinearRing></outerBoundaryIs></Polygon><Polygon><outerBoundaryIs><LinearRing><coordinates> 19.23026,59.62205 19.22933,59.62073 19.23193,59.62021 19.2318,59.62201 19.23026,59.62205</coordinates></LinearRing></outerBoundaryIs></Polygon><Polygon><outerBoundaryIs><LinearRing><coordinates> 19.55432,59.55258 19.5551,59.55351 19.55121,59.55341 19.55283,59.55218 19.55432,59.55258</coordinates></LinearRing></outerBoundaryIs></Polygon><Polygon><outerBoundaryIs><LinearRing><coordinates> 19.16945,59.6315 19.16904,59.63281 19.16827,59.63283 19.16687,59.63124 19.16945,59.6315</coordinates></LinearRing></outerBoundaryIs></Polygon><Polygon><outerBoundaryIs><LinearRing><coordinates> 18.8474,59.69067 18.85276,59.69605 18.84826,59.69666 18.84132,59.69384 18.8474,59.69067</coordinates></LinearRing></outerBoundaryIs></Polygon><Polygon><outerBoundaryIs><LinearRing><coordinates> 19.08796,59.64784 19.08695,59.6467 19.09206,59.64672 19.09024,59.64739 19.08796,59.64784</coordinates></LinearRing></outerBoundaryIs></Polygon><Polygon><outerBoundaryIs><LinearRing><coordinates> 19.29195,59.60404 19.29331,59.60547 19.28452,59.60277 19.28645,59.60204 19.29195,59.60404</coordinates></LinearRing></outerBoundaryIs></Polygon><Polygon><outerBoundaryIs><LinearRing><coordinates> 19.28299,59.60732 19.27962,59.60691 19.28088,59.60631 19.28167,59.6064 19.28299,59.60732</coordinates></LinearRing></outerBoundaryIs></Polygon><Polygon><outerBoundaryIs><LinearRing><coordinates> 18.8976,59.68194 18.91281,59.68219 18.87713,59.68904 18.89023,59.68437 18.8976,59.68194</coordinates></LinearRing></outerBoundaryIs></Polygon><Polygon><outerBoundaryIs><LinearRing><coordinates> 19.20172,59.62266 19.20028,59.62169 19.2007,59.6205 19.20287,59.62105 19.20172,59.62266</coordinates></LinearRing></outerBoundaryIs></Polygon><Polygon><outerBoundaryIs><LinearRing><coordinates> 18.92066,59.6774 18.92515,59.67796 18.92285,59.67824 18.92139,59.67806 18.92066,59.6774</coordinates></LinearRing></outerBoundaryIs></Polygon><Polygon><outerBoundaryIs><LinearRing><coordinates> 18.92501,59.67448 18.92619,59.67518 18.92611,59.67647 18.92335,59.67559 18.92501,59.67448</coordinates></LinearRing></outerBoundaryIs></Polygon><Polygon><outerBoundaryIs><LinearRing><coordinates> 19.24275,59.60722 19.23902,59.6017 19.25876,59.60661 19.25144,59.61049 19.24275,59.60722</coordinates></LinearRing></outerBoundaryIs></Polygon><Polygon><outerBoundaryIs><LinearRing><coordinates> 18.91237,59.67771 18.91376,59.67737 18.91605,59.67827 18.9111,59.67899 18.91237,59.67771</coordinates></LinearRing></outerBoundaryIs></Polygon><Polygon><outerBoundaryIs><LinearRing><coordinates> 18.85856,59.68385 18.86156,59.68353 18.86516,59.68808 18.85924,59.68776 18.85856,59.68385</coordinates></LinearRing></outerBoundaryIs></Polygon><Polygon><outerBoundaryIs><LinearRing><coordinates> 18.89962,59.68099 18.89151,59.67978 18.89264,59.67868 18.89893,59.67944 18.89962,59.68099</coordinates></LinearRing></outerBoundaryIs></Polygon><Polygon><outerBoundaryIs><LinearRing><coordinates> 18.87273,59.68459 18.87276,59.68492 18.86882,59.68558 18.87044,59.68374 18.87273,59.68459</coordinates></LinearRing></outerBoundaryIs></Polygon><Polygon><outerBoundaryIs><LinearRing><coordinates> 19.15846,59.62643 19.15884,59.62687 19.15556,59.62629 19.15683,59.62575 19.15846,59.62643</coordinates></LinearRing></outerBoundaryIs></Polygon><Polygon><outerBoundaryIs><LinearRing><coordinates> 19.25636,59.6024 19.25771,59.60147 19.26176,59.60097 19.26397,59.60322 19.25636,59.6024</coordinates></LinearRing></outerBoundaryIs></Polygon><Polygon><outerBoundaryIs><LinearRing><coordinates> 18.84128,59.6879 18.84164,59.68694 18.84283,59.68669 18.84373,59.68801 18.84128,59.6879</coordinates></LinearRing></outerBoundaryIs></Polygon><Polygon><outerBoundaryIs><LinearRing><coordinates> 18.9651,59.66037 18.96817,59.65876 18.97139,59.66138 18.96883,59.6625 18.9651,59.66037</coordinates></LinearRing></outerBoundaryIs></Polygon><Polygon><outerBoundaryIs><LinearRing><coordinates> 19.27411,59.59848 19.27416,59.59792 19.27822,59.59954 19.27655,59.59948 19.27411,59.59848</coordinates></LinearRing></outerBoundaryIs></Polygon><Polygon><outerBoundaryIs><LinearRing><coordinates> 19.30623,59.5936 19.30423,59.59265 19.30617,59.5922 19.30841,59.59331 19.30623,59.5936</coordinates></LinearRing></outerBoundaryIs></Polygon><Polygon><outerBoundaryIs><LinearRing><coordinates> 18.8944,59.67612 18.88918,59.67478 18.89041,59.67368 18.89547,59.67441 18.8944,59.67612</coordinates></LinearRing></outerBoundaryIs></Polygon><Polygon><outerBoundaryIs><LinearRing><coordinates> 18.86764,59.68111 18.86816,59.67947 18.86976,59.67988 18.86995,59.68084 18.86764,59.68111</coordinates></LinearRing></outerBoundaryIs></Polygon><Polygon><outerBoundaryIs><LinearRing><coordinates> 18.90198,59.66292 18.90294,59.65543 18.91673,59.65771 18.93492,59.66726 18.90198,59.66292</coordinates></LinearRing></outerBoundaryIs></Polygon><Polygon><outerBoundaryIs><LinearRing><coordinates> 19.55178,59.53823 19.55154,59.54076 19.54865,59.53979 19.54923,59.5391 19.55178,59.53823</coordinates></LinearRing></outerBoundaryIs></Polygon><Polygon><outerBoundaryIs><LinearRing><coordinates> 18.86503,59.67926 18.86592,59.68042 18.86061,59.68071 18.86264,59.67983 18.86503,59.67926</coordinates></LinearRing></outerBoundaryIs></Polygon><Polygon><outerBoundaryIs><LinearRing><coordinates> 18.81593,59.68414 18.81448,59.67665 18.81966,59.68232 18.83892,59.6853 18.81593,59.68414</coordinates></LinearRing></outerBoundaryIs></Polygon><Polygon><outerBoundaryIs><LinearRing><coordinates> 19.33444,59.58473 19.33226,59.58413 19.33351,59.58341 19.33439,59.58339 19.33444,59.58473</coordinates></LinearRing></outerBoundaryIs></Polygon><Polygon><outerBoundaryIs><LinearRing><coordinates> 19.02754,59.63894 19.04751,59.6382 19.05322,59.64127 19.01265,59.64006 19.02754,59.63894</coordinates></LinearRing></outerBoundaryIs></Polygon><Polygon><outerBoundaryIs><LinearRing><coordinates> 19.35968,59.57808 19.35879,59.5771 19.3601,59.57694 19.3609,59.57804 19.35968,59.57808</coordinates></LinearRing></outerBoundaryIs></Polygon><Polygon><outerBoundaryIs><LinearRing><coordinates> 19.54259,59.53818 19.54358,59.539 19.54097,59.54026 19.54058,59.53893 19.54259,59.53818</coordinates></LinearRing></outerBoundaryIs></Polygon><Polygon><outerBoundaryIs><LinearRing><coordinates> 19.01404,59.64648 19.01445,59.64618 19.01677,59.64606 19.01705,59.64768 19.01404,59.64648</coordinates></LinearRing></outerBoundaryIs></Polygon><Polygon><outerBoundaryIs><LinearRing><coordinates> 18.86237,59.67556 18.8657,59.67678 18.85886,59.67727 18.85869,59.67666 18.86237,59.67556</coordinates></LinearRing></outerBoundaryIs></Polygon><Polygon><outerBoundaryIs><LinearRing><coordinates> 19.26034,59.59421 19.26024,59.59208 19.2645,59.5926 19.26652,59.59518 19.26034,59.59421</coordinates></LinearRing></outerBoundaryIs></Polygon><Polygon><outerBoundaryIs><LinearRing><coordinates> 18.87581,59.66044 18.90749,59.66734 18.84123,59.66762 18.84525,59.6604 18.87581,59.66044</coordinates></LinearRing></outerBoundaryIs></Polygon><Polygon><outerBoundaryIs><LinearRing><coordinates> 18.86607,59.6611 18.8635,59.66212 18.86885,59.66239 18.86877,59.66149 18.86607,59.6611</coordinates></LinearRing></outerBoundaryIs></Polygon><Polygon><outerBoundaryIs><LinearRing><coordinates> 19.24754,59.5977 19.24694,59.59636 19.25204,59.59734 19.25042,59.59767 19.24754,59.5977</coordinates></LinearRing></outerBoundaryIs></Polygon><Polygon><outerBoundaryIs><LinearRing><coordinates> 19.24736,59.59059 19.25481,59.59081 19.25857,59.59538 19.24585,59.59328 19.24736,59.59059</coordinates></LinearRing></outerBoundaryIs></Polygon><Polygon><outerBoundaryIs><LinearRing><coordinates> 19.3298,59.5773 19.33123,59.57905 19.32836,59.57914 19.32803,59.57825 19.3298,59.5773</coordinates></LinearRing></outerBoundaryIs></Polygon><Polygon><outerBoundaryIs><LinearRing><coordinates> 18.79851,59.68554 18.79762,59.68685 18.79182,59.68653 18.78902,59.68497 18.79851,59.68554</coordinates></LinearRing></outerBoundaryIs></Polygon><Polygon><outerBoundaryIs><LinearRing><coordinates> 19.28842,59.58711 19.28555,59.5863 19.28626,59.58572 19.2877,59.58568 19.28842,59.58711</coordinates></LinearRing></outerBoundaryIs></Polygon><Polygon><outerBoundaryIs><LinearRing><coordinates> 19.33271,59.57564 19.33229,59.57677 19.33056,59.57621 19.33127,59.57562 19.33271,59.57564</coordinates></LinearRing></outerBoundaryIs></Polygon><Polygon><outerBoundaryIs><LinearRing><coordinates> 19.5434,59.53216 19.54171,59.5298 19.54674,59.53028 19.54497,59.53139 19.5434,59.53216</coordinates></LinearRing></outerBoundaryIs></Polygon><Polygon><outerBoundaryIs><LinearRing><coordinates> 19.02166,59.63292 19.01458,59.62183 19.03793,59.62899 19.03234,59.63709 19.02166,59.63292</coordinates></LinearRing></outerBoundaryIs></Polygon><Polygon><outerBoundaryIs><LinearRing><coordinates> 19.48051,59.54344 19.48199,59.54194 19.48297,59.54365 19.48159,59.54414 19.48051,59.54344</coordinates></LinearRing></outerBoundaryIs></Polygon><Polygon><outerBoundaryIs><LinearRing><coordinates> 19.17499,59.60479 19.17787,59.60578 19.17753,59.60669 19.17512,59.60692 19.17499,59.60479</coordinates></LinearRing></outerBoundaryIs></Polygon><Polygon><outerBoundaryIs><LinearRing><coordinates> 19.47173,59.54585 19.46968,59.54536 19.47071,59.54476 19.47203,59.54467 19.47173,59.54585</coordinates></LinearRing></outerBoundaryIs></Polygon><Polygon><outerBoundaryIs><LinearRing><coordinates> 19.46267,59.54597 19.46406,59.54559 19.46439,59.54737 19.46211,59.54683 19.46267,59.54597</coordinates></LinearRing></outerBoundaryIs></Polygon><Polygon><outerBoundaryIs><LinearRing><coordinates> 19.32945,59.57517 19.32796,59.57477 19.3292,59.57406 19.33078,59.57423 19.32945,59.57517</coordinates></LinearRing></outerBoundaryIs></Polygon><Polygon><outerBoundaryIs><LinearRing><coordinates> 19.18422,59.60309 19.18197,59.60269 19.18255,59.60066 19.1838,59.60091 19.18422,59.60309</coordinates></LinearRing></outerBoundaryIs></Polygon><Polygon><outerBoundaryIs><LinearRing><coordinates> 18.80545,59.67886 18.80431,59.67787 18.80724,59.67836 18.80697,59.67904 18.80545,59.67886</coordinates></LinearRing></outerBoundaryIs></Polygon><Polygon><outerBoundaryIs><LinearRing><coordinates> 19.32777,59.57219 19.32997,59.57297 19.32878,59.57328 19.327,59.57317 19.32777,59.57219</coordinates></LinearRing></outerBoundaryIs></Polygon><Polygon><outerBoundaryIs><LinearRing><coordinates> 19.17969,59.60172 19.17972,59.60348 19.17813,59.60308 19.17797,59.60263 19.17969,59.60172</coordinates></LinearRing></outerBoundaryIs></Polygon><Polygon><outerBoundaryIs><LinearRing><coordinates> 19.47379,59.54276 19.47256,59.54268 19.47255,59.54161 19.47408,59.54151 19.47379,59.54276</coordinates></LinearRing></outerBoundaryIs></Polygon><Polygon><outerBoundaryIs><LinearRing><coordinates> 19.01569,59.63605 19.01501,59.63506 19.01668,59.63495 19.01779,59.63594 19.01569,59.63605</coordinates></LinearRing></outerBoundaryIs></Polygon><Polygon><outerBoundaryIs><LinearRing><coordinates> 19.0089,59.6368 19.00916,59.63617 19.0119,59.63587 19.01224,59.63693 19.0089,59.6368</coordinates></LinearRing></outerBoundaryIs></Polygon><Polygon><outerBoundaryIs><LinearRing><coordinates> 18.80086,59.67561 18.80486,59.67434 18.8089,59.67492 18.8112,59.677 18.80086,59.67561</coordinates></LinearRing></outerBoundaryIs></Polygon><Polygon><outerBoundaryIs><LinearRing><coordinates> 18.81832,59.6646 18.82954,59.66721 18.83476,59.67226 18.81286,59.6681 18.81832,59.6646</coordinates></LinearRing></outerBoundaryIs></Polygon><Polygon><outerBoundaryIs><LinearRing><coordinates> 18.78458,59.68125 18.78474,59.68181 18.78066,59.68218 18.78232,59.68074 18.78458,59.68125</coordinates></LinearRing></outerBoundaryIs></Polygon><Polygon><outerBoundaryIs><LinearRing><coordinates> 19.0019,59.63778 19.0031,59.63651 19.00435,59.63681 19.00542,59.63751 19.0019,59.63778</coordinates></LinearRing></outerBoundaryIs></Polygon><Polygon><outerBoundaryIs><LinearRing><coordinates> 19.47074,59.54128 19.46982,59.54193 19.46859,59.5418 19.46717,59.54106 19.47074,59.54128</coordinates></LinearRing></outerBoundaryIs></Polygon><Polygon><outerBoundaryIs><LinearRing><coordinates> 19.46171,59.54257 19.46165,59.54117 19.46427,59.54086 19.46464,59.54214 19.46171,59.54257</coordinates></LinearRing></outerBoundaryIs></Polygon><Polygon><outerBoundaryIs><LinearRing><coordinates> 19.01387,59.63251 19.01592,59.63402 19.01294,59.63315 19.01265,59.63254 19.01387,59.63251</coordinates></LinearRing></outerBoundaryIs></Polygon><Polygon><outerBoundaryIs><LinearRing><coordinates> 19.18012,59.60066 19.17736,59.60073 19.17622,59.59806 19.18053,59.60031 19.18012,59.60066</coordinates></LinearRing></outerBoundaryIs></Polygon><Polygon><outerBoundaryIs><LinearRing><coordinates> 19.17296,59.60143 19.17344,59.59979 19.17398,59.59966 19.17473,59.60144 19.17296,59.60143</coordinates></LinearRing></outerBoundaryIs></Polygon><Polygon><outerBoundaryIs><LinearRing><coordinates> 19.23971,59.58731 19.23858,59.58808 19.23616,59.58826 19.23489,59.58684 19.23971,59.58731</coordinates></LinearRing></outerBoundaryIs></Polygon><Polygon><outerBoundaryIs><LinearRing><coordinates> 19.48469,59.53626 19.48275,59.53681 19.47964,59.53448 19.48323,59.535 19.48469,59.53626</coordinates></LinearRing></outerBoundaryIs></Polygon><Polygon><outerBoundaryIs><LinearRing><coordinates> 19.45403,59.54026 19.45222,59.54312 19.44844,59.54181 19.44891,59.54096 19.45403,59.54026</coordinates></LinearRing></outerBoundaryIs></Polygon><Polygon><outerBoundaryIs><LinearRing><coordinates> 19.0008,59.62517 19.01092,59.63303 19.004,59.6338 19.0019,59.62993 19.0008,59.62517</coordinates></LinearRing></outerBoundaryIs></Polygon><Polygon><outerBoundaryIs><LinearRing><coordinates> 19.4678,59.53896 19.46621,59.53862 19.4694,59.53756 19.46896,59.53847 19.4678,59.53896</coordinates></LinearRing></outerBoundaryIs></Polygon><Polygon><outerBoundaryIs><LinearRing><coordinates> 19.34506,59.56286 19.34518,59.56202 19.34777,59.56239 19.34699,59.56331 19.34506,59.56286</coordinates></LinearRing></outerBoundaryIs></Polygon><Polygon><outerBoundaryIs><LinearRing><coordinates> 19.45898,59.53783 19.46007,59.53662 19.46333,59.53597 19.46113,59.53941 19.45898,59.53783</coordinates></LinearRing></outerBoundaryIs></Polygon><Polygon><outerBoundaryIs><LinearRing><coordinates> 18.77162,59.67278 18.77634,59.67205 18.78651,59.67537 18.75892,59.67889 18.77162,59.67278</coordinates></LinearRing></outerBoundaryIs></Polygon><Polygon><outerBoundaryIs><LinearRing><coordinates> 18.89308,59.65161 18.89595,59.65273 18.88772,59.65252 18.88825,59.65223 18.89308,59.65161</coordinates></LinearRing></outerBoundaryIs></Polygon><Polygon><outerBoundaryIs><LinearRing><coordinates> 19.47912,59.52826 19.48729,59.53142 19.48473,59.53232 19.48353,59.53062 19.47912,59.52826</coordinates></LinearRing></outerBoundaryIs></Polygon><Polygon><outerBoundaryIs><LinearRing><coordinates> 19.16594,59.59701 19.16634,59.59773 19.16204,59.59795 19.16378,59.59644 19.16594,59.59701</coordinates></LinearRing></outerBoundaryIs></Polygon><Polygon><outerBoundaryIs><LinearRing><coordinates> 19.18132,59.59451 19.17924,59.59478 19.17868,59.59356 19.1836,59.59406 19.18132,59.59451</coordinates></LinearRing></outerBoundaryIs></Polygon><Polygon><outerBoundaryIs><LinearRing><coordinates> 18.80588,59.66954 18.80377,59.66706 18.80661,59.66773 18.80819,59.66932 18.80588,59.66954</coordinates></LinearRing></outerBoundaryIs></Polygon><Polygon><outerBoundaryIs><LinearRing><coordinates> 18.87977,59.65296 18.8802,59.65408 18.87766,59.65408 18.87714,59.6533 18.87977,59.65296</coordinates></LinearRing></outerBoundaryIs></Polygon><Polygon><outerBoundaryIs><LinearRing><coordinates> 19.15202,59.59734 19.15226,59.59466 19.15499,59.59592 19.15597,59.59809 19.15202,59.59734</coordinates></LinearRing></outerBoundaryIs></Polygon><Polygon><outerBoundaryIs><LinearRing><coordinates> 19.16821,59.58814 19.17725,59.5936 19.14301,59.58975 19.15504,59.59007 19.16821,59.58814</coordinates></LinearRing></outerBoundaryIs></Polygon><Polygon><outerBoundaryIs><LinearRing><coordinates> 18.77957,59.67215 18.78092,59.67111 18.78253,59.67169 18.78286,59.67292 18.77957,59.67215</coordinates></LinearRing></outerBoundaryIs></Polygon><Polygon><outerBoundaryIs><LinearRing><coordinates> 18.86902,59.65559 18.86184,59.65598 18.86363,59.65487 18.86693,59.65452 18.86902,59.65559</coordinates></LinearRing></outerBoundaryIs></Polygon><Polygon><outerBoundaryIs><LinearRing><coordinates> 19.45372,59.53591 19.4571,59.53463 19.45622,59.53556 19.45494,59.53593 19.45372,59.53591</coordinates></LinearRing></outerBoundaryIs></Polygon><Polygon><outerBoundaryIs><LinearRing><coordinates> 19.47041,59.53175 19.47016,59.52928 19.47365,59.53104 19.47231,59.53198 19.47041,59.53175</coordinates></LinearRing></outerBoundaryIs></Polygon><Polygon><outerBoundaryIs><LinearRing><coordinates> 19.31884,59.56303 19.31631,59.56316 19.31708,59.56117 19.31901,59.56252 19.31884,59.56303</coordinates></LinearRing></outerBoundaryIs></Polygon><Polygon><outerBoundaryIs><LinearRing><coordinates> 19.11145,59.60431 19.10926,59.60353 19.10907,59.60286 19.1129,59.60343 19.11145,59.60431</coordinates></LinearRing></outerBoundaryIs></Polygon><Polygon><outerBoundaryIs><LinearRing><coordinates> 18.86801,59.65167 18.86991,59.65179 18.87056,59.65284 18.86819,59.65239 18.86801,59.65167</coordinates></LinearRing></outerBoundaryIs></Polygon><Polygon><outerBoundaryIs><LinearRing><coordinates> 19.42858,59.53652 19.42974,59.53704 19.43079,59.53842 19.42653,59.53787 19.42858,59.53652</coordinates></LinearRing></outerBoundaryIs></Polygon><Polygon><outerBoundaryIs><LinearRing><coordinates> 18.83722,59.6562 18.83689,59.65868 18.83417,59.65812 18.83399,59.65729 18.83722,59.6562</coordinates></LinearRing></outerBoundaryIs></Polygon><Polygon><outerBoundaryIs><LinearRing><coordinates> 18.79892,59.66493 18.79834,59.66595 18.7953,59.66664 18.79437,59.66492 18.79892,59.66493</coordinates></LinearRing></outerBoundaryIs></Polygon><Polygon><outerBoundaryIs><LinearRing><coordinates> 18.75975,59.67153 18.762,59.66828 18.76445,59.66935 18.76397,59.67284 18.75975,59.67153</coordinates></LinearRing></outerBoundaryIs></Polygon><Polygon><outerBoundaryIs><LinearRing><coordinates> 19.14781,59.59547 19.14688,59.59511 19.14645,59.59428 19.14914,59.59448 19.14781,59.59547</coordinates></LinearRing></outerBoundaryIs></Polygon><Polygon><outerBoundaryIs><LinearRing><coordinates> 18.81667,59.66099 18.81611,59.66218 18.81356,59.66095 18.81564,59.65981 18.81667,59.66099</coordinates></LinearRing></outerBoundaryIs></Polygon><Polygon><outerBoundaryIs><LinearRing><coordinates> 19.33095,59.55767 19.32861,59.55752 19.32962,59.55676 19.33146,59.55637 19.33095,59.55767</coordinates></LinearRing></outerBoundaryIs></Polygon><Polygon><outerBoundaryIs><LinearRing><coordinates> 19.01101,59.62286 19.00804,59.62182 19.00995,59.62081 19.01256,59.62159 19.01101,59.62286</coordinates></LinearRing></outerBoundaryIs></Polygon><Polygon><outerBoundaryIs><LinearRing><coordinates> 18.77123,59.66897 18.77426,59.66934 18.77466,59.67007 18.77075,59.66976 18.77123,59.66897</coordinates></LinearRing></outerBoundaryIs></Polygon><Polygon><outerBoundaryIs><LinearRing><coordinates> 18.86859,59.64957 18.86921,59.65023 18.86651,59.65103 18.86682,59.64974 18.86859,59.64957</coordinates></LinearRing></outerBoundaryIs></Polygon><Polygon><outerBoundaryIs><LinearRing><coordinates> 18.84111,59.65494 18.84077,59.65594 18.83659,59.65532 18.83574,59.6545 18.84111,59.65494</coordinates></LinearRing></outerBoundaryIs></Polygon><Polygon><outerBoundaryIs><LinearRing><coordinates> 18.807,59.65705 18.81157,59.65858 18.81291,59.66119 18.80897,59.66178 18.807,59.65705</coordinates></LinearRing></outerBoundaryIs></Polygon><Polygon><outerBoundaryIs><LinearRing><coordinates> 18.8594,59.64351 18.86849,59.64842 18.85936,59.65177 18.85282,59.64445 18.8594,59.64351</coordinates></LinearRing></outerBoundaryIs></Polygon><Polygon><outerBoundaryIs><LinearRing><coordinates> 18.8051,59.66192 18.7981,59.66191 18.79415,59.65992 18.79276,59.65665 18.8051,59.66192</coordinates></LinearRing></outerBoundaryIs></Polygon><Polygon><outerBoundaryIs><LinearRing><coordinates> 18.76982,59.66688 18.77231,59.66782 18.76773,59.66882 18.76809,59.6678 18.76982,59.66688</coordinates></LinearRing></outerBoundaryIs></Polygon><Polygon><outerBoundaryIs><LinearRing><coordinates> 19.44534,59.53083 19.44181,59.52868 19.44457,59.52872 19.44694,59.53028 19.44534,59.53083</coordinates></LinearRing></outerBoundaryIs></Polygon><Polygon><outerBoundaryIs><LinearRing><coordinates> 18.76282,59.65844 18.77329,59.65865 18.78582,59.66494 18.75653,59.65862 18.76282,59.65844</coordinates></LinearRing></outerBoundaryIs></Polygon><Polygon><outerBoundaryIs><LinearRing><coordinates> 18.78433,59.66294 18.78587,59.66279 18.78561,59.66364 18.78449,59.66344 18.78433,59.66294</coordinates></LinearRing></outerBoundaryIs></Polygon><Polygon><outerBoundaryIs><LinearRing><coordinates> 19.26656,59.56267 19.2682,59.56201 19.27025,59.56401 19.26749,59.56483 19.26656,59.56267</coordinates></LinearRing></outerBoundaryIs></Polygon><Polygon><outerBoundaryIs><LinearRing><coordinates> 19.13653,59.583 19.14338,59.58534 19.14029,59.58903 19.13537,59.58483 19.13653,59.583</coordinates></LinearRing></outerBoundaryIs></Polygon><Polygon><outerBoundaryIs><LinearRing><coordinates> 18.7867,59.65968 18.78673,59.66002 18.78325,59.65959 18.78438,59.65878 18.7867,59.65968</coordinates></LinearRing></outerBoundaryIs></Polygon><Polygon><outerBoundaryIs><LinearRing><coordinates> 18.74969,59.66422 18.75518,59.66225 18.7574,59.6649 18.74962,59.66478 18.74969,59.66422</coordinates></LinearRing></outerBoundaryIs></Polygon><Polygon><outerBoundaryIs><LinearRing><coordinates> 19.48287,59.51542 19.48314,59.5167 19.48195,59.51691 19.4811,59.51626 19.48287,59.51542</coordinates></LinearRing></outerBoundaryIs></Polygon><Polygon><outerBoundaryIs><LinearRing><coordinates> 19.16307,59.58134 19.15998,59.58148 19.15899,59.58056 19.16157,59.57981 19.16307,59.58134</coordinates></LinearRing></outerBoundaryIs></Polygon><Polygon><outerBoundaryIs><LinearRing><coordinates> 18.80275,59.65282 18.79951,59.64627 18.81095,59.65023 18.80525,59.6535 18.80275,59.65282</coordinates></LinearRing></outerBoundaryIs></Polygon><Polygon><outerBoundaryIs><LinearRing><coordinates> 18.78008,59.6576 18.77832,59.65528 18.77956,59.65548 18.78247,59.65699 18.78008,59.6576</coordinates></LinearRing></outerBoundaryIs></Polygon><Polygon><outerBoundaryIs><LinearRing><coordinates> 19.3269,59.54465 19.32968,59.54486 19.33057,59.54602 19.32661,59.54623 19.3269,59.54465</coordinates></LinearRing></outerBoundaryIs></Polygon><Polygon><outerBoundaryIs><LinearRing><coordinates> 19.44163,59.5227 19.4388,59.52217 19.43898,59.52088 19.44092,59.52138 19.44163,59.5227</coordinates></LinearRing></outerBoundaryIs></Polygon><Polygon><outerBoundaryIs><LinearRing><coordinates> 18.85049,59.64223 18.8494,59.64093 18.8518,59.64048 18.85202,59.64188 18.85049,59.64223</coordinates></LinearRing></outerBoundaryIs></Polygon><Polygon><outerBoundaryIs><LinearRing><coordinates> 19.40894,59.52824 19.40735,59.52884 19.40518,59.52929 19.40344,59.52737 19.40894,59.52824</coordinates></LinearRing></outerBoundaryIs></Polygon><Polygon><outerBoundaryIs><LinearRing><coordinates> 18.84539,59.64316 18.84602,59.64157 18.84691,59.64161 18.84831,59.64242 18.84539,59.64316</coordinates></LinearRing></outerBoundaryIs></Polygon><Polygon><outerBoundaryIs><LinearRing><coordinates> 18.97722,59.61639 18.97634,59.61146 18.98211,59.6142 18.98036,59.61569 18.97722,59.61639</coordinates></LinearRing></outerBoundaryIs></Polygon><Polygon><outerBoundaryIs><LinearRing><coordinates> 19.14545,59.58224 19.14318,59.5818 19.14375,59.58094 19.14507,59.58079 19.14545,59.58224</coordinates></LinearRing></outerBoundaryIs></Polygon><Polygon><outerBoundaryIs><LinearRing><coordinates> 19.2477,59.5593 19.24878,59.55915 19.24958,59.56031 19.24743,59.55987 19.2477,59.5593</coordinates></LinearRing></outerBoundaryIs></Polygon><Polygon><outerBoundaryIs><LinearRing><coordinates> 19.24213,59.56098 19.24313,59.56005 19.24402,59.56008 19.24528,59.56044 19.24213,59.56098</coordinates></LinearRing></outerBoundaryIs></Polygon><Polygon><outerBoundaryIs><LinearRing><coordinates> 19.39854,59.52699 19.39738,59.52752 19.39584,59.52757 19.39405,59.52626 19.39854,59.52699</coordinates></LinearRing></outerBoundaryIs></Polygon><Polygon><outerBoundaryIs><LinearRing><coordinates> 19.40592,59.52357 19.40604,59.52559 19.40448,59.52547 19.40381,59.52353 19.40592,59.52357</coordinates></LinearRing></outerBoundaryIs></Polygon><Polygon><outerBoundaryIs><LinearRing><coordinates> 19.24671,59.55816 19.24342,59.55734 19.24482,59.55579 19.24694,59.55714 19.24671,59.55816</coordinates></LinearRing></outerBoundaryIs></Polygon><Polygon><outerBoundaryIs><LinearRing><coordinates> 19.27847,59.5488 19.28117,59.54821 19.28274,59.55029 19.27958,59.54977 19.27847,59.5488</coordinates></LinearRing></outerBoundaryIs></Polygon><Polygon><outerBoundaryIs><LinearRing><coordinates> 19.32192,59.54189 19.31839,59.54199 19.3194,59.54112 19.32036,59.54087 19.32192,59.54189</coordinates></LinearRing></outerBoundaryIs></Polygon><Polygon><outerBoundaryIs><LinearRing><coordinates> 18.79592,59.64838 18.76474,59.6471 18.77233,59.63307 18.76984,59.63807 18.79592,59.64838</coordinates></LinearRing></outerBoundaryIs></Polygon><Polygon><outerBoundaryIs><LinearRing><coordinates> 18.82223,59.64228 18.8197,59.63498 18.83569,59.64018 18.82817,59.6417 18.82223,59.64228</coordinates></LinearRing></outerBoundaryIs></Polygon><Polygon><outerBoundaryIs><LinearRing><coordinates> 18.83662,59.63561 18.84414,59.63668 18.83917,59.63937 18.83431,59.63718 18.83662,59.63561</coordinates></LinearRing></outerBoundaryIs></Polygon><Polygon><outerBoundaryIs><LinearRing><coordinates> 18.80909,59.64012 18.81396,59.63904 18.81933,59.64212 18.81016,59.64508 18.80909,59.64012</coordinates></LinearRing></outerBoundaryIs></Polygon><Polygon><outerBoundaryIs><LinearRing><coordinates> 19.32864,59.53882 19.32702,59.54011 19.32567,59.53978 19.32666,59.53894 19.32864,59.53882</coordinates></LinearRing></outerBoundaryIs></Polygon><Polygon><outerBoundaryIs><LinearRing><coordinates> 18.72068,59.66256 18.71649,59.65959 18.7249,59.6573 18.72673,59.65793 18.72068,59.66256</coordinates></LinearRing></outerBoundaryIs></Polygon><Polygon><outerBoundaryIs><LinearRing><coordinates> 19.26357,59.55008 19.26489,59.55099 19.26494,59.55144 19.26212,59.55096 19.26357,59.55008</coordinates></LinearRing></outerBoundaryIs></Polygon><Polygon><outerBoundaryIs><LinearRing><coordinates> 19.07414,59.58946 19.07127,59.58959 19.06986,59.58866 19.07704,59.58968 19.07414,59.58946</coordinates></LinearRing></outerBoundaryIs></Polygon><Polygon><outerBoundaryIs><LinearRing><coordinates> 19.32922,59.53432 19.33059,59.53461 19.3309,59.53635 19.32848,59.53552 19.32922,59.53432</coordinates></LinearRing></outerBoundaryIs></Polygon><Polygon><outerBoundaryIs><LinearRing><coordinates> 19.32704,59.53646 19.32547,59.53724 19.3245,59.53648 19.325,59.53602 19.32704,59.53646</coordinates></LinearRing></outerBoundaryIs></Polygon><Polygon><outerBoundaryIs><LinearRing><coordinates> 18.84114,59.63405 18.83972,59.63554 18.83782,59.63526 18.8377,59.63278 18.84114,59.63405</coordinates></LinearRing></outerBoundaryIs></Polygon><Polygon><outerBoundaryIs><LinearRing><coordinates> 19.31883,59.53671 19.31726,59.53647 19.3142,59.53458 19.32138,59.53681 19.31883,59.53671</coordinates></LinearRing></outerBoundaryIs></Polygon><Polygon><outerBoundaryIs><LinearRing><coordinates> 19.27511,59.54303 19.27559,59.54571 19.27217,59.54456 19.27268,59.54191 19.27511,59.54303</coordinates></LinearRing></outerBoundaryIs></Polygon><Polygon><outerBoundaryIs><LinearRing><coordinates> 18.80412,59.63943 18.80439,59.63746 18.80802,59.63957 18.80571,59.64086 18.80412,59.63943</coordinates></LinearRing></outerBoundaryIs></Polygon><Polygon><outerBoundaryIs><LinearRing><coordinates> 18.81502,59.63695 18.81672,59.63742 18.81691,59.6382 18.81458,59.6382 18.81502,59.63695</coordinates></LinearRing></outerBoundaryIs></Polygon><Polygon><outerBoundaryIs><LinearRing><coordinates> 19.31505,59.53704 19.31397,59.53724 19.31298,59.53637 19.31462,59.53616 19.31505,59.53704</coordinates></LinearRing></outerBoundaryIs></Polygon><Polygon><outerBoundaryIs><LinearRing><coordinates> 19.15366,59.56943 19.15426,59.56992 19.15188,59.57038 19.15115,59.56877 19.15366,59.56943</coordinates></LinearRing></outerBoundaryIs></Polygon><Polygon><outerBoundaryIs><LinearRing><coordinates> 18.79332,59.64018 18.79281,59.63823 18.79868,59.6368 18.80041,59.64115 18.79332,59.64018</coordinates></LinearRing></outerBoundaryIs></Polygon><Polygon><outerBoundaryIs><LinearRing><coordinates> 19.07452,59.58469 19.07461,59.58559 19.07054,59.58481 19.07246,59.58413 19.07452,59.58469</coordinates></LinearRing></outerBoundaryIs></Polygon><Polygon><outerBoundaryIs><LinearRing><coordinates> 19.27159,59.53399 19.2672,59.53081 19.28643,59.5423 19.27749,59.54246 19.27159,59.53399</coordinates></LinearRing></outerBoundaryIs></Polygon><Polygon><outerBoundaryIs><LinearRing><coordinates> 19.37055,59.52465 19.3676,59.52401 19.36719,59.5233 19.36964,59.5235 19.37055,59.52465</coordinates></LinearRing></outerBoundaryIs></Polygon><Polygon><outerBoundaryIs><LinearRing><coordinates> 19.06262,59.58563 19.06537,59.58669 19.06354,59.58724 19.06058,59.58641 19.06262,59.58563</coordinates></LinearRing></outerBoundaryIs></Polygon><Polygon><outerBoundaryIs><LinearRing><coordinates> 19.22925,59.55017 19.23041,59.55193 19.22812,59.55227 19.22803,59.55014 19.22925,59.55017</coordinates></LinearRing></outerBoundaryIs></Polygon><Polygon><outerBoundaryIs><LinearRing><coordinates> 19.40919,59.51298 19.40945,59.51241 19.41188,59.51234 19.4123,59.51406 19.40919,59.51298</coordinates></LinearRing></outerBoundaryIs></Polygon><Polygon><outerBoundaryIs><LinearRing><coordinates> 18.92373,59.61358 18.92132,59.61386 18.92129,59.61246 18.92262,59.61248 18.92373,59.61358</coordinates></LinearRing></outerBoundaryIs></Polygon><Polygon><outerBoundaryIs><LinearRing><coordinates> 18.8187,59.63242 18.81915,59.63124 18.8221,59.63195 18.82127,59.63394 18.8187,59.63242</coordinates></LinearRing></outerBoundaryIs></Polygon><Polygon><outerBoundaryIs><LinearRing><coordinates> 18.81478,59.63308 18.81344,59.63548 18.81205,59.63349 18.81364,59.63272 18.81478,59.63308</coordinates></LinearRing></outerBoundaryIs></Polygon><Polygon><outerBoundaryIs><LinearRing><coordinates> 19.28417,59.53831 19.28524,59.5357 19.28726,59.53598 19.28722,59.53908 19.28417,59.53831</coordinates></LinearRing></outerBoundaryIs></Polygon><Polygon><outerBoundaryIs><LinearRing><coordinates> 18.80564,59.63613 18.80291,59.63699 18.79574,59.62856 18.81269,59.63087 18.80564,59.63613</coordinates></LinearRing></outerBoundaryIs></Polygon><Polygon><outerBoundaryIs><LinearRing><coordinates> 18.74445,59.64835 18.74094,59.64871 18.74222,59.64765 18.74408,59.6475 18.74445,59.64835</coordinates></LinearRing></outerBoundaryIs></Polygon><Polygon><outerBoundaryIs><LinearRing><coordinates> 19.26447,59.53924 19.26687,59.54233 19.26593,59.54292 19.26115,59.54152 19.26447,59.53924</coordinates></LinearRing></outerBoundaryIs></Polygon><Polygon><outerBoundaryIs><LinearRing><coordinates> 19.36597,59.52047 19.36843,59.51972 19.36762,59.52132 19.36639,59.52118 19.36597,59.52047</coordinates></LinearRing></outerBoundaryIs></Polygon><Polygon><outerBoundaryIs><LinearRing><coordinates> 19.32349,59.52452 19.32357,59.5298 19.31773,59.5309 19.32034,59.52505 19.32349,59.52452</coordinates></LinearRing></outerBoundaryIs></Polygon><Polygon><outerBoundaryIs><LinearRing><coordinates> 19.39052,59.514 19.39247,59.51461 19.39106,59.51578 19.38928,59.51566 19.39052,59.514</coordinates></LinearRing></outerBoundaryIs></Polygon><Polygon><outerBoundaryIs><LinearRing><coordinates> 19.26673,59.53999 19.26714,59.53875 19.26852,59.53921 19.26782,59.5408 19.26673,59.53999</coordinates></LinearRing></outerBoundaryIs></Polygon><Polygon><outerBoundaryIs><LinearRing><coordinates> 18.71974,59.64963 18.72139,59.65077 18.72086,59.65107 18.7182,59.65091 18.71974,59.64963</coordinates></LinearRing></outerBoundaryIs></Polygon><Polygon><outerBoundaryIs><LinearRing><coordinates> 19.0738,59.57714 19.07661,59.57745 19.07735,59.57822 19.07539,59.5785 19.0738,59.57714</coordinates></LinearRing></outerBoundaryIs></Polygon><Polygon><outerBoundaryIs><LinearRing><coordinates> 18.74368,59.64466 18.74263,59.64536 18.73998,59.64542 18.73914,59.6447 18.74368,59.64466</coordinates></LinearRing></outerBoundaryIs></Polygon><Polygon><outerBoundaryIs><LinearRing><coordinates> 19.36111,59.51941 19.36045,59.51494 19.36401,59.51412 19.36831,59.51738 19.36111,59.51941</coordinates></LinearRing></outerBoundaryIs></Polygon><Polygon><outerBoundaryIs><LinearRing><coordinates> 19.37445,59.5155 19.37344,59.51626 19.37156,59.51631 19.37085,59.51589 19.37445,59.5155</coordinates></LinearRing></outerBoundaryIs></Polygon><Polygon><outerBoundaryIs><LinearRing><coordinates> 18.78498,59.63434 18.78691,59.63362 18.78693,59.63508 18.78502,59.63484 18.78498,59.63434</coordinates></LinearRing></outerBoundaryIs></Polygon><Polygon><outerBoundaryIs><LinearRing><coordinates> 19.28178,59.53421 19.27969,59.53257 19.2836,59.53248 19.28489,59.53323 19.28178,59.53421</coordinates></LinearRing></outerBoundaryIs></Polygon><Polygon><outerBoundaryIs><LinearRing><coordinates> 18.79613,59.63149 18.79555,59.63235 18.79354,59.63217 18.79384,59.6306 18.79613,59.63149</coordinates></LinearRing></outerBoundaryIs></Polygon><Polygon><outerBoundaryIs><LinearRing><coordinates> 19.02938,59.58511 19.02735,59.58477 19.02872,59.58412 19.03018,59.5843 19.02938,59.58511</coordinates></LinearRing></outerBoundaryIs></Polygon><Polygon><outerBoundaryIs><LinearRing><coordinates> 19.37579,59.51282 19.37575,59.51248 19.37765,59.51169 19.37859,59.51307 19.37579,59.51282</coordinates></LinearRing></outerBoundaryIs></Polygon><Polygon><outerBoundaryIs><LinearRing><coordinates> 19.37015,59.51474 19.3625,59.51112 19.36414,59.50984 19.37019,59.51065 19.37015,59.51474</coordinates></LinearRing></outerBoundaryIs></Polygon><Polygon><outerBoundaryIs><LinearRing><coordinates> 19.25381,59.53633 19.25406,59.53554 19.25684,59.53669 19.25615,59.53739 19.25381,59.53633</coordinates></LinearRing></outerBoundaryIs></Polygon><Polygon><outerBoundaryIs><LinearRing><coordinates> 19.27762,59.53111 19.27897,59.5326 19.27688,59.53271 19.27491,59.53169 19.27762,59.53111</coordinates></LinearRing></outerBoundaryIs></Polygon><Polygon><outerBoundaryIs><LinearRing><coordinates> 19.38167,59.51107 19.37877,59.51088 19.38055,59.51003 19.38198,59.50999 19.38167,59.51107</coordinates></LinearRing></outerBoundaryIs></Polygon><Polygon><outerBoundaryIs><LinearRing><coordinates> 19.35157,59.51552 19.35371,59.51489 19.35378,59.5164 19.351,59.51626 19.35157,59.51552</coordinates></LinearRing></outerBoundaryIs></Polygon><Polygon><outerBoundaryIs><LinearRing><coordinates> 19.24394,59.53802 19.24377,59.53842 19.2411,59.53828 19.24231,59.53723 19.24394,59.53802</coordinates></LinearRing></outerBoundaryIs></Polygon><Polygon><outerBoundaryIs><LinearRing><coordinates> 19.26439,59.53209 19.26583,59.53306 19.2659,59.53373 19.26338,59.53392 19.26439,59.53209</coordinates></LinearRing></outerBoundaryIs></Polygon><Polygon><outerBoundaryIs><LinearRing><coordinates> 19.35778,59.51248 19.35808,59.51219 19.36079,59.51173 19.36338,59.51329 19.35778,59.51248</coordinates></LinearRing></outerBoundaryIs></Polygon><Polygon><outerBoundaryIs><LinearRing><coordinates> 18.70892,59.64434 18.70996,59.64342 18.71203,59.64304 18.71403,59.64434 18.70892,59.64434</coordinates></LinearRing></outerBoundaryIs></Polygon><Polygon><outerBoundaryIs><LinearRing><coordinates> 18.70207,59.64466 18.70012,59.64346 18.70508,59.64218 18.70697,59.64478 18.70207,59.64466</coordinates></LinearRing></outerBoundaryIs></Polygon><Polygon><outerBoundaryIs><LinearRing><coordinates> 18.75419,59.63448 18.75415,59.63527 18.7527,59.63513 18.75148,59.63392 18.75419,59.63448</coordinates></LinearRing></outerBoundaryIs></Polygon><Polygon><outerBoundaryIs><LinearRing><coordinates> 18.77507,59.63007 18.77608,59.62898 18.77767,59.62939 18.77772,59.62995 18.77507,59.63007</coordinates></LinearRing></outerBoundaryIs></Polygon><Polygon><outerBoundaryIs><LinearRing><coordinates> 18.98596,59.58804 18.98486,59.58707 18.98729,59.58705 18.98763,59.58715 18.98596,59.58804</coordinates></LinearRing></outerBoundaryIs></Polygon><Polygon><outerBoundaryIs><LinearRing><coordinates> 18.79217,59.62325 18.79538,59.62583 18.79139,59.62703 18.78795,59.62318 18.79217,59.62325</coordinates></LinearRing></outerBoundaryIs></Polygon><Polygon><outerBoundaryIs><LinearRing><coordinates> 19.26869,59.52561 19.27236,59.52473 19.27532,59.52856 19.27292,59.52938 19.26869,59.52561</coordinates></LinearRing></outerBoundaryIs></Polygon><Polygon><outerBoundaryIs><LinearRing><coordinates> 18.80054,59.62508 18.79481,59.62306 18.79105,59.62058 18.7908,59.61767 18.80054,59.62508</coordinates></LinearRing></outerBoundaryIs></Polygon><Polygon><outerBoundaryIs><LinearRing><coordinates> 19.34536,59.51431 19.34577,59.51278 19.35175,59.51072 19.35095,59.51265 19.34536,59.51431</coordinates></LinearRing></outerBoundaryIs></Polygon><Polygon><outerBoundaryIs><LinearRing><coordinates> 19.24305,59.53508 19.24082,59.53486 19.24129,59.53317 19.24307,59.53423 19.24305,59.53508</coordinates></LinearRing></outerBoundaryIs></Polygon><Polygon><outerBoundaryIs><LinearRing><coordinates> 18.71379,59.64097 18.70749,59.6405 18.70688,59.63984 18.71906,59.64087 18.71379,59.64097</coordinates></LinearRing></outerBoundaryIs></Polygon><Polygon><outerBoundaryIs><LinearRing><coordinates> 19.26862,59.5295 19.26844,59.52984 19.26613,59.52991 19.2646,59.52911 19.26862,59.5295</coordinates></LinearRing></outerBoundaryIs></Polygon><Polygon><outerBoundaryIs><LinearRing><coordinates> 19.35574,59.5109 19.35514,59.51035 19.35996,59.50995 19.35862,59.51094 19.35574,59.5109</coordinates></LinearRing></outerBoundaryIs></Polygon><Polygon><outerBoundaryIs><LinearRing><coordinates> 19.36856,59.50648 19.36972,59.50588 19.37164,59.50746 19.36879,59.50883 19.36856,59.50648</coordinates></LinearRing></outerBoundaryIs></Polygon><Polygon><outerBoundaryIs><LinearRing><coordinates> 18.815,59.61931 18.81737,59.61859 18.82007,59.62021 18.81463,59.62146 18.815,59.61931</coordinates></LinearRing></outerBoundaryIs></Polygon><Polygon><outerBoundaryIs><LinearRing><coordinates> 19.28291,59.52588 19.28087,59.52543 19.28061,59.52505 19.28345,59.52479 19.28291,59.52588</coordinates></LinearRing></outerBoundaryIs></Polygon><Polygon><outerBoundaryIs><LinearRing><coordinates> 18.77467,59.62847 18.75881,59.62725 18.76144,59.61658 18.76699,59.61792 18.77467,59.62847</coordinates></LinearRing></outerBoundaryIs></Polygon><Polygon><outerBoundaryIs><LinearRing><coordinates> 18.75225,59.63256 18.74868,59.6323 18.75002,59.6312 18.75173,59.63167 18.75225,59.63256</coordinates></LinearRing></outerBoundaryIs></Polygon><Polygon><outerBoundaryIs><LinearRing><coordinates> 18.79856,59.62155 18.80009,59.6213 18.80054,59.62263 18.79898,59.62256 18.79856,59.62155</coordinates></LinearRing></outerBoundaryIs></Polygon><Polygon><outerBoundaryIs><LinearRing><coordinates> 18.97904,59.58465 18.98062,59.58471 18.98165,59.58608 18.97982,59.58658 18.97904,59.58465</coordinates></LinearRing></outerBoundaryIs></Polygon><Polygon><outerBoundaryIs><LinearRing><coordinates> 18.80749,59.61983 18.80779,59.61825 18.80921,59.61923 18.80909,59.62041 18.80749,59.61983</coordinates></LinearRing></outerBoundaryIs></Polygon><Polygon><outerBoundaryIs><LinearRing><coordinates> 18.78213,59.6248 18.78026,59.62501 18.77992,59.62367 18.78138,59.62386 18.78213,59.6248</coordinates></LinearRing></outerBoundaryIs></Polygon><Polygon><outerBoundaryIs><LinearRing><coordinates> 18.9685,59.58384 18.97486,59.58573 18.97215,59.58634 18.97002,59.586 18.9685,59.58384</coordinates></LinearRing></outerBoundaryIs></Polygon><Polygon><outerBoundaryIs><LinearRing><coordinates> 19.35484,59.50756 19.35357,59.50799 19.35291,59.50711 19.35462,59.50566 19.35484,59.50756</coordinates></LinearRing></outerBoundaryIs></Polygon><Polygon><outerBoundaryIs><LinearRing><coordinates> 19.2862,59.51983 19.28614,59.52123 19.2843,59.52061 19.28476,59.51987 19.2862,59.51983</coordinates></LinearRing></outerBoundaryIs></Polygon><Polygon><outerBoundaryIs><LinearRing><coordinates> 18.74396,59.63027 18.74391,59.62971 18.7454,59.62901 18.74554,59.63063 18.74396,59.63027</coordinates></LinearRing></outerBoundaryIs></Polygon><Polygon><outerBoundaryIs><LinearRing><coordinates> 18.95118,59.58905 18.94935,59.58853 18.94921,59.58825 18.95219,59.58817 18.95118,59.58905</coordinates></LinearRing></outerBoundaryIs></Polygon><Polygon><outerBoundaryIs><LinearRing><coordinates> 19.34954,59.50511 19.34978,59.50757 19.34698,59.50713 19.34693,59.50663 19.34954,59.50511</coordinates></LinearRing></outerBoundaryIs></Polygon><Polygon><outerBoundaryIs><LinearRing><coordinates> 19.25551,59.52644 19.25302,59.52347 19.25674,59.52427 19.25798,59.52571 19.25551,59.52644</coordinates></LinearRing></outerBoundaryIs></Polygon><Polygon><outerBoundaryIs><LinearRing><coordinates> 19.01592,59.57452 19.01279,59.57532 19.01397,59.57367 19.01615,59.57333 19.01592,59.57452</coordinates></LinearRing></outerBoundaryIs></Polygon><Polygon><outerBoundaryIs><LinearRing><coordinates> 19.00162,59.57417 19.00736,59.57398 19.00962,59.57578 19.00101,59.57475 19.00162,59.57417</coordinates></LinearRing></outerBoundaryIs></Polygon><Polygon><outerBoundaryIs><LinearRing><coordinates> 19.26278,59.52187 19.26419,59.52261 19.26233,59.52379 19.26143,59.52269 19.26278,59.52187</coordinates></LinearRing></outerBoundaryIs></Polygon><Polygon><outerBoundaryIs><LinearRing><coordinates> 18.69399,59.6378 18.69274,59.63872 18.69203,59.63771 18.69307,59.63709 18.69399,59.6378</coordinates></LinearRing></outerBoundaryIs></Polygon><Polygon><outerBoundaryIs><LinearRing><coordinates> 19.2592,59.52248 19.25895,59.52322 19.25694,59.523 19.25654,59.52245 19.2592,59.52248</coordinates></LinearRing></outerBoundaryIs></Polygon><Polygon><outerBoundaryIs><LinearRing><coordinates> 19.35515,59.50076 19.35484,59.50279 19.35316,59.50261 19.35382,59.50069 19.35515,59.50076</coordinates></LinearRing></outerBoundaryIs></Polygon><Polygon><outerBoundaryIs><LinearRing><coordinates> 18.73844,59.6268 18.73948,59.62594 18.74111,59.62685 18.7407,59.6272 18.73844,59.6268</coordinates></LinearRing></outerBoundaryIs></Polygon><Polygon><outerBoundaryIs><LinearRing><coordinates> 19.34821,59.50053 19.35019,59.50161 19.34788,59.50391 19.34717,59.50348 19.34821,59.50053</coordinates></LinearRing></outerBoundaryIs></Polygon><Polygon><outerBoundaryIs><LinearRing><coordinates> 18.75175,59.62448 18.75084,59.62293 18.75229,59.62306 18.75338,59.62411 18.75175,59.62448</coordinates></LinearRing></outerBoundaryIs></Polygon><Polygon><outerBoundaryIs><LinearRing><coordinates> 18.9367,59.58462 18.93788,59.5829 18.9412,59.58558 18.93941,59.58657 18.9367,59.58462</coordinates></LinearRing></outerBoundaryIs></Polygon><Polygon><outerBoundaryIs><LinearRing><coordinates> 18.94622,59.58407 18.94717,59.58354 18.94897,59.58388 18.94826,59.58452 18.94622,59.58407</coordinates></LinearRing></outerBoundaryIs></Polygon><Polygon><outerBoundaryIs><LinearRing><coordinates> 18.79438,59.61322 18.79519,59.61489 18.79369,59.61543 18.79228,59.61445 18.79438,59.61322</coordinates></LinearRing></outerBoundaryIs></Polygon><Polygon><outerBoundaryIs><LinearRing><coordinates> 19.25544,59.52057 19.25625,59.51993 19.25827,59.5202 19.25891,59.52091 19.25544,59.52057</coordinates></LinearRing></outerBoundaryIs></Polygon><Polygon><outerBoundaryIs><LinearRing><coordinates> 19.33956,59.50126 19.33876,59.50442 19.33708,59.50419 19.33745,59.50144 19.33956,59.50126</coordinates></LinearRing></outerBoundaryIs></Polygon><Polygon><outerBoundaryIs><LinearRing><coordinates> 19.35525,59.498 19.35617,59.49617 19.35889,59.49801 19.35696,59.49969 19.35525,59.498</coordinates></LinearRing></outerBoundaryIs></Polygon><Polygon><outerBoundaryIs><LinearRing><coordinates> 18.77981,59.61502 18.7816,59.61644 18.78042,59.6168 18.77748,59.61561 18.77981,59.61502</coordinates></LinearRing></outerBoundaryIs></Polygon><Polygon><outerBoundaryIs><LinearRing><coordinates> 19.01393,59.56193 19.03231,59.56477 19.02393,59.56749 19.02348,59.56486 19.01393,59.56193</coordinates></LinearRing></outerBoundaryIs></Polygon><Polygon><outerBoundaryIs><LinearRing><coordinates> 19.35142,59.49818 19.35104,59.4987 19.34843,59.49905 19.34756,59.49818 19.35142,59.49818</coordinates></LinearRing></outerBoundaryIs></Polygon><Polygon><outerBoundaryIs><LinearRing><coordinates> 18.71942,59.62459 18.71989,59.62615 18.71764,59.62575 18.7176,59.62531 18.71942,59.62459</coordinates></LinearRing></outerBoundaryIs></Polygon><Polygon><outerBoundaryIs><LinearRing><coordinates> 19.06138,59.55756 19.06077,59.55601 19.06271,59.55652 19.06277,59.55708 19.06138,59.55756</coordinates></LinearRing></outerBoundaryIs></Polygon><Polygon><outerBoundaryIs><LinearRing><coordinates> 18.77962,59.61404 18.76962,59.60988 18.77343,59.60918 18.77882,59.60996 18.77962,59.61404</coordinates></LinearRing></outerBoundaryIs></Polygon><Polygon><outerBoundaryIs><LinearRing><coordinates> 18.75634,59.61798 18.74905,59.61562 18.75147,59.61388 18.75444,59.61516 18.75634,59.61798</coordinates></LinearRing></outerBoundaryIs></Polygon><Polygon><outerBoundaryIs><LinearRing><coordinates> 18.94394,59.58007 18.93604,59.58081 18.93252,59.57724 18.94252,59.57904 18.94394,59.58007</coordinates></LinearRing></outerBoundaryIs></Polygon><Polygon><outerBoundaryIs><LinearRing><coordinates> 19.35007,59.49588 19.34793,59.49436 19.35339,59.49254 19.35294,59.4948 19.35007,59.49588</coordinates></LinearRing></outerBoundaryIs></Polygon><Polygon><outerBoundaryIs><LinearRing><coordinates> 18.75916,59.61566 18.7569,59.61509 18.75812,59.61389 18.75905,59.61432 18.75916,59.61566</coordinates></LinearRing></outerBoundaryIs></Polygon><Polygon><outerBoundaryIs><LinearRing><coordinates> 19.37838,59.48972 19.37606,59.48974 19.37607,59.4889 19.37799,59.48828 19.37838,59.48972</coordinates></LinearRing></outerBoundaryIs></Polygon><Polygon><outerBoundaryIs><LinearRing><coordinates> 18.72608,59.61915 18.7214,59.62144 18.71965,59.61913 18.72299,59.61576 18.72608,59.61915</coordinates></LinearRing></outerBoundaryIs></Polygon><Polygon><outerBoundaryIs><LinearRing><coordinates> 18.75253,59.60712 18.76507,59.61235 18.76278,59.61279 18.756,59.61014 18.75253,59.60712</coordinates></LinearRing></outerBoundaryIs></Polygon><Polygon><outerBoundaryIs><LinearRing><coordinates> 18.92961,59.57874 18.92841,59.57789 18.93049,59.57765 18.931,59.57831 18.92961,59.57874</coordinates></LinearRing></outerBoundaryIs></Polygon><Polygon><outerBoundaryIs><LinearRing><coordinates> 18.74418,59.61527 18.74374,59.61411 18.74505,59.61379 18.74559,59.61496 18.74418,59.61527</coordinates></LinearRing></outerBoundaryIs></Polygon><Polygon><outerBoundaryIs><LinearRing><coordinates> 19.02008,59.55826 19.02137,59.55794 19.02331,59.55851 19.02218,59.55932 19.02008,59.55826</coordinates></LinearRing></outerBoundaryIs></Polygon><Polygon><outerBoundaryIs><LinearRing><coordinates> 18.84381,59.58801 18.84625,59.59424 18.83612,59.59245 18.83748,59.58399 18.84381,59.58801</coordinates></LinearRing></outerBoundaryIs></Polygon><Polygon><outerBoundaryIs><LinearRing><coordinates> 18.79187,59.60492 18.7906,59.60444 18.79092,59.60309 18.79302,59.60422 18.79187,59.60492</coordinates></LinearRing></outerBoundaryIs></Polygon><Polygon><outerBoundaryIs><LinearRing><coordinates> 18.92364,59.57565 18.92858,59.57737 18.92647,59.57725 18.92479,59.57703 18.92364,59.57565</coordinates></LinearRing></outerBoundaryIs></Polygon><Polygon><outerBoundaryIs><LinearRing><coordinates> 18.77308,59.60638 18.7711,59.60802 18.76972,59.60595 18.77084,59.6048 18.77308,59.60638</coordinates></LinearRing></outerBoundaryIs></Polygon><Polygon><outerBoundaryIs><LinearRing><coordinates> 19.52166,59.45459 19.51876,59.4544 19.51951,59.45325 19.52037,59.45311 19.52166,59.45459</coordinates></LinearRing></outerBoundaryIs></Polygon><Polygon><outerBoundaryIs><LinearRing><coordinates> 18.74832,59.61192 18.74682,59.61134 18.74729,59.61037 18.74866,59.61079 18.74832,59.61192</coordinates></LinearRing></outerBoundaryIs></Polygon><Polygon><outerBoundaryIs><LinearRing><coordinates> 18.83376,59.59458 18.83241,59.59433 18.83013,59.59107 18.83513,59.59253 18.83376,59.59458</coordinates></LinearRing></outerBoundaryIs></Polygon><Polygon><outerBoundaryIs><LinearRing><coordinates> 18.97302,59.56634 18.97184,59.56559 18.97355,59.56509 18.97431,59.56597 18.97302,59.56634</coordinates></LinearRing></outerBoundaryIs></Polygon><Polygon><outerBoundaryIs><LinearRing><coordinates> 19.05445,59.54979 19.05219,59.5503 19.05054,59.54939 19.05369,59.54885 19.05445,59.54979</coordinates></LinearRing></outerBoundaryIs></Polygon><Polygon><outerBoundaryIs><LinearRing><coordinates> 18.70956,59.60082 18.70608,59.59371 18.7367,59.61241 18.71031,59.6136 18.70956,59.60082</coordinates></LinearRing></outerBoundaryIs></Polygon><Polygon><outerBoundaryIs><LinearRing><coordinates> 19.50714,59.45319 19.50904,59.45336 19.50848,59.45422 19.50731,59.45363 19.50714,59.45319</coordinates></LinearRing></outerBoundaryIs></Polygon><Polygon><outerBoundaryIs><LinearRing><coordinates> 18.76603,59.60568 18.76586,59.60501 18.76704,59.60464 18.76777,59.60541 18.76603,59.60568</coordinates></LinearRing></outerBoundaryIs></Polygon><Polygon><outerBoundaryIs><LinearRing><coordinates> 18.78419,59.60082 18.78452,59.602 18.78276,59.6022 18.78206,59.60048 18.78419,59.60082</coordinates></LinearRing></outerBoundaryIs></Polygon><Polygon><outerBoundaryIs><LinearRing><coordinates> 19.01192,59.55551 19.01281,59.55447 19.01455,59.55527 19.0146,59.55572 19.01192,59.55551</coordinates></LinearRing></outerBoundaryIs></Polygon><Polygon><outerBoundaryIs><LinearRing><coordinates> 19.51108,59.44912 19.51444,59.44971 19.51356,59.45181 19.51062,59.45222 19.51108,59.44912</coordinates></LinearRing></outerBoundaryIs></Polygon><Polygon><outerBoundaryIs><LinearRing><coordinates> 19.19935,59.51519 19.20056,59.51516 19.20067,59.51616 19.19829,59.51657 19.19935,59.51519</coordinates></LinearRing></outerBoundaryIs></Polygon><Polygon><outerBoundaryIs><LinearRing><coordinates> 18.75148,59.60641 18.74897,59.60691 18.74825,59.6062 18.74636,59.60361 18.75148,59.60641</coordinates></LinearRing></outerBoundaryIs></Polygon><Polygon><outerBoundaryIs><LinearRing><coordinates> 18.69574,59.61715 18.69528,59.61561 18.69665,59.61488 18.69775,59.61615 18.69574,59.61715</coordinates></LinearRing></outerBoundaryIs></Polygon><Polygon><outerBoundaryIs><LinearRing><coordinates> 18.77837,59.59888 18.77945,59.59981 18.77771,59.60018 18.77491,59.59839 18.77837,59.59888</coordinates></LinearRing></outerBoundaryIs></Polygon><Polygon><outerBoundaryIs><LinearRing><coordinates> 18.79179,59.59548 18.79396,59.59649 18.79248,59.59704 18.79092,59.59561 18.79179,59.59548</coordinates></LinearRing></outerBoundaryIs></Polygon><Polygon><outerBoundaryIs><LinearRing><coordinates> 18.78683,59.59754 18.7854,59.59825 18.78265,59.59792 18.78191,59.59698 18.78683,59.59754</coordinates></LinearRing></outerBoundaryIs></Polygon><Polygon><outerBoundaryIs><LinearRing><coordinates> 19.18599,59.51668 19.18418,59.51386 19.19007,59.5131 19.18817,59.5164 19.18599,59.51668</coordinates></LinearRing></outerBoundaryIs></Polygon><Polygon><outerBoundaryIs><LinearRing><coordinates> 19.19188,59.51361 19.19526,59.51424 19.19489,59.51481 19.19308,59.51448 19.19188,59.51361</coordinates></LinearRing></outerBoundaryIs></Polygon><Polygon><outerBoundaryIs><LinearRing><coordinates> 19.17847,59.51664 19.17971,59.51453 19.18134,59.51539 19.18021,59.51755 19.17847,59.51664</coordinates></LinearRing></outerBoundaryIs></Polygon><Polygon><outerBoundaryIs><LinearRing><coordinates> 19.16934,59.51763 19.17281,59.51702 19.17172,59.51818 19.1704,59.51822 19.16934,59.51763</coordinates></LinearRing></outerBoundaryIs></Polygon><Polygon><outerBoundaryIs><LinearRing><coordinates> 19.28525,59.49331 19.28663,59.49282 19.28735,59.49336 19.28746,59.49426 19.28525,59.49331</coordinates></LinearRing></outerBoundaryIs></Polygon><Polygon><outerBoundaryIs><LinearRing><coordinates> 19.33205,59.48355 19.33545,59.48434 19.33371,59.48462 19.33234,59.48439 19.33205,59.48355</coordinates></LinearRing></outerBoundaryIs></Polygon><Polygon><outerBoundaryIs><LinearRing><coordinates> 18.88451,59.57618 18.88514,59.57336 18.88761,59.57257 18.89108,59.57423 18.88451,59.57618</coordinates></LinearRing></outerBoundaryIs></Polygon><Polygon><outerBoundaryIs><LinearRing><coordinates> 18.73364,59.60624 18.73068,59.6053 18.73057,59.60407 18.73297,59.60491 18.73364,59.60624</coordinates></LinearRing></outerBoundaryIs></Polygon><Polygon><outerBoundaryIs><LinearRing><coordinates> 18.8721,59.57827 18.87071,59.57763 18.87078,59.57713 18.87231,59.57698 18.8721,59.57827</coordinates></LinearRing></outerBoundaryIs></Polygon><Polygon><outerBoundaryIs><LinearRing><coordinates> 19.49794,59.44571 19.49473,59.4413 19.5069,59.43851 19.50589,59.44802 19.49794,59.44571</coordinates></LinearRing></outerBoundaryIs></Polygon><Polygon><outerBoundaryIs><LinearRing><coordinates> 18.77671,59.5951 18.77919,59.59571 18.77828,59.59664 18.77704,59.59633 18.77671,59.5951</coordinates></LinearRing></outerBoundaryIs></Polygon><Polygon><outerBoundaryIs><LinearRing><coordinates> 19.1938,59.51109 19.19527,59.51037 19.19609,59.51175 19.19482,59.51224 19.1938,59.51109</coordinates></LinearRing></outerBoundaryIs></Polygon><Polygon><outerBoundaryIs><LinearRing><coordinates> 19.28758,59.49246 19.28583,59.49127 19.28672,59.49074 19.28978,59.49239 19.28758,59.49246</coordinates></LinearRing></outerBoundaryIs></Polygon><Polygon><outerBoundaryIs><LinearRing><coordinates> 19.51018,59.44471 19.51273,59.44374 19.51335,59.44547 19.51067,59.44621 19.51018,59.44471</coordinates></LinearRing></outerBoundaryIs></Polygon><Polygon><outerBoundaryIs><LinearRing><coordinates> 18.74451,59.60022 18.74619,59.60046 18.74729,59.6016 18.74565,59.60187 18.74451,59.60022</coordinates></LinearRing></outerBoundaryIs></Polygon><Polygon><outerBoundaryIs><LinearRing><coordinates> 18.73173,59.60213 18.73308,59.60238 18.73228,59.60335 18.73132,59.60251 18.73173,59.60213</coordinates></LinearRing></outerBoundaryIs></Polygon><Polygon><outerBoundaryIs><LinearRing><coordinates> 18.86923,59.57593 18.86759,59.57495 18.86883,59.57403 18.87094,59.57527 18.86923,59.57593</coordinates></LinearRing></outerBoundaryIs></Polygon><Polygon><outerBoundaryIs><LinearRing><coordinates> 19.03533,59.54022 19.03427,59.53828 19.03892,59.53963 19.03903,59.54086 19.03533,59.54022</coordinates></LinearRing></outerBoundaryIs></Polygon><Polygon><outerBoundaryIs><LinearRing><coordinates> 18.85378,59.57795 18.84868,59.57914 18.85082,59.57689 18.8523,59.57636 18.85378,59.57795</coordinates></LinearRing></outerBoundaryIs></Polygon><Polygon><outerBoundaryIs><LinearRing><coordinates> 18.85707,59.57599 18.85858,59.5768 18.85633,59.57758 18.85608,59.57725 18.85707,59.57599</coordinates></LinearRing></outerBoundaryIs></Polygon><Polygon><outerBoundaryIs><LinearRing><coordinates> 18.73838,59.59968 18.73452,59.60117 18.72863,59.59973 18.72796,59.59828 18.73838,59.59968</coordinates></LinearRing></outerBoundaryIs></Polygon><Polygon><outerBoundaryIs><LinearRing><coordinates> 19.17574,59.51161 19.17519,59.51067 19.17672,59.51051 19.17708,59.51174 19.17574,59.51161</coordinates></LinearRing></outerBoundaryIs></Polygon><Polygon><outerBoundaryIs><LinearRing><coordinates> 18.76441,59.59493 18.76275,59.59503 18.76203,59.59425 18.76425,59.59443 18.76441,59.59493</coordinates></LinearRing></outerBoundaryIs></Polygon><Polygon><outerBoundaryIs><LinearRing><coordinates> 18.79118,59.58897 18.78609,59.58908 18.78733,59.58804 18.78886,59.58773 18.79118,59.58897</coordinates></LinearRing></outerBoundaryIs></Polygon><Polygon><outerBoundaryIs><LinearRing><coordinates> 18.87236,59.57271 18.8703,59.57192 18.87453,59.57103 18.87437,59.57176 18.87236,59.57271</coordinates></LinearRing></outerBoundaryIs></Polygon><Polygon><outerBoundaryIs><LinearRing><coordinates> 19.17206,59.51179 19.16805,59.51144 19.1687,59.51013 19.17043,59.50975 19.17206,59.51179</coordinates></LinearRing></outerBoundaryIs></Polygon><Polygon><outerBoundaryIs><LinearRing><coordinates> 18.8427,59.57728 18.84398,59.5768 18.84472,59.57768 18.84276,59.57795 18.8427,59.57728</coordinates></LinearRing></outerBoundaryIs></Polygon><Polygon><outerBoundaryIs><LinearRing><coordinates> 19.20316,59.50386 19.203,59.50347 19.20511,59.50358 19.20456,59.50455 19.20316,59.50386</coordinates></LinearRing></outerBoundaryIs></Polygon><Polygon><outerBoundaryIs><LinearRing><coordinates> 19.51189,59.43876 19.5102,59.44061 19.50806,59.43909 19.50938,59.43793 19.51189,59.43876</coordinates></LinearRing></outerBoundaryIs></Polygon><Polygon><outerBoundaryIs><LinearRing><coordinates> 19.15241,59.51245 19.15311,59.51383 19.15032,59.51352 19.15132,59.51259 19.15241,59.51245</coordinates></LinearRing></outerBoundaryIs></Polygon><Polygon><outerBoundaryIs><LinearRing><coordinates> 19.18146,59.50746 19.17927,59.50663 19.17946,59.50634 19.1815,59.50583 19.18146,59.50746</coordinates></LinearRing></outerBoundaryIs></Polygon><Polygon><outerBoundaryIs><LinearRing><coordinates> 18.85245,59.57181 18.85416,59.57356 18.84856,59.57409 18.84984,59.57232 18.85245,59.57181</coordinates></LinearRing></outerBoundaryIs></Polygon><Polygon><outerBoundaryIs><LinearRing><coordinates> 19.19816,59.50044 19.20171,59.50063 19.20187,59.50231 19.19847,59.50138 19.19816,59.50044</coordinates></LinearRing></outerBoundaryIs></Polygon><Polygon><outerBoundaryIs><LinearRing><coordinates> 19.30277,59.4805 19.30341,59.48132 19.30147,59.48166 19.30094,59.48094 19.30277,59.4805</coordinates></LinearRing></outerBoundaryIs></Polygon><Polygon><outerBoundaryIs><LinearRing><coordinates> 18.86288,59.56831 18.86148,59.57126 18.85885,59.57155 18.85879,59.57087 18.86288,59.56831</coordinates></LinearRing></outerBoundaryIs></Polygon><Polygon><outerBoundaryIs><LinearRing><coordinates> 18.95396,59.55244 18.95331,59.5515 18.95661,59.55135 18.95644,59.55186 18.95396,59.55244</coordinates></LinearRing></outerBoundaryIs></Polygon><Polygon><outerBoundaryIs><LinearRing><coordinates> 19.1711,59.50626 19.17352,59.50384 19.17474,59.50617 19.17236,59.50797 19.1711,59.50626</coordinates></LinearRing></outerBoundaryIs></Polygon><Polygon><outerBoundaryIs><LinearRing><coordinates> 18.73421,59.59629 18.72846,59.59243 18.73346,59.59137 18.73958,59.59303 18.73421,59.59629</coordinates></LinearRing></outerBoundaryIs></Polygon><Polygon><outerBoundaryIs><LinearRing><coordinates> 19.02572,59.53667 19.02387,59.53694 19.02403,59.53537 19.02566,59.53611 19.02572,59.53667</coordinates></LinearRing></outerBoundaryIs></Polygon><Polygon><outerBoundaryIs><LinearRing><coordinates> 18.8392,59.57293 18.84048,59.57357 18.8371,59.57415 18.83713,59.57325 18.8392,59.57293</coordinates></LinearRing></outerBoundaryIs></Polygon><Polygon><outerBoundaryIs><LinearRing><coordinates> 18.74096,59.59254 18.74196,59.59187 18.74354,59.59175 18.74451,59.59263 18.74096,59.59254</coordinates></LinearRing></outerBoundaryIs></Polygon><Polygon><outerBoundaryIs><LinearRing><coordinates> 19.01393,59.53447 19.01504,59.53332 19.01992,59.53473 19.02139,59.53632 19.01393,59.53447</coordinates></LinearRing></outerBoundaryIs></Polygon><Polygon><outerBoundaryIs><LinearRing><coordinates> 18.70116,59.59886 18.7029,59.59896 18.70301,59.60019 18.70123,59.60018 18.70116,59.59886</coordinates></LinearRing></outerBoundaryIs></Polygon><Polygon><outerBoundaryIs><LinearRing><coordinates> 18.8594,59.56886 18.85763,59.5689 18.85756,59.56811 18.8586,59.56793 18.8594,59.56886</coordinates></LinearRing></outerBoundaryIs></Polygon><Polygon><outerBoundaryIs><LinearRing><coordinates> 19.497,59.43439 19.49759,59.43796 19.49391,59.43868 19.49393,59.43778 19.497,59.43439</coordinates></LinearRing></outerBoundaryIs></Polygon><Polygon><outerBoundaryIs><LinearRing><coordinates> 18.83242,59.57181 18.84247,59.57164 18.83767,59.57237 18.83516,59.57276 18.83242,59.57181</coordinates></LinearRing></outerBoundaryIs></Polygon><Polygon><outerBoundaryIs><LinearRing><coordinates> 19.07018,59.52223 19.0738,59.52439 19.06382,59.5223 19.05826,59.52104 19.07018,59.52223</coordinates></LinearRing></outerBoundaryIs></Polygon><Polygon><outerBoundaryIs><LinearRing><coordinates> 18.89641,59.56012 18.89382,59.55967 18.89419,59.55888 18.89576,59.55912 18.89641,59.56012</coordinates></LinearRing></outerBoundaryIs></Polygon><Polygon><outerBoundaryIs><LinearRing><coordinates> 19.02125,59.53308 19.02438,59.53345 19.02327,59.53438 19.02227,59.53435 19.02125,59.53308</coordinates></LinearRing></outerBoundaryIs></Polygon><Polygon><outerBoundaryIs><LinearRing><coordinates> 19.16813,59.49324 19.17455,59.49938 19.1713,59.50361 19.16311,59.49746 19.16813,59.49324</coordinates></LinearRing></outerBoundaryIs></Polygon><Polygon><outerBoundaryIs><LinearRing><coordinates> 19.18927,59.49921 19.18932,59.49965 19.18625,59.49986 19.1862,59.49846 19.18927,59.49921</coordinates></LinearRing></outerBoundaryIs></Polygon><Polygon><outerBoundaryIs><LinearRing><coordinates> 18.72324,59.59367 18.71972,59.59268 18.71977,59.59195 18.72209,59.59184 18.72324,59.59367</coordinates></LinearRing></outerBoundaryIs></Polygon><Polygon><outerBoundaryIs><LinearRing><coordinates> 19.29512,59.4764 19.29769,59.47571 19.29795,59.47711 19.29627,59.47721 19.29512,59.4764</coordinates></LinearRing></outerBoundaryIs></Polygon><Polygon><outerBoundaryIs><LinearRing><coordinates> 18.87818,59.5624 18.86924,59.56143 18.87209,59.55872 18.87506,59.55966 18.87818,59.5624</coordinates></LinearRing></outerBoundaryIs></Polygon><Polygon><outerBoundaryIs><LinearRing><coordinates> 18.71374,59.59507 18.71272,59.59487 18.71283,59.59422 18.71433,59.59427 18.71374,59.59507</coordinates></LinearRing></outerBoundaryIs></Polygon><Polygon><outerBoundaryIs><LinearRing><coordinates> 18.82959,59.56986 18.83203,59.56991 18.83248,59.57007 18.82785,59.57147 18.82959,59.56986</coordinates></LinearRing></outerBoundaryIs></Polygon><Polygon><outerBoundaryIs><LinearRing><coordinates> 19.48904,59.43409 19.49266,59.43287 19.49443,59.43401 19.48769,59.43598 19.48904,59.43409</coordinates></LinearRing></outerBoundaryIs></Polygon><Polygon><outerBoundaryIs><LinearRing><coordinates> 18.7096,59.58953 18.71283,59.59362 18.70074,59.59214 18.70135,59.58623 18.7096,59.58953</coordinates></LinearRing></outerBoundaryIs></Polygon><Polygon><outerBoundaryIs><LinearRing><coordinates> 18.7649,59.58096 18.76488,59.58068 18.76999,59.57962 18.77274,59.58068 18.7649,59.58096</coordinates></LinearRing></outerBoundaryIs></Polygon><Polygon><outerBoundaryIs><LinearRing><coordinates> 19.48386,59.43489 19.48376,59.43399 19.48535,59.43349 19.48618,59.43487 19.48386,59.43489</coordinates></LinearRing></outerBoundaryIs></Polygon><Polygon><outerBoundaryIs><LinearRing><coordinates> 18.85128,59.56354 18.85136,59.56191 18.85329,59.56249 18.85298,59.56395 18.85128,59.56354</coordinates></LinearRing></outerBoundaryIs></Polygon><Polygon><outerBoundaryIs><LinearRing><coordinates> 18.83318,59.56751 18.83198,59.5677 18.83135,59.56682 18.83366,59.56671 18.83318,59.56751</coordinates></LinearRing></outerBoundaryIs></Polygon><Polygon><outerBoundaryIs><LinearRing><coordinates> 18.68517,59.59405 18.67913,59.58677 18.69653,59.58431 18.69236,59.59503 18.68517,59.59405</coordinates></LinearRing></outerBoundaryIs></Polygon><Polygon><outerBoundaryIs><LinearRing><coordinates> 18.86638,59.5579 18.86752,59.5595 18.86495,59.56052 18.86235,59.55861 18.86638,59.5579</coordinates></LinearRing></outerBoundaryIs></Polygon><Polygon><outerBoundaryIs><LinearRing><coordinates> 19.30807,59.46787 19.30857,59.46993 19.30674,59.4697 19.30597,59.46805 19.30807,59.46787</coordinates></LinearRing></outerBoundaryIs></Polygon><Polygon><outerBoundaryIs><LinearRing><coordinates> 18.70655,59.58623 18.71082,59.58428 18.71378,59.58529 18.7179,59.58946 18.70655,59.58623</coordinates></LinearRing></outerBoundaryIs></Polygon><Polygon><outerBoundaryIs><LinearRing><coordinates> 18.83506,59.56505 18.83325,59.56588 18.83292,59.56465 18.83501,59.56455 18.83506,59.56505</coordinates></LinearRing></outerBoundaryIs></Polygon><Polygon><outerBoundaryIs><LinearRing><coordinates> 18.80755,59.56721 18.81209,59.56722 18.81187,59.56975 18.80538,59.57142 18.80755,59.56721</coordinates></LinearRing></outerBoundaryIs></Polygon><Polygon><outerBoundaryIs><LinearRing><coordinates> 19.27846,59.47289 19.27908,59.47181 19.28109,59.47225 19.28122,59.4734 19.27846,59.47289</coordinates></LinearRing></outerBoundaryIs></Polygon><Polygon><outerBoundaryIs><LinearRing><coordinates> 18.8288,59.56429 18.82933,59.56288 18.83053,59.56386 18.83016,59.56471 18.8288,59.56429</coordinates></LinearRing></outerBoundaryIs></Polygon><Polygon><outerBoundaryIs><LinearRing><coordinates> 18.83465,59.56174 18.83378,59.56317 18.83209,59.56276 18.83235,59.56202 18.83465,59.56174</coordinates></LinearRing></outerBoundaryIs></Polygon><Polygon><outerBoundaryIs><LinearRing><coordinates> 18.82206,59.56434 18.82324,59.56308 18.8248,59.56417 18.82473,59.56451 18.82206,59.56434</coordinates></LinearRing></outerBoundaryIs></Polygon><Polygon><outerBoundaryIs><LinearRing><coordinates> 18.74539,59.57756 18.74697,59.57797 18.74722,59.57948 18.74553,59.57913 18.74539,59.57756</coordinates></LinearRing></outerBoundaryIs></Polygon><Polygon><outerBoundaryIs><LinearRing><coordinates> 18.80661,59.56661 18.78804,59.56821 18.77762,59.56159 18.7956,59.55709 18.80661,59.56661</coordinates></LinearRing></outerBoundaryIs></Polygon><Polygon><outerBoundaryIs><LinearRing><coordinates> 18.83386,59.56036 18.83229,59.56134 18.83105,59.5611 18.83392,59.55985 18.83386,59.56036</coordinates></LinearRing></outerBoundaryIs></Polygon><Polygon><outerBoundaryIs><LinearRing><coordinates> 18.81464,59.55599 18.82098,59.55888 18.81986,59.56367 18.81193,59.55779 18.81464,59.55599</coordinates></LinearRing></outerBoundaryIs></Polygon><Polygon><outerBoundaryIs><LinearRing><coordinates> 18.75215,59.57557 18.75032,59.57752 18.74897,59.57727 18.74338,59.57268 18.75215,59.57557</coordinates></LinearRing></outerBoundaryIs></Polygon><Polygon><outerBoundaryIs><LinearRing><coordinates> 18.99875,59.52737 18.9972,59.52735 18.99576,59.52627 18.99839,59.52609 18.99875,59.52737</coordinates></LinearRing></outerBoundaryIs></Polygon><Polygon><outerBoundaryIs><LinearRing><coordinates> 18.73378,59.57823 18.73567,59.57711 18.7397,59.57759 18.74061,59.57914 18.73378,59.57823</coordinates></LinearRing></outerBoundaryIs></Polygon><Polygon><outerBoundaryIs><LinearRing><coordinates> 19.0514,59.51643 19.04815,59.51601 19.04732,59.51553 19.04864,59.51442 19.0514,59.51643</coordinates></LinearRing></outerBoundaryIs></Polygon><Polygon><outerBoundaryIs><LinearRing><coordinates> 18.82979,59.56068 18.82689,59.56153 18.8268,59.56055 18.82794,59.55959 18.82979,59.56068</coordinates></LinearRing></outerBoundaryIs></Polygon><Polygon><outerBoundaryIs><LinearRing><coordinates> 19.15952,59.49193 19.15741,59.49384 19.15652,59.49274 19.15762,59.49176 19.15952,59.49193</coordinates></LinearRing></outerBoundaryIs></Polygon><Polygon><outerBoundaryIs><LinearRing><coordinates> 19.17284,59.48863 19.17545,59.48922 19.17476,59.48997 19.17283,59.48947 19.17284,59.48863</coordinates></LinearRing></outerBoundaryIs></Polygon><Polygon><outerBoundaryIs><LinearRing><coordinates> 19.36479,59.44916 19.36578,59.44913 19.36558,59.45026 19.3639,59.45009 19.36479,59.44916</coordinates></LinearRing></outerBoundaryIs></Polygon><Polygon><outerBoundaryIs><LinearRing><coordinates> 18.74427,59.57624 18.74225,59.57584 18.74209,59.57398 18.74422,59.57562 18.74427,59.57624</coordinates></LinearRing></outerBoundaryIs></Polygon><Polygon><outerBoundaryIs><LinearRing><coordinates> 18.84341,59.55598 18.84347,59.55547 18.84507,59.55482 18.84604,59.55575 18.84341,59.55598</coordinates></LinearRing></outerBoundaryIs></Polygon><Polygon><outerBoundaryIs><LinearRing><coordinates> 18.73536,59.57434 18.73784,59.57398 18.74015,59.5764 18.73542,59.57538 18.73536,59.57434</coordinates></LinearRing></outerBoundaryIs></Polygon><Polygon><outerBoundaryIs><LinearRing><coordinates> 19.14087,59.49302 19.14178,59.49434 19.13973,59.49474 19.13916,59.49358 19.14087,59.49302</coordinates></LinearRing></outerBoundaryIs></Polygon><Polygon><outerBoundaryIs><LinearRing><coordinates> 18.96662,59.5279 18.96458,59.52604 18.96783,59.52659 18.96879,59.5287 18.96662,59.5279</coordinates></LinearRing></outerBoundaryIs></Polygon><Polygon><outerBoundaryIs><LinearRing><coordinates> 18.72936,59.57181 18.73314,59.57328 18.72822,59.57672 18.72378,59.57261 18.72936,59.57181</coordinates></LinearRing></outerBoundaryIs></Polygon><Polygon><outerBoundaryIs><LinearRing><coordinates> 18.86055,59.55002 18.8582,59.54973 18.85837,59.54793 18.8603,59.5485 18.86055,59.55002</coordinates></LinearRing></outerBoundaryIs></Polygon><Polygon><outerBoundaryIs><LinearRing><coordinates> 19.05424,59.51069 19.05346,59.51071 19.05178,59.50912 19.05543,59.50921 19.05424,59.51069</coordinates></LinearRing></outerBoundaryIs></Polygon><Polygon><outerBoundaryIs><LinearRing><coordinates> 19.15508,59.48779 19.15366,59.48991 19.15058,59.48999 19.15031,59.48961 19.15508,59.48779</coordinates></LinearRing></outerBoundaryIs></Polygon><Polygon><outerBoundaryIs><LinearRing><coordinates> 18.76464,59.55648 18.77308,59.56035 18.77722,59.56598 18.75316,59.56152 18.76464,59.55648</coordinates></LinearRing></outerBoundaryIs></Polygon><Polygon><outerBoundaryIs><LinearRing><coordinates> 18.80674,59.5592 18.80516,59.5589 18.80583,59.55647 18.80858,59.55748 18.80674,59.5592</coordinates></LinearRing></outerBoundaryIs></Polygon><Polygon><outerBoundaryIs><LinearRing><coordinates> 18.83137,59.5525 18.8312,59.55183 18.83318,59.55173 18.83379,59.55239 18.83137,59.5525</coordinates></LinearRing></outerBoundaryIs></Polygon><Polygon><outerBoundaryIs><LinearRing><coordinates> 19.33852,59.44439 19.34066,59.44479 19.3412,59.44702 19.33807,59.44542 19.33852,59.44439</coordinates></LinearRing></outerBoundaryIs></Polygon><Polygon><outerBoundaryIs><LinearRing><coordinates> 18.72724,59.57163 18.71735,59.57236 18.72445,59.56748 18.72801,59.56897 18.72724,59.57163</coordinates></LinearRing></outerBoundaryIs></Polygon><Polygon><outerBoundaryIs><LinearRing><coordinates> 19.25325,59.46254 19.25312,59.46339 19.24972,59.46259 19.251,59.46216 19.25325,59.46254</coordinates></LinearRing></outerBoundaryIs></Polygon><Polygon><outerBoundaryIs><LinearRing><coordinates> 18.79281,59.55631 18.79361,59.55534 18.79473,59.55548 18.79459,59.55639 18.79281,59.55631</coordinates></LinearRing></outerBoundaryIs></Polygon><Polygon><outerBoundaryIs><LinearRing><coordinates> 19.03412,59.50672 19.0333,59.505 19.03017,59.50333 19.03543,59.50282 19.03412,59.50672</coordinates></LinearRing></outerBoundaryIs></Polygon><Polygon><outerBoundaryIs><LinearRing><coordinates> 18.71097,59.5639 18.71749,59.57027 18.68855,59.56832 18.70231,59.56269 18.71097,59.5639</coordinates></LinearRing></outerBoundaryIs></Polygon><Polygon><outerBoundaryIs><LinearRing><coordinates> 18.78984,59.55232 18.79234,59.5552 18.78569,59.55389 18.78624,59.55247 18.78984,59.55232</coordinates></LinearRing></outerBoundaryIs></Polygon><Polygon><outerBoundaryIs><LinearRing><coordinates> 18.74923,59.55988 18.75173,59.55922 18.75202,59.56 18.74905,59.56141 18.74923,59.55988</coordinates></LinearRing></outerBoundaryIs></Polygon><Polygon><outerBoundaryIs><LinearRing><coordinates> 19.34941,59.43739 19.35082,59.43718 19.3513,59.43846 19.34976,59.43856 19.34941,59.43739</coordinates></LinearRing></outerBoundaryIs></Polygon><Polygon><outerBoundaryIs><LinearRing><coordinates> 18.94804,59.52032 18.94545,59.52074 18.94065,59.52018 18.94407,59.51886 18.94804,59.52032</coordinates></LinearRing></outerBoundaryIs></Polygon><Polygon><outerBoundaryIs><LinearRing><coordinates> 19.46647,59.41368 19.46542,59.41203 19.46769,59.41051 19.46966,59.41253 19.46647,59.41368</coordinates></LinearRing></outerBoundaryIs></Polygon><Polygon><outerBoundaryIs><LinearRing><coordinates> 18.78208,59.55184 18.78362,59.55237 18.78368,59.5531 18.7811,59.55271 18.78208,59.55184</coordinates></LinearRing></outerBoundaryIs></Polygon><Polygon><outerBoundaryIs><LinearRing><coordinates> 18.84077,59.54108 18.82667,59.5405 18.82772,59.53857 18.83894,59.53427 18.84077,59.54108</coordinates></LinearRing></outerBoundaryIs></Polygon><Polygon><outerBoundaryIs><LinearRing><coordinates> 18.75781,59.55647 18.75522,59.55591 18.76303,59.55406 18.75942,59.55588 18.75781,59.55647</coordinates></LinearRing></outerBoundaryIs></Polygon><Polygon><outerBoundaryIs><LinearRing><coordinates> 18.7419,59.55686 18.74536,59.55717 18.74529,59.55768 18.74336,59.55834 18.7419,59.55686</coordinates></LinearRing></outerBoundaryIs></Polygon><Polygon><outerBoundaryIs><LinearRing><coordinates> 18.67765,59.57054 18.6756,59.56991 18.67624,59.56839 18.67837,59.56868 18.67765,59.57054</coordinates></LinearRing></outerBoundaryIs></Polygon><Polygon><outerBoundaryIs><LinearRing><coordinates> 18.73024,59.55954 18.72946,59.5586 18.73121,59.55845 18.73206,59.55938 18.73024,59.55954</coordinates></LinearRing></outerBoundaryIs></Polygon><Polygon><outerBoundaryIs><LinearRing><coordinates> 18.88837,59.52797 18.88085,59.52921 18.8821,59.52481 18.88471,59.52542 18.88837,59.52797</coordinates></LinearRing></outerBoundaryIs></Polygon><Polygon><outerBoundaryIs><LinearRing><coordinates> 18.99993,59.50246 18.99825,59.50016 19.00317,59.50194 19.0058,59.50417 18.99993,59.50246</coordinates></LinearRing></outerBoundaryIs></Polygon><Polygon><outerBoundaryIs><LinearRing><coordinates> 18.9571,59.51296 18.95812,59.51214 18.9595,59.51267 18.95892,59.51347 18.9571,59.51296</coordinates></LinearRing></outerBoundaryIs></Polygon><Polygon><outerBoundaryIs><LinearRing><coordinates> 19.02556,59.4999 19.02312,59.49968 19.0211,59.49815 19.02558,59.49883 19.02556,59.4999</coordinates></LinearRing></outerBoundaryIs></Polygon><Polygon><outerBoundaryIs><LinearRing><coordinates> 18.74329,59.55483 18.73653,59.55341 18.75054,59.55293 18.74785,59.55414 18.74329,59.55483</coordinates></LinearRing></outerBoundaryIs></Polygon><Polygon><outerBoundaryIs><LinearRing><coordinates> 19.34949,59.43054 19.35016,59.43159 19.34797,59.43171 19.3476,59.43043 19.34949,59.43054</coordinates></LinearRing></outerBoundaryIs></Polygon><Polygon><outerBoundaryIs><LinearRing><coordinates> 19.11856,59.478 19.11705,59.47933 19.11572,59.47729 19.11782,59.47729 19.11856,59.478</coordinates></LinearRing></outerBoundaryIs></Polygon><Polygon><outerBoundaryIs><LinearRing><coordinates> 18.72363,59.55778 18.72474,59.55646 18.72584,59.55773 18.72507,59.5578 18.72363,59.55778</coordinates></LinearRing></outerBoundaryIs></Polygon><Polygon><outerBoundaryIs><LinearRing><coordinates> 18.76456,59.5488 18.75987,59.55076 18.76,59.5484 18.76149,59.5478 18.76456,59.5488</coordinates></LinearRing></outerBoundaryIs></Polygon><Polygon><outerBoundaryIs><LinearRing><coordinates> 18.84621,59.53265 18.84454,59.52894 18.84857,59.52933 18.85158,59.53202 18.84621,59.53265</coordinates></LinearRing></outerBoundaryIs></Polygon><Polygon><outerBoundaryIs><LinearRing><coordinates> 19.22366,59.4559 19.22163,59.4555 19.22173,59.45072 19.22417,59.45201 19.22366,59.4559</coordinates></LinearRing></outerBoundaryIs></Polygon><Polygon><outerBoundaryIs><LinearRing><coordinates> 18.88259,59.52148 18.87163,59.52752 18.86596,59.52485 18.87253,59.52026 18.88259,59.52148</coordinates></LinearRing></outerBoundaryIs></Polygon><Polygon><outerBoundaryIs><LinearRing><coordinates> 18.82257,59.53414 18.82878,59.53557 18.82544,59.53654 18.82449,59.53539 18.82257,59.53414</coordinates></LinearRing></outerBoundaryIs></Polygon><Polygon><outerBoundaryIs><LinearRing><coordinates> 19.01808,59.49737 19.01665,59.49634 19.01896,59.49628 19.01919,59.4974 19.01808,59.49737</coordinates></LinearRing></outerBoundaryIs></Polygon><Polygon><outerBoundaryIs><LinearRing><coordinates> 18.75292,59.54971 18.75313,59.54756 18.75521,59.54858 18.75499,59.54982 18.75292,59.54971</coordinates></LinearRing></outerBoundaryIs></Polygon><Polygon><outerBoundaryIs><LinearRing><coordinates> 19.10167,59.47898 19.10157,59.47714 19.1031,59.47693 19.10345,59.4791 19.10167,59.47898</coordinates></LinearRing></outerBoundaryIs></Polygon><Polygon><outerBoundaryIs><LinearRing><coordinates> 18.8377,59.53138 18.83478,59.53341 18.83392,59.53113 18.83751,59.52931 18.8377,59.53138</coordinates></LinearRing></outerBoundaryIs></Polygon><Polygon><outerBoundaryIs><LinearRing><coordinates> 18.92543,59.51331 18.9269,59.51467 18.92572,59.51504 18.92398,59.51352 18.92543,59.51331</coordinates></LinearRing></outerBoundaryIs></Polygon><Polygon><outerBoundaryIs><LinearRing><coordinates> 19.2355,59.45056 19.23586,59.44858 19.24037,59.4496 19.2382,59.45111 19.2355,59.45056</coordinates></LinearRing></outerBoundaryIs></Polygon><Polygon><outerBoundaryIs><LinearRing><coordinates> 19.21453,59.45382 19.21264,59.456 19.21077,59.45369 19.21329,59.45116 19.21453,59.45382</coordinates></LinearRing></outerBoundaryIs></Polygon><Polygon><outerBoundaryIs><LinearRing><coordinates> 19.35455,59.42236 19.35295,59.42628 19.34694,59.4279 19.34414,59.42291 19.35455,59.42236</coordinates></LinearRing></outerBoundaryIs></Polygon><Polygon><outerBoundaryIs><LinearRing><coordinates> 18.69546,59.55581 18.69109,59.56064 18.69292,59.55194 18.70495,59.55673 18.69546,59.55581</coordinates></LinearRing></outerBoundaryIs></Polygon><Polygon><outerBoundaryIs><LinearRing><coordinates> 18.72191,59.5545 18.71774,59.55364 18.71748,59.55056 18.72239,59.55241 18.72191,59.5545</coordinates></LinearRing></outerBoundaryIs></Polygon><Polygon><outerBoundaryIs><LinearRing><coordinates> 19.12519,59.47029 19.12709,59.47176 19.12705,59.47255 19.12364,59.47263 19.12519,59.47029</coordinates></LinearRing></outerBoundaryIs></Polygon><Polygon><outerBoundaryIs><LinearRing><coordinates> 18.81344,59.53463 18.81722,59.5337 18.81746,59.53509 18.81348,59.53513 18.81344,59.53463</coordinates></LinearRing></outerBoundaryIs></Polygon><Polygon><outerBoundaryIs><LinearRing><coordinates> 18.66117,59.56526 18.66253,59.56408 18.66504,59.56383 18.66918,59.56441 18.66117,59.56526</coordinates></LinearRing></outerBoundaryIs></Polygon><Polygon><outerBoundaryIs><LinearRing><coordinates> 19.01365,59.49519 19.01274,59.49494 19.0122,59.494 19.01492,59.49465 19.01365,59.49519</coordinates></LinearRing></outerBoundaryIs></Polygon><Polygon><outerBoundaryIs><LinearRing><coordinates> 19.13062,59.4712 19.12924,59.47074 19.1289,59.46962 19.13205,59.47015 19.13062,59.4712</coordinates></LinearRing></outerBoundaryIs></Polygon><Polygon><outerBoundaryIs><LinearRing><coordinates> 18.64394,59.56158 18.63606,59.55435 18.65858,59.55268 18.6845,59.56094 18.64394,59.56158</coordinates></LinearRing></outerBoundaryIs></Polygon><Polygon><outerBoundaryIs><LinearRing><coordinates> 18.7973,59.53616 18.79872,59.5359 18.8,59.53789 18.79774,59.53738 18.7973,59.53616</coordinates></LinearRing></outerBoundaryIs></Polygon><Polygon><outerBoundaryIs><LinearRing><coordinates> 18.94569,59.50844 18.94238,59.50853 18.94368,59.5072 18.94539,59.50766 18.94569,59.50844</coordinates></LinearRing></outerBoundaryIs></Polygon><Polygon><outerBoundaryIs><LinearRing><coordinates> 19.36971,59.42151 19.36742,59.42175 19.36696,59.42064 19.36974,59.42084 19.36971,59.42151</coordinates></LinearRing></outerBoundaryIs></Polygon><Polygon><outerBoundaryIs><LinearRing><coordinates> 19.24015,59.44612 19.24282,59.44752 19.23921,59.44788 19.23927,59.44614 19.24015,59.44612</coordinates></LinearRing></outerBoundaryIs></Polygon><Polygon><outerBoundaryIs><LinearRing><coordinates> 19.11282,59.47373 19.10967,59.47343 19.10975,59.47213 19.11105,59.47193 19.11282,59.47373</coordinates></LinearRing></outerBoundaryIs></Polygon><Polygon><outerBoundaryIs><LinearRing><coordinates> 19.34187,59.42566 19.34131,59.42663 19.33697,59.42506 19.3393,59.42185 19.34187,59.42566</coordinates></LinearRing></outerBoundaryIs></Polygon><Polygon><outerBoundaryIs><LinearRing><coordinates> 19.02167,59.49172 19.02052,59.49225 19.0188,59.49163 19.02098,59.49033 19.02167,59.49172</coordinates></LinearRing></outerBoundaryIs></Polygon><Polygon><outerBoundaryIs><LinearRing><coordinates> 18.71518,59.55207 18.71471,59.55369 18.71319,59.55309 18.71381,59.55159 18.71518,59.55207</coordinates></LinearRing></outerBoundaryIs></Polygon><Polygon><outerBoundaryIs><LinearRing><coordinates> 19.13537,59.46589 19.13767,59.46685 19.13682,59.46844 19.1346,59.46709 19.13537,59.46589</coordinates></LinearRing></outerBoundaryIs></Polygon><Polygon><outerBoundaryIs><LinearRing><coordinates> 18.83832,59.52586 18.84063,59.52576 18.84215,59.52785 18.8387,59.52765 18.83832,59.52586</coordinates></LinearRing></outerBoundaryIs></Polygon><Polygon><outerBoundaryIs><LinearRing><coordinates> 18.86524,59.52283 18.8629,59.52132 18.86286,59.52087 18.86774,59.52109 18.86524,59.52283</coordinates></LinearRing></outerBoundaryIs></Polygon><Polygon><outerBoundaryIs><LinearRing><coordinates> 18.83502,59.52735 18.83591,59.52867 18.83167,59.5295 18.83162,59.52888 18.83502,59.52735</coordinates></LinearRing></outerBoundaryIs></Polygon><Polygon><outerBoundaryIs><LinearRing><coordinates> 19.20998,59.45236 19.20632,59.45093 19.20655,59.44278 19.20889,59.44542 19.20998,59.45236</coordinates></LinearRing></outerBoundaryIs></Polygon><Polygon><outerBoundaryIs><LinearRing><coordinates> 19.23254,59.44732 19.23019,59.44687 19.23023,59.44496 19.23306,59.44573 19.23254,59.44732</coordinates></LinearRing></outerBoundaryIs></Polygon><Polygon><outerBoundaryIs><LinearRing><coordinates> 18.73005,59.54878 18.7247,59.54968 18.72044,59.545 18.73791,59.54495 18.73005,59.54878</coordinates></LinearRing></outerBoundaryIs></Polygon><Polygon><outerBoundaryIs><LinearRing><coordinates> 18.70833,59.55211 18.70791,59.55106 18.7115,59.5517 18.71091,59.55245 18.70833,59.55211</coordinates></LinearRing></outerBoundaryIs></Polygon><Polygon><outerBoundaryIs><LinearRing><coordinates> 18.68833,59.55384 18.68593,59.55692 18.68412,59.55651 18.68519,59.55334 18.68833,59.55384</coordinates></LinearRing></outerBoundaryIs></Polygon><Polygon><outerBoundaryIs><LinearRing><coordinates> 19.09356,59.47423 19.09182,59.47455 19.08801,59.4726 19.09053,59.47245 19.09356,59.47423</coordinates></LinearRing></outerBoundaryIs></Polygon><Polygon><outerBoundaryIs><LinearRing><coordinates> 19.22387,59.44573 19.22497,59.44474 19.22601,59.4451 19.22647,59.44627 19.22387,59.44573</coordinates></LinearRing></outerBoundaryIs></Polygon><Polygon><outerBoundaryIs><LinearRing><coordinates> 19.20999,59.44883 19.21056,59.44701 19.21209,59.44786 19.21199,59.44893 19.20999,59.44883</coordinates></LinearRing></outerBoundaryIs></Polygon><Polygon><outerBoundaryIs><LinearRing><coordinates> 18.99099,59.49189 18.99239,59.49359 18.99129,59.49362 18.98914,59.49205 18.99099,59.49189</coordinates></LinearRing></outerBoundaryIs></Polygon><Polygon><outerBoundaryIs><LinearRing><coordinates> 18.87036,59.51581 18.87269,59.51458 18.87403,59.5173 18.87219,59.51773 18.87036,59.51581</coordinates></LinearRing></outerBoundaryIs></Polygon><Polygon><outerBoundaryIs><LinearRing><coordinates> 19.2173,59.44715 19.21599,59.44724 19.21473,59.44683 19.21525,59.44558 19.2173,59.44715</coordinates></LinearRing></outerBoundaryIs></Polygon><Polygon><outerBoundaryIs><LinearRing><coordinates> 19.20291,59.44866 19.20466,59.4462 19.20546,59.44888 19.20387,59.44953 19.20291,59.44866</coordinates></LinearRing></outerBoundaryIs></Polygon><Polygon><outerBoundaryIs><LinearRing><coordinates> 18.82304,59.52442 18.82488,59.5239 18.82812,59.52306 18.82054,59.52733 18.82304,59.52442</coordinates></LinearRing></outerBoundaryIs></Polygon><Polygon><outerBoundaryIs><LinearRing><coordinates> 18.83525,59.52342 18.83651,59.52149 18.83796,59.5228 18.83672,59.52378 18.83525,59.52342</coordinates></LinearRing></outerBoundaryIs></Polygon><Polygon><outerBoundaryIs><LinearRing><coordinates> 18.86051,59.51682 18.86209,59.51842 18.85393,59.51866 18.85575,59.51671 18.86051,59.51682</coordinates></LinearRing></outerBoundaryIs></Polygon><Polygon><outerBoundaryIs><LinearRing><coordinates> 18.92607,59.50338 18.92774,59.50485 18.92374,59.50591 18.91946,59.502 18.92607,59.50338</coordinates></LinearRing></outerBoundaryIs></Polygon><Polygon><outerBoundaryIs><LinearRing><coordinates> 19.21152,59.43935 19.21561,59.43435 19.22082,59.43637 19.21984,59.44471 19.21152,59.43935</coordinates></LinearRing></outerBoundaryIs></Polygon><Polygon><outerBoundaryIs><LinearRing><coordinates> 18.69132,59.54996 18.68937,59.55179 18.68622,59.54981 18.68784,59.5493 18.69132,59.54996</coordinates></LinearRing></outerBoundaryIs></Polygon><Polygon><outerBoundaryIs><LinearRing><coordinates> 18.70129,59.54868 18.70025,59.5469 18.70273,59.54752 18.7034,59.54885 18.70129,59.54868</coordinates></LinearRing></outerBoundaryIs></Polygon><Polygon><outerBoundaryIs><LinearRing><coordinates> 18.66436,59.5529 18.6696,59.54953 18.67568,59.55074 18.67314,59.55478 18.66436,59.5529</coordinates></LinearRing></outerBoundaryIs></Polygon><Polygon><outerBoundaryIs><LinearRing><coordinates> 18.84191,59.51276 18.85062,59.51873 18.84056,59.51874 18.83731,59.51332 18.84191,59.51276</coordinates></LinearRing></outerBoundaryIs></Polygon><Polygon><outerBoundaryIs><LinearRing><coordinates> 19.00275,59.48404 19.00466,59.4864 19.00455,59.48753 19.001,59.48527 19.00275,59.48404</coordinates></LinearRing></outerBoundaryIs></Polygon><Polygon><outerBoundaryIs><LinearRing><coordinates> 19.0838,59.47 19.08371,59.47101 19.08188,59.47062 19.08166,59.46961 19.0838,59.47</coordinates></LinearRing></outerBoundaryIs></Polygon><Polygon><outerBoundaryIs><LinearRing><coordinates> 19.2119,59.44462 19.20783,59.44236 19.20778,59.44062 19.21242,59.44197 19.2119,59.44462</coordinates></LinearRing></outerBoundaryIs></Polygon><Polygon><outerBoundaryIs><LinearRing><coordinates> 19.23462,59.43839 19.23544,59.43977 19.23281,59.43996 19.23324,59.43888 19.23462,59.43839</coordinates></LinearRing></outerBoundaryIs></Polygon><Polygon><outerBoundaryIs><LinearRing><coordinates> 18.70438,59.54702 18.70308,59.5451 18.70686,59.54546 18.70801,59.54594 18.70438,59.54702</coordinates></LinearRing></outerBoundaryIs></Polygon><Polygon><outerBoundaryIs><LinearRing><coordinates> 18.76368,59.53317 18.76983,59.53286 18.76879,59.5335 18.76636,59.53356 18.76368,59.53317</coordinates></LinearRing></outerBoundaryIs></Polygon><Polygon><outerBoundaryIs><LinearRing><coordinates> 19.23054,59.4384 19.22891,59.43957 19.22803,59.4396 19.22713,59.43845 19.23054,59.4384</coordinates></LinearRing></outerBoundaryIs></Polygon><Polygon><outerBoundaryIs><LinearRing><coordinates> 18.69838,59.54447 18.6995,59.54467 18.70039,59.546 18.69894,59.54581 18.69838,59.54447</coordinates></LinearRing></outerBoundaryIs></Polygon><Polygon><outerBoundaryIs><LinearRing><coordinates> 18.86551,59.50975 18.8592,59.51332 18.83776,59.50817 18.82796,59.49983 18.86551,59.50975</coordinates></LinearRing></outerBoundaryIs></Polygon><Polygon><outerBoundaryIs><LinearRing><coordinates> 19.32774,59.41518 19.32949,59.41385 19.33127,59.41515 19.33012,59.41692 19.32774,59.41518</coordinates></LinearRing></outerBoundaryIs></Polygon><Polygon><outerBoundaryIs><LinearRing><coordinates> 18.92674,59.49635 18.929,59.49565 18.93213,59.49814 18.9267,59.49694 18.92674,59.49635</coordinates></LinearRing></outerBoundaryIs></Polygon><Polygon><outerBoundaryIs><LinearRing><coordinates> 18.74889,59.53457 18.74728,59.53511 18.74642,59.53399 18.74653,59.53294 18.74889,59.53457</coordinates></LinearRing></outerBoundaryIs></Polygon><Polygon><outerBoundaryIs><LinearRing><coordinates> 18.91142,59.49859 18.91523,59.49923 18.91571,59.50096 18.91107,59.49972 18.91142,59.49859</coordinates></LinearRing></outerBoundaryIs></Polygon><Polygon><outerBoundaryIs><LinearRing><coordinates> 19.3463,59.41071 19.34555,59.41281 19.34418,59.41235 19.34353,59.41152 19.3463,59.41071</coordinates></LinearRing></outerBoundaryIs></Polygon><Polygon><outerBoundaryIs><LinearRing><coordinates> 19.19962,59.44295 19.19436,59.43971 19.19768,59.43638 19.20158,59.4392 19.19962,59.44295</coordinates></LinearRing></outerBoundaryIs></Polygon><Polygon><outerBoundaryIs><LinearRing><coordinates> 19.00052,59.4825 18.99829,59.48098 18.99963,59.47881 19.00111,59.48035 19.00052,59.4825</coordinates></LinearRing></outerBoundaryIs></Polygon><Polygon><outerBoundaryIs><LinearRing><coordinates> 18.69417,59.54249 18.69568,59.54262 18.6961,59.54368 18.69341,59.54318 18.69417,59.54249</coordinates></LinearRing></outerBoundaryIs></Polygon><Polygon><outerBoundaryIs><LinearRing><coordinates> 18.69142,59.54456 18.68865,59.5444 18.68947,59.54247 18.6922,59.54337 18.69142,59.54456</coordinates></LinearRing></outerBoundaryIs></Polygon><Polygon><outerBoundaryIs><LinearRing><coordinates> 18.62311,59.55719 18.62243,59.55434 18.62406,59.55392 18.62603,59.55505 18.62311,59.55719</coordinates></LinearRing></outerBoundaryIs></Polygon><Polygon><outerBoundaryIs><LinearRing><coordinates> 18.94816,59.49092 18.94937,59.48988 18.95037,59.49097 18.94916,59.49174 18.94816,59.49092</coordinates></LinearRing></outerBoundaryIs></Polygon><Polygon><outerBoundaryIs><LinearRing><coordinates> 19.13481,59.45318 19.13477,59.45386 19.13201,59.45376 19.13326,59.4521 19.13481,59.45318</coordinates></LinearRing></outerBoundaryIs></Polygon><Polygon><outerBoundaryIs><LinearRing><coordinates> 18.81722,59.51595 18.81839,59.51548 18.82222,59.5164 18.81936,59.51771 18.81722,59.51595</coordinates></LinearRing></outerBoundaryIs></Polygon><Polygon><outerBoundaryIs><LinearRing><coordinates> 18.8864,59.50211 18.88921,59.50266 18.88946,59.50294 18.887,59.50378 18.8864,59.50211</coordinates></LinearRing></outerBoundaryIs></Polygon><Polygon><outerBoundaryIs><LinearRing><coordinates> 19.33992,59.40673 19.3423,59.40521 19.34406,59.40972 19.33809,59.4106 19.33992,59.40673</coordinates></LinearRing></outerBoundaryIs></Polygon><Polygon><outerBoundaryIs><LinearRing><coordinates> 19.22715,59.42869 19.22881,59.42989 19.22944,59.43308 19.22572,59.43221 19.22715,59.42869</coordinates></LinearRing></outerBoundaryIs></Polygon><Polygon><outerBoundaryIs><LinearRing><coordinates> 18.73941,59.53237 18.73579,59.53262 18.73626,59.53166 18.7379,59.53145 18.73941,59.53237</coordinates></LinearRing></outerBoundaryIs></Polygon><Polygon><outerBoundaryIs><LinearRing><coordinates> 19.20953,59.43486 19.21169,59.43452 19.21077,59.43617 19.2099,59.4362 19.20953,59.43486</coordinates></LinearRing></outerBoundaryIs></Polygon><Polygon><outerBoundaryIs><LinearRing><coordinates> 18.83442,59.51064 18.83695,59.51047 18.83661,59.51166 18.83534,59.51219 18.83442,59.51064</coordinates></LinearRing></outerBoundaryIs></Polygon><Polygon><outerBoundaryIs><LinearRing><coordinates> 18.88806,59.49744 18.89604,59.49814 18.89553,59.49976 18.88973,59.49886 18.88806,59.49744</coordinates></LinearRing></outerBoundaryIs></Polygon><Polygon><outerBoundaryIs><LinearRing><coordinates> 18.88432,59.4998 18.88722,59.50024 18.88783,59.50084 18.88466,59.5012 18.88432,59.4998</coordinates></LinearRing></outerBoundaryIs></Polygon><Polygon><outerBoundaryIs><LinearRing><coordinates> 18.97431,59.48129 18.97606,59.48118 18.97676,59.48257 18.9748,59.48285 18.97431,59.48129</coordinates></LinearRing></outerBoundaryIs></Polygon><Polygon><outerBoundaryIs><LinearRing><coordinates> 19.22242,59.43229 19.22077,59.43227 19.22018,59.43072 19.22277,59.43015 19.22242,59.43229</coordinates></LinearRing></outerBoundaryIs></Polygon><Polygon><outerBoundaryIs><LinearRing><coordinates> 18.79125,59.51469 18.79445,59.51467 18.79724,59.51494 18.79414,59.51878 18.79125,59.51469</coordinates></LinearRing></outerBoundaryIs></Polygon><Polygon><outerBoundaryIs><LinearRing><coordinates> 18.97069,59.47947 18.96846,59.48294 18.96498,59.48235 18.96431,59.48102 18.97069,59.47947</coordinates></LinearRing></outerBoundaryIs></Polygon><Polygon><outerBoundaryIs><LinearRing><coordinates> 18.82367,59.51201 18.82025,59.51274 18.82046,59.50752 18.82728,59.50725 18.82367,59.51201</coordinates></LinearRing></outerBoundaryIs></Polygon><Polygon><outerBoundaryIs><LinearRing><coordinates> 18.89601,59.49597 18.89904,59.49645 18.89766,59.49694 18.8962,59.49669 18.89601,59.49597</coordinates></LinearRing></outerBoundaryIs></Polygon><Polygon><outerBoundaryIs><LinearRing><coordinates> 18.90539,59.48502 18.91914,59.48814 18.9196,59.49223 18.91131,59.49214 18.90539,59.48502</coordinates></LinearRing></outerBoundaryIs></Polygon><Polygon><outerBoundaryIs><LinearRing><coordinates> 19.20408,59.43178 19.20505,59.43389 19.20276,59.43412 19.2025,59.43137 19.20408,59.43178</coordinates></LinearRing></outerBoundaryIs></Polygon><Polygon><outerBoundaryIs><LinearRing><coordinates> 18.6016,59.55514 18.60041,59.55511 18.59951,59.55389 18.60138,59.55379 18.6016,59.55514</coordinates></LinearRing></outerBoundaryIs></Polygon><Polygon><outerBoundaryIs><LinearRing><coordinates> 19.19519,59.43447 19.19459,59.43275 19.1966,59.43303 19.19721,59.43487 19.19519,59.43447</coordinates></LinearRing></outerBoundaryIs></Polygon><Polygon><outerBoundaryIs><LinearRing><coordinates> 19.20025,59.43378 19.1994,59.43403 19.19849,59.43277 19.19952,59.43218 19.20025,59.43378</coordinates></LinearRing></outerBoundaryIs></Polygon><Polygon><outerBoundaryIs><LinearRing><coordinates> 19.19034,59.43581 19.18812,59.43416 19.1896,59.43415 19.19032,59.43469 19.19034,59.43581</coordinates></LinearRing></outerBoundaryIs></Polygon><Polygon><outerBoundaryIs><LinearRing><coordinates> 18.61767,59.55029 18.6183,59.55123 18.61082,59.55038 18.61396,59.54919 18.61767,59.55029</coordinates></LinearRing></outerBoundaryIs></Polygon><Polygon><outerBoundaryIs><LinearRing><coordinates> 19.0979,59.45457 19.09658,59.4546 19.09588,59.45327 19.09795,59.45299 19.0979,59.45457</coordinates></LinearRing></outerBoundaryIs></Polygon><Polygon><outerBoundaryIs><LinearRing><coordinates> 19.2134,59.43009 19.21314,59.43072 19.21113,59.4305 19.21095,59.42893 19.2134,59.43009</coordinates></LinearRing></outerBoundaryIs></Polygon><Polygon><outerBoundaryIs><LinearRing><coordinates> 19.20818,59.42725 19.20836,59.43156 19.20415,59.42892 19.20667,59.42414 19.20818,59.42725</coordinates></LinearRing></outerBoundaryIs></Polygon><Polygon><outerBoundaryIs><LinearRing><coordinates> 18.88157,59.49756 18.87971,59.49772 18.87926,59.4965 18.88078,59.49612 18.88157,59.49756</coordinates></LinearRing></outerBoundaryIs></Polygon><Polygon><outerBoundaryIs><LinearRing><coordinates> 19.3438,59.40152 19.34351,59.40283 19.34145,59.40216 19.34215,59.40157 19.3438,59.40152</coordinates></LinearRing></outerBoundaryIs></Polygon><Polygon><outerBoundaryIs><LinearRing><coordinates> 18.96074,59.47924 18.96226,59.47893 18.96297,59.48076 18.95994,59.48016 18.96074,59.47924</coordinates></LinearRing></outerBoundaryIs></Polygon><Polygon><outerBoundaryIs><LinearRing><coordinates> 18.60677,59.55093 18.60575,59.55226 18.6045,59.55142 18.60505,59.55012 18.60677,59.55093</coordinates></LinearRing></outerBoundaryIs></Polygon><Polygon><outerBoundaryIs><LinearRing><coordinates> 18.90696,59.4908 18.90715,59.48939 18.90919,59.48995 18.90842,59.49104 18.90696,59.4908</coordinates></LinearRing></outerBoundaryIs></Polygon><Polygon><outerBoundaryIs><LinearRing><coordinates> 18.89597,59.49232 18.89585,59.49334 18.89308,59.49319 18.89433,59.49142 18.89597,59.49232</coordinates></LinearRing></outerBoundaryIs></Polygon><Polygon><outerBoundaryIs><LinearRing><coordinates> 19.18893,59.4299 19.1917,59.43006 19.19364,59.43204 19.18916,59.43125 19.18893,59.4299</coordinates></LinearRing></outerBoundaryIs></Polygon><Polygon><outerBoundaryIs><LinearRing><coordinates> 18.87754,59.4957 18.87557,59.49597 18.87437,59.49487 18.87714,59.49497 18.87754,59.4957</coordinates></LinearRing></outerBoundaryIs></Polygon><Polygon><outerBoundaryIs><LinearRing><coordinates> 19.24977,59.41735 19.24905,59.41979 19.24645,59.41823 19.2468,59.41744 19.24977,59.41735</coordinates></LinearRing></outerBoundaryIs></Polygon><Polygon><outerBoundaryIs><LinearRing><coordinates> 18.71749,59.52592 18.72173,59.52504 18.72177,59.52555 18.71966,59.52672 18.71749,59.52592</coordinates></LinearRing></outerBoundaryIs></Polygon><Polygon><outerBoundaryIs><LinearRing><coordinates> 19.1991,59.42792 19.19687,59.42999 19.19565,59.42873 19.19757,59.42689 19.1991,59.42792</coordinates></LinearRing></outerBoundaryIs></Polygon><Polygon><outerBoundaryIs><LinearRing><coordinates> 18.86496,59.49345 18.8635,59.49205 18.8662,59.49266 18.8706,59.49616 18.86496,59.49345</coordinates></LinearRing></outerBoundaryIs></Polygon><Polygon><outerBoundaryIs><LinearRing><coordinates> 18.98344,59.47256 18.98367,59.47014 18.98698,59.47141 18.98588,59.47278 18.98344,59.47256</coordinates></LinearRing></outerBoundaryIs></Polygon><Polygon><outerBoundaryIs><LinearRing><coordinates> 18.97957,59.46742 18.98153,59.4735 18.97273,59.4737 18.9691,59.46636 18.97957,59.46742</coordinates></LinearRing></outerBoundaryIs></Polygon><Polygon><outerBoundaryIs><LinearRing><coordinates> 18.95613,59.4744 18.95829,59.46874 18.96899,59.47254 18.96253,59.47696 18.95613,59.4744</coordinates></LinearRing></outerBoundaryIs></Polygon><Polygon><outerBoundaryIs><LinearRing><coordinates> 19.18966,59.42837 19.19214,59.42769 19.19341,59.42957 19.18916,59.42889 19.18966,59.42837</coordinates></LinearRing></outerBoundaryIs></Polygon><Polygon><outerBoundaryIs><LinearRing><coordinates> 18.84169,59.50075 18.83893,59.50076 18.83807,59.49971 18.84341,59.50021 18.84169,59.50075</coordinates></LinearRing></outerBoundaryIs></Polygon><Polygon><outerBoundaryIs><LinearRing><coordinates> 19.2183,59.42357 19.21597,59.42459 19.21174,59.42059 19.21925,59.41968 19.2183,59.42357</coordinates></LinearRing></outerBoundaryIs></Polygon><Polygon><outerBoundaryIs><LinearRing><coordinates> 18.8656,59.49577 18.84439,59.49333 18.84333,59.48663 18.85356,59.48711 18.8656,59.49577</coordinates></LinearRing></outerBoundaryIs></Polygon><Polygon><outerBoundaryIs><LinearRing><coordinates> 18.80505,59.50444 18.80597,59.50481 18.80783,59.50718 18.80457,59.50653 18.80505,59.50444</coordinates></LinearRing></outerBoundaryIs></Polygon><Polygon><outerBoundaryIs><LinearRing><coordinates> 19.26759,59.41233 19.26642,59.41361 19.26537,59.41313 19.26475,59.41253 19.26759,59.41233</coordinates></LinearRing></outerBoundaryIs></Polygon><Polygon><outerBoundaryIs><LinearRing><coordinates> 19.19482,59.42813 19.19176,59.42602 19.19134,59.42384 19.19557,59.42559 19.19482,59.42813</coordinates></LinearRing></outerBoundaryIs></Polygon><Polygon><outerBoundaryIs><LinearRing><coordinates> 18.71041,59.52321 18.71289,59.52264 18.71376,59.52493 18.7102,59.52468 18.71041,59.52321</coordinates></LinearRing></outerBoundaryIs></Polygon><Polygon><outerBoundaryIs><LinearRing><coordinates> 18.98908,59.46943 18.98719,59.46955 18.9868,59.46792 18.98985,59.46863 18.98908,59.46943</coordinates></LinearRing></outerBoundaryIs></Polygon><Polygon><outerBoundaryIs><LinearRing><coordinates> 18.87405,59.49016 18.8766,59.49032 18.87675,59.49183 18.87481,59.49121 18.87405,59.49016</coordinates></LinearRing></outerBoundaryIs></Polygon><Polygon><outerBoundaryIs><LinearRing><coordinates> 18.60537,59.54594 18.59873,59.54592 18.60064,59.54358 18.60412,59.54412 18.60537,59.54594</coordinates></LinearRing></outerBoundaryIs></Polygon><Polygon><outerBoundaryIs><LinearRing><coordinates> 19.19018,59.42777 19.18775,59.42741 19.18796,59.42634 19.18916,59.42631 19.19018,59.42777</coordinates></LinearRing></outerBoundaryIs></Polygon><Polygon><outerBoundaryIs><LinearRing><coordinates> 18.85284,59.49465 18.85526,59.49465 18.85532,59.49526 18.85117,59.4957 18.85284,59.49465</coordinates></LinearRing></outerBoundaryIs></Polygon><Polygon><outerBoundaryIs><LinearRing><coordinates> 18.81831,59.50214 18.81658,59.50011 18.82092,59.50045 18.81995,59.50199 18.81831,59.50214</coordinates></LinearRing></outerBoundaryIs></Polygon><Polygon><outerBoundaryIs><LinearRing><coordinates> 18.86716,59.4923 18.86341,59.49034 18.85914,59.48772 18.86826,59.49222 18.86716,59.4923</coordinates></LinearRing></outerBoundaryIs></Polygon><Polygon><outerBoundaryIs><LinearRing><coordinates> 18.88936,59.48372 18.8965,59.48241 18.89847,59.484 18.89692,59.48639 18.88936,59.48372</coordinates></LinearRing></outerBoundaryIs></Polygon><Polygon><outerBoundaryIs><LinearRing><coordinates> 18.89926,59.48409 18.90338,59.4845 18.90148,59.48544 18.89982,59.48548 18.89926,59.48409</coordinates></LinearRing></outerBoundaryIs></Polygon><Polygon><outerBoundaryIs><LinearRing><coordinates> 19.24101,59.41593 19.2384,59.41533 19.23874,59.41436 19.24091,59.41503 19.24101,59.41593</coordinates></LinearRing></outerBoundaryIs></Polygon><Polygon><outerBoundaryIs><LinearRing><coordinates> 18.9831,59.46634 18.98471,59.46692 18.9846,59.46799 18.98181,59.46666 18.9831,59.46634</coordinates></LinearRing></outerBoundaryIs></Polygon><Polygon><outerBoundaryIs><LinearRing><coordinates> 18.80265,59.50348 18.79783,59.5051 18.79502,59.50472 18.8003,59.50196 18.80265,59.50348</coordinates></LinearRing></outerBoundaryIs></Polygon><Polygon><outerBoundaryIs><LinearRing><coordinates> 18.94289,59.47055 18.95002,59.46882 18.95302,59.47161 18.9459,59.47469 18.94289,59.47055</coordinates></LinearRing></outerBoundaryIs></Polygon><Polygon><outerBoundaryIs><LinearRing><coordinates> 19.20206,59.42043 19.20393,59.42032 19.20335,59.42208 19.20224,59.42104 19.20206,59.42043</coordinates></LinearRing></outerBoundaryIs></Polygon><Polygon><outerBoundaryIs><LinearRing><coordinates> 19.26032,59.40912 19.26136,59.40735 19.26318,59.40798 19.26324,59.40854 19.26032,59.40912</coordinates></LinearRing></outerBoundaryIs></Polygon><Polygon><outerBoundaryIs><LinearRing><coordinates> 19.21347,59.41791 19.21289,59.41877 19.21103,59.41887 19.21093,59.41668 19.21347,59.41791</coordinates></LinearRing></outerBoundaryIs></Polygon><Polygon><outerBoundaryIs><LinearRing><coordinates> 18.6882,59.52195 18.68409,59.52058 18.68093,59.51829 18.69692,59.51795 18.6882,59.52195</coordinates></LinearRing></outerBoundaryIs></Polygon><Polygon><outerBoundaryIs><LinearRing><coordinates> 19.23421,59.40945 19.23553,59.40935 19.23636,59.41084 19.23457,59.41061 19.23421,59.40945</coordinates></LinearRing></outerBoundaryIs></Polygon><Polygon><outerBoundaryIs><LinearRing><coordinates> 18.97649,59.46115 18.97981,59.46253 18.9696,59.46181 18.9722,59.46141 18.97649,59.46115</coordinates></LinearRing></outerBoundaryIs></Polygon><Polygon><outerBoundaryIs><LinearRing><coordinates> 18.82994,59.49226 18.82884,59.49105 18.83287,59.4891 18.83355,59.49189 18.82994,59.49226</coordinates></LinearRing></outerBoundaryIs></Polygon><Polygon><outerBoundaryIs><LinearRing><coordinates> 19.1934,59.41782 19.19359,59.41854 19.18934,59.41805 19.19046,59.41718 19.1934,59.41782</coordinates></LinearRing></outerBoundaryIs></Polygon><Polygon><outerBoundaryIs><LinearRing><coordinates> 18.77893,59.50232 18.77499,59.5014 18.77706,59.50113 18.77806,59.50127 18.77893,59.50232</coordinates></LinearRing></outerBoundaryIs></Polygon><Polygon><outerBoundaryIs><LinearRing><coordinates> 18.80843,59.49504 18.80548,59.49674 18.80207,59.49558 18.80204,59.49519 18.80843,59.49504</coordinates></LinearRing></outerBoundaryIs></Polygon><Polygon><outerBoundaryIs><LinearRing><coordinates> 19.24109,59.40593 19.24156,59.4062 19.24249,59.40758 19.23985,59.4067 19.24109,59.40593</coordinates></LinearRing></outerBoundaryIs></Polygon><Polygon><outerBoundaryIs><LinearRing><coordinates> 18.96562,59.45915 18.96634,59.46362 18.96236,59.46349 18.95879,59.46048 18.96562,59.45915</coordinates></LinearRing></outerBoundaryIs></Polygon><Polygon><outerBoundaryIs><LinearRing><coordinates> 18.90293,59.47643 18.90149,59.47644 18.90029,59.47644 18.89908,59.47546 18.90293,59.47643</coordinates></LinearRing></outerBoundaryIs></Polygon><Polygon><outerBoundaryIs><LinearRing><coordinates> 18.83626,59.48745 18.84046,59.48629 18.84024,59.48894 18.83783,59.48904 18.83626,59.48745</coordinates></LinearRing></outerBoundaryIs></Polygon><Polygon><outerBoundaryIs><LinearRing><coordinates> 18.79972,59.49524 18.79742,59.49675 18.79584,59.49647 18.79408,59.4952 18.79972,59.49524</coordinates></LinearRing></outerBoundaryIs></Polygon><Polygon><outerBoundaryIs><LinearRing><coordinates> 18.95859,59.46415 18.95703,59.46391 18.95737,59.46301 18.95876,59.46358 18.95859,59.46415</coordinates></LinearRing></outerBoundaryIs></Polygon><Polygon><outerBoundaryIs><LinearRing><coordinates> 18.77335,59.50043 18.77205,59.50068 18.7707,59.49914 18.77247,59.49921 18.77335,59.50043</coordinates></LinearRing></outerBoundaryIs></Polygon><Polygon><outerBoundaryIs><LinearRing><coordinates> 18.90473,59.47245 18.90702,59.47329 18.90464,59.47374 18.90338,59.47327 18.90473,59.47245</coordinates></LinearRing></outerBoundaryIs></Polygon><Polygon><outerBoundaryIs><LinearRing><coordinates> 19.19769,59.41281 19.19849,59.41217 19.20003,59.41207 19.19952,59.41349 19.19769,59.41281</coordinates></LinearRing></outerBoundaryIs></Polygon><Polygon><outerBoundaryIs><LinearRing><coordinates> 18.98083,59.45779 18.97552,59.45758 18.97485,59.45495 18.97847,59.45729 18.98083,59.45779</coordinates></LinearRing></outerBoundaryIs></Polygon><Polygon><outerBoundaryIs><LinearRing><coordinates> 18.79938,59.49255 18.80227,59.48878 18.81514,59.48973 18.81614,59.49099 18.79938,59.49255</coordinates></LinearRing></outerBoundaryIs></Polygon><Polygon><outerBoundaryIs><LinearRing><coordinates> 18.81879,59.49034 18.81626,59.48963 18.81714,59.48825 18.81874,59.48854 18.81879,59.49034</coordinates></LinearRing></outerBoundaryIs></Polygon><Polygon><outerBoundaryIs><LinearRing><coordinates> 18.95539,59.46066 18.95458,59.46282 18.95209,59.46203 18.95187,59.46086 18.95539,59.46066</coordinates></LinearRing></outerBoundaryIs></Polygon><Polygon><outerBoundaryIs><LinearRing><coordinates> 18.56404,59.54085 18.56098,59.53991 18.56067,59.53878 18.56352,59.53851 18.56404,59.54085</coordinates></LinearRing></outerBoundaryIs></Polygon><Polygon><outerBoundaryIs><LinearRing><coordinates> 19.19078,59.41312 19.19196,59.414 19.18582,59.41431 19.18746,59.41303 19.19078,59.41312</coordinates></LinearRing></outerBoundaryIs></Polygon><Polygon><outerBoundaryIs><LinearRing><coordinates> 18.82864,59.48375 18.83421,59.48048 18.83653,59.48301 18.84451,59.48457 18.82864,59.48375</coordinates></LinearRing></outerBoundaryIs></Polygon><Polygon><outerBoundaryIs><LinearRing><coordinates> 19.24084,59.40375 19.23989,59.4031 19.24008,59.40186 19.24181,59.4026 19.24084,59.40375</coordinates></LinearRing></outerBoundaryIs></Polygon><Polygon><outerBoundaryIs><LinearRing><coordinates> 18.88818,59.47172 18.89503,59.47318 18.89323,59.47436 18.88904,59.47389 18.88818,59.47172</coordinates></LinearRing></outerBoundaryIs></Polygon><Polygon><outerBoundaryIs><LinearRing><coordinates> 18.56853,59.5349 18.57531,59.53523 18.57724,59.53727 18.56726,59.53557 18.56853,59.5349</coordinates></LinearRing></outerBoundaryIs></Polygon><Polygon><outerBoundaryIs><LinearRing><coordinates> 18.92546,59.46163 18.92908,59.45983 18.94011,59.46451 18.9332,59.46476 18.92546,59.46163</coordinates></LinearRing></outerBoundaryIs></Polygon><Polygon><outerBoundaryIs><LinearRing><coordinates> 18.94111,59.46138 18.94256,59.46151 18.9429,59.46343 18.94021,59.4637 18.94111,59.46138</coordinates></LinearRing></outerBoundaryIs></Polygon><Polygon><outerBoundaryIs><LinearRing><coordinates> 19.08718,59.43208 19.0887,59.43193 19.08965,59.43258 19.08943,59.43353 19.08718,59.43208</coordinates></LinearRing></outerBoundaryIs></Polygon><Polygon><outerBoundaryIs><LinearRing><coordinates> 18.78855,59.48994 18.7932,59.49263 18.7821,59.49204 18.78368,59.48982 18.78855,59.48994</coordinates></LinearRing></outerBoundaryIs></Polygon><Polygon><outerBoundaryIs><LinearRing><coordinates> 18.90902,59.46807 18.90843,59.46943 18.90677,59.46869 18.90722,59.46773 18.90902,59.46807</coordinates></LinearRing></outerBoundaryIs></Polygon><Polygon><outerBoundaryIs><LinearRing><coordinates> 18.68194,59.51456 18.67997,59.51472 18.67907,59.51328 18.68246,59.51281 18.68194,59.51456</coordinates></LinearRing></outerBoundaryIs></Polygon><Polygon><outerBoundaryIs><LinearRing><coordinates> 18.82059,59.48629 18.81704,59.48615 18.81699,59.48437 18.81905,59.48391 18.82059,59.48629</coordinates></LinearRing></outerBoundaryIs></Polygon><Polygon><outerBoundaryIs><LinearRing><coordinates> 18.70825,59.50552 18.70972,59.50846 18.69754,59.50822 18.70223,59.50532 18.70825,59.50552</coordinates></LinearRing></outerBoundaryIs></Polygon><Polygon><outerBoundaryIs><LinearRing><coordinates> 18.95696,59.45696 18.95827,59.45787 18.956,59.45839 18.95372,59.45753 18.95696,59.45696</coordinates></LinearRing></outerBoundaryIs></Polygon><Polygon><outerBoundaryIs><LinearRing><coordinates> 18.80805,59.48691 18.80934,59.48784 18.80462,59.48806 18.80632,59.48645 18.80805,59.48691</coordinates></LinearRing></outerBoundaryIs></Polygon><Polygon><outerBoundaryIs><LinearRing><coordinates> 18.95132,59.45795 18.95244,59.45803 18.95336,59.4584 18.94949,59.45834 18.95132,59.45795</coordinates></LinearRing></outerBoundaryIs></Polygon><Polygon><outerBoundaryIs><LinearRing><coordinates> 18.78087,59.49308 18.77454,59.49266 18.77559,59.49078 18.77883,59.49127 18.78087,59.49308</coordinates></LinearRing></outerBoundaryIs></Polygon><Polygon><outerBoundaryIs><LinearRing><coordinates> 18.90343,59.46631 18.90539,59.46716 18.90482,59.46801 18.90335,59.46766 18.90343,59.46631</coordinates></LinearRing></outerBoundaryIs></Polygon><Polygon><outerBoundaryIs><LinearRing><coordinates> 18.97925,59.45287 18.97785,59.45319 18.97625,59.45252 18.97761,59.45201 18.97925,59.45287</coordinates></LinearRing></outerBoundaryIs></Polygon><Polygon><outerBoundaryIs><LinearRing><coordinates> 18.88468,59.47137 18.88528,59.47192 18.88133,59.47213 18.8824,59.47149 18.88468,59.47137</coordinates></LinearRing></outerBoundaryIs></Polygon><Polygon><outerBoundaryIs><LinearRing><coordinates> 18.56461,59.53414 18.56516,59.53536 18.56427,59.53538 18.56334,59.53484 18.56461,59.53414</coordinates></LinearRing></outerBoundaryIs></Polygon><Polygon><outerBoundaryIs><LinearRing><coordinates> 18.69219,59.50867 18.6923,59.50996 18.69,59.51018 18.68993,59.50939 18.69219,59.50867</coordinates></LinearRing></outerBoundaryIs></Polygon><Polygon><outerBoundaryIs><LinearRing><coordinates> 19.21883,59.40103 19.21988,59.40246 19.21818,59.40301 19.21723,59.40147 19.21883,59.40103</coordinates></LinearRing></outerBoundaryIs></Polygon><Polygon><outerBoundaryIs><LinearRing><coordinates> 18.94374,59.459 18.94083,59.45919 18.93509,59.45753 18.93328,59.45603 18.94374,59.459</coordinates></LinearRing></outerBoundaryIs></Polygon><Polygon><outerBoundaryIs><LinearRing><coordinates> 18.83835,59.47977 18.83692,59.47851 18.84052,59.47927 18.84001,59.47984 18.83835,59.47977</coordinates></LinearRing></outerBoundaryIs></Polygon><Polygon><outerBoundaryIs><LinearRing><coordinates> 19.23159,59.39796 19.23352,59.3974 19.23336,59.39898 19.23259,59.399 19.23159,59.39796</coordinates></LinearRing></outerBoundaryIs></Polygon><Polygon><outerBoundaryIs><LinearRing><coordinates> 18.69612,59.5079 18.69287,59.50787 18.68977,59.50642 18.69127,59.50583 18.69612,59.5079</coordinates></LinearRing></outerBoundaryIs></Polygon><Polygon><outerBoundaryIs><LinearRing><coordinates> 18.75551,59.4923 18.77156,59.49273 18.76707,59.49328 18.75805,59.49364 18.75551,59.4923</coordinates></LinearRing></outerBoundaryIs></Polygon><Polygon><outerBoundaryIs><LinearRing><coordinates> 18.56096,59.53231 18.56264,59.53255 18.56373,59.5337 18.56209,59.53397 18.56096,59.53231</coordinates></LinearRing></outerBoundaryIs></Polygon><Polygon><outerBoundaryIs><LinearRing><coordinates> 18.57832,59.53031 18.5771,59.53033 18.57569,59.5293 18.57843,59.52901 18.57832,59.53031</coordinates></LinearRing></outerBoundaryIs></Polygon><Polygon><outerBoundaryIs><LinearRing><coordinates> 18.78428,59.48913 18.78586,59.48534 18.78996,59.48664 18.79469,59.48687 18.78428,59.48913</coordinates></LinearRing></outerBoundaryIs></Polygon><Polygon><outerBoundaryIs><LinearRing><coordinates> 18.82967,59.47893 18.83116,59.47825 18.83359,59.47831 18.83106,59.47966 18.82967,59.47893</coordinates></LinearRing></outerBoundaryIs></Polygon><Polygon><outerBoundaryIs><LinearRing><coordinates> 18.87955,59.46959 18.87692,59.46982 18.87717,59.46891 18.87842,59.46832 18.87955,59.46959</coordinates></LinearRing></outerBoundaryIs></Polygon><Polygon><outerBoundaryIs><LinearRing><coordinates> 18.80109,59.48302 18.80354,59.48331 18.80385,59.48431 18.80157,59.48481 18.80109,59.48302</coordinates></LinearRing></outerBoundaryIs></Polygon><Polygon><outerBoundaryIs><LinearRing><coordinates> 19.21385,59.40083 19.21083,59.40146 19.21005,59.39907 19.21391,59.40032 19.21385,59.40083</coordinates></LinearRing></outerBoundaryIs></Polygon><Polygon><outerBoundaryIs><LinearRing><coordinates> 19.22075,59.39749 19.2211,59.39866 19.21948,59.39893 19.21959,59.39798 19.22075,59.39749</coordinates></LinearRing></outerBoundaryIs></Polygon><Polygon><outerBoundaryIs><LinearRing><coordinates> 19.01388,59.44041 19.01453,59.43933 19.0161,59.43957 19.01524,59.44082 19.01388,59.44041</coordinates></LinearRing></outerBoundaryIs></Polygon><Polygon><outerBoundaryIs><LinearRing><coordinates> 18.94407,59.455 18.9432,59.45413 18.94437,59.45365 18.94514,59.4547 18.94407,59.455</coordinates></LinearRing></outerBoundaryIs></Polygon><Polygon><outerBoundaryIs><LinearRing><coordinates> 18.89771,59.46433 18.89708,59.46362 18.89835,59.46308 18.89901,59.46407 18.89771,59.46433</coordinates></LinearRing></outerBoundaryIs></Polygon><Polygon><outerBoundaryIs><LinearRing><coordinates> 18.88081,59.4677 18.88196,59.46588 18.88354,59.46629 18.88394,59.46695 18.88081,59.4677</coordinates></LinearRing></outerBoundaryIs></Polygon><Polygon><outerBoundaryIs><LinearRing><coordinates> 18.89542,59.4634 18.89432,59.46483 18.8904,59.46423 18.88709,59.46326 18.89542,59.4634</coordinates></LinearRing></outerBoundaryIs></Polygon><Polygon><outerBoundaryIs><LinearRing><coordinates> 18.67551,59.50601 18.67707,59.5063 18.67593,59.50824 18.67347,59.5079 18.67551,59.50601</coordinates></LinearRing></outerBoundaryIs></Polygon><Polygon><outerBoundaryIs><LinearRing><coordinates> 18.71272,59.4848 18.73106,59.48526 18.75431,59.49244 18.74075,59.49279 18.71272,59.4848</coordinates></LinearRing></outerBoundaryIs></Polygon><Polygon><outerBoundaryIs><LinearRing><coordinates> 18.82569,59.47657 18.82455,59.47791 18.82158,59.47546 18.81898,59.47296 18.82569,59.47657</coordinates></LinearRing></outerBoundaryIs></Polygon><Polygon><outerBoundaryIs><LinearRing><coordinates> 18.85759,59.47094 18.85488,59.46932 18.85762,59.46827 18.85924,59.47028 18.85759,59.47094</coordinates></LinearRing></outerBoundaryIs></Polygon><Polygon><outerBoundaryIs><LinearRing><coordinates> 18.86209,59.46956 18.86069,59.46902 18.86181,59.46748 18.86369,59.4695 18.86209,59.46956</coordinates></LinearRing></outerBoundaryIs></Polygon><Polygon><outerBoundaryIs><LinearRing><coordinates> 18.89092,59.45314 18.89813,59.4516 18.90606,59.4498 18.92151,59.45648 18.89092,59.45314</coordinates></LinearRing></outerBoundaryIs></Polygon><Polygon><outerBoundaryIs><LinearRing><coordinates> 18.70762,59.4993 18.69589,59.5004 18.701,59.49938 18.70342,59.49798 18.70762,59.4993</coordinates></LinearRing></outerBoundaryIs></Polygon><Polygon><outerBoundaryIs><LinearRing><coordinates> 18.6762,59.50369 18.67876,59.50403 18.67723,59.50518 18.67529,59.50451 18.6762,59.50369</coordinates></LinearRing></outerBoundaryIs></Polygon><Polygon><outerBoundaryIs><LinearRing><coordinates> 18.87466,59.46555 18.87494,59.46386 18.87646,59.46359 18.87797,59.4644 18.87466,59.46555</coordinates></LinearRing></outerBoundaryIs></Polygon><Polygon><outerBoundaryIs><LinearRing><coordinates> 19.1938,59.39592 19.19887,59.39602 19.20138,59.39847 19.19394,59.39819 19.1938,59.39592</coordinates></LinearRing></outerBoundaryIs></Polygon><Polygon><outerBoundaryIs><LinearRing><coordinates> 18.96501,59.4454 18.96503,59.44663 18.96312,59.44635 18.96277,59.44513 18.96501,59.4454</coordinates></LinearRing></outerBoundaryIs></Polygon><Polygon><outerBoundaryIs><LinearRing><coordinates> 18.715,59.49563 18.71583,59.495 18.71862,59.49532 18.71923,59.49598 18.715,59.49563</coordinates></LinearRing></outerBoundaryIs></Polygon><Polygon><outerBoundaryIs><LinearRing><coordinates> 18.86272,59.46681 18.86197,59.46639 18.86276,59.4657 18.86374,59.46619 18.86272,59.46681</coordinates></LinearRing></outerBoundaryIs></Polygon><Polygon><outerBoundaryIs><LinearRing><coordinates> 18.8538,59.46632 18.85451,59.46585 18.85562,59.46578 18.85417,59.46777 18.8538,59.46632</coordinates></LinearRing></outerBoundaryIs></Polygon><Polygon><outerBoundaryIs><LinearRing><coordinates> 19.19942,59.39596 19.19854,59.39362 19.20131,59.39389 19.20166,59.39646 19.19942,59.39596</coordinates></LinearRing></outerBoundaryIs></Polygon><Polygon><outerBoundaryIs><LinearRing><coordinates> 19.19247,59.39753 19.19165,59.39828 19.1905,59.39781 19.19019,59.39704 19.19247,59.39753</coordinates></LinearRing></outerBoundaryIs></Polygon><Polygon><outerBoundaryIs><LinearRing><coordinates> 18.95646,59.44632 18.95292,59.44489 18.95497,59.44427 18.95686,59.44587 18.95646,59.44632</coordinates></LinearRing></outerBoundaryIs></Polygon><Polygon><outerBoundaryIs><LinearRing><coordinates> 19.02212,59.43295 19.02017,59.43221 19.02112,59.43084 19.02263,59.43155 19.02212,59.43295</coordinates></LinearRing></outerBoundaryIs></Polygon><Polygon><outerBoundaryIs><LinearRing><coordinates> 18.67214,59.50276 18.67033,59.50225 18.67103,59.50139 18.67197,59.50136 18.67214,59.50276</coordinates></LinearRing></outerBoundaryIs></Polygon><Polygon><outerBoundaryIs><LinearRing><coordinates> 18.95498,59.44323 18.95686,59.44205 18.96024,59.44416 18.95803,59.44528 18.95498,59.44323</coordinates></LinearRing></outerBoundaryIs></Polygon><Polygon><outerBoundaryIs><LinearRing><coordinates> 18.85146,59.46335 18.85562,59.46456 18.84535,59.46788 18.84826,59.46457 18.85146,59.46335</coordinates></LinearRing></outerBoundaryIs></Polygon><Polygon><outerBoundaryIs><LinearRing><coordinates> 18.99174,59.43648 18.99387,59.43681 18.99373,59.4376 18.99126,59.43717 18.99174,59.43648</coordinates></LinearRing></outerBoundaryIs></Polygon><Polygon><outerBoundaryIs><LinearRing><coordinates> 18.86005,59.46368 18.85968,59.46445 18.85779,59.46496 18.85666,59.46338 18.86005,59.46368</coordinates></LinearRing></outerBoundaryIs></Polygon><Polygon><outerBoundaryIs><LinearRing><coordinates> 18.74801,59.48579 18.74878,59.48459 18.75062,59.4841 18.75068,59.48606 18.74801,59.48579</coordinates></LinearRing></outerBoundaryIs></Polygon><Polygon><outerBoundaryIs><LinearRing><coordinates> 19.19295,59.39505 19.19202,59.39569 19.19015,59.39573 19.18946,59.39418 19.19295,59.39505</coordinates></LinearRing></outerBoundaryIs></Polygon><Polygon><outerBoundaryIs><LinearRing><coordinates> 19.18183,59.39711 19.182,59.39767 19.17945,59.39746 19.18069,59.39675 19.18183,59.39711</coordinates></LinearRing></outerBoundaryIs></Polygon><Polygon><outerBoundaryIs><LinearRing><coordinates> 18.84861,59.4531 18.85406,59.45125 18.88193,59.45855 18.85916,59.45828 18.84861,59.4531</coordinates></LinearRing></outerBoundaryIs></Polygon><Polygon><outerBoundaryIs><LinearRing><coordinates> 18.75727,59.4652 18.80663,59.47313 18.70515,59.46999 18.70965,59.46579 18.75727,59.4652</coordinates></LinearRing></outerBoundaryIs></Polygon><Polygon><outerBoundaryIs><LinearRing><coordinates> 18.54414,59.5215 18.54598,59.52382 18.53766,59.52618 18.53092,59.51813 18.54414,59.5215</coordinates></LinearRing></outerBoundaryIs></Polygon><Polygon><outerBoundaryIs><LinearRing><coordinates> 18.82637,59.46668 18.82748,59.46794 18.82194,59.46897 18.82218,59.46671 18.82637,59.46668</coordinates></LinearRing></outerBoundaryIs></Polygon><Polygon><outerBoundaryIs><LinearRing><coordinates> 18.8484,59.4637 18.8374,59.46581 18.84057,59.46339 18.84591,59.46298 18.8484,59.4637</coordinates></LinearRing></outerBoundaryIs></Polygon><Polygon><outerBoundaryIs><LinearRing><coordinates> 19.22706,59.38608 19.22496,59.38502 19.22641,59.38419 19.2281,59.38459 19.22706,59.38608</coordinates></LinearRing></outerBoundaryIs></Polygon><Polygon><outerBoundaryIs><LinearRing><coordinates> 18.81757,59.467 18.81689,59.46865 18.81547,59.46817 18.81504,59.46706 18.81757,59.467</coordinates></LinearRing></outerBoundaryIs></Polygon><Polygon><outerBoundaryIs><LinearRing><coordinates> 19.19083,59.39191 19.1883,59.39092 19.18941,59.38999 19.1909,59.39056 19.19083,59.39191</coordinates></LinearRing></outerBoundaryIs></Polygon><Polygon><outerBoundaryIs><LinearRing><coordinates> 18.9295,59.44288 18.9377,59.43838 18.94531,59.43967 18.94712,59.44148 18.9295,59.44288</coordinates></LinearRing></outerBoundaryIs></Polygon><Polygon><outerBoundaryIs><LinearRing><coordinates> 19.00642,59.4294 19.00295,59.42893 19.00452,59.42815 19.00609,59.42834 19.00642,59.4294</coordinates></LinearRing></outerBoundaryIs></Polygon><Polygon><outerBoundaryIs><LinearRing><coordinates> 18.80195,59.4686 18.80407,59.47006 18.80156,59.47035 18.80032,59.46904 18.80195,59.4686</coordinates></LinearRing></outerBoundaryIs></Polygon><Polygon><outerBoundaryIs><LinearRing><coordinates> 19.01188,59.4279 19.00877,59.42765 19.00917,59.42724 19.01108,59.42657 19.01188,59.4279</coordinates></LinearRing></outerBoundaryIs></Polygon><Polygon><outerBoundaryIs><LinearRing><coordinates> 18.8435,59.46067 18.83955,59.46248 18.83932,59.46091 18.83743,59.45991 18.8435,59.46067</coordinates></LinearRing></outerBoundaryIs></Polygon><Polygon><outerBoundaryIs><LinearRing><coordinates> 18.64521,59.50011 18.6456,59.50077 18.64261,59.50144 18.64352,59.50022 18.64521,59.50011</coordinates></LinearRing></outerBoundaryIs></Polygon><Polygon><outerBoundaryIs><LinearRing><coordinates> 18.81867,59.46568 18.81929,59.46404 18.82042,59.46429 18.8211,59.46574 18.81867,59.46568</coordinates></LinearRing></outerBoundaryIs></Polygon><Polygon><outerBoundaryIs><LinearRing><coordinates> 18.90741,59.44724 18.90739,59.44696 18.9092,59.44641 18.91062,59.44753 18.90741,59.44724</coordinates></LinearRing></outerBoundaryIs></Polygon><Polygon><outerBoundaryIs><LinearRing><coordinates> 18.66638,59.4962 18.66334,59.49554 18.66384,59.4948 18.66837,59.49352 18.66638,59.4962</coordinates></LinearRing></outerBoundaryIs></Polygon><Polygon><outerBoundaryIs><LinearRing><coordinates> 18.55066,59.5177 18.55225,59.51823 18.55227,59.51863 18.55017,59.51878 18.55066,59.5177</coordinates></LinearRing></outerBoundaryIs></Polygon><Polygon><outerBoundaryIs><LinearRing><coordinates> 18.94898,59.43877 18.94431,59.43727 18.94593,59.43694 18.94891,59.43809 18.94898,59.43877</coordinates></LinearRing></outerBoundaryIs></Polygon><Polygon><outerBoundaryIs><LinearRing><coordinates> 18.67912,59.49279 18.67644,59.49245 18.67715,59.49165 18.67882,59.49189 18.67912,59.49279</coordinates></LinearRing></outerBoundaryIs></Polygon><Polygon><outerBoundaryIs><LinearRing><coordinates> 18.79537,59.46553 18.78949,59.46257 18.81078,59.46506 18.80043,59.46406 18.79537,59.46553</coordinates></LinearRing></outerBoundaryIs></Polygon><Polygon><outerBoundaryIs><LinearRing><coordinates> 18.66112,59.49407 18.65801,59.49515 18.66561,59.49229 18.66246,59.49415 18.66112,59.49407</coordinates></LinearRing></outerBoundaryIs></Polygon><Polygon><outerBoundaryIs><LinearRing><coordinates> 18.53687,59.51198 18.53262,59.5086 18.55467,59.51354 18.54546,59.51721 18.53687,59.51198</coordinates></LinearRing></outerBoundaryIs></Polygon><Polygon><outerBoundaryIs><LinearRing><coordinates> 18.89863,59.41375 18.93005,59.44029 18.87539,59.40399 18.90993,59.41614 18.89863,59.41375</coordinates></LinearRing></outerBoundaryIs></Polygon><Polygon><outerBoundaryIs><LinearRing><coordinates> 19.00795,59.42206 19.00734,59.42039 19.00932,59.42039 19.00947,59.42179 19.00795,59.42206</coordinates></LinearRing></outerBoundaryIs></Polygon><Polygon><outerBoundaryIs><LinearRing><coordinates> 18.83695,59.45231 18.84607,59.4534 18.84331,59.45391 18.84036,59.45358 18.83695,59.45231</coordinates></LinearRing></outerBoundaryIs></Polygon><Polygon><outerBoundaryIs><LinearRing><coordinates> 18.8294,59.45594 18.82589,59.45742 18.82194,59.45529 18.81828,59.45114 18.8294,59.45594</coordinates></LinearRing></outerBoundaryIs></Polygon><Polygon><outerBoundaryIs><LinearRing><coordinates> 18.64159,59.49426 18.63413,59.49481 18.63639,59.4914 18.64057,59.4926 18.64159,59.49426</coordinates></LinearRing></outerBoundaryIs></Polygon><Polygon><outerBoundaryIs><LinearRing><coordinates> 18.52353,59.5153 18.52649,59.51642 18.52506,59.51645 18.52368,59.5158 18.52353,59.5153</coordinates></LinearRing></outerBoundaryIs></Polygon><Polygon><outerBoundaryIs><LinearRing><coordinates> 18.92748,59.43607 18.92456,59.43265 18.92803,59.43348 18.92954,59.43569 18.92748,59.43607</coordinates></LinearRing></outerBoundaryIs></Polygon><Polygon><outerBoundaryIs><LinearRing><coordinates> 18.67729,59.48106 18.68224,59.48508 18.66923,59.4866 18.66923,59.48266 18.67729,59.48106</coordinates></LinearRing></outerBoundaryIs></Polygon><Polygon><outerBoundaryIs><LinearRing><coordinates> 19.16385,59.38502 19.16495,59.38505 19.16681,59.38607 19.16208,59.38607 19.16385,59.38502</coordinates></LinearRing></outerBoundaryIs></Polygon><Polygon><outerBoundaryIs><LinearRing><coordinates> 18.80848,59.45496 18.80819,59.45182 18.81418,59.45095 18.81706,59.45616 18.80848,59.45496</coordinates></LinearRing></outerBoundaryIs></Polygon><Polygon><outerBoundaryIs><LinearRing><coordinates> 18.78213,59.46271 18.78259,59.46163 18.78519,59.46112 18.78487,59.46253 18.78213,59.46271</coordinates></LinearRing></outerBoundaryIs></Polygon><Polygon><outerBoundaryIs><LinearRing><coordinates> 18.8359,59.45195 18.83587,59.45126 18.83718,59.45129 18.83665,59.45197 18.8359,59.45195</coordinates></LinearRing></outerBoundaryIs></Polygon><Polygon><outerBoundaryIs><LinearRing><coordinates> 19.15961,59.38546 19.1597,59.38618 19.15727,59.38519 19.15845,59.38487 19.15961,59.38546</coordinates></LinearRing></outerBoundaryIs></Polygon><Polygon><outerBoundaryIs><LinearRing><coordinates> 18.66269,59.47021 18.65773,59.46511 18.69519,59.4802 18.66852,59.47544 18.66269,59.47021</coordinates></LinearRing></outerBoundaryIs></Polygon><Polygon><outerBoundaryIs><LinearRing><coordinates> 18.78935,59.46086 18.78716,59.46091 18.7875,59.45989 18.78924,59.45957 18.78935,59.46086</coordinates></LinearRing></outerBoundaryIs></Polygon><Polygon><outerBoundaryIs><LinearRing><coordinates> 18.97697,59.41992 18.97793,59.41945 18.98105,59.41988 18.97956,59.42166 18.97697,59.41992</coordinates></LinearRing></outerBoundaryIs></Polygon><Polygon><outerBoundaryIs><LinearRing><coordinates> 19.16014,59.38426 19.16023,59.38404 19.16184,59.38365 19.16308,59.3839 19.16014,59.38426</coordinates></LinearRing></outerBoundaryIs></Polygon><Polygon><outerBoundaryIs><LinearRing><coordinates> 18.52527,59.51066 18.52637,59.51198 18.5234,59.5121 18.52413,59.51041 18.52527,59.51066</coordinates></LinearRing></outerBoundaryIs></Polygon><Polygon><outerBoundaryIs><LinearRing><coordinates> 18.79013,59.4584 18.79172,59.45771 18.79399,59.45845 18.79118,59.45907 18.79013,59.4584</coordinates></LinearRing></outerBoundaryIs></Polygon><Polygon><outerBoundaryIs><LinearRing><coordinates> 18.78905,59.45752 18.78775,59.45907 18.78369,59.45933 18.78054,59.45609 18.78905,59.45752</coordinates></LinearRing></outerBoundaryIs></Polygon><Polygon><outerBoundaryIs><LinearRing><coordinates> 18.97366,59.41971 18.97545,59.42001 18.97509,59.42092 18.96689,59.42156 18.97366,59.41971</coordinates></LinearRing></outerBoundaryIs></Polygon><Polygon><outerBoundaryIs><LinearRing><coordinates> 18.50578,59.50729 18.51475,59.51037 18.51399,59.5119 18.50852,59.51128 18.50578,59.50729</coordinates></LinearRing></outerBoundaryIs></Polygon><Polygon><outerBoundaryIs><LinearRing><coordinates> 18.96155,59.42086 18.9635,59.42165 18.95932,59.42165 18.96012,59.4209 18.96155,59.42086</coordinates></LinearRing></outerBoundaryIs></Polygon><Polygon><outerBoundaryIs><LinearRing><coordinates> 18.70221,59.47321 18.70341,59.47399 18.69753,59.47356 18.70095,59.47225 18.70221,59.47321</coordinates></LinearRing></outerBoundaryIs></Polygon><Polygon><outerBoundaryIs><LinearRing><coordinates> 18.74326,59.46003 18.7514,59.45718 18.76186,59.46206 18.75372,59.4637 18.74326,59.46003</coordinates></LinearRing></outerBoundaryIs></Polygon><Polygon><outerBoundaryIs><LinearRing><coordinates> 18.74049,59.46377 18.73538,59.46338 18.74019,59.46024 18.74615,59.46415 18.74049,59.46377</coordinates></LinearRing></outerBoundaryIs></Polygon><Polygon><outerBoundaryIs><LinearRing><coordinates> 18.48727,59.51216 18.4895,59.51105 18.49408,59.51168 18.49577,59.5135 18.48727,59.51216</coordinates></LinearRing></outerBoundaryIs></Polygon><Polygon><outerBoundaryIs><LinearRing><coordinates> 18.63058,59.48664 18.63038,59.48344 18.6335,59.48315 18.63463,59.48475 18.63058,59.48664</coordinates></LinearRing></outerBoundaryIs></Polygon><Polygon><outerBoundaryIs><LinearRing><coordinates> 18.97966,59.41498 18.98134,59.4142 18.98244,59.41524 18.9825,59.4158 18.97966,59.41498</coordinates></LinearRing></outerBoundaryIs></Polygon><Polygon><outerBoundaryIs><LinearRing><coordinates> 18.77332,59.45651 18.77568,59.45578 18.77797,59.45583 18.77504,59.45731 18.77332,59.45651</coordinates></LinearRing></outerBoundaryIs></Polygon><Polygon><outerBoundaryIs><LinearRing><coordinates> 18.81828,59.44232 18.82256,59.44459 18.82263,59.44661 18.81819,59.44631 18.81828,59.44232</coordinates></LinearRing></outerBoundaryIs></Polygon><Polygon><outerBoundaryIs><LinearRing><coordinates> 18.69819,59.46961 18.69907,59.46841 18.70232,59.46901 18.70237,59.46957 18.69819,59.46961</coordinates></LinearRing></outerBoundaryIs></Polygon><Polygon><outerBoundaryIs><LinearRing><coordinates> 18.75379,59.45551 18.75772,59.45497 18.76004,59.45749 18.7544,59.4574 18.75379,59.45551</coordinates></LinearRing></outerBoundaryIs></Polygon><Polygon><outerBoundaryIs><LinearRing><coordinates> 18.61478,59.48102 18.62042,59.48154 18.6188,59.48559 18.61178,59.48355 18.61478,59.48102</coordinates></LinearRing></outerBoundaryIs></Polygon><Polygon><outerBoundaryIs><LinearRing><coordinates> 18.49731,59.5078 18.49475,59.50892 18.49238,59.50683 18.4946,59.50696 18.49731,59.5078</coordinates></LinearRing></outerBoundaryIs></Polygon><Polygon><outerBoundaryIs><LinearRing><coordinates> 18.60793,59.48452 18.61064,59.48395 18.60965,59.48527 18.60798,59.48513 18.60793,59.48452</coordinates></LinearRing></outerBoundaryIs></Polygon><Polygon><outerBoundaryIs><LinearRing><coordinates> 18.64471,59.46781 18.6528,59.46415 18.66433,59.47418 18.6175,59.46527 18.64471,59.46781</coordinates></LinearRing></outerBoundaryIs></Polygon><Polygon><outerBoundaryIs><LinearRing><coordinates> 18.7818,59.44893 18.78617,59.44844 18.78472,59.44959 18.7834,59.44962 18.7818,59.44893</coordinates></LinearRing></outerBoundaryIs></Polygon><Polygon><outerBoundaryIs><LinearRing><coordinates> 18.91832,59.42261 18.9144,59.42241 18.91623,59.42131 18.9171,59.42103 18.91832,59.42261</coordinates></LinearRing></outerBoundaryIs></Polygon><Polygon><outerBoundaryIs><LinearRing><coordinates> 18.49776,59.50639 18.4797,59.50153 18.49164,59.50297 18.49499,59.50481 18.49776,59.50639</coordinates></LinearRing></outerBoundaryIs></Polygon><Polygon><outerBoundaryIs><LinearRing><coordinates> 18.69291,59.46352 18.70085,59.4648 18.70202,59.46556 18.68891,59.4645 18.69291,59.46352</coordinates></LinearRing></outerBoundaryIs></Polygon><Polygon><outerBoundaryIs><LinearRing><coordinates> 19.02146,59.40098 19.01842,59.40134 19.01825,59.40078 19.02088,59.39964 19.02146,59.40098</coordinates></LinearRing></outerBoundaryIs></Polygon><Polygon><outerBoundaryIs><LinearRing><coordinates> 19.1369,59.37708 19.13566,59.37688 19.13491,59.375 19.13705,59.3755 19.1369,59.37708</coordinates></LinearRing></outerBoundaryIs></Polygon><Polygon><outerBoundaryIs><LinearRing><coordinates> 18.84759,59.43447 18.84644,59.43276 18.85105,59.43378 18.84953,59.43521 18.84759,59.43447</coordinates></LinearRing></outerBoundaryIs></Polygon><Polygon><outerBoundaryIs><LinearRing><coordinates> 18.51055,59.50187 18.51105,59.50258 18.50808,59.50276 18.50813,59.50136 18.51055,59.50187</coordinates></LinearRing></outerBoundaryIs></Polygon><Polygon><outerBoundaryIs><LinearRing><coordinates> 18.65747,59.43771 18.67135,59.44573 18.74071,59.4568 18.64372,59.4465 18.65747,59.43771</coordinates></LinearRing></outerBoundaryIs></Polygon><Polygon><outerBoundaryIs><LinearRing><coordinates> 18.77665,59.44688 18.77921,59.44846 18.77634,59.44959 18.7748,59.44952 18.77665,59.44688</coordinates></LinearRing></outerBoundaryIs></Polygon><Polygon><outerBoundaryIs><LinearRing><coordinates> 18.75069,59.45389 18.74451,59.45273 18.75722,59.45172 18.75203,59.45425 18.75069,59.45389</coordinates></LinearRing></outerBoundaryIs></Polygon><Polygon><outerBoundaryIs><LinearRing><coordinates> 18.99265,59.40345 18.99522,59.40378 18.99387,59.4046 18.9919,59.40471 18.99265,59.40345</coordinates></LinearRing></outerBoundaryIs></Polygon><Polygon><outerBoundaryIs><LinearRing><coordinates> 19.14076,59.36721 19.14539,59.36132 19.14796,59.36653 19.14369,59.37394 19.14076,59.36721</coordinates></LinearRing></outerBoundaryIs></Polygon><Polygon><outerBoundaryIs><LinearRing><coordinates> 18.50592,59.50202 18.49292,59.50099 18.48484,59.49374 18.49672,59.49457 18.50592,59.50202</coordinates></LinearRing></outerBoundaryIs></Polygon><Polygon><outerBoundaryIs><LinearRing><coordinates> 18.7006,59.46054 18.70334,59.45902 18.7059,59.46048 18.70398,59.4626 18.7006,59.46054</coordinates></LinearRing></outerBoundaryIs></Polygon><Polygon><outerBoundaryIs><LinearRing><coordinates> 19.15965,59.36985 19.15748,59.37008 19.15772,59.36929 19.15917,59.36947 19.15965,59.36985</coordinates></LinearRing></outerBoundaryIs></Polygon><Polygon><outerBoundaryIs><LinearRing><coordinates> 19.0022,59.39999 19.00471,59.40082 19.0039,59.40152 19.00302,59.40154 19.0022,59.39999</coordinates></LinearRing></outerBoundaryIs></Polygon><Polygon><outerBoundaryIs><LinearRing><coordinates> 18.7846,59.44462 18.78555,59.44539 18.78263,59.44596 18.78306,59.44491 18.7846,59.44462</coordinates></LinearRing></outerBoundaryIs></Polygon><Polygon><outerBoundaryIs><LinearRing><coordinates> 18.80181,59.44062 18.80499,59.44032 18.80591,59.44081 18.80059,59.44177 18.80181,59.44062</coordinates></LinearRing></outerBoundaryIs></Polygon><Polygon><outerBoundaryIs><LinearRing><coordinates> 19.02587,59.39236 19.02989,59.39176 19.03129,59.3951 19.02792,59.39568 19.02587,59.39236</coordinates></LinearRing></outerBoundaryIs></Polygon><Polygon><outerBoundaryIs><LinearRing><coordinates> 18.77565,59.44536 18.77445,59.44685 18.77287,59.44638 18.77349,59.44468 18.77565,59.44536</coordinates></LinearRing></outerBoundaryIs></Polygon><Polygon><outerBoundaryIs><LinearRing><coordinates> 19.00344,59.39593 19.00705,59.39358 19.00868,59.39831 19.00699,59.3992 19.00344,59.39593</coordinates></LinearRing></outerBoundaryIs></Polygon><Polygon><outerBoundaryIs><LinearRing><coordinates> 18.80179,59.44039 18.80072,59.44042 18.79859,59.43783 18.80559,59.43846 18.80179,59.44039</coordinates></LinearRing></outerBoundaryIs></Polygon><Polygon><outerBoundaryIs><LinearRing><coordinates> 19.13488,59.37079 19.13595,59.37048 19.13608,59.37165 19.13497,59.37157 19.13488,59.37079</coordinates></LinearRing></outerBoundaryIs></Polygon><Polygon><outerBoundaryIs><LinearRing><coordinates> 18.74172,59.4506 18.74365,59.45006 18.74376,59.45123 18.74176,59.45111 18.74172,59.4506</coordinates></LinearRing></outerBoundaryIs></Polygon><Polygon><outerBoundaryIs><LinearRing><coordinates> 18.76643,59.44074 18.77414,59.43944 18.77292,59.44447 18.76999,59.44374 18.76643,59.44074</coordinates></LinearRing></outerBoundaryIs></Polygon><Polygon><outerBoundaryIs><LinearRing><coordinates> 18.73949,59.44903 18.74193,59.4492 18.73993,59.45036 18.73874,59.44935 18.73949,59.44903</coordinates></LinearRing></outerBoundaryIs></Polygon><Polygon><outerBoundaryIs><LinearRing><coordinates> 18.73436,59.44745 18.73758,59.45036 18.733,59.44967 18.73125,59.4473 18.73436,59.44745</coordinates></LinearRing></outerBoundaryIs></Polygon><Polygon><outerBoundaryIs><LinearRing><coordinates> 18.98473,59.39935 18.98443,59.39964 18.98224,59.39981 18.98041,59.39913 18.98473,59.39935</coordinates></LinearRing></outerBoundaryIs></Polygon><Polygon><outerBoundaryIs><LinearRing><coordinates> 19.1258,59.37021 19.12448,59.37025 19.12286,59.3685 19.12511,59.36894 19.1258,59.37021</coordinates></LinearRing></outerBoundaryIs></Polygon><Polygon><outerBoundaryIs><LinearRing><coordinates> 18.98327,59.39597 18.98638,59.39753 18.98108,59.39743 18.98114,59.39557 18.98327,59.39597</coordinates></LinearRing></outerBoundaryIs></Polygon><Polygon><outerBoundaryIs><LinearRing><coordinates> 18.79676,59.43579 18.781,59.43483 18.7883,59.43277 18.79342,59.43277 18.79676,59.43579</coordinates></LinearRing></outerBoundaryIs></Polygon><Polygon><outerBoundaryIs><LinearRing><coordinates> 19.14845,59.36108 19.14976,59.35981 19.15115,59.36062 19.15075,59.36343 19.14845,59.36108</coordinates></LinearRing></outerBoundaryIs></Polygon><Polygon><outerBoundaryIs><LinearRing><coordinates> 19.12816,59.36666 19.13193,59.36594 19.13097,59.3672 19.12913,59.36747 19.12816,59.36666</coordinates></LinearRing></outerBoundaryIs></Polygon><Polygon><outerBoundaryIs><LinearRing><coordinates> 19.00292,59.39335 19.00047,59.39303 19.00174,59.39153 19.00366,59.39204 19.00292,59.39335</coordinates></LinearRing></outerBoundaryIs></Polygon><Polygon><outerBoundaryIs><LinearRing><coordinates> 18.76013,59.44194 18.75624,59.44153 18.75745,59.44021 18.75866,59.44027 18.76013,59.44194</coordinates></LinearRing></outerBoundaryIs></Polygon><Polygon><outerBoundaryIs><LinearRing><coordinates> 19.01469,59.39011 19.01332,59.38964 19.0137,59.38699 19.01482,59.38724 19.01469,59.39011</coordinates></LinearRing></outerBoundaryIs></Polygon><Polygon><outerBoundaryIs><LinearRing><coordinates> 18.4761,59.49646 18.47588,59.49793 18.47353,59.49741 18.4736,59.49696 18.4761,59.49646</coordinates></LinearRing></outerBoundaryIs></Polygon><Polygon><outerBoundaryIs><LinearRing><coordinates> 18.91031,59.40906 18.91118,59.40899 18.91297,59.41057 18.90851,59.41111 18.91031,59.40906</coordinates></LinearRing></outerBoundaryIs></Polygon><Polygon><outerBoundaryIs><LinearRing><coordinates> 18.80198,59.43217 18.80061,59.43129 18.80497,59.42914 18.80394,59.43253 18.80198,59.43217</coordinates></LinearRing></outerBoundaryIs></Polygon><Polygon><outerBoundaryIs><LinearRing><coordinates> 18.77525,59.43824 18.75801,59.43858 18.76396,59.43518 18.77696,59.43624 18.77525,59.43824</coordinates></LinearRing></outerBoundaryIs></Polygon><Polygon><outerBoundaryIs><LinearRing><coordinates> 18.93541,59.40586 18.93417,59.40555 18.93514,59.4039 18.93652,59.40479 18.93541,59.40586</coordinates></LinearRing></outerBoundaryIs></Polygon><Polygon><outerBoundaryIs><LinearRing><coordinates> 18.97477,59.39695 18.97408,59.3941 18.97866,59.3949 18.97882,59.39674 18.97477,59.39695</coordinates></LinearRing></outerBoundaryIs></Polygon><Polygon><outerBoundaryIs><LinearRing><coordinates> 18.64176,59.4634 18.64272,59.46433 18.63914,59.46497 18.64065,59.46331 18.64176,59.4634</coordinates></LinearRing></outerBoundaryIs></Polygon><Polygon><outerBoundaryIs><LinearRing><coordinates> 18.71074,59.44853 18.71411,59.4493 18.71472,59.44996 18.71009,59.45001 18.71074,59.44853</coordinates></LinearRing></outerBoundaryIs></Polygon><Polygon><outerBoundaryIs><LinearRing><coordinates> 18.795,59.43331 18.79462,59.43269 18.79874,59.43193 18.79725,59.43335 18.795,59.43331</coordinates></LinearRing></outerBoundaryIs></Polygon><Polygon><outerBoundaryIs><LinearRing><coordinates> 19.12692,59.36619 19.11913,59.36385 19.12859,59.36031 19.13119,59.36115 19.12692,59.36619</coordinates></LinearRing></outerBoundaryIs></Polygon><Polygon><outerBoundaryIs><LinearRing><coordinates> 18.73257,59.44592 18.72797,59.4463 18.72723,59.44542 18.72961,59.44475 18.73257,59.44592</coordinates></LinearRing></outerBoundaryIs></Polygon><Polygon><outerBoundaryIs><LinearRing><coordinates> 18.80866,59.4297 18.80649,59.43048 18.80562,59.42953 18.80693,59.42848 18.80866,59.4297</coordinates></LinearRing></outerBoundaryIs></Polygon><Polygon><outerBoundaryIs><LinearRing><coordinates> 18.65325,59.46033 18.65274,59.46084 18.64569,59.46088 18.64848,59.45863 18.65325,59.46033</coordinates></LinearRing></outerBoundaryIs></Polygon><Polygon><outerBoundaryIs><LinearRing><coordinates> 19.13311,59.35324 19.14143,59.35883 19.14039,59.36188 19.13815,59.36149 19.13311,59.35324</coordinates></LinearRing></outerBoundaryIs></Polygon><Polygon><outerBoundaryIs><LinearRing><coordinates> 18.82751,59.42324 18.82898,59.42483 18.82551,59.4243 18.82605,59.42288 18.82751,59.42324</coordinates></LinearRing></outerBoundaryIs></Polygon><Polygon><outerBoundaryIs><LinearRing><coordinates> 18.64032,59.45983 18.63854,59.45845 18.64337,59.45818 18.64268,59.4619 18.64032,59.45983</coordinates></LinearRing></outerBoundaryIs></Polygon><Polygon><outerBoundaryIs><LinearRing><coordinates> 18.99875,59.3887 18.99642,59.38905 18.99487,59.38392 19.00114,59.38389 18.99875,59.3887</coordinates></LinearRing></outerBoundaryIs></Polygon><Polygon><outerBoundaryIs><LinearRing><coordinates> 19.01063,59.38606 19.00896,59.38595 19.00806,59.38474 19.01059,59.38467 19.01063,59.38606</coordinates></LinearRing></outerBoundaryIs></Polygon><Polygon><outerBoundaryIs><LinearRing><coordinates> 18.99357,59.38929 18.9916,59.38833 18.99265,59.38679 18.99455,59.38808 18.99357,59.38929</coordinates></LinearRing></outerBoundaryIs></Polygon><Polygon><outerBoundaryIs><LinearRing><coordinates> 18.61383,59.46127 18.61651,59.46156 18.6157,59.46522 18.61334,59.46375 18.61383,59.46127</coordinates></LinearRing></outerBoundaryIs></Polygon><Polygon><outerBoundaryIs><LinearRing><coordinates> 19.15277,59.35429 19.15249,59.35598 19.15016,59.35694 19.14711,59.35369 19.15277,59.35429</coordinates></LinearRing></outerBoundaryIs></Polygon><Polygon><outerBoundaryIs><LinearRing><coordinates> 18.49117,59.48767 18.49264,59.48814 18.49291,59.48876 18.49002,59.48843 18.49117,59.48767</coordinates></LinearRing></outerBoundaryIs></Polygon><Polygon><outerBoundaryIs><LinearRing><coordinates> 19.01196,59.38302 19.01202,59.37746 19.01663,59.37994 19.01758,59.38194 19.01196,59.38302</coordinates></LinearRing></outerBoundaryIs></Polygon><Polygon><outerBoundaryIs><LinearRing><coordinates> 19.02871,59.37966 19.0254,59.37951 19.02469,59.37662 19.02864,59.37888 19.02871,59.37966</coordinates></LinearRing></outerBoundaryIs></Polygon><Polygon><outerBoundaryIs><LinearRing><coordinates> 19.12735,59.35928 19.12615,59.35734 19.12643,59.35695 19.12844,59.35722 19.12735,59.35928</coordinates></LinearRing></outerBoundaryIs></Polygon><Polygon><outerBoundaryIs><LinearRing><coordinates> 18.65021,59.45383 18.65213,59.4544 18.65232,59.4553 18.64944,59.45514 18.65021,59.45383</coordinates></LinearRing></outerBoundaryIs></Polygon><Polygon><outerBoundaryIs><LinearRing><coordinates> 19.00763,59.38133 19.00572,59.38339 19.00393,59.38297 19.00342,59.37979 19.00763,59.38133</coordinates></LinearRing></outerBoundaryIs></Polygon><Polygon><outerBoundaryIs><LinearRing><coordinates> 19.02144,59.37584 19.02337,59.379 19.0173,59.37745 19.01642,59.375 19.02144,59.37584</coordinates></LinearRing></outerBoundaryIs></Polygon><Polygon><outerBoundaryIs><LinearRing><coordinates> 18.98296,59.3861 18.97805,59.38009 18.98286,59.37863 18.98585,59.38642 18.98296,59.3861</coordinates></LinearRing></outerBoundaryIs></Polygon><Polygon><outerBoundaryIs><LinearRing><coordinates> 18.72509,59.42784 18.7477,59.43065 18.74824,59.43435 18.72733,59.43351 18.72509,59.42784</coordinates></LinearRing></outerBoundaryIs></Polygon><Polygon><outerBoundaryIs><LinearRing><coordinates> 18.99862,59.37648 18.99927,59.38258 18.99536,59.38181 18.99547,59.37812 18.99862,59.37648</coordinates></LinearRing></outerBoundaryIs></Polygon><Polygon><outerBoundaryIs><LinearRing><coordinates> 18.48416,59.47926 18.48942,59.4845 18.48319,59.48389 18.48136,59.47871 18.48416,59.47926</coordinates></LinearRing></outerBoundaryIs></Polygon><Polygon><outerBoundaryIs><LinearRing><coordinates> 18.47928,59.4861 18.47001,59.48185 18.47391,59.47942 18.47621,59.4806 18.47928,59.4861</coordinates></LinearRing></outerBoundaryIs></Polygon><Polygon><outerBoundaryIs><LinearRing><coordinates> 18.46416,59.48472 18.46349,59.48316 18.46763,59.48246 18.4709,59.48767 18.46416,59.48472</coordinates></LinearRing></outerBoundaryIs></Polygon><Polygon><outerBoundaryIs><LinearRing><coordinates> 18.76968,59.42596 18.77306,59.42689 18.77322,59.42739 18.76602,59.42705 18.76968,59.42596</coordinates></LinearRing></outerBoundaryIs></Polygon><Polygon><outerBoundaryIs><LinearRing><coordinates> 18.62538,59.45671 18.62047,59.45737 18.6225,59.4552 18.62533,59.45615 18.62538,59.45671</coordinates></LinearRing></outerBoundaryIs></Polygon><Polygon><outerBoundaryIs><LinearRing><coordinates> 18.88793,59.39422 18.88922,59.39256 18.90174,59.39199 18.90518,59.40041 18.88793,59.39422</coordinates></LinearRing></outerBoundaryIs></Polygon><Polygon><outerBoundaryIs><LinearRing><coordinates> 18.92158,59.38101 18.93532,59.3656 18.95473,59.37898 18.93449,59.39432 18.92158,59.38101</coordinates></LinearRing></outerBoundaryIs></Polygon><Polygon><outerBoundaryIs><LinearRing><coordinates> 18.46191,59.48852 18.45197,59.48372 18.45334,59.48297 18.46065,59.48496 18.46191,59.48852</coordinates></LinearRing></outerBoundaryIs></Polygon><Polygon><outerBoundaryIs><LinearRing><coordinates> 18.80281,59.42033 18.79612,59.42199 18.79631,59.41784 18.8039,59.41895 18.80281,59.42033</coordinates></LinearRing></outerBoundaryIs></Polygon><Polygon><outerBoundaryIs><LinearRing><coordinates> 18.98809,59.38312 18.98469,59.37819 18.98562,59.37369 18.989,59.37456 18.98809,59.38312</coordinates></LinearRing></outerBoundaryIs></Polygon><Polygon><outerBoundaryIs><LinearRing><coordinates> 18.67987,59.43415 18.70288,59.42585 18.72133,59.4369 18.69883,59.43156 18.67987,59.43415</coordinates></LinearRing></outerBoundaryIs></Polygon><Polygon><outerBoundaryIs><LinearRing><coordinates> 18.69784,59.44143 18.69578,59.44176 18.69462,59.44111 18.69847,59.44102 18.69784,59.44143</coordinates></LinearRing></outerBoundaryIs></Polygon><Polygon><outerBoundaryIs><LinearRing><coordinates> 18.99998,59.37695 19.00461,59.37067 19.00717,59.37471 19.00652,59.37871 18.99998,59.37695</coordinates></LinearRing></outerBoundaryIs></Polygon><Polygon><outerBoundaryIs><LinearRing><coordinates> 18.96154,59.38776 18.95175,59.38517 18.95942,59.37499 18.96958,59.38022 18.96154,59.38776</coordinates></LinearRing></outerBoundaryIs></Polygon><Polygon><outerBoundaryIs><LinearRing><coordinates> 18.85124,59.40937 18.85039,59.40849 18.85192,59.40711 18.85289,59.40928 18.85124,59.40937</coordinates></LinearRing></outerBoundaryIs></Polygon><Polygon><outerBoundaryIs><LinearRing><coordinates> 18.76267,59.4265 18.76341,59.42228 18.76443,59.42388 18.76751,59.42505 18.76267,59.4265</coordinates></LinearRing></outerBoundaryIs></Polygon><Polygon><outerBoundaryIs><LinearRing><coordinates> 18.60614,59.45659 18.60524,59.45768 18.60335,59.45711 18.60402,59.4563 18.60614,59.45659</coordinates></LinearRing></outerBoundaryIs></Polygon><Polygon><outerBoundaryIs><LinearRing><coordinates> 18.75036,59.42675 18.75143,59.42653 18.75332,59.42806 18.75049,59.4284 18.75036,59.42675</coordinates></LinearRing></outerBoundaryIs></Polygon><Polygon><outerBoundaryIs><LinearRing><coordinates> 18.99264,59.37341 18.99622,59.37535 18.99386,59.3786 18.98957,59.37606 18.99264,59.37341</coordinates></LinearRing></outerBoundaryIs></Polygon><Polygon><outerBoundaryIs><LinearRing><coordinates> 18.74855,59.42783 18.7289,59.42601 18.74059,59.41711 18.75023,59.41639 18.74855,59.42783</coordinates></LinearRing></outerBoundaryIs></Polygon><Polygon><outerBoundaryIs><LinearRing><coordinates> 18.75152,59.4263 18.7509,59.42424 18.75439,59.42371 18.75381,59.42597 18.75152,59.4263</coordinates></LinearRing></outerBoundaryIs></Polygon><Polygon><outerBoundaryIs><LinearRing><coordinates> 18.81227,59.4118 18.81379,59.4139 18.81087,59.41447 18.81102,59.4125 18.81227,59.4118</coordinates></LinearRing></outerBoundaryIs></Polygon><Polygon><outerBoundaryIs><LinearRing><coordinates> 18.8757,59.40104 18.87145,59.40035 18.87267,59.39549 18.87692,59.39865 18.8757,59.40104</coordinates></LinearRing></outerBoundaryIs></Polygon><Polygon><outerBoundaryIs><LinearRing><coordinates> 18.78791,59.41499 18.79103,59.41308 18.79655,59.41682 18.78195,59.41614 18.78791,59.41499</coordinates></LinearRing></outerBoundaryIs></Polygon><Polygon><outerBoundaryIs><LinearRing><coordinates> 18.69474,59.43487 18.69676,59.43533 18.6953,59.43626 18.69352,59.43604 18.69474,59.43487</coordinates></LinearRing></outerBoundaryIs></Polygon><Polygon><outerBoundaryIs><LinearRing><coordinates> 18.97589,59.37811 18.97599,59.37929 18.97145,59.37771 18.97376,59.37636 18.97589,59.37811</coordinates></LinearRing></outerBoundaryIs></Polygon><Polygon><outerBoundaryIs><LinearRing><coordinates> 18.4802,59.47805 18.47679,59.47812 18.47639,59.47578 18.47896,59.47623 18.4802,59.47805</coordinates></LinearRing></outerBoundaryIs></Polygon><Polygon><outerBoundaryIs><LinearRing><coordinates> 18.45729,59.48186 18.45502,59.48106 18.45501,59.47988 18.45686,59.48063 18.45729,59.48186</coordinates></LinearRing></outerBoundaryIs></Polygon><Polygon><outerBoundaryIs><LinearRing><coordinates> 18.4643,59.47798 18.46426,59.47736 18.46968,59.47613 18.46819,59.4797 18.4643,59.47798</coordinates></LinearRing></outerBoundaryIs></Polygon><Polygon><outerBoundaryIs><LinearRing><coordinates> 18.63533,59.44628 18.62761,59.44493 18.62907,59.44388 18.63288,59.44459 18.63533,59.44628</coordinates></LinearRing></outerBoundaryIs></Polygon><Polygon><outerBoundaryIs><LinearRing><coordinates> 18.99392,59.36917 18.99643,59.36895 18.99804,59.37228 18.99435,59.37287 18.99392,59.36917</coordinates></LinearRing></outerBoundaryIs></Polygon><Polygon><outerBoundaryIs><LinearRing><coordinates> 18.81029,59.41011 18.80767,59.41039 18.8071,59.40883 18.81047,59.40837 18.81029,59.41011</coordinates></LinearRing></outerBoundaryIs></Polygon><Polygon><outerBoundaryIs><LinearRing><coordinates> 18.80207,59.40962 18.80319,59.40988 18.8029,59.41157 18.80109,59.41099 18.80207,59.40962</coordinates></LinearRing></outerBoundaryIs></Polygon><Polygon><outerBoundaryIs><LinearRing><coordinates> 18.71912,59.4237 18.72742,59.42549 18.72492,59.42717 18.71964,59.4247 18.71912,59.4237</coordinates></LinearRing></outerBoundaryIs></Polygon><Polygon><outerBoundaryIs><LinearRing><coordinates> 18.60402,59.44973 18.60541,59.45054 18.60252,59.4515 18.60297,59.45026 18.60402,59.44973</coordinates></LinearRing></outerBoundaryIs></Polygon><Polygon><outerBoundaryIs><LinearRing><coordinates> 18.76296,59.41912 18.7617,59.41858 18.76494,59.41784 18.765,59.41857 18.76296,59.41912</coordinates></LinearRing></outerBoundaryIs></Polygon><Polygon><outerBoundaryIs><LinearRing><coordinates> 18.89534,59.39209 18.89135,59.3907 18.89477,59.38924 18.89778,59.38962 18.89534,59.39209</coordinates></LinearRing></outerBoundaryIs></Polygon><Polygon><outerBoundaryIs><LinearRing><coordinates> 18.4565,59.47841 18.45763,59.47727 18.46023,59.47806 18.4606,59.47867 18.4565,59.47841</coordinates></LinearRing></outerBoundaryIs></Polygon><Polygon><outerBoundaryIs><LinearRing><coordinates> 18.82679,59.4048 18.82312,59.40555 18.82345,59.40365 18.8266,59.40261 18.82679,59.4048</coordinates></LinearRing></outerBoundaryIs></Polygon><Polygon><outerBoundaryIs><LinearRing><coordinates> 18.67678,59.43347 18.67679,59.43488 18.67417,59.43511 18.67389,59.43449 18.67678,59.43347</coordinates></LinearRing></outerBoundaryIs></Polygon><Polygon><outerBoundaryIs><LinearRing><coordinates> 18.97931,59.37321 18.9722,59.375 18.96366,59.37025 18.96875,59.36165 18.97931,59.37321</coordinates></LinearRing></outerBoundaryIs></Polygon><Polygon><outerBoundaryIs><LinearRing><coordinates> 18.47805,59.47396 18.4763,59.47411 18.47624,59.47338 18.47741,59.47291 18.47805,59.47396</coordinates></LinearRing></outerBoundaryIs></Polygon><Polygon><outerBoundaryIs><LinearRing><coordinates> 18.8889,59.39139 18.88447,59.39196 18.88459,59.3896 18.89029,59.38827 18.8889,59.39139</coordinates></LinearRing></outerBoundaryIs></Polygon><Polygon><outerBoundaryIs><LinearRing><coordinates> 18.60223,59.44872 18.59308,59.44347 18.58872,59.44406 18.5999,59.4418 18.60223,59.44872</coordinates></LinearRing></outerBoundaryIs></Polygon><Polygon><outerBoundaryIs><LinearRing><coordinates> 18.79173,59.40311 18.79654,59.40901 18.78311,59.41049 18.78441,59.40385 18.79173,59.40311</coordinates></LinearRing></outerBoundaryIs></Polygon><Polygon><outerBoundaryIs><LinearRing><coordinates> 18.99858,59.36794 18.99536,59.36769 18.99652,59.36631 18.99874,59.36737 18.99858,59.36794</coordinates></LinearRing></outerBoundaryIs></Polygon><Polygon><outerBoundaryIs><LinearRing><coordinates> 18.46229,59.47476 18.46163,59.46147 18.47264,59.46731 18.47123,59.4734 18.46229,59.47476</coordinates></LinearRing></outerBoundaryIs></Polygon><Polygon><outerBoundaryIs><LinearRing><coordinates> 18.77941,59.40435 18.78003,59.41174 18.76802,59.4105 18.76928,59.40716 18.77941,59.40435</coordinates></LinearRing></outerBoundaryIs></Polygon><Polygon><outerBoundaryIs><LinearRing><coordinates> 18.76857,59.41287 18.76876,59.41382 18.76556,59.41372 18.76699,59.41245 18.76857,59.41287</coordinates></LinearRing></outerBoundaryIs></Polygon><Polygon><outerBoundaryIs><LinearRing><coordinates> 18.9807,59.37056 18.97997,59.36991 18.98351,59.36902 18.98278,59.3705 18.9807,59.37056</coordinates></LinearRing></outerBoundaryIs></Polygon><Polygon><outerBoundaryIs><LinearRing><coordinates> 18.89492,59.38803 18.89235,59.38771 18.89348,59.38695 18.89597,59.38756 18.89492,59.38803</coordinates></LinearRing></outerBoundaryIs></Polygon><Polygon><outerBoundaryIs><LinearRing><coordinates> 18.64912,59.4329 18.64905,59.43207 18.65405,59.43128 18.6562,59.43595 18.64912,59.4329</coordinates></LinearRing></outerBoundaryIs></Polygon><Polygon><outerBoundaryIs><LinearRing><coordinates> 18.62092,59.43991 18.62298,59.43953 18.62417,59.44191 18.62295,59.44188 18.62092,59.43991</coordinates></LinearRing></outerBoundaryIs></Polygon><Polygon><outerBoundaryIs><LinearRing><coordinates> 18.68149,59.42927 18.68081,59.43035 18.67927,59.43039 18.67861,59.42916 18.68149,59.42927</coordinates></LinearRing></outerBoundaryIs></Polygon><Polygon><outerBoundaryIs><LinearRing><coordinates> 18.79749,59.40641 18.79861,59.40538 18.80065,59.40606 18.80067,59.40629 18.79749,59.40641</coordinates></LinearRing></outerBoundaryIs></Polygon><Polygon><outerBoundaryIs><LinearRing><coordinates> 18.81889,59.40256 18.80577,59.3927 18.81657,59.38481 18.83245,59.39079 18.81889,59.40256</coordinates></LinearRing></outerBoundaryIs></Polygon><Polygon><outerBoundaryIs><LinearRing><coordinates> 18.82206,59.38961 18.8238,59.38935 18.82326,59.38824 18.8218,59.38799 18.82206,59.38961</coordinates></LinearRing></outerBoundaryIs></Polygon><Polygon><outerBoundaryIs><LinearRing><coordinates> 18.66926,59.43179 18.66975,59.43104 18.67182,59.43083 18.67353,59.43152 18.66926,59.43179</coordinates></LinearRing></outerBoundaryIs></Polygon><Polygon><outerBoundaryIs><LinearRing><coordinates> 18.89044,59.38608 18.89094,59.38685 18.88757,59.38732 18.88735,59.38603 18.89044,59.38608</coordinates></LinearRing></outerBoundaryIs></Polygon><Polygon><outerBoundaryIs><LinearRing><coordinates> 18.64659,59.43588 18.64328,59.43578 18.64345,59.43522 18.64561,59.43478 18.64659,59.43588</coordinates></LinearRing></outerBoundaryIs></Polygon><Polygon><outerBoundaryIs><LinearRing><coordinates> 18.89659,59.38207 18.89959,59.3838 18.89763,59.38525 18.89433,59.3839 18.89659,59.38207</coordinates></LinearRing></outerBoundaryIs></Polygon><Polygon><outerBoundaryIs><LinearRing><coordinates> 18.637,59.43705 18.63444,59.43679 18.6362,59.43549 18.63732,59.43564 18.637,59.43705</coordinates></LinearRing></outerBoundaryIs></Polygon><Polygon><outerBoundaryIs><LinearRing><coordinates> 18.44287,59.47054 18.4428,59.46813 18.45148,59.46364 18.45378,59.47313 18.44287,59.47054</coordinates></LinearRing></outerBoundaryIs></Polygon><Polygon><outerBoundaryIs><LinearRing><coordinates> 18.71354,59.41114 18.74309,59.41397 18.69801,59.42433 18.71372,59.41465 18.71354,59.41114</coordinates></LinearRing></outerBoundaryIs></Polygon><Polygon><outerBoundaryIs><LinearRing><coordinates> 18.664,59.43012 18.66454,59.42876 18.66982,59.42859 18.66862,59.43008 18.664,59.43012</coordinates></LinearRing></outerBoundaryIs></Polygon><Polygon><outerBoundaryIs><LinearRing><coordinates> 18.76008,59.41045 18.75936,59.40968 18.76431,59.40962 18.7627,59.41044 18.76008,59.41045</coordinates></LinearRing></outerBoundaryIs></Polygon><Polygon><outerBoundaryIs><LinearRing><coordinates> 18.91054,59.37794 18.91112,59.37956 18.90794,59.38098 18.90802,59.3794 18.91054,59.37794</coordinates></LinearRing></outerBoundaryIs></Polygon><Polygon><outerBoundaryIs><LinearRing><coordinates> 18.90322,59.38108 18.90394,59.37961 18.9051,59.38002 18.90434,59.38127 18.90322,59.38108</coordinates></LinearRing></outerBoundaryIs></Polygon><Polygon><outerBoundaryIs><LinearRing><coordinates> 18.97841,59.36407 18.98288,59.3637 18.98096,59.36548 18.9801,59.3646 18.97841,59.36407</coordinates></LinearRing></outerBoundaryIs></Polygon><Polygon><outerBoundaryIs><LinearRing><coordinates> 18.89927,59.38012 18.90147,59.38012 18.90116,59.3813 18.89965,59.38168 18.89927,59.38012</coordinates></LinearRing></outerBoundaryIs></Polygon><Polygon><outerBoundaryIs><LinearRing><coordinates> 18.80034,59.40135 18.80193,59.39992 18.8041,59.40031 18.80426,59.40092 18.80034,59.40135</coordinates></LinearRing></outerBoundaryIs></Polygon><Polygon><outerBoundaryIs><LinearRing><coordinates> 18.61625,59.4368 18.61411,59.43887 18.60911,59.43607 18.60825,59.43186 18.61625,59.4368</coordinates></LinearRing></outerBoundaryIs></Polygon><Polygon><outerBoundaryIs><LinearRing><coordinates> 18.6638,59.42383 18.66858,59.423 18.67603,59.42638 18.65932,59.42825 18.6638,59.42383</coordinates></LinearRing></outerBoundaryIs></Polygon><Polygon><outerBoundaryIs><LinearRing><coordinates> 18.88437,59.37021 18.89612,59.37781 18.88814,59.3836 18.88232,59.37765 18.88437,59.37021</coordinates></LinearRing></outerBoundaryIs></Polygon><Polygon><outerBoundaryIs><LinearRing><coordinates> 18.96025,59.36894 18.94657,59.36973 18.93882,59.36519 18.94054,59.35324 18.96025,59.36894</coordinates></LinearRing></outerBoundaryIs></Polygon><Polygon><outerBoundaryIs><LinearRing><coordinates> 18.68575,59.41801 18.6952,59.41715 18.70198,59.42037 18.68156,59.42132 18.68575,59.41801</coordinates></LinearRing></outerBoundaryIs></Polygon><Polygon><outerBoundaryIs><LinearRing><coordinates> 18.60663,59.43872 18.60455,59.43888 18.60451,59.43813 18.60651,59.43737 18.60663,59.43872</coordinates></LinearRing></outerBoundaryIs></Polygon><Polygon><outerBoundaryIs><LinearRing><coordinates> 18.63857,59.43201 18.63346,59.4315 18.62165,59.42642 18.63056,59.42432 18.63857,59.43201</coordinates></LinearRing></outerBoundaryIs></Polygon><Polygon><outerBoundaryIs><LinearRing><coordinates> 18.90358,59.37703 18.90495,59.3775 18.90353,59.37871 18.90207,59.37838 18.90358,59.37703</coordinates></LinearRing></outerBoundaryIs></Polygon><Polygon><outerBoundaryIs><LinearRing><coordinates> 19.00704,59.35579 19.0058,59.35789 19.00277,59.35723 19.00196,59.35551 19.00704,59.35579</coordinates></LinearRing></outerBoundaryIs></Polygon><Polygon><outerBoundaryIs><LinearRing><coordinates> 18.76555,59.40614 18.76353,59.40564 18.76585,59.40456 18.76709,59.40481 18.76555,59.40614</coordinates></LinearRing></outerBoundaryIs></Polygon><Polygon><outerBoundaryIs><LinearRing><coordinates> 18.58685,59.44 18.59113,59.43834 18.59012,59.44089 18.58692,59.44079 18.58685,59.44</coordinates></LinearRing></outerBoundaryIs></Polygon><Polygon><outerBoundaryIs><LinearRing><coordinates> 18.77735,59.39985 18.77976,59.39844 18.78437,59.39952 18.78519,59.40141 18.77735,59.39985</coordinates></LinearRing></outerBoundaryIs></Polygon><Polygon><outerBoundaryIs><LinearRing><coordinates> 18.6452,59.41879 18.64924,59.42774 18.63449,59.4198 18.64066,59.42007 18.6452,59.41879</coordinates></LinearRing></outerBoundaryIs></Polygon><Polygon><outerBoundaryIs><LinearRing><coordinates> 18.92587,59.37199 18.92595,59.36907 18.92967,59.36882 18.92847,59.37154 18.92587,59.37199</coordinates></LinearRing></outerBoundaryIs></Polygon><Polygon><outerBoundaryIs><LinearRing><coordinates> 18.96363,59.36412 18.96118,59.36486 18.96046,59.36338 18.96136,59.3634 18.96363,59.36412</coordinates></LinearRing></outerBoundaryIs></Polygon><Polygon><outerBoundaryIs><LinearRing><coordinates> 18.75426,59.40159 18.76921,59.40132 18.76258,59.40489 18.7575,59.40472 18.75426,59.40159</coordinates></LinearRing></outerBoundaryIs></Polygon><Polygon><outerBoundaryIs><LinearRing><coordinates> 18.8996,59.37584 18.90058,59.37677 18.89866,59.37738 18.89814,59.37596 18.8996,59.37584</coordinates></LinearRing></outerBoundaryIs></Polygon><Polygon><outerBoundaryIs><LinearRing><coordinates> 18.72775,59.41178 18.72329,59.41114 18.72524,59.41071 18.72655,59.41068 18.72775,59.41178</coordinates></LinearRing></outerBoundaryIs></Polygon><Polygon><outerBoundaryIs><LinearRing><coordinates> 18.41958,59.46892 18.42968,59.46974 18.42601,59.47082 18.42338,59.47104 18.41958,59.46892</coordinates></LinearRing></outerBoundaryIs></Polygon><Polygon><outerBoundaryIs><LinearRing><coordinates> 18.9701,59.35826 18.97482,59.35815 18.97298,59.36105 18.97008,59.35932 18.9701,59.35826</coordinates></LinearRing></outerBoundaryIs></Polygon><Polygon><outerBoundaryIs><LinearRing><coordinates> 18.60959,59.42538 18.58632,59.43878 18.58565,59.41813 18.60204,59.41234 18.60959,59.42538</coordinates></LinearRing></outerBoundaryIs></Polygon><Polygon><outerBoundaryIs><LinearRing><coordinates> 18.60483,59.41854 18.60167,59.419 18.60283,59.41971 18.60446,59.41939 18.60483,59.41854</coordinates></LinearRing></outerBoundaryIs></Polygon><Polygon><outerBoundaryIs><LinearRing><coordinates> 18.48452,59.44406 18.48875,59.44173 18.48822,59.44909 18.47922,59.4596 18.48452,59.44406</coordinates></LinearRing></outerBoundaryIs></Polygon><Polygon><outerBoundaryIs><LinearRing><coordinates> 18.62244,59.43037 18.62459,59.42962 18.6255,59.43 18.62251,59.43113 18.62244,59.43037</coordinates></LinearRing></outerBoundaryIs></Polygon><Polygon><outerBoundaryIs><LinearRing><coordinates> 18.98956,59.35703 18.98475,59.35601 18.98671,59.35485 18.98901,59.35569 18.98956,59.35703</coordinates></LinearRing></outerBoundaryIs></Polygon><Polygon><outerBoundaryIs><LinearRing><coordinates> 18.67075,59.41863 18.67739,59.41102 18.69071,59.4109 18.70131,59.41511 18.67075,59.41863</coordinates></LinearRing></outerBoundaryIs></Polygon><Polygon><outerBoundaryIs><LinearRing><coordinates> 18.7739,59.39971 18.77524,59.39997 18.77159,59.401 18.77226,59.3999 18.7739,59.39971</coordinates></LinearRing></outerBoundaryIs></Polygon><Polygon><outerBoundaryIs><LinearRing><coordinates> 18.71092,59.41013 18.7117,59.4128 18.70576,59.4117 18.70478,59.41055 18.71092,59.41013</coordinates></LinearRing></outerBoundaryIs></Polygon><Polygon><outerBoundaryIs><LinearRing><coordinates> 18.75076,59.40324 18.74993,59.40512 18.74782,59.40488 18.7474,59.40382 18.75076,59.40324</coordinates></LinearRing></outerBoundaryIs></Polygon><Polygon><outerBoundaryIs><LinearRing><coordinates> 18.46531,59.4608 18.46714,59.4602 18.46766,59.4612 18.46547,59.46142 18.46531,59.4608</coordinates></LinearRing></outerBoundaryIs></Polygon><Polygon><outerBoundaryIs><LinearRing><coordinates> 18.7915,59.39666 18.78785,59.39388 18.79671,59.39111 18.79404,59.39537 18.7915,59.39666</coordinates></LinearRing></outerBoundaryIs></Polygon><Polygon><outerBoundaryIs><LinearRing><coordinates> 18.96173,59.35709 18.96595,59.35981 18.96542,59.36128 18.95841,59.35902 18.96173,59.35709</coordinates></LinearRing></outerBoundaryIs></Polygon><Polygon><outerBoundaryIs><LinearRing><coordinates> 18.7724,59.39861 18.77293,59.39714 18.77651,59.39779 18.77701,59.39845 18.7724,59.39861</coordinates></LinearRing></outerBoundaryIs></Polygon><Polygon><outerBoundaryIs><LinearRing><coordinates> 18.62061,59.42923 18.61758,59.43009 18.61743,59.42819 18.62029,59.42684 18.62061,59.42923</coordinates></LinearRing></outerBoundaryIs></Polygon><Polygon><outerBoundaryIs><LinearRing><coordinates> 18.4423,59.46301 18.44327,59.46419 18.43849,59.46373 18.4395,59.46252 18.4423,59.46301</coordinates></LinearRing></outerBoundaryIs></Polygon><Polygon><outerBoundaryIs><LinearRing><coordinates> 18.80736,59.38901 18.80001,59.39316 18.79656,59.38628 18.80597,59.38449 18.80736,59.38901</coordinates></LinearRing></outerBoundaryIs></Polygon><Polygon><outerBoundaryIs><LinearRing><coordinates> 18.89775,59.3698 18.89785,59.36829 18.90029,59.36857 18.90142,59.37247 18.89775,59.3698</coordinates></LinearRing></outerBoundaryIs></Polygon><Polygon><outerBoundaryIs><LinearRing><coordinates> 18.74391,59.39514 18.74917,59.4026 18.73398,59.40142 18.74009,59.39815 18.74391,59.39514</coordinates></LinearRing></outerBoundaryIs></Polygon><Polygon><outerBoundaryIs><LinearRing><coordinates> 18.64908,59.41775 18.65524,59.4157 18.66191,59.41691 18.64956,59.42223 18.64908,59.41775</coordinates></LinearRing></outerBoundaryIs></Polygon><Polygon><outerBoundaryIs><LinearRing><coordinates> 18.61008,59.42927 18.61111,59.42641 18.61611,59.42692 18.61385,59.42899 18.61008,59.42927</coordinates></LinearRing></outerBoundaryIs></Polygon><Polygon><outerBoundaryIs><LinearRing><coordinates> 18.77807,59.38899 18.78346,59.38738 18.78372,59.39454 18.77675,59.39155 18.77807,59.38899</coordinates></LinearRing></outerBoundaryIs></Polygon><Polygon><outerBoundaryIs><LinearRing><coordinates> 18.47613,59.44822 18.48053,59.45088 18.47474,59.45599 18.47207,59.44987 18.47613,59.44822</coordinates></LinearRing></outerBoundaryIs></Polygon><Polygon><outerBoundaryIs><LinearRing><coordinates> 18.89597,59.37156 18.89538,59.37007 18.89731,59.37063 18.89675,59.3716 18.89597,59.37156</coordinates></LinearRing></outerBoundaryIs></Polygon><Polygon><outerBoundaryIs><LinearRing><coordinates> 18.76717,59.39547 18.7701,59.39619 18.76833,59.39746 18.76486,59.39596 18.76717,59.39547</coordinates></LinearRing></outerBoundaryIs></Polygon><Polygon><outerBoundaryIs><LinearRing><coordinates> 18.96885,59.35411 18.96824,59.35558 18.96542,59.35498 18.96671,59.35366 18.96885,59.35411</coordinates></LinearRing></outerBoundaryIs></Polygon><Polygon><outerBoundaryIs><LinearRing><coordinates> 18.4129,59.46024 18.42439,59.4553 18.42818,59.46303 18.41254,59.46485 18.4129,59.46024</coordinates></LinearRing></outerBoundaryIs></Polygon><Polygon><outerBoundaryIs><LinearRing><coordinates> 18.75281,59.39607 18.75304,59.39764 18.7491,59.39918 18.74727,59.39451 18.75281,59.39607</coordinates></LinearRing></outerBoundaryIs></Polygon><Polygon><outerBoundaryIs><LinearRing><coordinates> 18.70306,59.40839 18.6997,59.40787 18.69726,59.4075 18.69652,59.40657 18.70306,59.40839</coordinates></LinearRing></outerBoundaryIs></Polygon><Polygon><outerBoundaryIs><LinearRing><coordinates> 18.78815,59.39021 18.78995,59.3876 18.79273,59.38788 18.78932,59.39048 18.78815,59.39021</coordinates></LinearRing></outerBoundaryIs></Polygon><Polygon><outerBoundaryIs><LinearRing><coordinates> 18.76136,59.39447 18.76224,59.39575 18.75724,59.39518 18.75835,59.39403 18.76136,59.39447</coordinates></LinearRing></outerBoundaryIs></Polygon><Polygon><outerBoundaryIs><LinearRing><coordinates> 19.11988,59.32009 19.12121,59.3214 19.12227,59.32217 19.11763,59.3207 19.11988,59.32009</coordinates></LinearRing></outerBoundaryIs></Polygon><Polygon><outerBoundaryIs><LinearRing><coordinates> 18.69276,59.40906 18.68234,59.41091 18.67831,59.40874 18.68172,59.40435 18.69276,59.40906</coordinates></LinearRing></outerBoundaryIs></Polygon><Polygon><outerBoundaryIs><LinearRing><coordinates> 18.61844,59.42206 18.6204,59.42303 18.61916,59.42368 18.618,59.42337 18.61844,59.42206</coordinates></LinearRing></outerBoundaryIs></Polygon><Polygon><outerBoundaryIs><LinearRing><coordinates> 18.71511,59.40313 18.71673,59.40399 18.7127,59.40453 18.71274,59.4037 18.71511,59.40313</coordinates></LinearRing></outerBoundaryIs></Polygon><Polygon><outerBoundaryIs><LinearRing><coordinates> 19.18956,59.30748 19.1869,59.30727 19.18764,59.30602 19.18945,59.30653 19.18956,59.30748</coordinates></LinearRing></outerBoundaryIs></Polygon><Polygon><outerBoundaryIs><LinearRing><coordinates> 18.44537,59.45405 18.44755,59.45518 18.44574,59.45723 18.44405,59.45564 18.44537,59.45405</coordinates></LinearRing></outerBoundaryIs></Polygon><Polygon><outerBoundaryIs><LinearRing><coordinates> 18.45702,59.45213 18.46222,59.45237 18.4647,59.4531 18.45374,59.45394 18.45702,59.45213</coordinates></LinearRing></outerBoundaryIs></Polygon><Polygon><outerBoundaryIs><LinearRing><coordinates> 18.61207,59.42061 18.61546,59.42161 18.61393,59.4231 18.61149,59.42292 18.61207,59.42061</coordinates></LinearRing></outerBoundaryIs></Polygon><Polygon><outerBoundaryIs><LinearRing><coordinates> 18.46969,59.45053 18.46944,59.45155 18.46496,59.45214 18.46424,59.45131 18.46969,59.45053</coordinates></LinearRing></outerBoundaryIs></Polygon><Polygon><outerBoundaryIs><LinearRing><coordinates> 18.69833,59.40445 18.70149,59.4041 18.70227,59.40363 18.70394,59.40444 18.69833,59.40445</coordinates></LinearRing></outerBoundaryIs></Polygon><Polygon><outerBoundaryIs><LinearRing><coordinates> 18.81336,59.38214 18.80361,59.37635 18.82444,59.37285 18.82247,59.38047 18.81336,59.38214</coordinates></LinearRing></outerBoundaryIs></Polygon><Polygon><outerBoundaryIs><LinearRing><coordinates> 18.76448,59.38965 18.76619,59.39173 18.76068,59.38904 18.76261,59.38844 18.76448,59.38965</coordinates></LinearRing></outerBoundaryIs></Polygon><Polygon><outerBoundaryIs><LinearRing><coordinates> 18.88779,59.36583 18.88859,59.36554 18.89067,59.36492 18.89169,59.36629 18.88779,59.36583</coordinates></LinearRing></outerBoundaryIs></Polygon><Polygon><outerBoundaryIs><LinearRing><coordinates> 18.78434,59.37874 18.79371,59.38016 18.77202,59.39042 18.7686,59.3864 18.78434,59.37874</coordinates></LinearRing></outerBoundaryIs></Polygon><Polygon><outerBoundaryIs><LinearRing><coordinates> 18.92388,59.3512 18.92654,59.34761 18.93901,59.35199 18.93777,59.35685 18.92388,59.3512</coordinates></LinearRing></outerBoundaryIs></Polygon><Polygon><outerBoundaryIs><LinearRing><coordinates> 18.91255,59.36145 18.90094,59.36193 18.9025,59.35825 18.91187,59.35983 18.91255,59.36145</coordinates></LinearRing></outerBoundaryIs></Polygon><Polygon><outerBoundaryIs><LinearRing><coordinates> 18.48178,59.44569 18.48213,59.44737 18.47889,59.44687 18.4795,59.44472 18.48178,59.44569</coordinates></LinearRing></outerBoundaryIs></Polygon><Polygon><outerBoundaryIs><LinearRing><coordinates> 18.7595,59.3921 18.74925,59.39194 18.75298,59.38921 18.75733,59.38985 18.7595,59.3921</coordinates></LinearRing></outerBoundaryIs></Polygon><Polygon><outerBoundaryIs><LinearRing><coordinates> 18.5722,59.42913 18.56071,59.43016 18.56479,59.42905 18.56498,59.42435 18.5722,59.42913</coordinates></LinearRing></outerBoundaryIs></Polygon><Polygon><outerBoundaryIs><LinearRing><coordinates> 18.92493,59.35702 18.92159,59.35541 18.92185,59.35445 18.92738,59.35618 18.92493,59.35702</coordinates></LinearRing></outerBoundaryIs></Polygon><Polygon><outerBoundaryIs><LinearRing><coordinates> 18.67618,59.40701 18.66288,59.40864 18.66686,59.40048 18.67118,59.40116 18.67618,59.40701</coordinates></LinearRing></outerBoundaryIs></Polygon><Polygon><outerBoundaryIs><LinearRing><coordinates> 18.49744,59.4415 18.49516,59.44194 18.4955,59.43895 18.49798,59.43997 18.49744,59.4415</coordinates></LinearRing></outerBoundaryIs></Polygon><Polygon><outerBoundaryIs><LinearRing><coordinates> 18.49179,59.43976 18.49339,59.4404 18.4932,59.44231 18.49104,59.44146 18.49179,59.43976</coordinates></LinearRing></outerBoundaryIs></Polygon><Polygon><outerBoundaryIs><LinearRing><coordinates> 18.40085,59.45162 18.39751,59.4469 18.41338,59.45539 18.408,59.45882 18.40085,59.45162</coordinates></LinearRing></outerBoundaryIs></Polygon><Polygon><outerBoundaryIs><LinearRing><coordinates> 18.61576,59.41312 18.621,59.4166 18.61021,59.41672 18.61077,59.41547 18.61576,59.41312</coordinates></LinearRing></outerBoundaryIs></Polygon><Polygon><outerBoundaryIs><LinearRing><coordinates> 18.60881,59.41879 18.6077,59.41859 18.60926,59.4176 18.61109,59.41835 18.60881,59.41879</coordinates></LinearRing></outerBoundaryIs></Polygon><Polygon><outerBoundaryIs><LinearRing><coordinates> 18.72518,59.39118 18.73208,59.39203 18.73307,59.39325 18.72356,59.39407 18.72518,59.39118</coordinates></LinearRing></outerBoundaryIs></Polygon><Polygon><outerBoundaryIs><LinearRing><coordinates> 18.60638,59.41592 18.60758,59.41596 18.60797,59.41656 18.60592,59.41712 18.60638,59.41592</coordinates></LinearRing></outerBoundaryIs></Polygon><Polygon><outerBoundaryIs><LinearRing><coordinates> 18.77526,59.37805 18.77623,59.38044 18.76547,59.38456 18.76914,59.37815 18.77526,59.37805</coordinates></LinearRing></outerBoundaryIs></Polygon><Polygon><outerBoundaryIs><LinearRing><coordinates> 18.81171,59.37105 18.80056,59.37664 18.79784,59.37569 18.80275,59.36643 18.81171,59.37105</coordinates></LinearRing></outerBoundaryIs></Polygon><Polygon><outerBoundaryIs><LinearRing><coordinates> 18.62267,59.4096 18.62752,59.41001 18.6279,59.41067 18.62378,59.41149 18.62267,59.4096</coordinates></LinearRing></outerBoundaryIs></Polygon><Polygon><outerBoundaryIs><LinearRing><coordinates> 18.53662,59.42843 18.53717,59.42712 18.53893,59.42709 18.53804,59.42834 18.53662,59.42843</coordinates></LinearRing></outerBoundaryIs></Polygon><Polygon><outerBoundaryIs><LinearRing><coordinates> 18.88516,59.35868 18.88133,59.35784 18.88349,59.35703 18.88496,59.35751 18.88516,59.35868</coordinates></LinearRing></outerBoundaryIs></Polygon><Polygon><outerBoundaryIs><LinearRing><coordinates> 19.13451,59.30525 19.13703,59.30523 19.13863,59.30681 19.13528,59.30629 19.13451,59.30525</coordinates></LinearRing></outerBoundaryIs></Polygon><Polygon><outerBoundaryIs><LinearRing><coordinates> 19.13306,59.30608 19.1344,59.30632 19.13508,59.30748 19.13198,59.30627 19.13306,59.30608</coordinates></LinearRing></outerBoundaryIs></Polygon><Polygon><outerBoundaryIs><LinearRing><coordinates> 18.67495,59.40004 18.67758,59.3992 18.67959,59.39949 18.67692,59.40039 18.67495,59.40004</coordinates></LinearRing></outerBoundaryIs></Polygon><Polygon><outerBoundaryIs><LinearRing><coordinates> 18.58061,59.41857 18.58032,59.41909 18.57511,59.41972 18.57725,59.41651 18.58061,59.41857</coordinates></LinearRing></outerBoundaryIs></Polygon><Polygon><outerBoundaryIs><LinearRing><coordinates> 18.54734,59.4228 18.54991,59.42185 18.54988,59.42426 18.54738,59.42336 18.54734,59.4228</coordinates></LinearRing></outerBoundaryIs></Polygon><Polygon><outerBoundaryIs><LinearRing><coordinates> 18.61612,59.41015 18.61478,59.41119 18.61412,59.40986 18.61609,59.40971 18.61612,59.41015</coordinates></LinearRing></outerBoundaryIs></Polygon><Polygon><outerBoundaryIs><LinearRing><coordinates> 19.1548,59.30102 19.15498,59.30169 19.15284,59.30118 19.15369,59.29993 19.1548,59.30102</coordinates></LinearRing></outerBoundaryIs></Polygon><Polygon><outerBoundaryIs><LinearRing><coordinates> 19.15011,59.30083 19.15085,59.30244 19.13307,59.3019 19.13724,59.30092 19.15011,59.30083</coordinates></LinearRing></outerBoundaryIs></Polygon><Polygon><outerBoundaryIs><LinearRing><coordinates> 18.39913,59.45148 18.39948,59.45316 18.39794,59.45324 18.3975,59.45179 18.39913,59.45148</coordinates></LinearRing></outerBoundaryIs></Polygon><Polygon><outerBoundaryIs><LinearRing><coordinates> 18.67085,59.3989 18.66703,59.39989 18.66625,59.39923 18.67079,59.39828 18.67085,59.3989</coordinates></LinearRing></outerBoundaryIs></Polygon><Polygon><outerBoundaryIs><LinearRing><coordinates> 18.69827,59.39187 18.69595,59.39054 18.69945,59.38899 18.70382,59.39243 18.69827,59.39187</coordinates></LinearRing></outerBoundaryIs></Polygon><Polygon><outerBoundaryIs><LinearRing><coordinates> 18.61247,59.41055 18.60424,59.4123 18.60564,59.40649 18.61067,59.40873 18.61247,59.41055</coordinates></LinearRing></outerBoundaryIs></Polygon><Polygon><outerBoundaryIs><LinearRing><coordinates> 18.62829,59.4073 18.6267,59.40408 18.63215,59.40469 18.63269,59.40597 18.62829,59.4073</coordinates></LinearRing></outerBoundaryIs></Polygon><Polygon><outerBoundaryIs><LinearRing><coordinates> 18.71392,59.38822 18.71581,59.38975 18.70451,59.39022 18.70834,59.38733 18.71392,59.38822</coordinates></LinearRing></outerBoundaryIs></Polygon><Polygon><outerBoundaryIs><LinearRing><coordinates> 18.78749,59.37065 18.79162,59.37257 18.78843,59.37506 18.78709,59.37352 18.78749,59.37065</coordinates></LinearRing></outerBoundaryIs></Polygon><Polygon><outerBoundaryIs><LinearRing><coordinates> 18.77886,59.37522 18.77558,59.37732 18.77145,59.37477 18.778,59.37283 18.77886,59.37522</coordinates></LinearRing></outerBoundaryIs></Polygon><Polygon><outerBoundaryIs><LinearRing><coordinates> 18.73424,59.38497 18.73584,59.38314 18.73831,59.38235 18.74174,59.3839 18.73424,59.38497</coordinates></LinearRing></outerBoundaryIs></Polygon><Polygon><outerBoundaryIs><LinearRing><coordinates> 18.58407,59.41227 18.58977,59.41052 18.58822,59.41448 18.5846,59.41467 18.58407,59.41227</coordinates></LinearRing></outerBoundaryIs></Polygon><Polygon><outerBoundaryIs><LinearRing><coordinates> 18.92312,59.34611 18.92212,59.34731 18.91958,59.34714 18.91981,59.34602 18.92312,59.34611</coordinates></LinearRing></outerBoundaryIs></Polygon><Polygon><outerBoundaryIs><LinearRing><coordinates> 18.82392,59.36685 18.81267,59.36783 18.81567,59.36569 18.82057,59.36507 18.82392,59.36685</coordinates></LinearRing></outerBoundaryIs></Polygon><Polygon><outerBoundaryIs><LinearRing><coordinates> 18.50475,59.43057 18.49942,59.43158 18.50105,59.42986 18.50494,59.42883 18.50475,59.43057</coordinates></LinearRing></outerBoundaryIs></Polygon><Polygon><outerBoundaryIs><LinearRing><coordinates> 18.50927,59.42925 18.50695,59.42918 18.50691,59.42856 18.50947,59.42756 18.50927,59.42925</coordinates></LinearRing></outerBoundaryIs></Polygon><Polygon><outerBoundaryIs><LinearRing><coordinates> 18.55303,59.40736 18.56368,59.40528 18.58196,59.40518 18.55495,59.42012 18.55303,59.40736</coordinates></LinearRing></outerBoundaryIs></Polygon><Polygon><outerBoundaryIs><LinearRing><coordinates> 18.73274,59.38292 18.73017,59.385 18.72607,59.3847 18.72946,59.38322 18.73274,59.38292</coordinates></LinearRing></outerBoundaryIs></Polygon><Polygon><outerBoundaryIs><LinearRing><coordinates> 18.61804,59.40729 18.61613,59.40688 18.61605,59.40582 18.61936,59.40592 18.61804,59.40729</coordinates></LinearRing></outerBoundaryIs></Polygon><Polygon><outerBoundaryIs><LinearRing><coordinates> 18.63129,59.40359 18.62808,59.40202 18.63293,59.40215 18.63342,59.4027 18.63129,59.40359</coordinates></LinearRing></outerBoundaryIs></Polygon><Polygon><outerBoundaryIs><LinearRing><coordinates> 18.92322,59.34206 18.92412,59.34367 18.91909,59.34524 18.91892,59.34323 18.92322,59.34206</coordinates></LinearRing></outerBoundaryIs></Polygon><Polygon><outerBoundaryIs><LinearRing><coordinates> 18.77995,59.36969 18.78207,59.37155 18.78097,59.37293 18.77836,59.37057 18.77995,59.36969</coordinates></LinearRing></outerBoundaryIs></Polygon><Polygon><outerBoundaryIs><LinearRing><coordinates> 18.74151,59.37852 18.73225,59.38226 18.72546,59.37961 18.72975,59.37754 18.74151,59.37852</coordinates></LinearRing></outerBoundaryIs></Polygon><Polygon><outerBoundaryIs><LinearRing><coordinates> 18.47487,59.4314 18.4762,59.4316 18.47566,59.43302 18.47351,59.43229 18.47487,59.4314</coordinates></LinearRing></outerBoundaryIs></Polygon><Polygon><outerBoundaryIs><LinearRing><coordinates> 18.93711,59.34013 18.92886,59.33874 18.93111,59.33667 18.94135,59.33951 18.93711,59.34013</coordinates></LinearRing></outerBoundaryIs></Polygon><Polygon><outerBoundaryIs><LinearRing><coordinates> 18.62615,59.40239 18.61569,59.40139 18.61415,59.39873 18.62651,59.39903 18.62615,59.40239</coordinates></LinearRing></outerBoundaryIs></Polygon><Polygon><outerBoundaryIs><LinearRing><coordinates> 18.58341,59.40985 18.58186,59.41106 18.58022,59.40986 18.58304,59.40935 18.58341,59.40985</coordinates></LinearRing></outerBoundaryIs></Polygon><Polygon><outerBoundaryIs><LinearRing><coordinates> 18.702,59.38641 18.70203,59.38674 18.6975,59.38651 18.69899,59.38592 18.702,59.38641</coordinates></LinearRing></outerBoundaryIs></Polygon><Polygon><outerBoundaryIs><LinearRing><coordinates> 18.84218,59.35807 18.83902,59.35718 18.83969,59.3547 18.84171,59.35516 18.84218,59.35807</coordinates></LinearRing></outerBoundaryIs></Polygon><Polygon><outerBoundaryIs><LinearRing><coordinates> 18.39085,59.44776 18.38761,59.44726 18.38927,59.44577 18.39062,59.44619 18.39085,59.44776</coordinates></LinearRing></outerBoundaryIs></Polygon><Polygon><outerBoundaryIs><LinearRing><coordinates> 18.77022,59.37069 18.77258,59.3712 18.767,59.3729 18.76904,59.37106 18.77022,59.37069</coordinates></LinearRing></outerBoundaryIs></Polygon><Polygon><outerBoundaryIs><LinearRing><coordinates> 18.45712,59.43255 18.45611,59.43376 18.45465,59.43334 18.45579,59.43241 18.45712,59.43255</coordinates></LinearRing></outerBoundaryIs></Polygon><Polygon><outerBoundaryIs><LinearRing><coordinates> 18.76155,59.37223 18.76009,59.37317 18.75871,59.37247 18.75783,59.37125 18.76155,59.37223</coordinates></LinearRing></outerBoundaryIs></Polygon><Polygon><outerBoundaryIs><LinearRing><coordinates> 18.43576,59.43363 18.44103,59.43488 18.44855,59.43512 18.43104,59.43676 18.43576,59.43363</coordinates></LinearRing></outerBoundaryIs></Polygon><Polygon><outerBoundaryIs><LinearRing><coordinates> 18.8119,59.36145 18.81194,59.3619 18.8081,59.36333 18.80687,59.36184 18.8119,59.36145</coordinates></LinearRing></outerBoundaryIs></Polygon><Polygon><outerBoundaryIs><LinearRing><coordinates> 18.83524,59.35536 18.83426,59.35802 18.82981,59.35498 18.83914,59.35342 18.83524,59.35536</coordinates></LinearRing></outerBoundaryIs></Polygon><Polygon><outerBoundaryIs><LinearRing><coordinates> 18.75589,59.37169 18.75758,59.37345 18.74897,59.37313 18.75244,59.37174 18.75589,59.37169</coordinates></LinearRing></outerBoundaryIs></Polygon><Polygon><outerBoundaryIs><LinearRing><coordinates> 18.90121,59.343 18.90577,59.33728 18.91848,59.33807 18.92162,59.34013 18.90121,59.343</coordinates></LinearRing></outerBoundaryIs></Polygon><Polygon><outerBoundaryIs><LinearRing><coordinates> 18.48725,59.42674 18.48888,59.42213 18.49697,59.42276 18.49433,59.42556 18.48725,59.42674</coordinates></LinearRing></outerBoundaryIs></Polygon><Polygon><outerBoundaryIs><LinearRing><coordinates> 18.42564,59.43686 18.42461,59.43924 18.41841,59.44032 18.42298,59.43669 18.42564,59.43686</coordinates></LinearRing></outerBoundaryIs></Polygon><Polygon><outerBoundaryIs><LinearRing><coordinates> 18.6764,59.3805 18.68442,59.38027 18.69758,59.38498 18.68328,59.38507 18.6764,59.3805</coordinates></LinearRing></outerBoundaryIs></Polygon><Polygon><outerBoundaryIs><LinearRing><coordinates> 18.82137,59.35863 18.82285,59.35803 18.82411,59.35856 18.82171,59.35997 18.82137,59.35863</coordinates></LinearRing></outerBoundaryIs></Polygon><Polygon><outerBoundaryIs><LinearRing><coordinates> 18.59453,59.40531 18.59018,59.40608 18.5919,59.40414 18.59449,59.40481 18.59453,59.40531</coordinates></LinearRing></outerBoundaryIs></Polygon><Polygon><outerBoundaryIs><LinearRing><coordinates> 18.92318,59.33555 18.92754,59.33613 18.92743,59.33731 18.92052,59.33747 18.92318,59.33555</coordinates></LinearRing></outerBoundaryIs></Polygon><Polygon><outerBoundaryIs><LinearRing><coordinates> 18.69605,59.38249 18.69774,59.38161 18.70011,59.38234 18.70018,59.38313 18.69605,59.38249</coordinates></LinearRing></outerBoundaryIs></Polygon><Polygon><outerBoundaryIs><LinearRing><coordinates> 18.7433,59.37441 18.7398,59.37466 18.74086,59.37365 18.74292,59.37391 18.7433,59.37441</coordinates></LinearRing></outerBoundaryIs></Polygon><Polygon><outerBoundaryIs><LinearRing><coordinates> 18.89596,59.34334 18.89451,59.34204 18.89551,59.3406 18.9009,59.34059 18.89596,59.34334</coordinates></LinearRing></outerBoundaryIs></Polygon><Polygon><outerBoundaryIs><LinearRing><coordinates> 18.8686,59.34634 18.86892,59.34869 18.86691,59.34828 18.86654,59.34661 18.8686,59.34634</coordinates></LinearRing></outerBoundaryIs></Polygon><Polygon><outerBoundaryIs><LinearRing><coordinates> 18.41701,59.43871 18.41697,59.43731 18.41873,59.43727 18.41842,59.43853 18.41701,59.43871</coordinates></LinearRing></outerBoundaryIs></Polygon><Polygon><outerBoundaryIs><LinearRing><coordinates> 18.81565,59.35653 18.8177,59.35863 18.81286,59.35986 18.81168,59.35896 18.81565,59.35653</coordinates></LinearRing></outerBoundaryIs></Polygon><Polygon><outerBoundaryIs><LinearRing><coordinates> 18.53399,59.41377 18.53577,59.41401 18.53506,59.41476 18.5331,59.41491 18.53399,59.41377</coordinates></LinearRing></outerBoundaryIs></Polygon><Polygon><outerBoundaryIs><LinearRing><coordinates> 18.50277,59.42099 18.50143,59.4208 18.50134,59.41968 18.50375,59.41951 18.50277,59.42099</coordinates></LinearRing></outerBoundaryIs></Polygon><Polygon><outerBoundaryIs><LinearRing><coordinates> 18.53835,59.41323 18.53917,59.41254 18.54178,59.41214 18.54165,59.41321 18.53835,59.41323</coordinates></LinearRing></outerBoundaryIs></Polygon><Polygon><outerBoundaryIs><LinearRing><coordinates> 18.43883,59.42768 18.44917,59.42703 18.44697,59.43173 18.43597,59.432 18.43883,59.42768</coordinates></LinearRing></outerBoundaryIs></Polygon><Polygon><outerBoundaryIs><LinearRing><coordinates> 18.52734,59.41367 18.52916,59.41441 18.52104,59.41626 18.52234,59.41455 18.52734,59.41367</coordinates></LinearRing></outerBoundaryIs></Polygon><Polygon><outerBoundaryIs><LinearRing><coordinates> 18.40658,59.43747 18.41097,59.43676 18.41135,59.43743 18.40486,59.43906 18.40658,59.43747</coordinates></LinearRing></outerBoundaryIs></Polygon><Polygon><outerBoundaryIs><LinearRing><coordinates> 18.69519,59.38144 18.68854,59.38086 18.68807,59.37918 18.69368,59.38052 18.69519,59.38144</coordinates></LinearRing></outerBoundaryIs></Polygon><Polygon><outerBoundaryIs><LinearRing><coordinates> 18.42733,59.43448 18.42445,59.43268 18.42253,59.43216 18.43277,59.43353 18.42733,59.43448</coordinates></LinearRing></outerBoundaryIs></Polygon><Polygon><outerBoundaryIs><LinearRing><coordinates> 18.45139,59.42975 18.45112,59.42906 18.45252,59.42866 18.4531,59.42904 18.45139,59.42975</coordinates></LinearRing></outerBoundaryIs></Polygon><Polygon><outerBoundaryIs><LinearRing><coordinates> 18.94773,59.32977 18.94777,59.33021 18.94592,59.33032 18.94588,59.32898 18.94773,59.32977</coordinates></LinearRing></outerBoundaryIs></Polygon><Polygon><outerBoundaryIs><LinearRing><coordinates> 18.60117,59.39619 18.60372,59.39911 18.60131,59.39922 18.59779,59.3966 18.60117,59.39619</coordinates></LinearRing></outerBoundaryIs></Polygon><Polygon><outerBoundaryIs><LinearRing><coordinates> 18.40297,59.43854 18.39835,59.43869 18.3982,59.43813 18.4007,59.43763 18.40297,59.43854</coordinates></LinearRing></outerBoundaryIs></Polygon><Polygon><outerBoundaryIs><LinearRing><coordinates> 18.93925,59.32908 18.94019,59.3286 18.94248,59.32838 18.94409,59.32919 18.93925,59.32908</coordinates></LinearRing></outerBoundaryIs></Polygon><Polygon><outerBoundaryIs><LinearRing><coordinates> 18.56978,59.40437 18.57009,59.40274 18.57357,59.40257 18.5765,59.403 18.56978,59.40437</coordinates></LinearRing></outerBoundaryIs></Polygon><Polygon><outerBoundaryIs><LinearRing><coordinates> 18.43251,59.43145 18.42756,59.43155 18.42831,59.42985 18.43487,59.42922 18.43251,59.43145</coordinates></LinearRing></outerBoundaryIs></Polygon><Polygon><outerBoundaryIs><LinearRing><coordinates> 18.40908,59.43505 18.4096,59.43588 18.40784,59.43609 18.40746,59.43536 18.40908,59.43505</coordinates></LinearRing></outerBoundaryIs></Polygon><Polygon><outerBoundaryIs><LinearRing><coordinates> 18.6651,59.38437 18.66375,59.3853 18.66121,59.38518 18.6606,59.38452 18.6651,59.38437</coordinates></LinearRing></outerBoundaryIs></Polygon><Polygon><outerBoundaryIs><LinearRing><coordinates> 18.74011,59.36861 18.74353,59.36809 18.74606,59.36865 18.73924,59.36992 18.74011,59.36861</coordinates></LinearRing></outerBoundaryIs></Polygon><Polygon><outerBoundaryIs><LinearRing><coordinates> 18.61669,59.39329 18.61411,59.39402 18.61241,59.39344 18.61815,59.39236 18.61669,59.39329</coordinates></LinearRing></outerBoundaryIs></Polygon><Polygon><outerBoundaryIs><LinearRing><coordinates> 18.65623,59.38361 18.65815,59.38289 18.65885,59.38456 18.65622,59.38473 18.65623,59.38361</coordinates></LinearRing></outerBoundaryIs></Polygon><Polygon><outerBoundaryIs><LinearRing><coordinates> 18.41876,59.42746 18.42635,59.43017 18.40844,59.43389 18.40956,59.43117 18.41876,59.42746</coordinates></LinearRing></outerBoundaryIs></Polygon><Polygon><outerBoundaryIs><LinearRing><coordinates> 18.3635,59.44096 18.36448,59.44217 18.36136,59.44179 18.36186,59.44105 18.3635,59.44096</coordinates></LinearRing></outerBoundaryIs></Polygon><Polygon><outerBoundaryIs><LinearRing><coordinates> 18.60837,59.39397 18.59775,59.39065 18.60031,59.38414 18.61033,59.38421 18.60837,59.39397</coordinates></LinearRing></outerBoundaryIs></Polygon><Polygon><outerBoundaryIs><LinearRing><coordinates> 18.7376,59.36749 18.73384,59.36853 18.7334,59.36733 18.73708,59.3666 18.7376,59.36749</coordinates></LinearRing></outerBoundaryIs></Polygon><Polygon><outerBoundaryIs><LinearRing><coordinates> 18.35661,59.44154 18.35845,59.44171 18.3577,59.44287 18.35615,59.44273 18.35661,59.44154</coordinates></LinearRing></outerBoundaryIs></Polygon><Polygon><outerBoundaryIs><LinearRing><coordinates> 18.72845,59.36601 18.72965,59.36716 18.72589,59.3696 18.72527,59.3663 18.72845,59.36601</coordinates></LinearRing></outerBoundaryIs></Polygon><Polygon><outerBoundaryIs><LinearRing><coordinates> 18.53411,59.40595 18.53975,59.40213 18.54465,59.40422 18.52753,59.40911 18.53411,59.40595</coordinates></LinearRing></outerBoundaryIs></Polygon><Polygon><outerBoundaryIs><LinearRing><coordinates> 18.58934,59.39554 18.59257,59.39441 18.5932,59.39569 18.58941,59.39644 18.58934,59.39554</coordinates></LinearRing></outerBoundaryIs></Polygon><Polygon><outerBoundaryIs><LinearRing><coordinates> 18.4316,59.4267 18.42818,59.42817 18.42676,59.42696 18.43055,59.42599 18.4316,59.4267</coordinates></LinearRing></outerBoundaryIs></Polygon><Polygon><outerBoundaryIs><LinearRing><coordinates> 18.55155,59.40368 18.54608,59.40419 18.54665,59.40305 18.55045,59.40224 18.55155,59.40368</coordinates></LinearRing></outerBoundaryIs></Polygon><Polygon><outerBoundaryIs><LinearRing><coordinates> 18.91744,59.33019 18.91386,59.33068 18.915,59.32896 18.9174,59.3298 18.91744,59.33019</coordinates></LinearRing></outerBoundaryIs></Polygon><Polygon><outerBoundaryIs><LinearRing><coordinates> 18.92221,59.32849 18.91982,59.32872 18.92017,59.32749 18.92169,59.32772 18.92221,59.32849</coordinates></LinearRing></outerBoundaryIs></Polygon><Polygon><outerBoundaryIs><LinearRing><coordinates> 19.0897,59.29311 19.09275,59.29286 19.09132,59.29391 19.08989,59.29384 19.0897,59.29311</coordinates></LinearRing></outerBoundaryIs></Polygon><Polygon><outerBoundaryIs><LinearRing><coordinates> 18.97158,59.31834 18.96738,59.31806 18.96632,59.31742 18.96933,59.31677 18.97158,59.31834</coordinates></LinearRing></outerBoundaryIs></Polygon><Polygon><outerBoundaryIs><LinearRing><coordinates> 18.64429,59.3836 18.64364,59.38233 18.64795,59.38257 18.64575,59.38385 18.64429,59.3836</coordinates></LinearRing></outerBoundaryIs></Polygon><Polygon><outerBoundaryIs><LinearRing><coordinates> 18.86847,59.33887 18.86663,59.33914 18.86676,59.33744 18.86859,59.33774 18.86847,59.33887</coordinates></LinearRing></outerBoundaryIs></Polygon><Polygon><outerBoundaryIs><LinearRing><coordinates> 18.91088,59.3284 18.9124,59.32932 18.91168,59.32973 18.91034,59.3296 18.91088,59.3284</coordinates></LinearRing></outerBoundaryIs></Polygon><Polygon><outerBoundaryIs><LinearRing><coordinates> 18.40104,59.43078 18.39873,59.43082 18.39524,59.42988 18.40147,59.42908 18.40104,59.43078</coordinates></LinearRing></outerBoundaryIs></Polygon><Polygon><outerBoundaryIs><LinearRing><coordinates> 18.73576,59.36363 18.73406,59.3634 18.73141,59.36245 18.73442,59.36258 18.73576,59.36363</coordinates></LinearRing></outerBoundaryIs></Polygon><Polygon><outerBoundaryIs><LinearRing><coordinates> 18.63278,59.38003 18.62649,59.37719 18.64653,59.38137 18.63627,59.38108 18.63278,59.38003</coordinates></LinearRing></outerBoundaryIs></Polygon><Polygon><outerBoundaryIs><LinearRing><coordinates> 18.63327,59.38254 18.63486,59.38178 18.6382,59.38231 18.63606,59.38304 18.63327,59.38254</coordinates></LinearRing></outerBoundaryIs></Polygon><Polygon><outerBoundaryIs><LinearRing><coordinates> 18.64546,59.3781 18.64984,59.37736 18.65407,59.3793 18.64847,59.37947 18.64546,59.3781</coordinates></LinearRing></outerBoundaryIs></Polygon><Polygon><outerBoundaryIs><LinearRing><coordinates> 18.65993,59.37668 18.66231,59.37746 18.66091,59.37783 18.65872,59.37788 18.65993,59.37668</coordinates></LinearRing></outerBoundaryIs></Polygon><Polygon><outerBoundaryIs><LinearRing><coordinates> 18.57165,59.39406 18.5727,59.39301 18.57331,59.39418 18.56821,59.39544 18.57165,59.39406</coordinates></LinearRing></outerBoundaryIs></Polygon><Polygon><outerBoundaryIs><LinearRing><coordinates> 18.35017,59.43597 18.35229,59.4348 18.35602,59.4345 18.35522,59.43716 18.35017,59.43597</coordinates></LinearRing></outerBoundaryIs></Polygon><Polygon><outerBoundaryIs><LinearRing><coordinates> 18.61684,59.38459 18.613,59.38596 18.61172,59.3852 18.61231,59.38429 18.61684,59.38459</coordinates></LinearRing></outerBoundaryIs></Polygon><Polygon><outerBoundaryIs><LinearRing><coordinates> 18.41175,59.42551 18.40865,59.42513 18.40957,59.42431 18.41256,59.42459 18.41175,59.42551</coordinates></LinearRing></outerBoundaryIs></Polygon><Polygon><outerBoundaryIs><LinearRing><coordinates> 18.73109,59.36187 18.72418,59.35989 18.7236,59.35922 18.73376,59.36137 18.73109,59.36187</coordinates></LinearRing></outerBoundaryIs></Polygon><Polygon><outerBoundaryIs><LinearRing><coordinates> 18.56822,59.39177 18.57072,59.39273 18.57077,59.39335 18.56709,59.39415 18.56822,59.39177</coordinates></LinearRing></outerBoundaryIs></Polygon><Polygon><outerBoundaryIs><LinearRing><coordinates> 18.55054,59.39646 18.55046,59.3941 18.55238,59.39468 18.55207,59.39632 18.55054,59.39646</coordinates></LinearRing></outerBoundaryIs></Polygon><Polygon><outerBoundaryIs><LinearRing><coordinates> 18.56055,59.39406 18.56135,59.39314 18.56271,59.39255 18.56362,59.39393 18.56055,59.39406</coordinates></LinearRing></outerBoundaryIs></Polygon><Polygon><outerBoundaryIs><LinearRing><coordinates> 18.72808,59.35969 18.72514,59.35887 18.72433,59.35815 18.73001,59.35963 18.72808,59.35969</coordinates></LinearRing></outerBoundaryIs></Polygon><Polygon><outerBoundaryIs><LinearRing><coordinates> 18.60073,59.38262 18.60228,59.38129 18.6087,59.38172 18.60915,59.38328 18.60073,59.38262</coordinates></LinearRing></outerBoundaryIs></Polygon><Polygon><outerBoundaryIs><LinearRing><coordinates> 18.83493,59.33601 18.83563,59.33768 18.83308,59.3374 18.83323,59.33661 18.83493,59.33601</coordinates></LinearRing></outerBoundaryIs></Polygon><Polygon><outerBoundaryIs><LinearRing><coordinates> 18.58712,59.38427 18.58882,59.3862 18.5873,59.38646 18.586,59.38553 18.58712,59.38427</coordinates></LinearRing></outerBoundaryIs></Polygon><Polygon><outerBoundaryIs><LinearRing><coordinates> 18.37503,59.42602 18.37808,59.42431 18.38119,59.42611 18.37827,59.42684 18.37503,59.42602</coordinates></LinearRing></outerBoundaryIs></Polygon><Polygon><outerBoundaryIs><LinearRing><coordinates> 19.01223,59.29865 19.01146,59.29962 19.01006,59.29787 19.01113,59.29761 19.01223,59.29865</coordinates></LinearRing></outerBoundaryIs></Polygon><Polygon><outerBoundaryIs><LinearRing><coordinates> 19.06003,59.28777 19.06141,59.28835 19.06141,59.28936 19.05947,59.2897 19.06003,59.28777</coordinates></LinearRing></outerBoundaryIs></Polygon><Polygon><outerBoundaryIs><LinearRing><coordinates> 18.90007,59.32162 18.89847,59.32094 18.90273,59.32071 18.90118,59.32159 18.90007,59.32162</coordinates></LinearRing></outerBoundaryIs></Polygon><Polygon><outerBoundaryIs><LinearRing><coordinates> 18.61372,59.3745 18.62322,59.37754 18.60287,59.37734 18.60899,59.37441 18.61372,59.3745</coordinates></LinearRing></outerBoundaryIs></Polygon><Polygon><outerBoundaryIs><LinearRing><coordinates> 18.82587,59.32992 18.83193,59.33011 18.83141,59.33551 18.82614,59.33187 18.82587,59.32992</coordinates></LinearRing></outerBoundaryIs></Polygon><Polygon><outerBoundaryIs><LinearRing><coordinates> 18.86511,59.32856 18.86303,59.32855 18.86345,59.32719 18.86505,59.32783 18.86511,59.32856</coordinates></LinearRing></outerBoundaryIs></Polygon><Polygon><outerBoundaryIs><LinearRing><coordinates> 18.36716,59.42571 18.36936,59.42707 18.36543,59.42765 18.36488,59.4262 18.36716,59.42571</coordinates></LinearRing></outerBoundaryIs></Polygon><Polygon><outerBoundaryIs><LinearRing><coordinates> 19.02001,59.2954 19.02039,59.2938 19.02294,59.29509 19.0226,59.296 19.02001,59.2954</coordinates></LinearRing></outerBoundaryIs></Polygon><Polygon><outerBoundaryIs><LinearRing><coordinates> 18.38023,59.4236 18.37983,59.42265 18.3861,59.42259 18.38366,59.42381 18.38023,59.4236</coordinates></LinearRing></outerBoundaryIs></Polygon><Polygon><outerBoundaryIs><LinearRing><coordinates> 19.05831,59.28711 19.05228,59.28585 19.05483,59.28495 19.05849,59.28671 19.05831,59.28711</coordinates></LinearRing></outerBoundaryIs></Polygon><Polygon><outerBoundaryIs><LinearRing><coordinates> 18.89178,59.31893 18.89316,59.31844 18.89521,59.32023 18.89231,59.31987 18.89178,59.31893</coordinates></LinearRing></outerBoundaryIs></Polygon><Polygon><outerBoundaryIs><LinearRing><coordinates> 18.99952,59.29604 18.99869,59.29786 18.99612,59.2973 18.99707,59.2956 18.99952,59.29604</coordinates></LinearRing></outerBoundaryIs></Polygon><Polygon><outerBoundaryIs><LinearRing><coordinates> 19.07221,59.28053 19.0725,59.28125 19.06926,59.28173 19.0704,59.28002 19.07221,59.28053</coordinates></LinearRing></outerBoundaryIs></Polygon><Polygon><outerBoundaryIs><LinearRing><coordinates> 18.88773,59.31724 18.87995,59.31477 18.89127,59.31492 18.89449,59.31665 18.88773,59.31724</coordinates></LinearRing></outerBoundaryIs></Polygon><Polygon><outerBoundaryIs><LinearRing><coordinates> 18.95145,59.30329 18.95345,59.30464 18.95097,59.30504 18.95045,59.30332 18.95145,59.30329</coordinates></LinearRing></outerBoundaryIs></Polygon><Polygon><outerBoundaryIs><LinearRing><coordinates> 18.99462,59.29526 18.99411,59.29443 18.99823,59.29377 18.99788,59.29532 18.99462,59.29526</coordinates></LinearRing></outerBoundaryIs></Polygon><Polygon><outerBoundaryIs><LinearRing><coordinates> 18.36107,59.4178 18.36658,59.42083 18.35189,59.42184 18.35428,59.41837 18.36107,59.4178</coordinates></LinearRing></outerBoundaryIs></Polygon><Polygon><outerBoundaryIs><LinearRing><coordinates> 19.03277,59.28569 19.02998,59.2858 19.03025,59.28434 19.03194,59.28491 19.03277,59.28569</coordinates></LinearRing></outerBoundaryIs></Polygon><Polygon><outerBoundaryIs><LinearRing><coordinates> 18.40989,59.41067 18.36328,59.41046 18.36939,59.40826 18.39039,59.40669 18.40989,59.41067</coordinates></LinearRing></outerBoundaryIs></Polygon><Polygon><outerBoundaryIs><LinearRing><coordinates> 18.82691,59.32497 18.82937,59.32541 18.8293,59.32698 18.82729,59.32675 18.82691,59.32497</coordinates></LinearRing></outerBoundaryIs></Polygon><Polygon><outerBoundaryIs><LinearRing><coordinates> 18.99357,59.29349 18.99181,59.29343 18.99187,59.29197 18.99456,59.29246 18.99357,59.29349</coordinates></LinearRing></outerBoundaryIs></Polygon><Polygon><outerBoundaryIs><LinearRing><coordinates> 18.9753,59.29379 18.98256,59.29155 18.98862,59.2931 18.98165,59.29488 18.9753,59.29379</coordinates></LinearRing></outerBoundaryIs></Polygon><Polygon><outerBoundaryIs><LinearRing><coordinates> 18.84651,59.32087 18.83391,59.32013 18.83271,59.31898 18.8602,59.31919 18.84651,59.32087</coordinates></LinearRing></outerBoundaryIs></Polygon><Polygon><outerBoundaryIs><LinearRing><coordinates> 19.06947,59.27342 19.0694,59.27584 19.06849,59.27659 19.06694,59.27546 19.06947,59.27342</coordinates></LinearRing></outerBoundaryIs></Polygon><Polygon><outerBoundaryIs><LinearRing><coordinates> 19.0136,59.28671 19.01436,59.28557 19.0167,59.28589 19.01618,59.28726 19.0136,59.28671</coordinates></LinearRing></outerBoundaryIs></Polygon><Polygon><outerBoundaryIs><LinearRing><coordinates> 18.41604,59.40753 18.41035,59.40797 18.41125,59.40672 18.41396,59.40616 18.41604,59.40753</coordinates></LinearRing></outerBoundaryIs></Polygon><Polygon><outerBoundaryIs><LinearRing><coordinates> 18.33874,59.42136 18.34172,59.4199 18.3424,59.42162 18.33958,59.42236 18.33874,59.42136</coordinates></LinearRing></outerBoundaryIs></Polygon><Polygon><outerBoundaryIs><LinearRing><coordinates> 19.00637,59.28579 19.00846,59.28685 19.0067,59.28791 19.005,59.2874 19.00637,59.28579</coordinates></LinearRing></outerBoundaryIs></Polygon><Polygon><outerBoundaryIs><LinearRing><coordinates> 19.05637,59.27756 19.05432,59.27794 19.05304,59.27718 19.05826,59.27667 19.05637,59.27756</coordinates></LinearRing></outerBoundaryIs></Polygon><Polygon><outerBoundaryIs><LinearRing><coordinates> 18.92023,59.30296 18.92166,59.30303 18.92109,59.30495 18.91947,59.30478 18.92023,59.30296</coordinates></LinearRing></outerBoundaryIs></Polygon><Polygon><outerBoundaryIs><LinearRing><coordinates> 18.34917,59.4176 18.35034,59.41845 18.34885,59.41912 18.34713,59.41832 18.34917,59.4176</coordinates></LinearRing></outerBoundaryIs></Polygon><Polygon><outerBoundaryIs><LinearRing><coordinates> 18.82379,59.32318 18.82496,59.32405 18.82269,59.32444 18.82123,59.32279 18.82379,59.32318</coordinates></LinearRing></outerBoundaryIs></Polygon><Polygon><outerBoundaryIs><LinearRing><coordinates> 18.972,59.29403 18.97035,59.29396 18.96971,59.29308 18.97335,59.29225 18.972,59.29403</coordinates></LinearRing></outerBoundaryIs></Polygon><Polygon><outerBoundaryIs><LinearRing><coordinates> 18.90068,59.30674 18.90033,59.30776 18.89666,59.30846 18.89541,59.30534 18.90068,59.30674</coordinates></LinearRing></outerBoundaryIs></Polygon><Polygon><outerBoundaryIs><LinearRing><coordinates> 18.33835,59.41862 18.33993,59.41763 18.34162,59.41814 18.33982,59.41913 18.33835,59.41862</coordinates></LinearRing></outerBoundaryIs></Polygon><Polygon><outerBoundaryIs><LinearRing><coordinates> 18.9599,59.29464 18.92159,59.29443 18.93166,59.291 18.9346,59.2874 18.9599,59.29464</coordinates></LinearRing></outerBoundaryIs></Polygon><Polygon><outerBoundaryIs><LinearRing><coordinates> 18.93342,59.29883 18.9319,59.29899 18.92932,59.29743 18.93283,59.29745 18.93342,59.29883</coordinates></LinearRing></outerBoundaryIs></Polygon><Polygon><outerBoundaryIs><LinearRing><coordinates> 19.02859,59.27842 19.02811,59.27922 19.02323,59.2786 19.02501,59.27637 19.02859,59.27842</coordinates></LinearRing></outerBoundaryIs></Polygon><Polygon><outerBoundaryIs><LinearRing><coordinates> 18.24887,59.43286 18.23287,59.43731 18.23893,59.43416 18.23972,59.43291 18.24887,59.43286</coordinates></LinearRing></outerBoundaryIs></Polygon><Polygon><outerBoundaryIs><LinearRing><coordinates> 18.96496,59.29003 18.96569,59.28825 18.96697,59.29001 18.96681,59.29058 18.96496,59.29003</coordinates></LinearRing></outerBoundaryIs></Polygon><Polygon><outerBoundaryIs><LinearRing><coordinates> 18.44167,59.39578 18.36228,59.40587 18.3815,59.39472 18.40176,59.39151 18.44167,59.39578</coordinates></LinearRing></outerBoundaryIs></Polygon><Polygon><outerBoundaryIs><LinearRing><coordinates> 18.83679,59.31664 18.83523,59.3164 18.83448,59.31534 18.83874,59.31626 18.83679,59.31664</coordinates></LinearRing></outerBoundaryIs></Polygon><Polygon><outerBoundaryIs><LinearRing><coordinates> 18.85758,59.31093 18.85756,59.31183 18.85499,59.31139 18.85461,59.31077 18.85758,59.31093</coordinates></LinearRing></outerBoundaryIs></Polygon><Polygon><outerBoundaryIs><LinearRing><coordinates> 18.29865,59.42129 18.302,59.42228 18.29025,59.42278 18.29259,59.42167 18.29865,59.42129</coordinates></LinearRing></outerBoundaryIs></Polygon><Polygon><outerBoundaryIs><LinearRing><coordinates> 18.19873,59.44112 18.19409,59.44086 18.19606,59.43915 18.19867,59.44022 18.19873,59.44112</coordinates></LinearRing></outerBoundaryIs></Polygon><Polygon><outerBoundaryIs><LinearRing><coordinates> 18.34229,59.41271 18.33803,59.41161 18.34799,59.41069 18.34558,59.41242 18.34229,59.41271</coordinates></LinearRing></outerBoundaryIs></Polygon><Polygon><outerBoundaryIs><LinearRing><coordinates> 18.82307,59.3142 18.82956,59.31175 18.83271,59.31514 18.82441,59.31703 18.82307,59.3142</coordinates></LinearRing></outerBoundaryIs></Polygon><Polygon><outerBoundaryIs><LinearRing><coordinates> 18.95598,59.28937 18.94212,59.28555 18.95276,59.28177 18.97302,59.28525 18.95598,59.28937</coordinates></LinearRing></outerBoundaryIs></Polygon><Polygon><outerBoundaryIs><LinearRing><coordinates> 19.00275,59.27638 19.00306,59.27749 19.00442,59.27926 18.9999,59.27773 19.00275,59.27638</coordinates></LinearRing></outerBoundaryIs></Polygon><Polygon><outerBoundaryIs><LinearRing><coordinates> 18.89544,59.3011 18.89545,59.30009 18.89887,59.29927 18.89899,59.30039 18.89544,59.3011</coordinates></LinearRing></outerBoundaryIs></Polygon><Polygon><outerBoundaryIs><LinearRing><coordinates> 18.29005,59.42038 18.28973,59.41893 18.29162,59.41917 18.29257,59.42022 18.29005,59.42038</coordinates></LinearRing></outerBoundaryIs></Polygon><Polygon><outerBoundaryIs><LinearRing><coordinates> 18.88408,59.30115 18.87185,59.30309 18.87744,59.3003 18.88348,59.3006 18.88408,59.30115</coordinates></LinearRing></outerBoundaryIs></Polygon><Polygon><outerBoundaryIs><LinearRing><coordinates> 18.30558,59.4093 18.31914,59.41247 18.29199,59.41792 18.30128,59.41061 18.30558,59.4093</coordinates></LinearRing></outerBoundaryIs></Polygon><Polygon><outerBoundaryIs><LinearRing><coordinates> 18.28944,59.41798 18.28594,59.41827 18.28601,59.41782 18.28784,59.417 18.28944,59.41798</coordinates></LinearRing></outerBoundaryIs></Polygon><Polygon><outerBoundaryIs><LinearRing><coordinates> 18.6389,59.34869 18.63778,59.34703 18.64231,59.34597 18.64184,59.34828 18.6389,59.34869</coordinates></LinearRing></outerBoundaryIs></Polygon><Polygon><outerBoundaryIs><LinearRing><coordinates> 18.90557,59.29493 18.90278,59.29557 18.90293,59.29495 18.90404,59.29469 18.90557,59.29493</coordinates></LinearRing></outerBoundaryIs></Polygon><Polygon><outerBoundaryIs><LinearRing><coordinates> 18.36154,59.40325 18.35764,59.40422 18.35745,59.40304 18.36002,59.40215 18.36154,59.40325</coordinates></LinearRing></outerBoundaryIs></Polygon><Polygon><outerBoundaryIs><LinearRing><coordinates> 18.33292,59.40013 18.35594,59.40421 18.29658,59.40837 18.30453,59.40367 18.33292,59.40013</coordinates></LinearRing></outerBoundaryIs></Polygon><Polygon><outerBoundaryIs><LinearRing><coordinates> 18.90657,59.293 18.90676,59.29378 18.90415,59.29396 18.90453,59.29339 18.90657,59.293</coordinates></LinearRing></outerBoundaryIs></Polygon><Polygon><outerBoundaryIs><LinearRing><coordinates> 18.86293,59.30032 18.86812,59.30065 18.8677,59.30088 18.86463,59.30087 18.86293,59.30032</coordinates></LinearRing></outerBoundaryIs></Polygon><Polygon><outerBoundaryIs><LinearRing><coordinates> 18.92034,59.29008 18.91333,59.29152 18.91362,59.29107 18.91712,59.29017 18.92034,59.29008</coordinates></LinearRing></outerBoundaryIs></Polygon><Polygon><outerBoundaryIs><LinearRing><coordinates> 18.6343,59.34646 18.6322,59.34769 18.63064,59.34739 18.63253,59.34633 18.6343,59.34646</coordinates></LinearRing></outerBoundaryIs></Polygon><Polygon><outerBoundaryIs><LinearRing><coordinates> 18.42407,59.38839 18.41803,59.38853 18.4217,59.38614 18.42556,59.38634 18.42407,59.38839</coordinates></LinearRing></outerBoundaryIs></Polygon><Polygon><outerBoundaryIs><LinearRing><coordinates> 18.88384,59.29613 18.88351,59.29508 18.88647,59.29494 18.88503,59.29593 18.88384,59.29613</coordinates></LinearRing></outerBoundaryIs></Polygon><Polygon><outerBoundaryIs><LinearRing><coordinates> 18.94259,59.28259 18.94153,59.28397 18.93952,59.28363 18.93957,59.28307 18.94259,59.28259</coordinates></LinearRing></outerBoundaryIs></Polygon><Polygon><outerBoundaryIs><LinearRing><coordinates> 18.65573,59.34001 18.65401,59.34187 18.65236,59.34185 18.65381,59.33946 18.65573,59.34001</coordinates></LinearRing></outerBoundaryIs></Polygon><Polygon><outerBoundaryIs><LinearRing><coordinates> 18.85913,59.28834 18.87388,59.29131 18.86491,59.29909 18.8557,59.29566 18.85913,59.28834</coordinates></LinearRing></outerBoundaryIs></Polygon><Polygon><outerBoundaryIs><LinearRing><coordinates> 18.87668,59.29557 18.87418,59.29714 18.8706,59.29641 18.87444,59.29511 18.87668,59.29557</coordinates></LinearRing></outerBoundaryIs></Polygon><Polygon><outerBoundaryIs><LinearRing><coordinates> 18.74677,59.32047 18.74879,59.32172 18.74896,59.32238 18.74626,59.32196 18.74677,59.32047</coordinates></LinearRing></outerBoundaryIs></Polygon><Polygon><outerBoundaryIs><LinearRing><coordinates> 18.89015,59.29344 18.88837,59.2932 18.8885,59.2923 18.89116,59.29257 18.89015,59.29344</coordinates></LinearRing></outerBoundaryIs></Polygon><Polygon><outerBoundaryIs><LinearRing><coordinates> 18.88491,59.29369 18.88259,59.29449 18.88321,59.29317 18.88506,59.29301 18.88491,59.29369</coordinates></LinearRing></outerBoundaryIs></Polygon><Polygon><outerBoundaryIs><LinearRing><coordinates> 18.89608,59.29112 18.90235,59.27964 18.92147,59.27372 18.93322,59.27766 18.89608,59.29112</coordinates></LinearRing></outerBoundaryIs></Polygon><Polygon><outerBoundaryIs><LinearRing><coordinates> 18.68,59.33377 18.67791,59.33505 18.67719,59.33293 18.68011,59.33242 18.68,59.33377</coordinates></LinearRing></outerBoundaryIs></Polygon><Polygon><outerBoundaryIs><LinearRing><coordinates> 18.84303,59.29283 18.85838,59.29851 18.81095,59.30375 18.83878,59.29919 18.84303,59.29283</coordinates></LinearRing></outerBoundaryIs></Polygon><Polygon><outerBoundaryIs><LinearRing><coordinates> 18.62451,59.34343 18.62606,59.34492 18.61694,59.34629 18.61724,59.3432 18.62451,59.34343</coordinates></LinearRing></outerBoundaryIs></Polygon><Polygon><outerBoundaryIs><LinearRing><coordinates> 18.88073,59.29358 18.8776,59.29416 18.87792,59.29298 18.88067,59.29302 18.88073,59.29358</coordinates></LinearRing></outerBoundaryIs></Polygon><Polygon><outerBoundaryIs><LinearRing><coordinates> 18.41467,59.37772 18.41704,59.38572 18.39294,59.39018 18.39612,59.38557 18.41467,59.37772</coordinates></LinearRing></outerBoundaryIs></Polygon><Polygon><outerBoundaryIs><LinearRing><coordinates> 18.6559,59.33345 18.65726,59.33252 18.65783,59.33677 18.65629,59.33809 18.6559,59.33345</coordinates></LinearRing></outerBoundaryIs></Polygon><Polygon><outerBoundaryIs><LinearRing><coordinates> 18.38689,59.37694 18.42036,59.36306 18.3762,59.39303 18.34188,59.38902 18.38689,59.37694</coordinates></LinearRing></outerBoundaryIs></Polygon><Polygon><outerBoundaryIs><LinearRing><coordinates> 18.67058,59.32083 18.66018,59.3347 18.65998,59.3299 18.66657,59.32154 18.67058,59.32083</coordinates></LinearRing></outerBoundaryIs></Polygon><Polygon><outerBoundaryIs><LinearRing><coordinates> 18.43276,59.37617 18.43415,59.37569 18.43813,59.3774 18.43252,59.3773 18.43276,59.37617</coordinates></LinearRing></outerBoundaryIs></Polygon><Polygon><outerBoundaryIs><LinearRing><coordinates> 18.77726,59.30664 18.78072,59.30718 18.78237,59.30849 18.77798,59.30854 18.77726,59.30664</coordinates></LinearRing></outerBoundaryIs></Polygon><Polygon><outerBoundaryIs><LinearRing><coordinates> 18.34457,59.39262 18.34881,59.39187 18.35017,59.39375 18.34655,59.3941 18.34457,59.39262</coordinates></LinearRing></outerBoundaryIs></Polygon><Polygon><outerBoundaryIs><LinearRing><coordinates> 18.80333,59.29934 18.80341,59.30147 18.801,59.30024 18.80123,59.29916 18.80333,59.29934</coordinates></LinearRing></outerBoundaryIs></Polygon><Polygon><outerBoundaryIs><LinearRing><coordinates> 18.41892,59.37628 18.41901,59.376 18.42243,59.37486 18.42396,59.37612 18.41892,59.37628</coordinates></LinearRing></outerBoundaryIs></Polygon><Polygon><outerBoundaryIs><LinearRing><coordinates> 18.75848,59.30398 18.77022,59.30517 18.76748,59.30647 18.76309,59.30651 18.75848,59.30398</coordinates></LinearRing></outerBoundaryIs></Polygon><Polygon><outerBoundaryIs><LinearRing><coordinates> 18.41257,59.37517 18.41391,59.37471 18.414,59.3766 18.41156,59.37632 18.41257,59.37517</coordinates></LinearRing></outerBoundaryIs></Polygon><Polygon><outerBoundaryIs><LinearRing><coordinates> 18.43366,59.36608 18.44336,59.36853 18.4177,59.37398 18.42374,59.37097 18.43366,59.36608</coordinates></LinearRing></outerBoundaryIs></Polygon><Polygon><outerBoundaryIs><LinearRing><coordinates> 18.72478,59.31064 18.72558,59.31236 18.72359,59.31218 18.72315,59.3109 18.72478,59.31064</coordinates></LinearRing></outerBoundaryIs></Polygon><Polygon><outerBoundaryIs><LinearRing><coordinates> 18.34307,59.38402 18.34941,59.38215 18.35456,59.38334 18.34639,59.38445 18.34307,59.38402</coordinates></LinearRing></outerBoundaryIs></Polygon><Polygon><outerBoundaryIs><LinearRing><coordinates> 18.74862,59.30296 18.74959,59.30411 18.73937,59.30536 18.7433,59.30246 18.74862,59.30296</coordinates></LinearRing></outerBoundaryIs></Polygon><Polygon><outerBoundaryIs><LinearRing><coordinates> 18.44284,59.36321 18.44301,59.36517 18.44102,59.36516 18.43994,59.36406 18.44284,59.36321</coordinates></LinearRing></outerBoundaryIs></Polygon><Polygon><outerBoundaryIs><LinearRing><coordinates> 18.15367,59.42176 18.15233,59.42145 18.15306,59.41941 18.15498,59.41999 18.15367,59.42176</coordinates></LinearRing></outerBoundaryIs></Polygon><Polygon><outerBoundaryIs><LinearRing><coordinates> 18.36701,59.37749 18.36716,59.3795 18.3607,59.38002 18.36246,59.37847 18.36701,59.37749</coordinates></LinearRing></outerBoundaryIs></Polygon><Polygon><outerBoundaryIs><LinearRing><coordinates> 18.37988,59.37617 18.37891,59.37587 18.37843,59.3744 18.38073,59.3743 18.37988,59.37617</coordinates></LinearRing></outerBoundaryIs></Polygon><Polygon><outerBoundaryIs><LinearRing><coordinates> 18.6562,59.3211 18.65468,59.31867 18.65674,59.31844 18.65779,59.32045 18.6562,59.3211</coordinates></LinearRing></outerBoundaryIs></Polygon><Polygon><outerBoundaryIs><LinearRing><coordinates> 18.74088,59.3024 18.73613,59.30464 18.7344,59.30345 18.73526,59.30219 18.74088,59.3024</coordinates></LinearRing></outerBoundaryIs></Polygon><Polygon><outerBoundaryIs><LinearRing><coordinates> 18.3498,59.37952 18.3536,59.37899 18.35258,59.37991 18.35108,59.38027 18.3498,59.37952</coordinates></LinearRing></outerBoundaryIs></Polygon><Polygon><outerBoundaryIs><LinearRing><coordinates> 18.81722,59.28661 18.81628,59.2859 18.81858,59.28472 18.82061,59.28529 18.81722,59.28661</coordinates></LinearRing></outerBoundaryIs></Polygon><Polygon><outerBoundaryIs><LinearRing><coordinates> 18.74088,59.29976 18.7347,59.29939 18.73682,59.29872 18.74059,59.29898 18.74088,59.29976</coordinates></LinearRing></outerBoundaryIs></Polygon><Polygon><outerBoundaryIs><LinearRing><coordinates> 18.94871,59.25589 18.94971,59.25709 18.94611,59.25731 18.94729,59.25598 18.94871,59.25589</coordinates></LinearRing></outerBoundaryIs></Polygon><Polygon><outerBoundaryIs><LinearRing><coordinates> 18.39391,59.3663 18.39025,59.36895 18.37835,59.37014 18.38012,59.36876 18.39391,59.3663</coordinates></LinearRing></outerBoundaryIs></Polygon><Polygon><outerBoundaryIs><LinearRing><coordinates> 18.70117,59.30668 18.70065,59.30569 18.70285,59.30574 18.70336,59.30662 18.70117,59.30668</coordinates></LinearRing></outerBoundaryIs></Polygon><Polygon><outerBoundaryIs><LinearRing><coordinates> 18.72518,59.29724 18.73143,59.29846 18.73208,59.29962 18.72693,59.30102 18.72518,59.29724</coordinates></LinearRing></outerBoundaryIs></Polygon><Polygon><outerBoundaryIs><LinearRing><coordinates> 18.818,59.28248 18.80432,59.28038 18.81067,59.2781 18.8172,59.28082 18.818,59.28248</coordinates></LinearRing></outerBoundaryIs></Polygon><Polygon><outerBoundaryIs><LinearRing><coordinates> 18.71546,59.29835 18.71473,59.30219 18.70691,59.30068 18.71137,59.29491 18.71546,59.29835</coordinates></LinearRing></outerBoundaryIs></Polygon><Polygon><outerBoundaryIs><LinearRing><coordinates> 18.70085,59.30311 18.70193,59.30415 18.69863,59.30535 18.69738,59.30489 18.70085,59.30311</coordinates></LinearRing></outerBoundaryIs></Polygon><Polygon><outerBoundaryIs><LinearRing><coordinates> 18.10621,59.42061 18.10786,59.41842 18.11393,59.41784 18.10882,59.42118 18.10621,59.42061</coordinates></LinearRing></outerBoundaryIs></Polygon><Polygon><outerBoundaryIs><LinearRing><coordinates> 18.89588,59.26366 18.89761,59.26339 18.89799,59.26388 18.89578,59.26484 18.89588,59.26366</coordinates></LinearRing></outerBoundaryIs></Polygon><Polygon><outerBoundaryIs><LinearRing><coordinates> 18.35999,59.36881 18.36395,59.36879 18.37117,59.36972 18.35786,59.36974 18.35999,59.36881</coordinates></LinearRing></outerBoundaryIs></Polygon><Polygon><outerBoundaryIs><LinearRing><coordinates> 18.94242,59.25443 18.94343,59.25362 18.9454,59.25463 18.9429,59.25481 18.94242,59.25443</coordinates></LinearRing></outerBoundaryIs></Polygon><Polygon><outerBoundaryIs><LinearRing><coordinates> 18.37608,59.36683 18.37395,59.36764 18.37336,59.36709 18.37472,59.36622 18.37608,59.36683</coordinates></LinearRing></outerBoundaryIs></Polygon><Polygon><outerBoundaryIs><LinearRing><coordinates> 18.943,59.25262 18.94086,59.25212 18.94143,59.25019 18.94275,59.25021 18.943,59.25262</coordinates></LinearRing></outerBoundaryIs></Polygon><Polygon><outerBoundaryIs><LinearRing><coordinates> 18.73159,59.29384 18.72576,59.29102 18.73307,59.29185 18.73457,59.29395 18.73159,59.29384</coordinates></LinearRing></outerBoundaryIs></Polygon><Polygon><outerBoundaryIs><LinearRing><coordinates> 18.82859,59.27421 18.82278,59.273 18.82416,59.27246 18.82795,59.27322 18.82859,59.27421</coordinates></LinearRing></outerBoundaryIs></Polygon><Polygon><outerBoundaryIs><LinearRing><coordinates> 18.36869,59.36488 18.3737,59.36433 18.3731,59.36513 18.36866,59.366 18.36869,59.36488</coordinates></LinearRing></outerBoundaryIs></Polygon><Polygon><outerBoundaryIs><LinearRing><coordinates> 18.33951,59.3701 18.34005,59.37143 18.33537,59.37214 18.33658,59.3706 18.33951,59.3701</coordinates></LinearRing></outerBoundaryIs></Polygon><Polygon><outerBoundaryIs><LinearRing><coordinates> 18.39598,59.36015 18.39709,59.36001 18.39643,59.36034 18.39531,59.36049 18.39598,59.36015</coordinates></LinearRing></outerBoundaryIs></Polygon><Polygon><outerBoundaryIs><LinearRing><coordinates> 18.33147,59.37306 18.30899,59.37555 18.31013,59.37458 18.3263,59.37147 18.33147,59.37306</coordinates></LinearRing></outerBoundaryIs></Polygon><Polygon><outerBoundaryIs><LinearRing><coordinates> 18.36312,59.36682 18.36217,59.36585 18.36565,59.36539 18.36538,59.36618 18.36312,59.36682</coordinates></LinearRing></outerBoundaryIs></Polygon><Polygon><outerBoundaryIs><LinearRing><coordinates> 18.30273,59.37579 18.30829,59.37615 18.30584,59.37764 18.29481,59.37739 18.30273,59.37579</coordinates></LinearRing></outerBoundaryIs></Polygon><Polygon><outerBoundaryIs><LinearRing><coordinates> 18.89078,59.26069 18.88065,59.26013 18.8891,59.25764 18.89685,59.25854 18.89078,59.26069</coordinates></LinearRing></outerBoundaryIs></Polygon><Polygon><outerBoundaryIs><LinearRing><coordinates> 18.3749,59.36267 18.37566,59.36192 18.37738,59.36189 18.37817,59.36246 18.3749,59.36267</coordinates></LinearRing></outerBoundaryIs></Polygon><Polygon><outerBoundaryIs><LinearRing><coordinates> 18.42426,59.35315 18.41886,59.35438 18.41935,59.35358 18.42286,59.35216 18.42426,59.35315</coordinates></LinearRing></outerBoundaryIs></Polygon><Polygon><outerBoundaryIs><LinearRing><coordinates> 18.91997,59.24938 18.92446,59.24939 18.92665,59.25063 18.92389,59.25294 18.91997,59.24938</coordinates></LinearRing></outerBoundaryIs></Polygon><Polygon><outerBoundaryIs><LinearRing><coordinates> 18.68525,59.29907 18.68824,59.30058 18.68358,59.30141 18.6825,59.29892 18.68525,59.29907</coordinates></LinearRing></outerBoundaryIs></Polygon><Polygon><outerBoundaryIs><LinearRing><coordinates> 18.38096,59.36125 18.38197,59.36109 18.38222,59.36118 18.38054,59.36152 18.38096,59.36125</coordinates></LinearRing></outerBoundaryIs></Polygon><Polygon><outerBoundaryIs><LinearRing><coordinates> 18.13555,59.40816 18.13572,59.40743 18.13829,59.40671 18.13787,59.40829 18.13555,59.40816</coordinates></LinearRing></outerBoundaryIs></Polygon><Polygon><outerBoundaryIs><LinearRing><coordinates> 18.93088,59.24987 18.92969,59.24895 18.93204,59.24703 18.93649,59.24925 18.93088,59.24987</coordinates></LinearRing></outerBoundaryIs></Polygon><Polygon><outerBoundaryIs><LinearRing><coordinates> 18.11853,59.41144 18.11771,59.41101 18.12141,59.41012 18.12009,59.4109 18.11853,59.41144</coordinates></LinearRing></outerBoundaryIs></Polygon><Polygon><outerBoundaryIs><LinearRing><coordinates> 18.94037,59.24629 18.94342,59.24616 18.9435,59.24688 18.94097,59.24785 18.94037,59.24629</coordinates></LinearRing></outerBoundaryIs></Polygon><Polygon><outerBoundaryIs><LinearRing><coordinates> 18.10716,59.41192 18.11027,59.41017 18.11069,59.41113 18.10899,59.41279 18.10716,59.41192</coordinates></LinearRing></outerBoundaryIs></Polygon><Polygon><outerBoundaryIs><LinearRing><coordinates> 18.39163,59.35718 18.39177,59.35727 18.39138,59.35732 18.39149,59.35721 18.39163,59.35718</coordinates></LinearRing></outerBoundaryIs></Polygon><Polygon><outerBoundaryIs><LinearRing><coordinates> 18.38884,59.35767 18.38934,59.35705 18.38934,59.35738 18.39023,59.35741 18.38884,59.35767</coordinates></LinearRing></outerBoundaryIs></Polygon><Polygon><outerBoundaryIs><LinearRing><coordinates> 18.42604,59.34924 18.42836,59.34789 18.42764,59.34999 18.42596,59.34963 18.42604,59.34924</coordinates></LinearRing></outerBoundaryIs></Polygon><Polygon><outerBoundaryIs><LinearRing><coordinates> 18.72884,59.28986 18.72302,59.28988 18.71924,59.28684 18.72485,59.28681 18.72884,59.28986</coordinates></LinearRing></outerBoundaryIs></Polygon><Polygon><outerBoundaryIs><LinearRing><coordinates> 18.38867,59.35721 18.38884,59.35738 18.38773,59.35736 18.38824,59.35709 18.38867,59.35721</coordinates></LinearRing></outerBoundaryIs></Polygon><Polygon><outerBoundaryIs><LinearRing><coordinates> 18.39006,59.35683 18.39013,59.35698 18.38988,59.35697 18.38991,59.35689 18.39006,59.35683</coordinates></LinearRing></outerBoundaryIs></Polygon><Polygon><outerBoundaryIs><LinearRing><coordinates> 18.44626,59.34585 18.44883,59.3435 18.45229,59.34276 18.45112,59.34475 18.44626,59.34585</coordinates></LinearRing></outerBoundaryIs></Polygon><Polygon><outerBoundaryIs><LinearRing><coordinates> 18.42393,59.35012 18.4237,59.35028 18.42361,59.35022 18.42369,59.35017 18.42393,59.35012</coordinates></LinearRing></outerBoundaryIs></Polygon><Polygon><outerBoundaryIs><LinearRing><coordinates> 18.36619,59.36054 18.36735,59.3601 18.36771,59.3603 18.36682,59.3608 18.36619,59.36054</coordinates></LinearRing></outerBoundaryIs></Polygon><Polygon><outerBoundaryIs><LinearRing><coordinates> 18.39259,59.35545 18.39223,59.35547 18.39198,59.35551 18.39281,59.35518 18.39259,59.35545</coordinates></LinearRing></outerBoundaryIs></Polygon><Polygon><outerBoundaryIs><LinearRing><coordinates> 18.43518,59.34372 18.43649,59.3461 18.43071,59.34678 18.43254,59.34478 18.43518,59.34372</coordinates></LinearRing></outerBoundaryIs></Polygon><Polygon><outerBoundaryIs><LinearRing><coordinates> 18.80698,59.2714 18.80746,59.26942 18.80867,59.26945 18.80993,59.27133 18.80698,59.2714</coordinates></LinearRing></outerBoundaryIs></Polygon><Polygon><outerBoundaryIs><LinearRing><coordinates> 18.93639,59.24393 18.93728,59.24509 18.93222,59.24489 18.93334,59.24407 18.93639,59.24393</coordinates></LinearRing></outerBoundaryIs></Polygon><Polygon><outerBoundaryIs><LinearRing><coordinates> 18.88365,59.25535 18.881,59.25647 18.87576,59.25664 18.8738,59.25556 18.88365,59.25535</coordinates></LinearRing></outerBoundaryIs></Polygon><Polygon><outerBoundaryIs><LinearRing><coordinates> 18.38353,59.35594 18.38374,59.35594 18.38328,59.35605 18.38339,59.35596 18.38353,59.35594</coordinates></LinearRing></outerBoundaryIs></Polygon><Polygon><outerBoundaryIs><LinearRing><coordinates> 18.91895,59.24693 18.91873,59.24587 18.92192,59.24707 18.92062,59.24829 18.91895,59.24693</coordinates></LinearRing></outerBoundaryIs></Polygon><Polygon><outerBoundaryIs><LinearRing><coordinates> 18.92674,59.24593 18.92652,59.24706 18.92373,59.24439 18.92478,59.24397 18.92674,59.24593</coordinates></LinearRing></outerBoundaryIs></Polygon><Polygon><outerBoundaryIs><LinearRing><coordinates> 18.93041,59.24438 18.93088,59.24577 18.92961,59.24614 18.92928,59.24508 18.93041,59.24438</coordinates></LinearRing></outerBoundaryIs></Polygon><Polygon><outerBoundaryIs><LinearRing><coordinates> 18.11737,59.40673 18.11637,59.40761 18.11492,59.40765 18.11466,59.40719 18.11737,59.40673</coordinates></LinearRing></outerBoundaryIs></Polygon><Polygon><outerBoundaryIs><LinearRing><coordinates> 18.39263,59.35363 18.39176,59.35379 18.39184,59.35353 18.39234,59.35341 18.39263,59.35363</coordinates></LinearRing></outerBoundaryIs></Polygon><Polygon><outerBoundaryIs><LinearRing><coordinates> 18.45098,59.33857 18.45049,59.34083 18.43981,59.34345 18.44321,59.34047 18.45098,59.33857</coordinates></LinearRing></outerBoundaryIs></Polygon><Polygon><outerBoundaryIs><LinearRing><coordinates> 18.10663,59.40809 18.11391,59.40519 18.11288,59.40692 18.1098,59.40784 18.10663,59.40809</coordinates></LinearRing></outerBoundaryIs></Polygon><Polygon><outerBoundaryIs><LinearRing><coordinates> 18.32176,59.36559 18.32178,59.36507 18.32407,59.36466 18.32479,59.36549 18.32176,59.36559</coordinates></LinearRing></outerBoundaryIs></Polygon><Polygon><outerBoundaryIs><LinearRing><coordinates> 18.42531,59.3457 18.42507,59.34574 18.42523,59.34561 18.42538,59.34565 18.42531,59.3457</coordinates></LinearRing></outerBoundaryIs></Polygon><Polygon><outerBoundaryIs><LinearRing><coordinates> 18.28409,59.36975 18.28892,59.36727 18.29354,59.37025 18.28791,59.37128 18.28409,59.36975</coordinates></LinearRing></outerBoundaryIs></Polygon><Polygon><outerBoundaryIs><LinearRing><coordinates> 18.33287,59.36254 18.33451,59.36155 18.33576,59.36125 18.33653,59.36164 18.33287,59.36254</coordinates></LinearRing></outerBoundaryIs></Polygon><Polygon><outerBoundaryIs><LinearRing><coordinates> 18.6556,59.29769 18.65272,59.2964 18.64976,59.29467 18.64945,59.29361 18.6556,59.29769</coordinates></LinearRing></outerBoundaryIs></Polygon><Polygon><outerBoundaryIs><LinearRing><coordinates> 18.13665,59.39326 18.14421,59.39437 18.1443,59.39729 18.13285,59.40063 18.13665,59.39326</coordinates></LinearRing></outerBoundaryIs></Polygon><Polygon><outerBoundaryIs><LinearRing><coordinates> 18.91003,59.24341 18.91154,59.24309 18.9129,59.24468 18.91058,59.24446 18.91003,59.24341</coordinates></LinearRing></outerBoundaryIs></Polygon><Polygon><outerBoundaryIs><LinearRing><coordinates> 18.33355,59.35997 18.30844,59.36268 18.31531,59.35898 18.3257,59.359 18.33355,59.35997</coordinates></LinearRing></outerBoundaryIs></Polygon><Polygon><outerBoundaryIs><LinearRing><coordinates> 18.25735,59.36368 18.25172,59.37516 18.09994,59.3869 18.16545,59.33923 18.25735,59.36368</coordinates></LinearRing></outerBoundaryIs></Polygon><Polygon><outerBoundaryIs><LinearRing><coordinates> 18.70559,59.28223 18.70819,59.28184 18.71098,59.2824 18.71114,59.28295 18.70559,59.28223</coordinates></LinearRing></outerBoundaryIs></Polygon><Polygon><outerBoundaryIs><LinearRing><coordinates> 18.12698,59.39725 18.12881,59.39672 18.12976,59.39771 18.12693,59.39804 18.12698,59.39725</coordinates></LinearRing></outerBoundaryIs></Polygon><Polygon><outerBoundaryIs><LinearRing><coordinates> 18.45503,59.33367 18.45513,59.33386 18.45473,59.33392 18.4547,59.3338 18.45503,59.33367</coordinates></LinearRing></outerBoundaryIs></Polygon><Polygon><outerBoundaryIs><LinearRing><coordinates> 18.2604,59.37122 18.26222,59.37049 18.26398,59.36985 18.26476,59.37055 18.2604,59.37122</coordinates></LinearRing></outerBoundaryIs></Polygon><Polygon><outerBoundaryIs><LinearRing><coordinates> 18.80402,59.26039 18.80345,59.25884 18.808,59.25823 18.80765,59.26183 18.80402,59.26039</coordinates></LinearRing></outerBoundaryIs></Polygon><Polygon><outerBoundaryIs><LinearRing><coordinates> 18.12555,59.39591 18.12592,59.39469 18.12692,59.39479 18.12669,59.39619 18.12555,59.39591</coordinates></LinearRing></outerBoundaryIs></Polygon><Polygon><outerBoundaryIs><LinearRing><coordinates> 18.71095,59.27937 18.68335,59.27879 18.66691,59.26506 18.6708,59.26233 18.71095,59.27937</coordinates></LinearRing></outerBoundaryIs></Polygon><Polygon><outerBoundaryIs><LinearRing><coordinates> 18.45801,59.32748 18.45943,59.3261 18.46215,59.32758 18.45638,59.32953 18.45801,59.32748</coordinates></LinearRing></outerBoundaryIs></Polygon><Polygon><outerBoundaryIs><LinearRing><coordinates> 18.63923,59.29036 18.6379,59.28967 18.63906,59.28834 18.64114,59.28953 18.63923,59.29036</coordinates></LinearRing></outerBoundaryIs></Polygon><Polygon><outerBoundaryIs><LinearRing><coordinates> 18.91461,59.2313 18.91732,59.23225 18.91753,59.23354 18.91218,59.23237 18.91461,59.2313</coordinates></LinearRing></outerBoundaryIs></Polygon><Polygon><outerBoundaryIs><LinearRing><coordinates> 18.79734,59.25797 18.7921,59.25567 18.79474,59.25595 18.79745,59.25673 18.79734,59.25797</coordinates></LinearRing></outerBoundaryIs></Polygon><Polygon><outerBoundaryIs><LinearRing><coordinates> 18.90778,59.23326 18.90716,59.23255 18.90954,59.2322 18.90975,59.23315 18.90778,59.23326</coordinates></LinearRing></outerBoundaryIs></Polygon><Polygon><outerBoundaryIs><LinearRing><coordinates> 18.77459,59.25095 18.77748,59.25397 18.7833,59.25665 18.77123,59.25529 18.77459,59.25095</coordinates></LinearRing></outerBoundaryIs></Polygon><Polygon><outerBoundaryIs><LinearRing><coordinates> 18.88402,59.23451 18.88156,59.23396 18.88286,59.2328 18.88528,59.23397 18.88402,59.23451</coordinates></LinearRing></outerBoundaryIs></Polygon><Polygon><outerBoundaryIs><LinearRing><coordinates> 18.90287,59.22913 18.90205,59.22752 18.90603,59.22786 18.90673,59.22941 18.90287,59.22913</coordinates></LinearRing></outerBoundaryIs></Polygon><Polygon><outerBoundaryIs><LinearRing><coordinates> 18.78791,59.2529 18.78876,59.25131 18.78961,59.25095 18.79139,59.2526 18.78791,59.2529</coordinates></LinearRing></outerBoundaryIs></Polygon><Polygon><outerBoundaryIs><LinearRing><coordinates> 18.82147,59.24529 18.81736,59.23837 18.82104,59.23907 18.82362,59.24485 18.82147,59.24529</coordinates></LinearRing></outerBoundaryIs></Polygon><Polygon><outerBoundaryIs><LinearRing><coordinates> 18.7932,59.24813 18.79329,59.2466 18.79558,59.24649 18.79475,59.24949 18.7932,59.24813</coordinates></LinearRing></outerBoundaryIs></Polygon><Polygon><outerBoundaryIs><LinearRing><coordinates> 18.76996,59.25195 18.76938,59.25427 18.76826,59.2539 18.76714,59.25235 18.76996,59.25195</coordinates></LinearRing></outerBoundaryIs></Polygon><Polygon><outerBoundaryIs><LinearRing><coordinates> 18.82609,59.23794 18.8289,59.24001 18.82553,59.24284 18.82307,59.23975 18.82609,59.23794</coordinates></LinearRing></outerBoundaryIs></Polygon><Polygon><outerBoundaryIs><LinearRing><coordinates> 18.89942,59.22753 18.89693,59.22783 18.897,59.22535 18.89998,59.22555 18.89942,59.22753</coordinates></LinearRing></outerBoundaryIs></Polygon><Polygon><outerBoundaryIs><LinearRing><coordinates> 18.90553,59.22488 18.90669,59.22575 18.90162,59.22665 18.90224,59.22484 18.90553,59.22488</coordinates></LinearRing></outerBoundaryIs></Polygon><Polygon><outerBoundaryIs><LinearRing><coordinates> 18.75671,59.25348 18.75214,59.25139 18.76188,59.25241 18.7614,59.25321 18.75671,59.25348</coordinates></LinearRing></outerBoundaryIs></Polygon><Polygon><outerBoundaryIs><LinearRing><coordinates> 18.78878,59.24766 18.78464,59.24545 18.78814,59.24104 18.79137,59.24339 18.78878,59.24766</coordinates></LinearRing></outerBoundaryIs></Polygon><Polygon><outerBoundaryIs><LinearRing><coordinates> 18.75116,59.25354 18.75017,59.25468 18.74862,59.25449 18.7483,59.25338 18.75116,59.25354</coordinates></LinearRing></outerBoundaryIs></Polygon><Polygon><outerBoundaryIs><LinearRing><coordinates> 18.73754,59.25509 18.73602,59.25136 18.74395,59.24979 18.74418,59.25578 18.73754,59.25509</coordinates></LinearRing></outerBoundaryIs></Polygon><Polygon><outerBoundaryIs><LinearRing><coordinates> 18.76934,59.2486 18.7679,59.25093 18.76647,59.24832 18.76763,59.24785 18.76934,59.2486</coordinates></LinearRing></outerBoundaryIs></Polygon><Polygon><outerBoundaryIs><LinearRing><coordinates> 18.78533,59.24072 18.78319,59.24385 18.77814,59.24245 18.77368,59.2403 18.78533,59.24072</coordinates></LinearRing></outerBoundaryIs></Polygon><Polygon><outerBoundaryIs><LinearRing><coordinates> 18.77036,59.24635 18.7685,59.2464 18.76802,59.2459 18.77197,59.24474 18.77036,59.24635</coordinates></LinearRing></outerBoundaryIs></Polygon><Polygon><outerBoundaryIs><LinearRing><coordinates> 18.71287,59.25647 18.71244,59.25783 18.7088,59.25364 18.70917,59.24909 18.71287,59.25647</coordinates></LinearRing></outerBoundaryIs></Polygon><Polygon><outerBoundaryIs><LinearRing><coordinates> 18.8009,59.23767 18.80248,59.23921 18.79984,59.23916 18.79998,59.23774 18.8009,59.23767</coordinates></LinearRing></outerBoundaryIs></Polygon><Polygon><outerBoundaryIs><LinearRing><coordinates> 18.90141,59.21597 18.90606,59.21535 18.90695,59.21661 18.90281,59.21678 18.90141,59.21597</coordinates></LinearRing></outerBoundaryIs></Polygon><Polygon><outerBoundaryIs><LinearRing><coordinates> 18.7401,59.25031 18.73743,59.24987 18.73661,59.24921 18.7383,59.2485 18.7401,59.25031</coordinates></LinearRing></outerBoundaryIs></Polygon><Polygon><outerBoundaryIs><LinearRing><coordinates> 18.76857,59.24347 18.7672,59.24407 18.76552,59.24366 18.76881,59.2424 18.76857,59.24347</coordinates></LinearRing></outerBoundaryIs></Polygon><Polygon><outerBoundaryIs><LinearRing><coordinates> 18.66171,59.26173 18.66378,59.26298 18.66436,59.26465 18.66015,59.26288 18.66171,59.26173</coordinates></LinearRing></outerBoundaryIs></Polygon><Polygon><outerBoundaryIs><LinearRing><coordinates> 18.75001,59.24431 18.74609,59.24592 18.74337,59.24614 18.7423,59.24392 18.75001,59.24431</coordinates></LinearRing></outerBoundaryIs></Polygon><Polygon><outerBoundaryIs><LinearRing><coordinates> 18.07832,59.37647 18.08575,59.37356 18.09574,59.37334 18.09983,59.37366 18.07832,59.37647</coordinates></LinearRing></outerBoundaryIs></Polygon><Polygon><outerBoundaryIs><LinearRing><coordinates> 18.80771,59.23196 18.80567,59.2338 18.80398,59.23373 18.80213,59.23214 18.80771,59.23196</coordinates></LinearRing></outerBoundaryIs></Polygon><Polygon><outerBoundaryIs><LinearRing><coordinates> 18.66401,59.26055 18.66561,59.26001 18.66663,59.26179 18.66408,59.26145 18.66401,59.26055</coordinates></LinearRing></outerBoundaryIs></Polygon><Polygon><outerBoundaryIs><LinearRing><coordinates> 18.77647,59.23963 18.77273,59.23825 18.77272,59.23676 18.77494,59.23584 18.77647,59.23963</coordinates></LinearRing></outerBoundaryIs></Polygon><Polygon><outerBoundaryIs><LinearRing><coordinates> 18.8134,59.23189 18.81239,59.23116 18.81122,59.22952 18.81567,59.23155 18.8134,59.23189</coordinates></LinearRing></outerBoundaryIs></Polygon><Polygon><outerBoundaryIs><LinearRing><coordinates> 18.79155,59.23395 18.78908,59.23586 18.78803,59.23399 18.7905,59.2333 18.79155,59.23395</coordinates></LinearRing></outerBoundaryIs></Polygon><Polygon><outerBoundaryIs><LinearRing><coordinates> 18.78345,59.23542 18.78024,59.23375 18.78079,59.23245 18.78641,59.23289 18.78345,59.23542</coordinates></LinearRing></outerBoundaryIs></Polygon><Polygon><outerBoundaryIs><LinearRing><coordinates> 18.76938,59.23619 18.75701,59.24028 18.75678,59.23007 18.76597,59.23217 18.76938,59.23619</coordinates></LinearRing></outerBoundaryIs></Polygon><Polygon><outerBoundaryIs><LinearRing><coordinates> 18.79222,59.23029 18.7918,59.23266 18.78951,59.23197 18.7893,59.2308 18.79222,59.23029</coordinates></LinearRing></outerBoundaryIs></Polygon><Polygon><outerBoundaryIs><LinearRing><coordinates> 18.7031,59.2504 18.70126,59.24907 18.70068,59.24776 18.70373,59.24822 18.7031,59.2504</coordinates></LinearRing></outerBoundaryIs></Polygon><Polygon><outerBoundaryIs><LinearRing><coordinates> 18.79871,59.22998 18.79954,59.22832 18.80221,59.23006 18.80048,59.23027 18.79871,59.22998</coordinates></LinearRing></outerBoundaryIs></Polygon><Polygon><outerBoundaryIs><LinearRing><coordinates> 18.74154,59.24136 18.74129,59.24237 18.7389,59.24265 18.73697,59.2405 18.74154,59.24136</coordinates></LinearRing></outerBoundaryIs></Polygon><Polygon><outerBoundaryIs><LinearRing><coordinates> 18.45563,59.29873 18.44171,59.29609 18.47771,59.29149 18.48829,59.29084 18.45563,59.29873</coordinates></LinearRing></outerBoundaryIs></Polygon><Polygon><outerBoundaryIs><LinearRing><coordinates> 18.34276,59.31976 18.343,59.31951 18.34331,59.3196 18.34337,59.3198 18.34276,59.31976</coordinates></LinearRing></outerBoundaryIs></Polygon><Polygon><outerBoundaryIs><LinearRing><coordinates> 18.34123,59.3194 18.34265,59.31957 18.34207,59.31976 18.34169,59.31947 18.34123,59.3194</coordinates></LinearRing></outerBoundaryIs></Polygon><Polygon><outerBoundaryIs><LinearRing><coordinates> 18.73263,59.24099 18.73004,59.23914 18.73426,59.2395 18.73472,59.23988 18.73263,59.24099</coordinates></LinearRing></outerBoundaryIs></Polygon><Polygon><outerBoundaryIs><LinearRing><coordinates> 18.51404,59.27883 18.52565,59.27728 18.53077,59.28099 18.50955,59.28193 18.51404,59.27883</coordinates></LinearRing></outerBoundaryIs></Polygon><Polygon><outerBoundaryIs><LinearRing><coordinates> 18.74655,59.2358 18.74879,59.23508 18.74971,59.23696 18.74643,59.23704 18.74655,59.2358</coordinates></LinearRing></outerBoundaryIs></Polygon><Polygon><outerBoundaryIs><LinearRing><coordinates> 18.78728,59.22838 18.7871,59.22754 18.78935,59.22704 18.78968,59.22827 18.78728,59.22838</coordinates></LinearRing></outerBoundaryIs></Polygon><Polygon><outerBoundaryIs><LinearRing><coordinates> 18.43564,59.29419 18.44039,59.29606 18.43158,59.29865 18.42818,59.29412 18.43564,59.29419</coordinates></LinearRing></outerBoundaryIs></Polygon><Polygon><outerBoundaryIs><LinearRing><coordinates> 18.72588,59.23244 18.72021,59.2407 18.71793,59.23954 18.71412,59.23073 18.72588,59.23244</coordinates></LinearRing></outerBoundaryIs></Polygon><Polygon><outerBoundaryIs><LinearRing><coordinates> 18.73554,59.23754 18.73275,59.23705 18.73225,59.23628 18.73455,59.23628 18.73554,59.23754</coordinates></LinearRing></outerBoundaryIs></Polygon><Polygon><outerBoundaryIs><LinearRing><coordinates> 18.76757,59.23081 18.76574,59.23113 18.76581,59.22939 18.76749,59.22991 18.76757,59.23081</coordinates></LinearRing></outerBoundaryIs></Polygon><Polygon><outerBoundaryIs><LinearRing><coordinates> 18.84096,59.20492 18.84796,59.19972 18.85453,59.19973 18.85147,59.21361 18.84096,59.20492</coordinates></LinearRing></outerBoundaryIs></Polygon><Polygon><outerBoundaryIs><LinearRing><coordinates> 18.77682,59.22831 18.77519,59.22853 18.77433,59.22743 18.77742,59.22635 18.77682,59.22831</coordinates></LinearRing></outerBoundaryIs></Polygon><Polygon><outerBoundaryIs><LinearRing><coordinates> 18.78349,59.22639 18.77999,59.22642 18.78085,59.22499 18.78345,59.22594 18.78349,59.22639</coordinates></LinearRing></outerBoundaryIs></Polygon><Polygon><outerBoundaryIs><LinearRing><coordinates> 18.31648,59.31947 18.3138,59.31926 18.31367,59.31773 18.31869,59.31894 18.31648,59.31947</coordinates></LinearRing></outerBoundaryIs></Polygon><Polygon><outerBoundaryIs><LinearRing><coordinates> 18.72922,59.23545 18.72915,59.23719 18.72716,59.23701 18.72704,59.23561 18.72922,59.23545</coordinates></LinearRing></outerBoundaryIs></Polygon><Polygon><outerBoundaryIs><LinearRing><coordinates> 18.76248,59.23014 18.76006,59.23008 18.75919,59.22886 18.76138,59.22887 18.76248,59.23014</coordinates></LinearRing></outerBoundaryIs></Polygon><Polygon><outerBoundaryIs><LinearRing><coordinates> 18.33988,59.31305 18.34068,59.31287 18.34108,59.31325 18.33979,59.3135 18.33988,59.31305</coordinates></LinearRing></outerBoundaryIs></Polygon><Polygon><outerBoundaryIs><LinearRing><coordinates> 18.80184,59.21985 18.8028,59.21814 18.80434,59.21833 18.80478,59.21961 18.80184,59.21985</coordinates></LinearRing></outerBoundaryIs></Polygon><Polygon><outerBoundaryIs><LinearRing><coordinates> 18.75091,59.22391 18.75223,59.2227 18.75641,59.22929 18.74001,59.21943 18.75091,59.22391</coordinates></LinearRing></outerBoundaryIs></Polygon><Polygon><outerBoundaryIs><LinearRing><coordinates> 18.83217,59.2138 18.83103,59.21327 18.83028,59.21221 18.83363,59.21298 18.83217,59.2138</coordinates></LinearRing></outerBoundaryIs></Polygon><Polygon><outerBoundaryIs><LinearRing><coordinates> 18.53583,59.27275 18.53755,59.27086 18.54348,59.26956 18.54028,59.2721 18.53583,59.27275</coordinates></LinearRing></outerBoundaryIs></Polygon><Polygon><outerBoundaryIs><LinearRing><coordinates> 18.83929,59.21015 18.83922,59.21184 18.83628,59.21078 18.83738,59.20972 18.83929,59.21015</coordinates></LinearRing></outerBoundaryIs></Polygon><Polygon><outerBoundaryIs><LinearRing><coordinates> 18.7699,59.21911 18.77263,59.22416 18.75289,59.21617 18.76356,59.2178 18.7699,59.21911</coordinates></LinearRing></outerBoundaryIs></Polygon><Polygon><outerBoundaryIs><LinearRing><coordinates> 18.76007,59.22601 18.75742,59.22573 18.75587,59.2229 18.7605,59.22325 18.76007,59.22601</coordinates></LinearRing></outerBoundaryIs></Polygon><Polygon><outerBoundaryIs><LinearRing><coordinates> 18.80566,59.21464 18.80267,59.21432 18.80374,59.21267 18.80485,59.21298 18.80566,59.21464</coordinates></LinearRing></outerBoundaryIs></Polygon><Polygon><outerBoundaryIs><LinearRing><coordinates> 18.81576,59.20982 18.82039,59.21011 18.81931,59.21159 18.81793,59.21213 18.81576,59.20982</coordinates></LinearRing></outerBoundaryIs></Polygon><Polygon><outerBoundaryIs><LinearRing><coordinates> 18.86642,59.20204 18.86584,59.20014 18.86773,59.20043 18.86787,59.20195 18.86642,59.20204</coordinates></LinearRing></outerBoundaryIs></Polygon><Polygon><outerBoundaryIs><LinearRing><coordinates> 18.78117,59.21521 18.78596,59.21735 18.78595,59.21847 18.77808,59.21741 18.78117,59.21521</coordinates></LinearRing></outerBoundaryIs></Polygon><Polygon><outerBoundaryIs><LinearRing><coordinates> 18.79176,59.21727 18.78974,59.21675 18.79065,59.21381 18.79303,59.21427 18.79176,59.21727</coordinates></LinearRing></outerBoundaryIs></Polygon><Polygon><outerBoundaryIs><LinearRing><coordinates> 18.81603,59.20791 18.81599,59.2074 18.82051,59.20651 18.82239,59.20916 18.81603,59.20791</coordinates></LinearRing></outerBoundaryIs></Polygon><Polygon><outerBoundaryIs><LinearRing><coordinates> 18.59739,59.25393 18.59934,59.25231 18.60134,59.25266 18.6014,59.25334 18.59739,59.25393</coordinates></LinearRing></outerBoundaryIs></Polygon><Polygon><outerBoundaryIs><LinearRing><coordinates> 18.79531,59.21394 18.79214,59.21277 18.79325,59.21174 18.7955,59.21236 18.79531,59.21394</coordinates></LinearRing></outerBoundaryIs></Polygon><Polygon><outerBoundaryIs><LinearRing><coordinates> 18.78795,59.21247 18.78608,59.21493 18.7826,59.21389 18.7822,59.21316 18.78795,59.21247</coordinates></LinearRing></outerBoundaryIs></Polygon><Polygon><outerBoundaryIs><LinearRing><coordinates> 18.80672,59.21058 18.803,59.21055 18.80431,59.20934 18.80553,59.20948 18.80672,59.21058</coordinates></LinearRing></outerBoundaryIs></Polygon><Polygon><outerBoundaryIs><LinearRing><coordinates> 18.71326,59.22682 18.71538,59.22757 18.71472,59.22864 18.7126,59.22813 18.71326,59.22682</coordinates></LinearRing></outerBoundaryIs></Polygon><Polygon><outerBoundaryIs><LinearRing><coordinates> 18.73085,59.22389 18.73095,59.22507 18.72881,59.22562 18.72839,59.22339 18.73085,59.22389</coordinates></LinearRing></outerBoundaryIs></Polygon><Polygon><outerBoundaryIs><LinearRing><coordinates> 18.89273,59.19 18.89269,59.18961 18.89518,59.18926 18.89565,59.19172 18.89273,59.19</coordinates></LinearRing></outerBoundaryIs></Polygon><Polygon><outerBoundaryIs><LinearRing><coordinates> 18.72166,59.21989 18.72505,59.22257 18.72357,59.22575 18.72048,59.22554 18.72166,59.21989</coordinates></LinearRing></outerBoundaryIs></Polygon><Polygon><outerBoundaryIs><LinearRing><coordinates> 18.86115,59.19536 18.86121,59.19727 18.857,59.19551 18.8561,59.19396 18.86115,59.19536</coordinates></LinearRing></outerBoundaryIs></Polygon><Polygon><outerBoundaryIs><LinearRing><coordinates> 18.81529,59.20481 18.81871,59.20513 18.81759,59.20611 18.81607,59.20604 18.81529,59.20481</coordinates></LinearRing></outerBoundaryIs></Polygon><Polygon><outerBoundaryIs><LinearRing><coordinates> 18.78698,59.20491 18.7937,59.20802 18.78752,59.2113 18.78285,59.21051 18.78698,59.20491</coordinates></LinearRing></outerBoundaryIs></Polygon><Polygon><outerBoundaryIs><LinearRing><coordinates> 18.65533,59.23678 18.65535,59.23706 18.65245,59.2378 18.65201,59.23511 18.65533,59.23678</coordinates></LinearRing></outerBoundaryIs></Polygon><Polygon><outerBoundaryIs><LinearRing><coordinates> 18.84377,59.19797 18.84593,59.19735 18.84794,59.19809 18.84347,59.19831 18.84377,59.19797</coordinates></LinearRing></outerBoundaryIs></Polygon><Polygon><outerBoundaryIs><LinearRing><coordinates> 18.17071,59.33191 18.16743,59.33045 18.17157,59.33024 18.17383,59.33188 18.17071,59.33191</coordinates></LinearRing></outerBoundaryIs></Polygon><Polygon><outerBoundaryIs><LinearRing><coordinates> 18.72914,59.22068 18.72921,59.2214 18.72648,59.22152 18.72751,59.22048 18.72914,59.22068</coordinates></LinearRing></outerBoundaryIs></Polygon><Polygon><outerBoundaryIs><LinearRing><coordinates> 18.17241,59.32802 18.17435,59.32686 18.17942,59.32735 18.17778,59.3298 18.17241,59.32802</coordinates></LinearRing></outerBoundaryIs></Polygon><Polygon><outerBoundaryIs><LinearRing><coordinates> 18.76879,59.20869 18.76736,59.21249 18.76439,59.21238 18.76248,59.20793 18.76879,59.20869</coordinates></LinearRing></outerBoundaryIs></Polygon><Polygon><outerBoundaryIs><LinearRing><coordinates> 18.72622,59.21823 18.72667,59.21962 18.72487,59.22044 18.72448,59.21843 18.72622,59.21823</coordinates></LinearRing></outerBoundaryIs></Polygon><Polygon><outerBoundaryIs><LinearRing><coordinates> 18.85785,59.19269 18.85636,59.1907 18.85986,59.19057 18.86059,59.19274 18.85785,59.19269</coordinates></LinearRing></outerBoundaryIs></Polygon><Polygon><outerBoundaryIs><LinearRing><coordinates> 18.79034,59.20332 18.79216,59.20412 18.79272,59.20546 18.79017,59.20518 18.79034,59.20332</coordinates></LinearRing></outerBoundaryIs></Polygon><Polygon><outerBoundaryIs><LinearRing><coordinates> 18.77178,59.20391 18.77568,59.20842 18.76932,59.20329 18.77328,59.19843 18.77178,59.20391</coordinates></LinearRing></outerBoundaryIs></Polygon><Polygon><outerBoundaryIs><LinearRing><coordinates> 18.71165,59.22085 18.70958,59.21966 18.71839,59.21503 18.71739,59.21999 18.71165,59.22085</coordinates></LinearRing></outerBoundaryIs></Polygon><Polygon><outerBoundaryIs><LinearRing><coordinates> 18.60466,59.24119 18.60646,59.24183 18.6039,59.24261 18.60221,59.24188 18.60466,59.24119</coordinates></LinearRing></outerBoundaryIs></Polygon><Polygon><outerBoundaryIs><LinearRing><coordinates> 18.86146,59.18643 18.86146,59.18519 18.86611,59.18829 18.86426,59.18833 18.86146,59.18643</coordinates></LinearRing></outerBoundaryIs></Polygon><Polygon><outerBoundaryIs><LinearRing><coordinates> 18.78056,59.2008 18.7855,59.20046 18.7875,59.20215 18.77586,59.20556 18.78056,59.2008</coordinates></LinearRing></outerBoundaryIs></Polygon><Polygon><outerBoundaryIs><LinearRing><coordinates> 18.72751,59.2114 18.72946,59.21248 18.72551,59.21493 18.72551,59.21235 18.72751,59.2114</coordinates></LinearRing></outerBoundaryIs></Polygon><Polygon><outerBoundaryIs><LinearRing><coordinates> 18.64258,59.23099 18.64127,59.23102 18.63756,59.22921 18.6393,59.22842 18.64258,59.23099</coordinates></LinearRing></outerBoundaryIs></Polygon><Polygon><outerBoundaryIs><LinearRing><coordinates> 18.76302,59.20652 18.76042,59.20691 18.75791,59.20547 18.76117,59.20403 18.76302,59.20652</coordinates></LinearRing></outerBoundaryIs></Polygon><Polygon><outerBoundaryIs><LinearRing><coordinates> 18.59082,59.23876 18.59348,59.2391 18.59419,59.23982 18.58872,59.23988 18.59082,59.23876</coordinates></LinearRing></outerBoundaryIs></Polygon><Polygon><outerBoundaryIs><LinearRing><coordinates> 18.84021,59.19001 18.83813,59.18994 18.83705,59.18895 18.84159,59.18829 18.84021,59.19001</coordinates></LinearRing></outerBoundaryIs></Polygon><Polygon><outerBoundaryIs><LinearRing><coordinates> 18.84709,59.1885 18.84715,59.18547 18.85034,59.18697 18.85084,59.18763 18.84709,59.1885</coordinates></LinearRing></outerBoundaryIs></Polygon><Polygon><outerBoundaryIs><LinearRing><coordinates> 18.8491,59.18273 18.85418,59.18323 18.85648,59.18576 18.84983,59.18361 18.8491,59.18273</coordinates></LinearRing></outerBoundaryIs></Polygon><Polygon><outerBoundaryIs><LinearRing><coordinates> 18.60169,59.23704 18.60148,59.23592 18.60583,59.23549 18.60586,59.23594 18.60169,59.23704</coordinates></LinearRing></outerBoundaryIs></Polygon><Polygon><outerBoundaryIs><LinearRing><coordinates> 18.79335,59.19753 18.79384,59.19509 18.79594,59.19584 18.79626,59.19701 18.79335,59.19753</coordinates></LinearRing></outerBoundaryIs></Polygon><Polygon><outerBoundaryIs><LinearRing><coordinates> 18.61003,59.23352 18.59617,59.23304 18.59533,59.22941 18.6166,59.22682 18.61003,59.23352</coordinates></LinearRing></outerBoundaryIs></Polygon><Polygon><outerBoundaryIs><LinearRing><coordinates> 18.71078,59.21306 18.71286,59.20914 18.7143,59.2088 18.71546,59.2101 18.71078,59.21306</coordinates></LinearRing></outerBoundaryIs></Polygon><Polygon><outerBoundaryIs><LinearRing><coordinates> 18.7691,59.1996 18.76863,59.20127 18.76661,59.20101 18.76691,59.19954 18.7691,59.1996</coordinates></LinearRing></outerBoundaryIs></Polygon><Polygon><outerBoundaryIs><LinearRing><coordinates> 18.58755,59.2349 18.59306,59.23394 18.59864,59.23506 18.5863,59.23712 18.58755,59.2349</coordinates></LinearRing></outerBoundaryIs></Polygon><Polygon><outerBoundaryIs><LinearRing><coordinates> 18.08824,59.33006 18.11277,59.31953 18.13199,59.32305 18.15591,59.32243 18.08824,59.33006</coordinates></LinearRing></outerBoundaryIs></Polygon><Polygon><outerBoundaryIs><LinearRing><coordinates> 18.75009,59.19344 18.75691,59.19778 18.75494,59.20282 18.74792,59.19759 18.75009,59.19344</coordinates></LinearRing></outerBoundaryIs></Polygon><Polygon><outerBoundaryIs><LinearRing><coordinates> 18.84428,59.18419 18.84019,59.18367 18.8409,59.18304 18.84409,59.1833 18.84428,59.18419</coordinates></LinearRing></outerBoundaryIs></Polygon><Polygon><outerBoundaryIs><LinearRing><coordinates> 18.79725,59.19154 18.79851,59.1933 18.79554,59.19303 18.79548,59.19242 18.79725,59.19154</coordinates></LinearRing></outerBoundaryIs></Polygon><Polygon><outerBoundaryIs><LinearRing><coordinates> 18.7715,59.19707 18.77118,59.19837 18.76934,59.19852 18.76924,59.19746 18.7715,59.19707</coordinates></LinearRing></outerBoundaryIs></Polygon><Polygon><outerBoundaryIs><LinearRing><coordinates> 18.84311,59.18203 18.84303,59.18119 18.84538,59.18181 18.84637,59.18302 18.84311,59.18203</coordinates></LinearRing></outerBoundaryIs></Polygon><Polygon><outerBoundaryIs><LinearRing><coordinates> 18.31015,59.29011 18.30921,59.28977 18.31064,59.28806 18.3134,59.28866 18.31015,59.29011</coordinates></LinearRing></outerBoundaryIs></Polygon><Polygon><outerBoundaryIs><LinearRing><coordinates> 18.5907,59.23328 18.58548,59.23365 18.58544,59.23315 18.59335,59.23203 18.5907,59.23328</coordinates></LinearRing></outerBoundaryIs></Polygon><Polygon><outerBoundaryIs><LinearRing><coordinates> 18.80639,59.18716 18.80834,59.18818 18.80578,59.18886 18.8053,59.1873 18.80639,59.18716</coordinates></LinearRing></outerBoundaryIs></Polygon><Polygon><outerBoundaryIs><LinearRing><coordinates> 18.67865,59.21258 18.6771,59.2097 18.68278,59.21086 18.68201,59.21296 18.67865,59.21258</coordinates></LinearRing></outerBoundaryIs></Polygon><Polygon><outerBoundaryIs><LinearRing><coordinates> 18.25213,59.29758 18.25398,59.2964 18.25757,59.29621 18.25904,59.29675 18.25213,59.29758</coordinates></LinearRing></outerBoundaryIs></Polygon><Polygon><outerBoundaryIs><LinearRing><coordinates> 18.61834,59.22533 18.61579,59.22358 18.61561,59.22269 18.61931,59.22379 18.61834,59.22533</coordinates></LinearRing></outerBoundaryIs></Polygon><Polygon><outerBoundaryIs><LinearRing><coordinates> 18.78412,59.19077 18.78421,59.19184 18.78014,59.19153 18.78185,59.18976 18.78412,59.19077</coordinates></LinearRing></outerBoundaryIs></Polygon><Polygon><outerBoundaryIs><LinearRing><coordinates> 18.58762,59.22749 18.59019,59.22407 18.5954,59.22615 18.58591,59.23078 18.58762,59.22749</coordinates></LinearRing></outerBoundaryIs></Polygon><Polygon><outerBoundaryIs><LinearRing><coordinates> 18.24079,59.2983 18.23759,59.29919 18.23836,59.29834 18.24033,59.29798 18.24079,59.2983</coordinates></LinearRing></outerBoundaryIs></Polygon><Polygon><outerBoundaryIs><LinearRing><coordinates> 18.08193,59.32811 18.08327,59.32348 18.08774,59.32386 18.08935,59.32502 18.08193,59.32811</coordinates></LinearRing></outerBoundaryIs></Polygon><Polygon><outerBoundaryIs><LinearRing><coordinates> 18.36952,59.2694 18.36961,59.27052 18.36727,59.27006 18.36832,59.26948 18.36952,59.2694</coordinates></LinearRing></outerBoundaryIs></Polygon><Polygon><outerBoundaryIs><LinearRing><coordinates> 18.06704,59.32705 18.06847,59.32706 18.07094,59.3281 18.06647,59.32797 18.06704,59.32705</coordinates></LinearRing></outerBoundaryIs></Polygon><Polygon><outerBoundaryIs><LinearRing><coordinates> 18.60134,59.22204 18.60252,59.22198 18.60282,59.22292 18.6012,59.22324 18.60134,59.22204</coordinates></LinearRing></outerBoundaryIs></Polygon><Polygon><outerBoundaryIs><LinearRing><coordinates> 18.38413,59.26557 18.38333,59.26654 18.3818,59.26657 18.38175,59.26601 18.38413,59.26557</coordinates></LinearRing></outerBoundaryIs></Polygon><Polygon><outerBoundaryIs><LinearRing><coordinates> 18.60004,59.22117 18.59967,59.22207 18.5981,59.22295 18.59708,59.22117 18.60004,59.22117</coordinates></LinearRing></outerBoundaryIs></Polygon><Polygon><outerBoundaryIs><LinearRing><coordinates> 18.08993,59.32142 18.09121,59.32213 18.08752,59.32336 18.08857,59.32183 18.08993,59.32142</coordinates></LinearRing></outerBoundaryIs></Polygon><Polygon><outerBoundaryIs><LinearRing><coordinates> 18.77872,59.18393 18.78171,59.18426 18.78236,59.18553 18.77704,59.18599 18.77872,59.18393</coordinates></LinearRing></outerBoundaryIs></Polygon><Polygon><outerBoundaryIs><LinearRing><coordinates> 18.60607,59.21857 18.60764,59.22028 18.60198,59.22073 18.60255,59.21965 18.60607,59.21857</coordinates></LinearRing></outerBoundaryIs></Polygon><Polygon><outerBoundaryIs><LinearRing><coordinates> 18.06359,59.32686 18.06375,59.32717 18.06285,59.32734 18.06309,59.32708 18.06359,59.32686</coordinates></LinearRing></outerBoundaryIs></Polygon><Polygon><outerBoundaryIs><LinearRing><coordinates> 18.32992,59.27289 18.33161,59.27217 18.33245,59.27437 18.32974,59.27371 18.32992,59.27289</coordinates></LinearRing></outerBoundaryIs></Polygon><Polygon><outerBoundaryIs><LinearRing><coordinates> 18.75957,59.18133 18.76238,59.17829 18.7732,59.1808 18.77542,59.18502 18.75957,59.18133</coordinates></LinearRing></outerBoundaryIs></Polygon><Polygon><outerBoundaryIs><LinearRing><coordinates> 18.83618,59.17258 18.83117,59.17292 18.83196,59.17189 18.83498,59.17137 18.83618,59.17258</coordinates></LinearRing></outerBoundaryIs></Polygon><Polygon><outerBoundaryIs><LinearRing><coordinates> 18.60082,59.21857 18.59804,59.21807 18.59731,59.21713 18.60248,59.21741 18.60082,59.21857</coordinates></LinearRing></outerBoundaryIs></Polygon><Polygon><outerBoundaryIs><LinearRing><coordinates> 18.66923,59.19931 18.66949,59.19846 18.67507,59.20244 18.67251,59.20193 18.66923,59.19931</coordinates></LinearRing></outerBoundaryIs></Polygon><Polygon><outerBoundaryIs><LinearRing><coordinates> 18.5904,59.21813 18.59144,59.21901 18.58916,59.21923 18.58921,59.21856 18.5904,59.21813</coordinates></LinearRing></outerBoundaryIs></Polygon><Polygon><outerBoundaryIs><LinearRing><coordinates> 18.77913,59.17847 18.78065,59.1808 18.7769,59.18049 18.77596,59.17849 18.77913,59.17847</coordinates></LinearRing></outerBoundaryIs></Polygon><Polygon><outerBoundaryIs><LinearRing><coordinates> 18.39511,59.25717 18.39638,59.25431 18.39871,59.25321 18.39954,59.25376 18.39511,59.25717</coordinates></LinearRing></outerBoundaryIs></Polygon><Polygon><outerBoundaryIs><LinearRing><coordinates> 18.82736,59.16801 18.82694,59.16695 18.83218,59.16683 18.83105,59.16899 18.82736,59.16801</coordinates></LinearRing></outerBoundaryIs></Polygon><Polygon><outerBoundaryIs><LinearRing><coordinates> 18.83597,59.16764 18.83452,59.16739 18.83189,59.16476 18.83599,59.16545 18.83597,59.16764</coordinates></LinearRing></outerBoundaryIs></Polygon><Polygon><outerBoundaryIs><LinearRing><coordinates> 18.8394,59.16566 18.8356,59.16339 18.83904,59.16404 18.84119,59.166 18.8394,59.16566</coordinates></LinearRing></outerBoundaryIs></Polygon><Polygon><outerBoundaryIs><LinearRing><coordinates> 18.81576,59.16953 18.81895,59.16985 18.8174,59.17084 18.81581,59.17015 18.81576,59.16953</coordinates></LinearRing></outerBoundaryIs></Polygon><Polygon><outerBoundaryIs><LinearRing><coordinates> 18.59093,59.21552 18.59144,59.21635 18.58552,59.2163 18.58534,59.21412 18.59093,59.21552</coordinates></LinearRing></outerBoundaryIs></Polygon><Polygon><outerBoundaryIs><LinearRing><coordinates> 18.74763,59.1829 18.74514,59.18319 18.74492,59.18213 18.74711,59.1819 18.74763,59.1829</coordinates></LinearRing></outerBoundaryIs></Polygon><Polygon><outerBoundaryIs><LinearRing><coordinates> 18.75104,59.18146 18.75114,59.17871 18.75402,59.17915 18.75544,59.18035 18.75104,59.18146</coordinates></LinearRing></outerBoundaryIs></Polygon><Polygon><outerBoundaryIs><LinearRing><coordinates> 18.40124,59.25013 18.40294,59.24866 18.4049,59.24874 18.40232,59.25099 18.40124,59.25013</coordinates></LinearRing></outerBoundaryIs></Polygon><Polygon><outerBoundaryIs><LinearRing><coordinates> 18.35859,59.25421 18.35031,59.26057 18.34484,59.25628 18.3503,59.2536 18.35859,59.25421</coordinates></LinearRing></outerBoundaryIs></Polygon><Polygon><outerBoundaryIs><LinearRing><coordinates> 18.82834,59.16356 18.83122,59.16288 18.8313,59.16366 18.82949,59.16421 18.82834,59.16356</coordinates></LinearRing></outerBoundaryIs></Polygon><Polygon><outerBoundaryIs><LinearRing><coordinates> 18.83379,59.16096 18.83379,59.16226 18.83201,59.16185 18.83137,59.16085 18.83379,59.16096</coordinates></LinearRing></outerBoundaryIs></Polygon><Polygon><outerBoundaryIs><LinearRing><coordinates> 18.57025,59.21284 18.5707,59.21435 18.56979,59.21527 18.56846,59.21373 18.57025,59.21284</coordinates></LinearRing></outerBoundaryIs></Polygon><Polygon><outerBoundaryIs><LinearRing><coordinates> 18.60838,59.20561 18.61012,59.20568 18.60875,59.20746 18.60687,59.20717 18.60838,59.20561</coordinates></LinearRing></outerBoundaryIs></Polygon><Polygon><outerBoundaryIs><LinearRing><coordinates> 18.57342,59.21283 18.57567,59.21228 18.57569,59.21385 18.57287,59.21414 18.57342,59.21283</coordinates></LinearRing></outerBoundaryIs></Polygon><Polygon><outerBoundaryIs><LinearRing><coordinates> 18.56044,59.21638 18.56276,59.2138 18.56533,59.21442 18.5636,59.21609 18.56044,59.21638</coordinates></LinearRing></outerBoundaryIs></Polygon><Polygon><outerBoundaryIs><LinearRing><coordinates> 18.74657,59.17898 18.74043,59.17889 18.74121,59.17624 18.74617,59.1782 18.74657,59.17898</coordinates></LinearRing></outerBoundaryIs></Polygon><Polygon><outerBoundaryIs><LinearRing><coordinates> 18.71808,59.18382 18.71927,59.18099 18.72108,59.18038 18.72221,59.1835 18.71808,59.18382</coordinates></LinearRing></outerBoundaryIs></Polygon><Polygon><outerBoundaryIs><LinearRing><coordinates> 18.65069,59.1975 18.64673,59.1959 18.6489,59.19574 18.65067,59.19722 18.65069,59.1975</coordinates></LinearRing></outerBoundaryIs></Polygon><Polygon><outerBoundaryIs><LinearRing><coordinates> 18.80916,59.16407 18.80566,59.16415 18.80461,59.16339 18.8073,59.16293 18.80916,59.16407</coordinates></LinearRing></outerBoundaryIs></Polygon><Polygon><outerBoundaryIs><LinearRing><coordinates> 18.4574,59.23314 18.45884,59.23221 18.45952,59.23359 18.45745,59.2337 18.4574,59.23314</coordinates></LinearRing></outerBoundaryIs></Polygon><Polygon><outerBoundaryIs><LinearRing><coordinates> 18.85427,59.15301 18.85526,59.1525 18.85706,59.15249 18.8579,59.15337 18.85427,59.15301</coordinates></LinearRing></outerBoundaryIs></Polygon><Polygon><outerBoundaryIs><LinearRing><coordinates> 18.8184,59.16116 18.8164,59.16087 18.81567,59.15993 18.81839,59.15987 18.8184,59.16116</coordinates></LinearRing></outerBoundaryIs></Polygon><Polygon><outerBoundaryIs><LinearRing><coordinates> 18.75829,59.17227 18.75911,59.17158 18.76061,59.17126 18.76175,59.17185 18.75829,59.17227</coordinates></LinearRing></outerBoundaryIs></Polygon><Polygon><outerBoundaryIs><LinearRing><coordinates> 18.8089,59.15944 18.81036,59.15992 18.81171,59.16163 18.80713,59.16049 18.8089,59.15944</coordinates></LinearRing></outerBoundaryIs></Polygon><Polygon><outerBoundaryIs><LinearRing><coordinates> 18.74873,59.17219 18.7488,59.16793 18.75465,59.1697 18.75676,59.17274 18.74873,59.17219</coordinates></LinearRing></outerBoundaryIs></Polygon><Polygon><outerBoundaryIs><LinearRing><coordinates> 18.73161,59.17709 18.73258,59.17572 18.73443,59.17692 18.73422,59.17703 18.73161,59.17709</coordinates></LinearRing></outerBoundaryIs></Polygon><Polygon><outerBoundaryIs><LinearRing><coordinates> 18.81923,59.15624 18.82208,59.15628 18.82479,59.15863 18.82067,59.15772 18.81923,59.15624</coordinates></LinearRing></outerBoundaryIs></Polygon><Polygon><outerBoundaryIs><LinearRing><coordinates> 18.56731,59.209 18.5606,59.21149 18.56066,59.20941 18.56535,59.2078 18.56731,59.209</coordinates></LinearRing></outerBoundaryIs></Polygon><Polygon><outerBoundaryIs><LinearRing><coordinates> 18.65146,59.19088 18.65296,59.18895 18.6555,59.19068 18.65627,59.19207 18.65146,59.19088</coordinates></LinearRing></outerBoundaryIs></Polygon><Polygon><outerBoundaryIs><LinearRing><coordinates> 18.79853,59.16134 18.79962,59.16261 18.798,59.16276 18.79721,59.1612 18.79853,59.16134</coordinates></LinearRing></outerBoundaryIs></Polygon><Polygon><outerBoundaryIs><LinearRing><coordinates> 18.72514,59.1753 18.72496,59.1771 18.72118,59.17634 18.71986,59.17367 18.72514,59.1753</coordinates></LinearRing></outerBoundaryIs></Polygon><Polygon><outerBoundaryIs><LinearRing><coordinates> 18.81368,59.15653 18.81477,59.15774 18.81143,59.15843 18.80951,59.15634 18.81368,59.15653</coordinates></LinearRing></outerBoundaryIs></Polygon><Polygon><outerBoundaryIs><LinearRing><coordinates> 18.37235,59.24497 18.37897,59.24055 18.38239,59.24062 18.37177,59.24651 18.37235,59.24497</coordinates></LinearRing></outerBoundaryIs></Polygon><Polygon><outerBoundaryIs><LinearRing><coordinates> 18.42996,59.23066 18.43297,59.23133 18.42454,59.23598 18.42404,59.23215 18.42996,59.23066</coordinates></LinearRing></outerBoundaryIs></Polygon><Polygon><outerBoundaryIs><LinearRing><coordinates> 18.67834,59.16767 18.69638,59.16885 18.71287,59.17636 18.70053,59.18072 18.67834,59.16767</coordinates></LinearRing></outerBoundaryIs></Polygon><Polygon><outerBoundaryIs><LinearRing><coordinates> 18.75711,59.1687 18.75656,59.16748 18.75849,59.16704 18.75901,59.16798 18.75711,59.1687</coordinates></LinearRing></outerBoundaryIs></Polygon><Polygon><outerBoundaryIs><LinearRing><coordinates> 18.77343,59.16294 18.77324,59.16451 18.77186,59.16499 18.77061,59.16322 18.77343,59.16294</coordinates></LinearRing></outerBoundaryIs></Polygon><Polygon><outerBoundaryIs><LinearRing><coordinates> 18.73477,59.16745 18.74087,59.16591 18.7435,59.16978 18.74066,59.17125 18.73477,59.16745</coordinates></LinearRing></outerBoundaryIs></Polygon><Polygon><outerBoundaryIs><LinearRing><coordinates> 18.82764,59.15212 18.82931,59.15124 18.83155,59.15181 18.83216,59.15258 18.82764,59.15212</coordinates></LinearRing></outerBoundaryIs></Polygon><Polygon><outerBoundaryIs><LinearRing><coordinates> 18.81705,59.15387 18.81933,59.15489 18.81413,59.1554 18.8147,59.15443 18.81705,59.15387</coordinates></LinearRing></outerBoundaryIs></Polygon><Polygon><outerBoundaryIs><LinearRing><coordinates> 18.41465,59.23422 18.4145,59.23381 18.41573,59.23244 18.41697,59.23489 18.41465,59.23422</coordinates></LinearRing></outerBoundaryIs></Polygon><Polygon><outerBoundaryIs><LinearRing><coordinates> 18.79499,59.15415 18.7932,59.14734 18.806,59.14738 18.81001,59.1533 18.79499,59.15415</coordinates></LinearRing></outerBoundaryIs></Polygon><Polygon><outerBoundaryIs><LinearRing><coordinates> 18.74526,59.16313 18.74875,59.16435 18.74949,59.16534 18.74424,59.164 18.74526,59.16313</coordinates></LinearRing></outerBoundaryIs></Polygon><Polygon><outerBoundaryIs><LinearRing><coordinates> 18.82544,59.1484 18.82631,59.14967 18.81886,59.14821 18.81605,59.14547 18.82544,59.1484</coordinates></LinearRing></outerBoundaryIs></Polygon><Polygon><outerBoundaryIs><LinearRing><coordinates> 18.41334,59.22937 18.41459,59.23077 18.41275,59.2316 18.41218,59.23098 18.41334,59.22937</coordinates></LinearRing></outerBoundaryIs></Polygon><Polygon><outerBoundaryIs><LinearRing><coordinates> 18.81457,59.15007 18.81408,59.1507 18.81214,59.15092 18.81012,59.15034 18.81457,59.15007</coordinates></LinearRing></outerBoundaryIs></Polygon><Polygon><outerBoundaryIs><LinearRing><coordinates> 18.731,59.16304 18.73575,59.16479 18.73282,59.16708 18.72975,59.16504 18.731,59.16304</coordinates></LinearRing></outerBoundaryIs></Polygon><Polygon><outerBoundaryIs><LinearRing><coordinates> 18.7208,59.16717 18.72166,59.16637 18.72353,59.16705 18.72413,59.16771 18.7208,59.16717</coordinates></LinearRing></outerBoundaryIs></Polygon><Polygon><outerBoundaryIs><LinearRing><coordinates> 18.40081,59.22899 18.40208,59.23217 18.39889,59.23232 18.3988,59.231 18.40081,59.22899</coordinates></LinearRing></outerBoundaryIs></Polygon><Polygon><outerBoundaryIs><LinearRing><coordinates> 18.66328,59.1694 18.66444,59.16494 18.67369,59.16963 18.67357,59.17614 18.66328,59.1694</coordinates></LinearRing></outerBoundaryIs></Polygon><Polygon><outerBoundaryIs><LinearRing><coordinates> 18.42654,59.21846 18.42847,59.22414 18.42418,59.22398 18.42169,59.22031 18.42654,59.21846</coordinates></LinearRing></outerBoundaryIs></Polygon><Polygon><outerBoundaryIs><LinearRing><coordinates> 18.78013,59.1534 18.7771,59.15251 18.77724,59.15161 18.77976,59.15285 18.78013,59.1534</coordinates></LinearRing></outerBoundaryIs></Polygon><Polygon><outerBoundaryIs><LinearRing><coordinates> 18.61689,59.18427 18.61839,59.18395 18.62015,59.18542 18.61629,59.185 18.61689,59.18427</coordinates></LinearRing></outerBoundaryIs></Polygon><Polygon><outerBoundaryIs><LinearRing><coordinates> 18.72904,59.16308 18.72346,59.16439 18.72286,59.16109 18.72661,59.16151 18.72904,59.16308</coordinates></LinearRing></outerBoundaryIs></Polygon><Polygon><outerBoundaryIs><LinearRing><coordinates> 18.41868,59.22356 18.41352,59.22633 18.41542,59.22404 18.41641,59.22297 18.41868,59.22356</coordinates></LinearRing></outerBoundaryIs></Polygon><Polygon><outerBoundaryIs><LinearRing><coordinates> 18.8032,59.14402 18.80603,59.14519 18.80583,59.1466 18.80109,59.14497 18.8032,59.14402</coordinates></LinearRing></outerBoundaryIs></Polygon><Polygon><outerBoundaryIs><LinearRing><coordinates> 18.74295,59.15688 18.74291,59.15638 18.74633,59.15546 18.7468,59.15837 18.74295,59.15688</coordinates></LinearRing></outerBoundaryIs></Polygon><Polygon><outerBoundaryIs><LinearRing><coordinates> 18.73012,59.15988 18.7322,59.16124 18.73092,59.16155 18.72883,59.16127 18.73012,59.15988</coordinates></LinearRing></outerBoundaryIs></Polygon><Polygon><outerBoundaryIs><LinearRing><coordinates> 18.42834,59.2191 18.43237,59.21824 18.43348,59.22117 18.42846,59.22066 18.42834,59.2191</coordinates></LinearRing></outerBoundaryIs></Polygon><Polygon><outerBoundaryIs><LinearRing><coordinates> 18.60777,59.18378 18.60896,59.18353 18.60939,59.18487 18.60708,59.18458 18.60777,59.18378</coordinates></LinearRing></outerBoundaryIs></Polygon><Polygon><outerBoundaryIs><LinearRing><coordinates> 18.44136,59.21599 18.44391,59.21771 18.43752,59.21855 18.44098,59.21699 18.44136,59.21599</coordinates></LinearRing></outerBoundaryIs></Polygon><Polygon><outerBoundaryIs><LinearRing><coordinates> 18.72761,59.15773 18.7274,59.16048 18.72499,59.15908 18.72623,59.15725 18.72761,59.15773</coordinates></LinearRing></outerBoundaryIs></Polygon><Polygon><outerBoundaryIs><LinearRing><coordinates> 18.69293,59.16433 18.69933,59.16087 18.70456,59.16458 18.69338,59.16572 18.69293,59.16433</coordinates></LinearRing></outerBoundaryIs></Polygon><Polygon><outerBoundaryIs><LinearRing><coordinates> 18.40198,59.22367 18.40372,59.22315 18.40448,59.22324 18.401,59.22502 18.40198,59.22367</coordinates></LinearRing></outerBoundaryIs></Polygon><Polygon><outerBoundaryIs><LinearRing><coordinates> 18.83934,59.12978 18.84446,59.13078 18.85273,59.13413 18.84002,59.13128 18.83934,59.12978</coordinates></LinearRing></outerBoundaryIs></Polygon><Polygon><outerBoundaryIs><LinearRing><coordinates> 18.71065,59.16029 18.69609,59.14752 18.71508,59.15171 18.72375,59.15994 18.71065,59.16029</coordinates></LinearRing></outerBoundaryIs></Polygon><Polygon><outerBoundaryIs><LinearRing><coordinates> 18.6169,59.18044 18.61972,59.18015 18.61976,59.18066 18.61783,59.18109 18.6169,59.18044</coordinates></LinearRing></outerBoundaryIs></Polygon><Polygon><outerBoundaryIs><LinearRing><coordinates> 18.47104,59.21045 18.46845,59.21089 18.4684,59.21017 18.46959,59.20851 18.47104,59.21045</coordinates></LinearRing></outerBoundaryIs></Polygon><Polygon><outerBoundaryIs><LinearRing><coordinates> 18.4055,59.22311 18.40667,59.21565 18.41804,59.2085 18.43027,59.2151 18.4055,59.22311</coordinates></LinearRing></outerBoundaryIs></Polygon><Polygon><outerBoundaryIs><LinearRing><coordinates> 18.7456,59.15453 18.74387,59.15468 18.74393,59.15283 18.74667,59.15319 18.7456,59.15453</coordinates></LinearRing></outerBoundaryIs></Polygon><Polygon><outerBoundaryIs><LinearRing><coordinates> 18.80141,59.14201 18.80126,59.14156 18.80511,59.14192 18.8033,59.14242 18.80141,59.14201</coordinates></LinearRing></outerBoundaryIs></Polygon><Polygon><outerBoundaryIs><LinearRing><coordinates> 18.73374,59.15632 18.73169,59.15654 18.73061,59.15549 18.73278,59.15533 18.73374,59.15632</coordinates></LinearRing></outerBoundaryIs></Polygon><Polygon><outerBoundaryIs><LinearRing><coordinates> 18.4425,59.21339 18.44302,59.21164 18.44561,59.2126 18.44378,59.21415 18.4425,59.21339</coordinates></LinearRing></outerBoundaryIs></Polygon><Polygon><outerBoundaryIs><LinearRing><coordinates> 18.64379,59.16921 18.63019,59.16202 18.61331,59.15335 18.65605,59.17068 18.64379,59.16921</coordinates></LinearRing></outerBoundaryIs></Polygon><Polygon><outerBoundaryIs><LinearRing><coordinates> 18.79066,59.1406 18.79315,59.14032 18.79161,59.14271 18.78852,59.14239 18.79066,59.1406</coordinates></LinearRing></outerBoundaryIs></Polygon><Polygon><outerBoundaryIs><LinearRing><coordinates> 18.7966,59.14103 18.79149,59.13873 18.79979,59.1336 18.80329,59.14003 18.7966,59.14103</coordinates></LinearRing></outerBoundaryIs></Polygon><Polygon><outerBoundaryIs><LinearRing><coordinates> 18.47067,59.20687 18.46892,59.20702 18.46844,59.205 18.47027,59.20277 18.47067,59.20687</coordinates></LinearRing></outerBoundaryIs></Polygon><Polygon><outerBoundaryIs><LinearRing><coordinates> 18.80765,59.13731 18.80754,59.1385 18.80615,59.13881 18.80549,59.13759 18.80765,59.13731</coordinates></LinearRing></outerBoundaryIs></Polygon><Polygon><outerBoundaryIs><LinearRing><coordinates> 18.74773,59.14929 18.747,59.15045 18.74535,59.15033 18.74597,59.14868 18.74773,59.14929</coordinates></LinearRing></outerBoundaryIs></Polygon><Polygon><outerBoundaryIs><LinearRing><coordinates> 18.45984,59.20271 18.46079,59.20656 18.45838,59.20807 18.45714,59.20473 18.45984,59.20271</coordinates></LinearRing></outerBoundaryIs></Polygon><Polygon><outerBoundaryIs><LinearRing><coordinates> 18.49566,59.19301 18.48176,59.20306 18.48747,59.19299 18.4963,59.18716 18.49566,59.19301</coordinates></LinearRing></outerBoundaryIs></Polygon><Polygon><outerBoundaryIs><LinearRing><coordinates> 18.43014,59.21188 18.43173,59.2105 18.43383,59.21099 18.43303,59.2126 18.43014,59.21188</coordinates></LinearRing></outerBoundaryIs></Polygon><Polygon><outerBoundaryIs><LinearRing><coordinates> 18.69711,59.15918 18.693,59.15843 18.68862,59.15336 18.69675,59.15621 18.69711,59.15918</coordinates></LinearRing></outerBoundaryIs></Polygon><Polygon><outerBoundaryIs><LinearRing><coordinates> 18.78975,59.14017 18.78473,59.14028 18.78032,59.13847 18.78993,59.13848 18.78975,59.14017</coordinates></LinearRing></outerBoundaryIs></Polygon><Polygon><outerBoundaryIs><LinearRing><coordinates> 18.45201,59.20769 18.45083,59.20805 18.45044,59.20716 18.4516,59.20669 18.45201,59.20769</coordinates></LinearRing></outerBoundaryIs></Polygon><Polygon><outerBoundaryIs><LinearRing><coordinates> 18.4442,59.20875 18.44046,59.20984 18.44384,59.20544 18.44782,59.20458 18.4442,59.20875</coordinates></LinearRing></outerBoundaryIs></Polygon><Polygon><outerBoundaryIs><LinearRing><coordinates> 18.73148,59.14916 18.73132,59.15113 18.72834,59.14957 18.72925,59.14736 18.73148,59.14916</coordinates></LinearRing></outerBoundaryIs></Polygon><Polygon><outerBoundaryIs><LinearRing><coordinates> 18.47368,59.20085 18.47555,59.20109 18.4756,59.20165 18.47356,59.2022 18.47368,59.20085</coordinates></LinearRing></outerBoundaryIs></Polygon><Polygon><outerBoundaryIs><LinearRing><coordinates> 18.72154,59.15042 18.72283,59.15011 18.72535,59.15145 18.72329,59.15167 18.72154,59.15042</coordinates></LinearRing></outerBoundaryIs></Polygon><Polygon><outerBoundaryIs><LinearRing><coordinates> 18.44967,59.20151 18.45231,59.20168 18.45313,59.20239 18.44907,59.20365 18.44967,59.20151</coordinates></LinearRing></outerBoundaryIs></Polygon><Polygon><outerBoundaryIs><LinearRing><coordinates> 18.45492,59.20017 18.45909,59.20031 18.45721,59.20141 18.45436,59.20136 18.45492,59.20017</coordinates></LinearRing></outerBoundaryIs></Polygon><Polygon><outerBoundaryIs><LinearRing><coordinates> 18.71221,59.15015 18.711,59.15006 18.70871,59.14882 18.7113,59.14708 18.71221,59.15015</coordinates></LinearRing></outerBoundaryIs></Polygon><Polygon><outerBoundaryIs><LinearRing><coordinates> 18.47569,59.19654 18.47614,59.19737 18.47452,59.19768 18.47447,59.19701 18.47569,59.19654</coordinates></LinearRing></outerBoundaryIs></Polygon><Polygon><outerBoundaryIs><LinearRing><coordinates> 18.4444,59.20274 18.44457,59.20347 18.44327,59.2036 18.44312,59.2031 18.4444,59.20274</coordinates></LinearRing></outerBoundaryIs></Polygon><Polygon><outerBoundaryIs><LinearRing><coordinates> 18.47817,59.19541 18.47889,59.1963 18.47805,59.19665 18.47743,59.19571 18.47817,59.19541</coordinates></LinearRing></outerBoundaryIs></Polygon><Polygon><outerBoundaryIs><LinearRing><coordinates> 18.54491,59.18318 18.53733,59.18404 18.54078,59.18074 18.54846,59.17828 18.54491,59.18318</coordinates></LinearRing></outerBoundaryIs></Polygon><Polygon><outerBoundaryIs><LinearRing><coordinates> 18.7794,59.13417 18.78164,59.1335 18.78296,59.13493 18.77945,59.13479 18.7794,59.13417</coordinates></LinearRing></outerBoundaryIs></Polygon><Polygon><outerBoundaryIs><LinearRing><coordinates> 18.71811,59.14744 18.71514,59.14857 18.71485,59.14616 18.71604,59.14619 18.71811,59.14744</coordinates></LinearRing></outerBoundaryIs></Polygon><Polygon><outerBoundaryIs><LinearRing><coordinates> 18.78797,59.13089 18.79285,59.13168 18.79347,59.13256 18.78511,59.13325 18.78797,59.13089</coordinates></LinearRing></outerBoundaryIs></Polygon><Polygon><outerBoundaryIs><LinearRing><coordinates> 18.65735,59.15841 18.65759,59.15998 18.65532,59.16037 18.65078,59.15836 18.65735,59.15841</coordinates></LinearRing></outerBoundaryIs></Polygon><Polygon><outerBoundaryIs><LinearRing><coordinates> 18.4508,59.20053 18.45439,59.19153 18.45708,59.18985 18.46141,59.19751 18.4508,59.20053</coordinates></LinearRing></outerBoundaryIs></Polygon><Polygon><outerBoundaryIs><LinearRing><coordinates> 18.53465,59.18255 18.53493,59.18327 18.53301,59.18388 18.53338,59.18262 18.53465,59.18255</coordinates></LinearRing></outerBoundaryIs></Polygon><Polygon><outerBoundaryIs><LinearRing><coordinates> 18.43929,59.19593 18.44664,59.19477 18.44969,59.19893 18.43827,59.20275 18.43929,59.19593</coordinates></LinearRing></outerBoundaryIs></Polygon><Polygon><outerBoundaryIs><LinearRing><coordinates> 18.46906,59.19639 18.4698,59.19469 18.47073,59.19423 18.47215,59.19537 18.46906,59.19639</coordinates></LinearRing></outerBoundaryIs></Polygon><Polygon><outerBoundaryIs><LinearRing><coordinates> 18.55638,59.17745 18.55711,59.17142 18.55989,59.16789 18.56291,59.17703 18.55638,59.17745</coordinates></LinearRing></outerBoundaryIs></Polygon><Polygon><outerBoundaryIs><LinearRing><coordinates> 18.43424,59.20138 18.4341,59.2025 18.43171,59.20261 18.43128,59.20138 18.43424,59.20138</coordinates></LinearRing></outerBoundaryIs></Polygon><Polygon><outerBoundaryIs><LinearRing><coordinates> 18.79471,59.12787 18.79381,59.13014 18.7913,59.1302 18.79117,59.12699 18.79471,59.12787</coordinates></LinearRing></outerBoundaryIs></Polygon><Polygon><outerBoundaryIs><LinearRing><coordinates> 18.55374,59.17669 18.55395,59.17792 18.55155,59.17803 18.55214,59.17672 18.55374,59.17669</coordinates></LinearRing></outerBoundaryIs></Polygon><Polygon><outerBoundaryIs><LinearRing><coordinates> 18.80845,59.12415 18.80826,59.12573 18.80682,59.12542 18.80559,59.12388 18.80845,59.12415</coordinates></LinearRing></outerBoundaryIs></Polygon><Polygon><outerBoundaryIs><LinearRing><coordinates> 18.6664,59.15441 18.66368,59.15329 18.66503,59.15236 18.66648,59.15272 18.6664,59.15441</coordinates></LinearRing></outerBoundaryIs></Polygon><Polygon><outerBoundaryIs><LinearRing><coordinates> 18.69768,59.14631 18.70347,59.14195 18.70655,59.13994 18.70987,59.1456 18.69768,59.14631</coordinates></LinearRing></outerBoundaryIs></Polygon><Polygon><outerBoundaryIs><LinearRing><coordinates> 18.47548,59.18825 18.47553,59.19027 18.47188,59.1927 18.47218,59.18949 18.47548,59.18825</coordinates></LinearRing></outerBoundaryIs></Polygon><Polygon><outerBoundaryIs><LinearRing><coordinates> 18.67891,59.14801 18.67854,59.14757 18.68414,59.14778 18.68532,59.14984 18.67891,59.14801</coordinates></LinearRing></outerBoundaryIs></Polygon><Polygon><outerBoundaryIs><LinearRing><coordinates> 18.59144,59.16566 18.58729,59.16849 18.58422,59.16563 18.58488,59.16298 18.59144,59.16566</coordinates></LinearRing></outerBoundaryIs></Polygon><Polygon><outerBoundaryIs><LinearRing><coordinates> 18.80245,59.12412 18.79767,59.12446 18.79817,59.12389 18.8001,59.12345 18.80245,59.12412</coordinates></LinearRing></outerBoundaryIs></Polygon><Polygon><outerBoundaryIs><LinearRing><coordinates> 18.46837,59.19114 18.46705,59.18959 18.47016,59.18875 18.46955,59.19084 18.46837,59.19114</coordinates></LinearRing></outerBoundaryIs></Polygon><Polygon><outerBoundaryIs><LinearRing><coordinates> 18.53424,59.1775 18.53267,59.17698 18.53672,59.1743 18.53632,59.17617 18.53424,59.1775</coordinates></LinearRing></outerBoundaryIs></Polygon><Polygon><outerBoundaryIs><LinearRing><coordinates> 18.41813,59.19685 18.41697,59.20051 18.41349,59.20097 18.41657,59.19611 18.41813,59.19685</coordinates></LinearRing></outerBoundaryIs></Polygon><Polygon><outerBoundaryIs><LinearRing><coordinates> 18.66252,59.15135 18.65257,59.15077 18.64993,59.14796 18.6548,59.14994 18.66252,59.15135</coordinates></LinearRing></outerBoundaryIs></Polygon><Polygon><outerBoundaryIs><LinearRing><coordinates> 18.48325,59.18645 18.48617,59.18463 18.48729,59.18495 18.48416,59.18687 18.48325,59.18645</coordinates></LinearRing></outerBoundaryIs></Polygon><Polygon><outerBoundaryIs><LinearRing><coordinates> 18.78631,59.11931 18.79017,59.12203 18.78923,59.12513 18.78617,59.12256 18.78631,59.11931</coordinates></LinearRing></outerBoundaryIs></Polygon><Polygon><outerBoundaryIs><LinearRing><coordinates> 18.48027,59.18647 18.47706,59.17598 18.48474,59.17083 18.48737,59.17914 18.48027,59.18647</coordinates></LinearRing></outerBoundaryIs></Polygon><Polygon><outerBoundaryIs><LinearRing><coordinates> 18.50493,59.17558 18.5049,59.17945 18.49857,59.18251 18.50122,59.17717 18.50493,59.17558</coordinates></LinearRing></outerBoundaryIs></Polygon><Polygon><outerBoundaryIs><LinearRing><coordinates> 18.47184,59.18594 18.47325,59.18633 18.47349,59.18737 18.47186,59.18752 18.47184,59.18594</coordinates></LinearRing></outerBoundaryIs></Polygon><Polygon><outerBoundaryIs><LinearRing><coordinates> 18.51656,59.17742 18.51476,59.17398 18.52,59.17393 18.52027,59.17448 18.51656,59.17742</coordinates></LinearRing></outerBoundaryIs></Polygon><Polygon><outerBoundaryIs><LinearRing><coordinates> 18.79586,59.12089 18.79159,59.11947 18.7929,59.1182 18.79469,59.11872 18.79586,59.12089</coordinates></LinearRing></outerBoundaryIs></Polygon><Polygon><outerBoundaryIs><LinearRing><coordinates> 18.46251,59.18681 18.46161,59.1879 18.46004,59.18742 18.46109,59.18521 18.46251,59.18681</coordinates></LinearRing></outerBoundaryIs></Polygon><Polygon><outerBoundaryIs><LinearRing><coordinates> 18.66186,59.14142 18.66278,59.14735 18.65688,59.14461 18.65894,59.14053 18.66186,59.14142</coordinates></LinearRing></outerBoundaryIs></Polygon><Polygon><outerBoundaryIs><LinearRing><coordinates> 18.76864,59.1244 18.76837,59.12385 18.77063,59.12351 18.77101,59.12536 18.76864,59.1244</coordinates></LinearRing></outerBoundaryIs></Polygon><Polygon><outerBoundaryIs><LinearRing><coordinates> 18.43685,59.18959 18.44114,59.18568 18.4533,59.18577 18.45097,59.18969 18.43685,59.18959</coordinates></LinearRing></outerBoundaryIs></Polygon><Polygon><outerBoundaryIs><LinearRing><coordinates> 18.4633,59.18496 18.46643,59.18293 18.4658,59.1862 18.46486,59.18677 18.4633,59.18496</coordinates></LinearRing></outerBoundaryIs></Polygon><Polygon><outerBoundaryIs><LinearRing><coordinates> 18.47541,59.18303 18.47281,59.18482 18.4742,59.18013 18.47651,59.17879 18.47541,59.18303</coordinates></LinearRing></outerBoundaryIs></Polygon><Polygon><outerBoundaryIs><LinearRing><coordinates> 18.46696,59.18503 18.4698,59.18357 18.46983,59.18396 18.46873,59.18522 18.46696,59.18503</coordinates></LinearRing></outerBoundaryIs></Polygon><Polygon><outerBoundaryIs><LinearRing><coordinates> 18.69434,59.1393 18.69426,59.13771 18.69435,59.13575 18.69836,59.13872 18.69434,59.1393</coordinates></LinearRing></outerBoundaryIs></Polygon><Polygon><outerBoundaryIs><LinearRing><coordinates> 18.53297,59.17046 18.53481,59.16874 18.53597,59.17107 18.53305,59.17141 18.53297,59.17046</coordinates></LinearRing></outerBoundaryIs></Polygon><Polygon><outerBoundaryIs><LinearRing><coordinates> 18.70694,59.13547 18.70435,59.13586 18.70402,59.13452 18.70571,59.13516 18.70694,59.13547</coordinates></LinearRing></outerBoundaryIs></Polygon><Polygon><outerBoundaryIs><LinearRing><coordinates> 18.69533,59.13508 18.69497,59.13347 18.69686,59.13375 18.69757,59.1357 18.69533,59.13508</coordinates></LinearRing></outerBoundaryIs></Polygon><Polygon><outerBoundaryIs><LinearRing><coordinates> 18.50136,59.175 18.49996,59.17519 18.49808,59.17501 18.50207,59.1743 18.50136,59.175</coordinates></LinearRing></outerBoundaryIs></Polygon><Polygon><outerBoundaryIs><LinearRing><coordinates> 18.71028,59.13211 18.70887,59.13102 18.71511,59.13116 18.71301,59.13216 18.71028,59.13211</coordinates></LinearRing></outerBoundaryIs></Polygon><Polygon><outerBoundaryIs><LinearRing><coordinates> 18.61114,59.15221 18.60703,59.1514 18.60683,59.14894 18.61394,59.1489 18.61114,59.15221</coordinates></LinearRing></outerBoundaryIs></Polygon><Polygon><outerBoundaryIs><LinearRing><coordinates> 18.49175,59.17368 18.49118,59.17476 18.49006,59.17445 18.48972,59.17288 18.49175,59.17368</coordinates></LinearRing></outerBoundaryIs></Polygon><Polygon><outerBoundaryIs><LinearRing><coordinates> 18.4998,59.17153 18.50002,59.17299 18.49729,59.17304 18.49809,59.17101 18.4998,59.17153</coordinates></LinearRing></outerBoundaryIs></Polygon><Polygon><outerBoundaryIs><LinearRing><coordinates> 18.68993,59.13076 18.69501,59.13201 18.69318,59.13394 18.69016,59.13278 18.68993,59.13076</coordinates></LinearRing></outerBoundaryIs></Polygon><Polygon><outerBoundaryIs><LinearRing><coordinates> 18.80439,59.11029 18.80388,59.11108 18.8019,59.11077 18.80186,59.10993 18.80439,59.11029</coordinates></LinearRing></outerBoundaryIs></Polygon><Polygon><outerBoundaryIs><LinearRing><coordinates> 18.51267,59.1674 18.51516,59.16847 18.51506,59.16864 18.51281,59.16847 18.51267,59.1674</coordinates></LinearRing></outerBoundaryIs></Polygon><Polygon><outerBoundaryIs><LinearRing><coordinates> 18.50906,59.16966 18.50728,59.1693 18.50677,59.16825 18.51093,59.16827 18.50906,59.16966</coordinates></LinearRing></outerBoundaryIs></Polygon><Polygon><outerBoundaryIs><LinearRing><coordinates> 18.44713,59.17887 18.44894,59.18108 18.44504,59.18004 18.44512,59.1783 18.44713,59.17887</coordinates></LinearRing></outerBoundaryIs></Polygon><Polygon><outerBoundaryIs><LinearRing><coordinates> 18.41756,59.18543 18.41872,59.18463 18.41982,59.18527 18.41915,59.18643 18.41756,59.18543</coordinates></LinearRing></outerBoundaryIs></Polygon><Polygon><outerBoundaryIs><LinearRing><coordinates> 18.46973,59.17577 18.46954,59.17471 18.47155,59.17528 18.47057,59.17597 18.46973,59.17577</coordinates></LinearRing></outerBoundaryIs></Polygon><Polygon><outerBoundaryIs><LinearRing><coordinates> 18.47619,59.17173 18.48157,59.16915 18.48092,59.17214 18.47613,59.1724 18.47619,59.17173</coordinates></LinearRing></outerBoundaryIs></Polygon><Polygon><outerBoundaryIs><LinearRing><coordinates> 18.62338,59.13994 18.63219,59.14076 18.62851,59.14123 18.62394,59.14144 18.62338,59.13994</coordinates></LinearRing></outerBoundaryIs></Polygon><Polygon><outerBoundaryIs><LinearRing><coordinates> 18.43796,59.17535 18.4431,59.17834 18.43855,59.17888 18.43665,59.17685 18.43796,59.17535</coordinates></LinearRing></outerBoundaryIs></Polygon><Polygon><outerBoundaryIs><LinearRing><coordinates> 18.68177,59.12571 18.68474,59.12986 18.67763,59.12979 18.67965,59.12643 18.68177,59.12571</coordinates></LinearRing></outerBoundaryIs></Polygon><Polygon><outerBoundaryIs><LinearRing><coordinates> 18.78633,59.10697 18.78858,59.10817 18.7886,59.10857 18.78508,59.10799 18.78633,59.10697</coordinates></LinearRing></outerBoundaryIs></Polygon><Polygon><outerBoundaryIs><LinearRing><coordinates> 18.42443,59.17928 18.42536,59.17864 18.42588,59.1797 18.42458,59.17978 18.42443,59.17928</coordinates></LinearRing></outerBoundaryIs></Polygon><Polygon><outerBoundaryIs><LinearRing><coordinates> 18.66433,59.13014 18.66518,59.13118 18.6613,59.13048 18.66216,59.12967 18.66433,59.13014</coordinates></LinearRing></outerBoundaryIs></Polygon><Polygon><outerBoundaryIs><LinearRing><coordinates> 18.76036,59.11158 18.75015,59.11139 18.74614,59.11084 18.73281,59.10005 18.76036,59.11158</coordinates></LinearRing></outerBoundaryIs></Polygon><Polygon><outerBoundaryIs><LinearRing><coordinates> 18.66073,59.12488 18.66236,59.11938 18.666,59.12041 18.67568,59.12866 18.66073,59.12488</coordinates></LinearRing></outerBoundaryIs></Polygon><Polygon><outerBoundaryIs><LinearRing><coordinates> 18.67527,59.12765 18.67411,59.12549 18.67694,59.12408 18.67743,59.12738 18.67527,59.12765</coordinates></LinearRing></outerBoundaryIs></Polygon><Polygon><outerBoundaryIs><LinearRing><coordinates> 18.58794,59.14512 18.58561,59.14461 18.58395,59.14302 18.5882,59.14422 18.58794,59.14512</coordinates></LinearRing></outerBoundaryIs></Polygon><Polygon><outerBoundaryIs><LinearRing><coordinates> 18.68938,59.12413 18.68941,59.12452 18.68736,59.12474 18.68662,59.1238 18.68938,59.12413</coordinates></LinearRing></outerBoundaryIs></Polygon><Polygon><outerBoundaryIs><LinearRing><coordinates> 18.46829,59.16431 18.47168,59.16716 18.46987,59.16781 18.46563,59.16652 18.46829,59.16431</coordinates></LinearRing></outerBoundaryIs></Polygon><Polygon><outerBoundaryIs><LinearRing><coordinates> 18.68503,59.12428 18.68342,59.1246 18.68214,59.12367 18.68397,59.12335 18.68503,59.12428</coordinates></LinearRing></outerBoundaryIs></Polygon><Polygon><outerBoundaryIs><LinearRing><coordinates> 18.71937,59.11509 18.72181,59.11615 18.71974,59.11722 18.7193,59.11683 18.71937,59.11509</coordinates></LinearRing></outerBoundaryIs></Polygon><Polygon><outerBoundaryIs><LinearRing><coordinates> 18.71084,59.11781 18.71229,59.11757 18.71431,59.11831 18.71014,59.11853 18.71084,59.11781</coordinates></LinearRing></outerBoundaryIs></Polygon><Polygon><outerBoundaryIs><LinearRing><coordinates> 18.63197,59.13397 18.63213,59.13459 18.62356,59.13135 18.62504,59.12846 18.63197,59.13397</coordinates></LinearRing></outerBoundaryIs></Polygon><Polygon><outerBoundaryIs><LinearRing><coordinates> 18.73846,59.10986 18.74223,59.11117 18.74072,59.11163 18.73883,59.11087 18.73846,59.10986</coordinates></LinearRing></outerBoundaryIs></Polygon><Polygon><outerBoundaryIs><LinearRing><coordinates> 18.39281,59.18142 18.39141,59.1813 18.38972,59.17979 18.39214,59.17824 18.39281,59.18142</coordinates></LinearRing></outerBoundaryIs></Polygon><Polygon><outerBoundaryIs><LinearRing><coordinates> 18.67899,59.12235 18.68183,59.12111 18.68328,59.12276 18.68063,59.12378 18.67899,59.12235</coordinates></LinearRing></outerBoundaryIs></Polygon><Polygon><outerBoundaryIs><LinearRing><coordinates> 18.4668,59.16198 18.46804,59.161 18.47803,59.16189 18.48081,59.16349 18.4668,59.16198</coordinates></LinearRing></outerBoundaryIs></Polygon><Polygon><outerBoundaryIs><LinearRing><coordinates> 18.41385,59.1719 18.41376,59.17656 18.40808,59.17521 18.40908,59.16952 18.41385,59.1719</coordinates></LinearRing></outerBoundaryIs></Polygon><Polygon><outerBoundaryIs><LinearRing><coordinates> 18.70792,59.11547 18.70619,59.11577 18.70554,59.11325 18.70675,59.11346 18.70792,59.11547</coordinates></LinearRing></outerBoundaryIs></Polygon><Polygon><outerBoundaryIs><LinearRing><coordinates> 18.66884,59.12128 18.67056,59.12095 18.67308,59.12236 18.66959,59.12244 18.66884,59.12128</coordinates></LinearRing></outerBoundaryIs></Polygon><Polygon><outerBoundaryIs><LinearRing><coordinates> 18.69956,59.11366 18.69918,59.11507 18.69852,59.11507 18.69736,59.1134 18.69956,59.11366</coordinates></LinearRing></outerBoundaryIs></Polygon><Polygon><outerBoundaryIs><LinearRing><coordinates> 18.75077,59.1017 18.75259,59.10336 18.74834,59.10358 18.74724,59.10084 18.75077,59.1017</coordinates></LinearRing></outerBoundaryIs></Polygon><Polygon><outerBoundaryIs><LinearRing><coordinates> 18.72298,59.10751 18.71753,59.10442 18.72248,59.0982 18.73658,59.10651 18.72298,59.10751</coordinates></LinearRing></outerBoundaryIs></Polygon><Polygon><outerBoundaryIs><LinearRing><coordinates> 18.59749,59.13346 18.59104,59.13532 18.5777,59.13058 18.57259,59.1208 18.59749,59.13346</coordinates></LinearRing></outerBoundaryIs></Polygon><Polygon><outerBoundaryIs><LinearRing><coordinates> 18.66019,59.11969 18.65998,59.11991 18.65751,59.12095 18.65538,59.11957 18.66019,59.11969</coordinates></LinearRing></outerBoundaryIs></Polygon><Polygon><outerBoundaryIs><LinearRing><coordinates> 18.65339,59.10808 18.66366,59.11656 18.65178,59.11955 18.64644,59.11165 18.65339,59.10808</coordinates></LinearRing></outerBoundaryIs></Polygon><Polygon><outerBoundaryIs><LinearRing><coordinates> 18.74163,59.0987 18.74478,59.09941 18.74527,59.10047 18.74142,59.09984 18.74163,59.0987</coordinates></LinearRing></outerBoundaryIs></Polygon><Polygon><outerBoundaryIs><LinearRing><coordinates> 18.77099,59.09271 18.76997,59.09413 18.76877,59.09403 18.76946,59.09251 18.77099,59.09271</coordinates></LinearRing></outerBoundaryIs></Polygon><Polygon><outerBoundaryIs><LinearRing><coordinates> 18.47043,59.15261 18.47255,59.1519 18.47309,59.15329 18.47092,59.1535 18.47043,59.15261</coordinates></LinearRing></outerBoundaryIs></Polygon><Polygon><outerBoundaryIs><LinearRing><coordinates> 18.73529,59.0991 18.73735,59.09826 18.7389,59.0984 18.73961,59.09897 18.73529,59.0991</coordinates></LinearRing></outerBoundaryIs></Polygon><Polygon><outerBoundaryIs><LinearRing><coordinates> 18.57045,59.12983 18.57408,59.1316 18.57315,59.13224 18.57125,59.13172 18.57045,59.12983</coordinates></LinearRing></outerBoundaryIs></Polygon><Polygon><outerBoundaryIs><LinearRing><coordinates> 18.73837,59.09746 18.73066,59.09827 18.72827,59.09583 18.73959,59.09526 18.73837,59.09746</coordinates></LinearRing></outerBoundaryIs></Polygon><Polygon><outerBoundaryIs><LinearRing><coordinates> 18.67205,59.11075 18.66747,59.11085 18.66625,59.10788 18.66795,59.10653 18.67205,59.11075</coordinates></LinearRing></outerBoundaryIs></Polygon><Polygon><outerBoundaryIs><LinearRing><coordinates> 18.75857,59.09252 18.7558,59.09188 18.75579,59.09148 18.75783,59.09078 18.75857,59.09252</coordinates></LinearRing></outerBoundaryIs></Polygon><Polygon><outerBoundaryIs><LinearRing><coordinates> 18.70505,59.09883 18.71259,59.09898 18.70987,59.10182 18.70636,59.1014 18.70505,59.09883</coordinates></LinearRing></outerBoundaryIs></Polygon><Polygon><outerBoundaryIs><LinearRing><coordinates> 18.75423,59.09071 18.75366,59.0928 18.75245,59.09253 18.75212,59.08989 18.75423,59.09071</coordinates></LinearRing></outerBoundaryIs></Polygon><Polygon><outerBoundaryIs><LinearRing><coordinates> 18.6745,59.10651 18.67465,59.10775 18.6726,59.10828 18.67109,59.10588 18.6745,59.10651</coordinates></LinearRing></outerBoundaryIs></Polygon><Polygon><outerBoundaryIs><LinearRing><coordinates> 18.71784,59.09811 18.71572,59.09822 18.71587,59.09717 18.71732,59.0966 18.71784,59.09811</coordinates></LinearRing></outerBoundaryIs></Polygon><Polygon><outerBoundaryIs><LinearRing><coordinates> 18.73946,59.09217 18.73952,59.09357 18.73695,59.09208 18.73825,59.0919 18.73946,59.09217</coordinates></LinearRing></outerBoundaryIs></Polygon><Polygon><outerBoundaryIs><LinearRing><coordinates> 18.72413,59.09599 18.72185,59.09618 18.7223,59.09387 18.72374,59.09431 18.72413,59.09599</coordinates></LinearRing></outerBoundaryIs></Polygon><Polygon><outerBoundaryIs><LinearRing><coordinates> 18.65881,59.10449 18.66297,59.10737 18.65975,59.10891 18.65767,59.10585 18.65881,59.10449</coordinates></LinearRing></outerBoundaryIs></Polygon><Polygon><outerBoundaryIs><LinearRing><coordinates> 18.72702,59.09472 18.72739,59.09298 18.72871,59.09336 18.72897,59.09431 18.72702,59.09472</coordinates></LinearRing></outerBoundaryIs></Polygon><Polygon><outerBoundaryIs><LinearRing><coordinates> 18.5596,59.12782 18.55963,59.12827 18.55744,59.12809 18.55823,59.12712 18.5596,59.12782</coordinates></LinearRing></outerBoundaryIs></Polygon><Polygon><outerBoundaryIs><LinearRing><coordinates> 18.62136,59.11206 18.62191,59.11211 18.62462,59.1145 18.6221,59.11425 18.62136,59.11206</coordinates></LinearRing></outerBoundaryIs></Polygon><Polygon><outerBoundaryIs><LinearRing><coordinates> 18.44737,59.14928 18.44254,59.14631 18.44515,59.14684 18.44836,59.14877 18.44737,59.14928</coordinates></LinearRing></outerBoundaryIs></Polygon><Polygon><outerBoundaryIs><LinearRing><coordinates> 18.71027,59.0958 18.70897,59.09588 18.7072,59.09522 18.71044,59.09462 18.71027,59.0958</coordinates></LinearRing></outerBoundaryIs></Polygon><Polygon><outerBoundaryIs><LinearRing><coordinates> 18.55425,59.12513 18.55457,59.12636 18.55278,59.12583 18.55345,59.12492 18.55425,59.12513</coordinates></LinearRing></outerBoundaryIs></Polygon><Polygon><outerBoundaryIs><LinearRing><coordinates> 18.71661,59.09219 18.71383,59.09238 18.714,59.09081 18.71607,59.09127 18.71661,59.09219</coordinates></LinearRing></outerBoundaryIs></Polygon><Polygon><outerBoundaryIs><LinearRing><coordinates> 18.5537,59.11768 18.54133,59.10792 18.56964,59.12089 18.56672,59.12155 18.5537,59.11768</coordinates></LinearRing></outerBoundaryIs></Polygon><Polygon><outerBoundaryIs><LinearRing><coordinates> 18.70372,59.09037 18.70814,59.09173 18.70905,59.09256 18.70312,59.09167 18.70372,59.09037</coordinates></LinearRing></outerBoundaryIs></Polygon><Polygon><outerBoundaryIs><LinearRing><coordinates> 18.45115,59.14223 18.45258,59.14383 18.44716,59.14288 18.4462,59.14177 18.45115,59.14223</coordinates></LinearRing></outerBoundaryIs></Polygon><Polygon><outerBoundaryIs><LinearRing><coordinates> 18.70952,59.08807 18.71226,59.08327 18.71856,59.08538 18.71886,59.08993 18.70952,59.08807</coordinates></LinearRing></outerBoundaryIs></Polygon><Polygon><outerBoundaryIs><LinearRing><coordinates> 18.53046,59.1256 18.52897,59.12345 18.53425,59.12314 18.54418,59.12509 18.53046,59.1256</coordinates></LinearRing></outerBoundaryIs></Polygon><Polygon><outerBoundaryIs><LinearRing><coordinates> 18.7068,59.08826 18.70957,59.08935 18.71061,59.09069 18.70655,59.09023 18.7068,59.08826</coordinates></LinearRing></outerBoundaryIs></Polygon><Polygon><outerBoundaryIs><LinearRing><coordinates> 18.63516,59.10502 18.63529,59.10289 18.63871,59.10364 18.64006,59.10474 18.63516,59.10502</coordinates></LinearRing></outerBoundaryIs></Polygon><Polygon><outerBoundaryIs><LinearRing><coordinates> 18.45887,59.13963 18.45892,59.14019 18.45184,59.13915 18.45243,59.13767 18.45887,59.13963</coordinates></LinearRing></outerBoundaryIs></Polygon><Polygon><outerBoundaryIs><LinearRing><coordinates> 18.69572,59.09198 18.69588,59.09063 18.69696,59.09039 18.69832,59.09156 18.69572,59.09198</coordinates></LinearRing></outerBoundaryIs></Polygon><Polygon><outerBoundaryIs><LinearRing><coordinates> 18.6421,59.10124 18.6411,59.09897 18.64275,59.09826 18.64558,59.10098 18.6421,59.10124</coordinates></LinearRing></outerBoundaryIs></Polygon><Polygon><outerBoundaryIs><LinearRing><coordinates> 18.44012,59.14077 18.43814,59.14065 18.43798,59.13998 18.44016,59.13993 18.44012,59.14077</coordinates></LinearRing></outerBoundaryIs></Polygon><Polygon><outerBoundaryIs><LinearRing><coordinates> 18.59999,59.08326 18.62565,59.08772 18.62398,59.10373 18.59522,59.09341 18.59999,59.08326</coordinates></LinearRing></outerBoundaryIs></Polygon><Polygon><outerBoundaryIs><LinearRing><coordinates> 18.69082,59.08962 18.68899,59.09003 18.68813,59.08768 18.69089,59.08849 18.69082,59.08962</coordinates></LinearRing></outerBoundaryIs></Polygon><Polygon><outerBoundaryIs><LinearRing><coordinates> 18.65241,59.09429 18.63497,59.10014 18.63157,59.09109 18.62799,59.08898 18.65241,59.09429</coordinates></LinearRing></outerBoundaryIs></Polygon><Polygon><outerBoundaryIs><LinearRing><coordinates> 18.56541,59.11296 18.56292,59.11177 18.56909,59.11273 18.56734,59.11356 18.56541,59.11296</coordinates></LinearRing></outerBoundaryIs></Polygon><Polygon><outerBoundaryIs><LinearRing><coordinates> 18.70702,59.08051 18.70795,59.08174 18.70335,59.08128 18.70472,59.08015 18.70702,59.08051</coordinates></LinearRing></outerBoundaryIs></Polygon><Polygon><outerBoundaryIs><LinearRing><coordinates> 18.53118,59.11665 18.52908,59.11606 18.52761,59.11456 18.53099,59.11458 18.53118,59.11665</coordinates></LinearRing></outerBoundaryIs></Polygon><Polygon><outerBoundaryIs><LinearRing><coordinates> 18.49834,59.10147 18.52607,59.11732 18.48757,59.11499 18.49174,59.10425 18.49834,59.10147</coordinates></LinearRing></outerBoundaryIs></Polygon><Polygon><outerBoundaryIs><LinearRing><coordinates> 18.50077,59.12098 18.4977,59.12067 18.49734,59.11914 18.49931,59.1197 18.50077,59.12098</coordinates></LinearRing></outerBoundaryIs></Polygon><Polygon><outerBoundaryIs><LinearRing><coordinates> 18.57626,59.10544 18.57005,59.10562 18.56877,59.1035 18.57271,59.10391 18.57626,59.10544</coordinates></LinearRing></outerBoundaryIs></Polygon><Polygon><outerBoundaryIs><LinearRing><coordinates> 18.46903,59.12458 18.47215,59.12594 18.46426,59.12565 18.463,59.12448 18.46903,59.12458</coordinates></LinearRing></outerBoundaryIs></Polygon><Polygon><outerBoundaryIs><LinearRing><coordinates> 18.53019,59.11341 18.5216,59.11125 18.52298,59.11022 18.5285,59.11202 18.53019,59.11341</coordinates></LinearRing></outerBoundaryIs></Polygon><Polygon><outerBoundaryIs><LinearRing><coordinates> 18.4914,59.11987 18.48791,59.12166 18.48591,59.12033 18.48814,59.11686 18.4914,59.11987</coordinates></LinearRing></outerBoundaryIs></Polygon><Polygon><outerBoundaryIs><LinearRing><coordinates> 18.44157,59.1261 18.4445,59.1302 18.42956,59.13201 18.43535,59.1282 18.44157,59.1261</coordinates></LinearRing></outerBoundaryIs></Polygon><Polygon><outerBoundaryIs><LinearRing><coordinates> 18.41617,59.13121 18.41678,59.12761 18.42264,59.12543 18.4224,59.13266 18.41617,59.13121</coordinates></LinearRing></outerBoundaryIs></Polygon><Polygon><outerBoundaryIs><LinearRing><coordinates> 18.45048,59.12503 18.45233,59.12468 18.45378,59.12575 18.44873,59.1268 18.45048,59.12503</coordinates></LinearRing></outerBoundaryIs></Polygon><Polygon><outerBoundaryIs><LinearRing><coordinates> 18.56645,59.10116 18.56619,59.10223 18.56371,59.1024 18.56331,59.10077 18.56645,59.10116</coordinates></LinearRing></outerBoundaryIs></Polygon><Polygon><outerBoundaryIs><LinearRing><coordinates> 18.55678,59.10378 18.53704,59.09791 18.53187,59.09049 18.55361,59.09477 18.55678,59.10378</coordinates></LinearRing></outerBoundaryIs></Polygon><Polygon><outerBoundaryIs><LinearRing><coordinates> 18.63698,59.08743 18.6328,59.08663 18.63312,59.08635 18.63518,59.0861 18.63698,59.08743</coordinates></LinearRing></outerBoundaryIs></Polygon><Polygon><outerBoundaryIs><LinearRing><coordinates> 18.44795,59.11804 18.45299,59.11839 18.45724,59.12143 18.45231,59.12092 18.44795,59.11804</coordinates></LinearRing></outerBoundaryIs></Polygon><Polygon><outerBoundaryIs><LinearRing><coordinates> 18.53264,59.10598 18.52705,59.10216 18.52998,59.10185 18.53338,59.10536 18.53264,59.10598</coordinates></LinearRing></outerBoundaryIs></Polygon><Polygon><outerBoundaryIs><LinearRing><coordinates> 18.61899,59.08475 18.61531,59.08277 18.62121,59.08288 18.62533,59.08525 18.61899,59.08475</coordinates></LinearRing></outerBoundaryIs></Polygon><Polygon><outerBoundaryIs><LinearRing><coordinates> 18.52356,59.10534 18.52219,59.10552 18.51738,59.10315 18.51621,59.10108 18.52356,59.10534</coordinates></LinearRing></outerBoundaryIs></Polygon><Polygon><outerBoundaryIs><LinearRing><coordinates> 18.69385,59.0702 18.69376,59.0687 18.69584,59.06933 18.69525,59.07046 18.69385,59.0702</coordinates></LinearRing></outerBoundaryIs></Polygon><Polygon><outerBoundaryIs><LinearRing><coordinates> 18.62636,59.08086 18.63388,59.07915 18.63254,59.08265 18.6199,59.08014 18.62636,59.08086</coordinates></LinearRing></outerBoundaryIs></Polygon><Polygon><outerBoundaryIs><LinearRing><coordinates> 18.42232,59.12407 18.41794,59.12473 18.39938,59.1143 18.41511,59.11821 18.42232,59.12407</coordinates></LinearRing></outerBoundaryIs></Polygon><Polygon><outerBoundaryIs><LinearRing><coordinates> 18.71549,59.06387 18.71537,59.06479 18.713,59.06483 18.71355,59.06318 18.71549,59.06387</coordinates></LinearRing></outerBoundaryIs></Polygon><Polygon><outerBoundaryIs><LinearRing><coordinates> 18.4077,59.12351 18.41138,59.12445 18.41189,59.12518 18.40795,59.12482 18.4077,59.12351</coordinates></LinearRing></outerBoundaryIs></Polygon><Polygon><outerBoundaryIs><LinearRing><coordinates> 18.42887,59.11948 18.43241,59.11951 18.43206,59.12038 18.43045,59.12042 18.42887,59.11948</coordinates></LinearRing></outerBoundaryIs></Polygon><Polygon><outerBoundaryIs><LinearRing><coordinates> 18.44369,59.11562 18.44622,59.11623 18.44684,59.1174 18.4433,59.11645 18.44369,59.11562</coordinates></LinearRing></outerBoundaryIs></Polygon><Polygon><outerBoundaryIs><LinearRing><coordinates> 18.5269,59.09985 18.5272,59.10048 18.52517,59.10088 18.52386,59.09967 18.5269,59.09985</coordinates></LinearRing></outerBoundaryIs></Polygon><Polygon><outerBoundaryIs><LinearRing><coordinates> 18.55642,59.09408 18.55012,59.09222 18.54577,59.08902 18.55773,59.09395 18.55642,59.09408</coordinates></LinearRing></outerBoundaryIs></Polygon><Polygon><outerBoundaryIs><LinearRing><coordinates> 18.52144,59.10092 18.51947,59.10072 18.51901,59.09842 18.5215,59.09952 18.52144,59.10092</coordinates></LinearRing></outerBoundaryIs></Polygon><Polygon><outerBoundaryIs><LinearRing><coordinates> 18.69354,59.06619 18.69053,59.06538 18.69164,59.06406 18.69271,59.06476 18.69354,59.06619</coordinates></LinearRing></outerBoundaryIs></Polygon><Polygon><outerBoundaryIs><LinearRing><coordinates> 18.60255,59.08268 18.59302,59.08133 18.59879,59.07833 18.61191,59.08224 18.60255,59.08268</coordinates></LinearRing></outerBoundaryIs></Polygon><Polygon><outerBoundaryIs><LinearRing><coordinates> 18.43341,59.11704 18.4283,59.11787 18.42886,59.11321 18.43354,59.11469 18.43341,59.11704</coordinates></LinearRing></outerBoundaryIs></Polygon><Polygon><outerBoundaryIs><LinearRing><coordinates> 18.51128,59.09895 18.51319,59.0993 18.51336,59.10082 18.51006,59.0998 18.51128,59.09895</coordinates></LinearRing></outerBoundaryIs></Polygon><Polygon><outerBoundaryIs><LinearRing><coordinates> 18.63511,59.07595 18.63398,59.07495 18.63704,59.07531 18.6362,59.07604 18.63511,59.07595</coordinates></LinearRing></outerBoundaryIs></Polygon><Polygon><outerBoundaryIs><LinearRing><coordinates> 18.50138,59.09927 18.5034,59.10002 18.50406,59.10155 18.49982,59.10021 18.50138,59.09927</coordinates></LinearRing></outerBoundaryIs></Polygon><Polygon><outerBoundaryIs><LinearRing><coordinates> 18.40127,59.12203 18.39469,59.12136 18.39548,59.11968 18.39915,59.12076 18.40127,59.12203</coordinates></LinearRing></outerBoundaryIs></Polygon><Polygon><outerBoundaryIs><LinearRing><coordinates> 18.6117,59.07377 18.62845,59.07568 18.6235,59.07741 18.61505,59.07587 18.6117,59.07377</coordinates></LinearRing></outerBoundaryIs></Polygon><Polygon><outerBoundaryIs><LinearRing><coordinates> 18.63258,59.0726 18.6299,59.07386 18.63024,59.07157 18.632,59.07177 18.63258,59.0726</coordinates></LinearRing></outerBoundaryIs></Polygon><Polygon><outerBoundaryIs><LinearRing><coordinates> 18.43254,59.11131 18.42885,59.11103 18.42937,59.10985 18.43188,59.11057 18.43254,59.11131</coordinates></LinearRing></outerBoundaryIs></Polygon><Polygon><outerBoundaryIs><LinearRing><coordinates> 18.62099,59.0716 18.61929,59.06999 18.62223,59.06996 18.62318,59.07191 18.62099,59.0716</coordinates></LinearRing></outerBoundaryIs></Polygon><Polygon><outerBoundaryIs><LinearRing><coordinates> 18.36407,59.11937 18.37519,59.11911 18.37245,59.12194 18.36829,59.12113 18.36407,59.11937</coordinates></LinearRing></outerBoundaryIs></Polygon><Polygon><outerBoundaryIs><LinearRing><coordinates> 18.54436,59.08413 18.54617,59.08455 18.54829,59.08519 18.54606,59.08686 18.54436,59.08413</coordinates></LinearRing></outerBoundaryIs></Polygon><Polygon><outerBoundaryIs><LinearRing><coordinates> 18.42595,59.10942 18.42337,59.10928 18.42185,59.10749 18.42649,59.10913 18.42595,59.10942</coordinates></LinearRing></outerBoundaryIs></Polygon><Polygon><outerBoundaryIs><LinearRing><coordinates> 18.62351,59.06933 18.62032,59.06571 18.6248,59.06612 18.6273,59.06867 18.62351,59.06933</coordinates></LinearRing></outerBoundaryIs></Polygon><Polygon><outerBoundaryIs><LinearRing><coordinates> 18.40747,59.11149 18.40787,59.11047 18.41393,59.10885 18.41932,59.11032 18.40747,59.11149</coordinates></LinearRing></outerBoundaryIs></Polygon><Polygon><outerBoundaryIs><LinearRing><coordinates> 18.39115,59.11405 18.3883,59.11271 18.3884,59.11238 18.39359,59.11419 18.39115,59.11405</coordinates></LinearRing></outerBoundaryIs></Polygon><Polygon><outerBoundaryIs><LinearRing><coordinates> 18.61597,59.06884 18.61402,59.06914 18.61248,59.0686 18.61584,59.06829 18.61597,59.06884</coordinates></LinearRing></outerBoundaryIs></Polygon><Polygon><outerBoundaryIs><LinearRing><coordinates> 18.41882,59.1083 18.41692,59.10686 18.41875,59.106 18.42075,59.10722 18.41882,59.1083</coordinates></LinearRing></outerBoundaryIs></Polygon><Polygon><outerBoundaryIs><LinearRing><coordinates> 18.68149,59.05306 18.68248,59.05086 18.6837,59.05124 18.68325,59.05355 18.68149,59.05306</coordinates></LinearRing></outerBoundaryIs></Polygon><Polygon><outerBoundaryIs><LinearRing><coordinates> 18.61335,59.06515 18.616,59.06637 18.6155,59.06695 18.61285,59.0664 18.61335,59.06515</coordinates></LinearRing></outerBoundaryIs></Polygon><Polygon><outerBoundaryIs><LinearRing><coordinates> 18.40649,59.10348 18.41389,59.1043 18.41451,59.10696 18.40613,59.10729 18.40649,59.10348</coordinates></LinearRing></outerBoundaryIs></Polygon><Polygon><outerBoundaryIs><LinearRing><coordinates> 18.37897,59.111 18.3832,59.11006 18.3835,59.1127 18.37943,59.11172 18.37897,59.111</coordinates></LinearRing></outerBoundaryIs></Polygon><Polygon><outerBoundaryIs><LinearRing><coordinates> 18.59384,59.07058 18.58931,59.06967 18.58895,59.06901 18.59283,59.0679 18.59384,59.07058</coordinates></LinearRing></outerBoundaryIs></Polygon><Polygon><outerBoundaryIs><LinearRing><coordinates> 18.393,59.1102 18.39172,59.10911 18.39486,59.10854 18.39443,59.11024 18.393,59.1102</coordinates></LinearRing></outerBoundaryIs></Polygon><Polygon><outerBoundaryIs><LinearRing><coordinates> 18.53104,59.07978 18.52876,59.08317 18.52521,59.08141 18.52546,59.07803 18.53104,59.07978</coordinates></LinearRing></outerBoundaryIs></Polygon><Polygon><outerBoundaryIs><LinearRing><coordinates> 18.52291,59.07206 18.52421,59.08389 18.51181,59.07873 18.51349,59.0677 18.52291,59.07206</coordinates></LinearRing></outerBoundaryIs></Polygon><Polygon><outerBoundaryIs><LinearRing><coordinates> 18.41324,59.10299 18.41317,59.10213 18.41628,59.10341 18.41478,59.10357 18.41324,59.10299</coordinates></LinearRing></outerBoundaryIs></Polygon><Polygon><outerBoundaryIs><LinearRing><coordinates> 18.37596,59.10909 18.37604,59.10783 18.37953,59.10871 18.37994,59.1099 18.37596,59.10909</coordinates></LinearRing></outerBoundaryIs></Polygon><Polygon><outerBoundaryIs><LinearRing><coordinates> 18.58266,59.06682 18.58714,59.06723 18.58705,59.06768 18.58464,59.06736 18.58266,59.06682</coordinates></LinearRing></outerBoundaryIs></Polygon><Polygon><outerBoundaryIs><LinearRing><coordinates> 18.36683,59.10986 18.36774,59.11131 18.36013,59.11205 18.36008,59.11042 18.36683,59.10986</coordinates></LinearRing></outerBoundaryIs></Polygon><Polygon><outerBoundaryIs><LinearRing><coordinates> 18.41245,59.10044 18.41464,59.10001 18.4166,59.10063 18.41641,59.10142 18.41245,59.10044</coordinates></LinearRing></outerBoundaryIs></Polygon><Polygon><outerBoundaryIs><LinearRing><coordinates> 18.61789,59.05928 18.61979,59.06039 18.61751,59.06058 18.61691,59.05929 18.61789,59.05928</coordinates></LinearRing></outerBoundaryIs></Polygon><Polygon><outerBoundaryIs><LinearRing><coordinates> 18.37707,59.0958 18.41162,59.10183 18.39593,59.10143 18.38335,59.10103 18.37707,59.0958</coordinates></LinearRing></outerBoundaryIs></Polygon><Polygon><outerBoundaryIs><LinearRing><coordinates> 18.59731,59.0623 18.59981,59.06227 18.60168,59.06265 18.60214,59.06331 18.59731,59.0623</coordinates></LinearRing></outerBoundaryIs></Polygon><Polygon><outerBoundaryIs><LinearRing><coordinates> 18.61137,59.05937 18.61188,59.05867 18.61521,59.06043 18.61194,59.06024 18.61137,59.05937</coordinates></LinearRing></outerBoundaryIs></Polygon><Polygon><outerBoundaryIs><LinearRing><coordinates> 18.35295,59.11144 18.35445,59.11238 18.35139,59.11295 18.35046,59.11193 18.35295,59.11144</coordinates></LinearRing></outerBoundaryIs></Polygon><Polygon><outerBoundaryIs><LinearRing><coordinates> 18.52558,59.07652 18.52626,59.07427 18.5289,59.07503 18.5281,59.07706 18.52558,59.07652</coordinates></LinearRing></outerBoundaryIs></Polygon><Polygon><outerBoundaryIs><LinearRing><coordinates> 18.31789,59.11762 18.31641,59.11781 18.31492,59.11682 18.31702,59.11632 18.31789,59.11762</coordinates></LinearRing></outerBoundaryIs></Polygon><Polygon><outerBoundaryIs><LinearRing><coordinates> 18.57573,59.06223 18.58196,59.06268 18.57966,59.06528 18.57838,59.06524 18.57573,59.06223</coordinates></LinearRing></outerBoundaryIs></Polygon><Polygon><outerBoundaryIs><LinearRing><coordinates> 18.54738,59.07037 18.54702,59.07146 18.54566,59.07159 18.54403,59.07034 18.54738,59.07037</coordinates></LinearRing></outerBoundaryIs></Polygon><Polygon><outerBoundaryIs><LinearRing><coordinates> 18.54039,59.06783 18.54242,59.06831 18.5425,59.06917 18.53871,59.06861 18.54039,59.06783</coordinates></LinearRing></outerBoundaryIs></Polygon><Polygon><outerBoundaryIs><LinearRing><coordinates> 18.65183,59.04698 18.6507,59.04587 18.65231,59.04523 18.65302,59.04663 18.65183,59.04698</coordinates></LinearRing></outerBoundaryIs></Polygon><Polygon><outerBoundaryIs><LinearRing><coordinates> 18.31524,59.11421 18.30797,59.11578 18.28714,59.10807 18.31009,59.10987 18.31524,59.11421</coordinates></LinearRing></outerBoundaryIs></Polygon><Polygon><outerBoundaryIs><LinearRing><coordinates> 18.36465,59.10304 18.35393,59.09862 18.35785,59.0986 18.36838,59.10373 18.36465,59.10304</coordinates></LinearRing></outerBoundaryIs></Polygon><Polygon><outerBoundaryIs><LinearRing><coordinates> 18.49927,59.07646 18.49935,59.0754 18.5014,59.07611 18.50025,59.07736 18.49927,59.07646</coordinates></LinearRing></outerBoundaryIs></Polygon><Polygon><outerBoundaryIs><LinearRing><coordinates> 18.36651,59.09651 18.36603,59.09488 18.37362,59.09706 18.37805,59.09905 18.36651,59.09651</coordinates></LinearRing></outerBoundaryIs></Polygon><Polygon><outerBoundaryIs><LinearRing><coordinates> 18.58671,59.05612 18.58552,59.05725 18.58406,59.0571 18.58354,59.05571 18.58671,59.05612</coordinates></LinearRing></outerBoundaryIs></Polygon><Polygon><outerBoundaryIs><LinearRing><coordinates> 18.65412,59.04156 18.65405,59.03977 18.65654,59.03935 18.65587,59.04171 18.65412,59.04156</coordinates></LinearRing></outerBoundaryIs></Polygon><Polygon><outerBoundaryIs><LinearRing><coordinates> 18.57623,59.05521 18.57842,59.05564 18.57976,59.05658 18.57524,59.05797 18.57623,59.05521</coordinates></LinearRing></outerBoundaryIs></Polygon><Polygon><outerBoundaryIs><LinearRing><coordinates> 18.65927,59.03961 18.65925,59.03904 18.66167,59.03688 18.66254,59.03963 18.65927,59.03961</coordinates></LinearRing></outerBoundaryIs></Polygon><Polygon><outerBoundaryIs><LinearRing><coordinates> 18.68732,59.03408 18.68642,59.03382 18.68666,59.03246 18.68819,59.03355 18.68732,59.03408</coordinates></LinearRing></outerBoundaryIs></Polygon><Polygon><outerBoundaryIs><LinearRing><coordinates> 18.59558,59.04834 18.59799,59.05157 18.59241,59.05095 18.59317,59.04808 18.59558,59.04834</coordinates></LinearRing></outerBoundaryIs></Polygon><Polygon><outerBoundaryIs><LinearRing><coordinates> 18.57789,59.05462 18.5792,59.05362 18.5808,59.05392 18.58143,59.05476 18.57789,59.05462</coordinates></LinearRing></outerBoundaryIs></Polygon><Polygon><outerBoundaryIs><LinearRing><coordinates> 18.6504,59.03565 18.65151,59.03621 18.65236,59.04023 18.64704,59.04136 18.6504,59.03565</coordinates></LinearRing></outerBoundaryIs></Polygon><Polygon><outerBoundaryIs><LinearRing><coordinates> 18.47739,59.07309 18.47865,59.07477 18.47366,59.07251 18.47417,59.07144 18.47739,59.07309</coordinates></LinearRing></outerBoundaryIs></Polygon><Polygon><outerBoundaryIs><LinearRing><coordinates> 18.47627,59.04723 18.48486,59.05922 18.48763,59.07295 18.46978,59.04443 18.47627,59.04723</coordinates></LinearRing></outerBoundaryIs></Polygon><Polygon><outerBoundaryIs><LinearRing><coordinates> 18.30542,59.10687 18.30446,59.10391 18.31188,59.10783 18.3082,59.10865 18.30542,59.10687</coordinates></LinearRing></outerBoundaryIs></Polygon><Polygon><outerBoundaryIs><LinearRing><coordinates> 18.5755,59.05399 18.57285,59.0552 18.57273,59.05376 18.57391,59.05327 18.5755,59.05399</coordinates></LinearRing></outerBoundaryIs></Polygon><Polygon><outerBoundaryIs><LinearRing><coordinates> 18.6677,59.03591 18.66543,59.03482 18.66538,59.03443 18.66712,59.0343 18.6677,59.03591</coordinates></LinearRing></outerBoundaryIs></Polygon><Polygon><outerBoundaryIs><LinearRing><coordinates> 18.50855,59.06669 18.50811,59.06344 18.50997,59.06381 18.5111,59.06722 18.50855,59.06669</coordinates></LinearRing></outerBoundaryIs></Polygon><Polygon><outerBoundaryIs><LinearRing><coordinates> 18.55723,59.05702 18.55412,59.05537 18.55509,59.05514 18.55669,59.05556 18.55723,59.05702</coordinates></LinearRing></outerBoundaryIs></Polygon><Polygon><outerBoundaryIs><LinearRing><coordinates> 18.57475,59.05056 18.57482,59.04899 18.57743,59.04953 18.57901,59.05086 18.57475,59.05056</coordinates></LinearRing></outerBoundaryIs></Polygon><Polygon><outerBoundaryIs><LinearRing><coordinates> 18.57075,59.04561 18.57909,59.04738 18.5808,59.04927 18.5719,59.04717 18.57075,59.04561</coordinates></LinearRing></outerBoundaryIs></Polygon><Polygon><outerBoundaryIs><LinearRing><coordinates> 18.29662,59.10453 18.29698,59.10582 18.29327,59.10556 18.29465,59.10421 18.29662,59.10453</coordinates></LinearRing></outerBoundaryIs></Polygon><Polygon><outerBoundaryIs><LinearRing><coordinates> 18.66144,59.03116 18.66381,59.03069 18.66257,59.03222 18.66052,59.03263 18.66144,59.03116</coordinates></LinearRing></outerBoundaryIs></Polygon><Polygon><outerBoundaryIs><LinearRing><coordinates> 18.33957,59.09603 18.34047,59.09679 18.33636,59.09649 18.3374,59.09565 18.33957,59.09603</coordinates></LinearRing></outerBoundaryIs></Polygon><Polygon><outerBoundaryIs><LinearRing><coordinates> 18.64712,59.03524 18.64546,59.03464 18.64531,59.03346 18.64801,59.03293 18.64712,59.03524</coordinates></LinearRing></outerBoundaryIs></Polygon><Polygon><outerBoundaryIs><LinearRing><coordinates> 18.67454,59.0294 18.67019,59.02961 18.67028,59.02899 18.67243,59.02846 18.67454,59.0294</coordinates></LinearRing></outerBoundaryIs></Polygon><Polygon><outerBoundaryIs><LinearRing><coordinates> 18.47854,59.0677 18.4786,59.06618 18.48003,59.06678 18.48064,59.06778 18.47854,59.0677</coordinates></LinearRing></outerBoundaryIs></Polygon><Polygon><outerBoundaryIs><LinearRing><coordinates> 18.48789,59.06497 18.48755,59.06054 18.4935,59.06324 18.49475,59.06474 18.48789,59.06497</coordinates></LinearRing></outerBoundaryIs></Polygon><Polygon><outerBoundaryIs><LinearRing><coordinates> 18.5552,59.04936 18.55652,59.04968 18.55835,59.05171 18.55581,59.05098 18.5552,59.04936</coordinates></LinearRing></outerBoundaryIs></Polygon><Polygon><outerBoundaryIs><LinearRing><coordinates> 18.58578,59.04552 18.58569,59.04619 18.58211,59.0464 18.58104,59.04422 18.58578,59.04552</coordinates></LinearRing></outerBoundaryIs></Polygon><Polygon><outerBoundaryIs><LinearRing><coordinates> 18.54406,59.05423 18.54147,59.05456 18.54234,59.0532 18.54324,59.05332 18.54406,59.05423</coordinates></LinearRing></outerBoundaryIs></Polygon><Polygon><outerBoundaryIs><LinearRing><coordinates> 18.46189,59.05965 18.46765,59.05932 18.47035,59.06828 18.46366,59.06379 18.46189,59.05965</coordinates></LinearRing></outerBoundaryIs></Polygon><Polygon><outerBoundaryIs><LinearRing><coordinates> 18.54573,59.05132 18.54577,59.05109 18.54801,59.05152 18.54691,59.05248 18.54573,59.05132</coordinates></LinearRing></outerBoundaryIs></Polygon><Polygon><outerBoundaryIs><LinearRing><coordinates> 18.55162,59.05085 18.55057,59.05106 18.54877,59.05062 18.54821,59.04972 18.55162,59.05085</coordinates></LinearRing></outerBoundaryIs></Polygon><Polygon><outerBoundaryIs><LinearRing><coordinates> 18.54366,59.03712 18.53906,59.04558 18.54073,59.05258 18.53664,59.04504 18.54366,59.03712</coordinates></LinearRing></outerBoundaryIs></Polygon><Polygon><outerBoundaryIs><LinearRing><coordinates> 18.29387,59.10131 18.29024,59.10128 18.28942,59.10037 18.29314,59.10045 18.29387,59.10131</coordinates></LinearRing></outerBoundaryIs></Polygon><Polygon><outerBoundaryIs><LinearRing><coordinates> 18.58107,59.04191 18.58394,59.04312 18.58395,59.04335 18.57926,59.04317 18.58107,59.04191</coordinates></LinearRing></outerBoundaryIs></Polygon><Polygon><outerBoundaryIs><LinearRing><coordinates> 18.57448,59.04338 18.57698,59.04325 18.57649,59.04477 18.57452,59.04445 18.57448,59.04338</coordinates></LinearRing></outerBoundaryIs></Polygon><Polygon><outerBoundaryIs><LinearRing><coordinates> 18.5473,59.04764 18.54525,59.05007 18.54369,59.04711 18.54526,59.04558 18.5473,59.04764</coordinates></LinearRing></outerBoundaryIs></Polygon><Polygon><outerBoundaryIs><LinearRing><coordinates> 18.5606,59.04515 18.56121,59.04677 18.55836,59.04629 18.55843,59.04534 18.5606,59.04515</coordinates></LinearRing></outerBoundaryIs></Polygon><Polygon><outerBoundaryIs><LinearRing><coordinates> 18.35232,59.08557 18.35095,59.08344 18.35524,59.08487 18.35836,59.08681 18.35232,59.08557</coordinates></LinearRing></outerBoundaryIs></Polygon><Polygon><outerBoundaryIs><LinearRing><coordinates> 18.47302,59.06005 18.47258,59.06364 18.47079,59.06185 18.47098,59.05942 18.47302,59.06005</coordinates></LinearRing></outerBoundaryIs></Polygon><Polygon><outerBoundaryIs><LinearRing><coordinates> 18.65632,59.02566 18.65651,59.02498 18.65855,59.02418 18.65958,59.02551 18.65632,59.02566</coordinates></LinearRing></outerBoundaryIs></Polygon><Polygon><outerBoundaryIs><LinearRing><coordinates> 18.47611,59.06132 18.47434,59.057 18.47597,59.05745 18.47744,59.06193 18.47611,59.06132</coordinates></LinearRing></outerBoundaryIs></Polygon><Polygon><outerBoundaryIs><LinearRing><coordinates> 18.57747,59.04027 18.57932,59.04118 18.57553,59.04132 18.5758,59.04006 18.57747,59.04027</coordinates></LinearRing></outerBoundaryIs></Polygon><Polygon><outerBoundaryIs><LinearRing><coordinates> 18.55646,59.04502 18.55401,59.04358 18.55527,59.04239 18.55723,59.04369 18.55646,59.04502</coordinates></LinearRing></outerBoundaryIs></Polygon><Polygon><outerBoundaryIs><LinearRing><coordinates> 18.35977,59.08131 18.35974,59.08001 18.36153,59.0806 18.36332,59.08206 18.35977,59.08131</coordinates></LinearRing></outerBoundaryIs></Polygon><Polygon><outerBoundaryIs><LinearRing><coordinates> 18.47375,59.05309 18.47097,59.05446 18.47105,59.05304 18.47183,59.05109 18.47375,59.05309</coordinates></LinearRing></outerBoundaryIs></Polygon><Polygon><outerBoundaryIs><LinearRing><coordinates> 18.51108,59.04585 18.50838,59.04351 18.50886,59.0416 18.51054,59.04304 18.51108,59.04585</coordinates></LinearRing></outerBoundaryIs></Polygon><Polygon><outerBoundaryIs><LinearRing><coordinates> 18.46207,59.05295 18.46313,59.05443 18.46185,59.05543 18.46082,59.05385 18.46207,59.05295</coordinates></LinearRing></outerBoundaryIs></Polygon><Polygon><outerBoundaryIs><LinearRing><coordinates> 18.46446,59.05196 18.45983,59.05071 18.46138,59.04507 18.46475,59.04661 18.46446,59.05196</coordinates></LinearRing></outerBoundaryIs></Polygon><Polygon><outerBoundaryIs><LinearRing><coordinates> 18.56222,59.01795 18.57023,59.02294 18.55495,59.03347 18.54243,59.02461 18.56222,59.01795</coordinates></LinearRing></outerBoundaryIs></Polygon><Polygon><outerBoundaryIs><LinearRing><coordinates> 18.32322,59.07137 18.33199,59.07658 18.31772,59.07333 18.3105,59.06878 18.32322,59.07137</coordinates></LinearRing></outerBoundaryIs></Polygon><Polygon><outerBoundaryIs><LinearRing><coordinates> 18.47368,59.0432 18.47515,59.04298 18.47798,59.04604 18.47491,59.04551 18.47368,59.0432</coordinates></LinearRing></outerBoundaryIs></Polygon><Polygon><outerBoundaryIs><LinearRing><coordinates> 18.52048,59.01348 18.53083,59.01675 18.54317,59.03285 18.52467,59.01673 18.52048,59.01348</coordinates></LinearRing></outerBoundaryIs></Polygon><Polygon><outerBoundaryIs><LinearRing><coordinates> 18.34926,59.07133 18.34879,59.06999 18.34534,59.06783 18.34983,59.06852 18.34926,59.07133</coordinates></LinearRing></outerBoundaryIs></Polygon><Polygon><outerBoundaryIs><LinearRing><coordinates> 18.26251,59.07128 18.29734,59.07349 18.30346,59.07765 18.25787,59.07317 18.26251,59.07128</coordinates></LinearRing></outerBoundaryIs></Polygon><Polygon><outerBoundaryIs><LinearRing><coordinates> 18.45029,59.04208 18.45454,59.04547 18.4473,59.04401 18.4468,59.04228 18.45029,59.04208</coordinates></LinearRing></outerBoundaryIs></Polygon><Polygon><outerBoundaryIs><LinearRing><coordinates> 18.34545,59.06441 18.34452,59.06604 18.341,59.06478 18.34145,59.06163 18.34545,59.06441</coordinates></LinearRing></outerBoundaryIs></Polygon><Polygon><outerBoundaryIs><LinearRing><coordinates> 18.27859,59.07711 18.28231,59.07781 18.27371,59.0781 18.27504,59.07739 18.27859,59.07711</coordinates></LinearRing></outerBoundaryIs></Polygon><Polygon><outerBoundaryIs><LinearRing><coordinates> 18.54069,59.02468 18.54095,59.02598 18.53842,59.02521 18.53928,59.0243 18.54069,59.02468</coordinates></LinearRing></outerBoundaryIs></Polygon><Polygon><outerBoundaryIs><LinearRing><coordinates> 18.26784,59.07715 18.26953,59.07821 18.26831,59.07871 18.26635,59.07802 18.26784,59.07715</coordinates></LinearRing></outerBoundaryIs></Polygon><Polygon><outerBoundaryIs><LinearRing><coordinates> 18.51516,59.02605 18.51709,59.02519 18.51923,59.02725 18.51674,59.02755 18.51516,59.02605</coordinates></LinearRing></outerBoundaryIs></Polygon><Polygon><outerBoundaryIs><LinearRing><coordinates> 18.56098,59.01708 18.55789,59.01593 18.55787,59.01543 18.56176,59.0146 18.56098,59.01708</coordinates></LinearRing></outerBoundaryIs></Polygon><Polygon><outerBoundaryIs><LinearRing><coordinates> 18.6317,59.00279 18.62929,58.99967 18.63444,59.00069 18.63457,59.00119 18.6317,59.00279</coordinates></LinearRing></outerBoundaryIs></Polygon><Polygon><outerBoundaryIs><LinearRing><coordinates> 18.33696,59.05898 18.33903,59.05953 18.33928,59.06102 18.33709,59.06022 18.33696,59.05898</coordinates></LinearRing></outerBoundaryIs></Polygon><Polygon><outerBoundaryIs><LinearRing><coordinates> 18.53943,59.01797 18.54238,59.01806 18.54289,59.0191 18.53923,59.01872 18.53943,59.01797</coordinates></LinearRing></outerBoundaryIs></Polygon><Polygon><outerBoundaryIs><LinearRing><coordinates> 18.5041,59.02413 18.50613,59.0231 18.50791,59.02427 18.50458,59.02536 18.5041,59.02413</coordinates></LinearRing></outerBoundaryIs></Polygon><Polygon><outerBoundaryIs><LinearRing><coordinates> 18.30614,59.06325 18.30625,59.06427 18.30308,59.06387 18.30266,59.06253 18.30614,59.06325</coordinates></LinearRing></outerBoundaryIs></Polygon><Polygon><outerBoundaryIs><LinearRing><coordinates> 18.51654,59.02194 18.51545,59.02184 18.51311,59.02057 18.51515,59.01954 18.51654,59.02194</coordinates></LinearRing></outerBoundaryIs></Polygon><Polygon><outerBoundaryIs><LinearRing><coordinates> 18.59491,59.00518 18.59749,59.00426 18.59883,59.00525 18.59494,59.00585 18.59491,59.00518</coordinates></LinearRing></outerBoundaryIs></Polygon><Polygon><outerBoundaryIs><LinearRing><coordinates> 18.31909,59.05361 18.31704,59.05088 18.32035,59.05215 18.32793,59.05798 18.31909,59.05361</coordinates></LinearRing></outerBoundaryIs></Polygon><Polygon><outerBoundaryIs><LinearRing><coordinates> 18.48649,59.0213 18.49491,59.02264 18.49789,59.02359 18.48466,59.02363 18.48649,59.0213</coordinates></LinearRing></outerBoundaryIs></Polygon><Polygon><outerBoundaryIs><LinearRing><coordinates> 18.43754,59.03546 18.43303,59.03403 18.43365,59.03196 18.4365,59.03361 18.43754,59.03546</coordinates></LinearRing></outerBoundaryIs></Polygon><Polygon><outerBoundaryIs><LinearRing><coordinates> 18.59598,59.00169 18.59799,59.00308 18.59417,59.00267 18.59248,59.00117 18.59598,59.00169</coordinates></LinearRing></outerBoundaryIs></Polygon><Polygon><outerBoundaryIs><LinearRing><coordinates> 18.6148,58.99628 18.61338,58.99607 18.61324,58.99529 18.61552,58.99504 18.6148,58.99628</coordinates></LinearRing></outerBoundaryIs></Polygon><Polygon><outerBoundaryIs><LinearRing><coordinates> 18.49663,59.01773 18.49859,59.01787 18.4991,59.01886 18.49665,59.01917 18.49663,59.01773</coordinates></LinearRing></outerBoundaryIs></Polygon><Polygon><outerBoundaryIs><LinearRing><coordinates> 18.51714,59.01298 18.51855,59.01277 18.51817,59.01482 18.51489,59.01481 18.51714,59.01298</coordinates></LinearRing></outerBoundaryIs></Polygon><Polygon><outerBoundaryIs><LinearRing><coordinates> 18.26494,59.06492 18.2573,59.06425 18.25857,59.06227 18.26303,59.06269 18.26494,59.06492</coordinates></LinearRing></outerBoundaryIs></Polygon><Polygon><outerBoundaryIs><LinearRing><coordinates> 18.3529,59.04453 18.35594,59.04429 18.35491,59.0462 18.3536,59.0461 18.3529,59.04453</coordinates></LinearRing></outerBoundaryIs></Polygon><Polygon><outerBoundaryIs><LinearRing><coordinates> 18.45981,59.02431 18.45802,59.02433 18.45291,59.0232 18.45289,59.02252 18.45981,59.02431</coordinates></LinearRing></outerBoundaryIs></Polygon><Polygon><outerBoundaryIs><LinearRing><coordinates> 18.428,59.02678 18.43065,59.02788 18.43189,59.02922 18.42962,59.02974 18.428,59.02678</coordinates></LinearRing></outerBoundaryIs></Polygon><Polygon><outerBoundaryIs><LinearRing><coordinates> 18.49971,59.01076 18.51358,59.0122 18.51176,59.01306 18.50439,59.01187 18.49971,59.01076</coordinates></LinearRing></outerBoundaryIs></Polygon><Polygon><outerBoundaryIs><LinearRing><coordinates> 18.46084,59.01401 18.45922,59.01034 18.47266,59.01516 18.46747,59.01931 18.46084,59.01401</coordinates></LinearRing></outerBoundaryIs></Polygon><Polygon><outerBoundaryIs><LinearRing><coordinates> 18.59537,58.99148 18.59554,58.99025 18.60069,58.99115 18.59912,58.99274 18.59537,58.99148</coordinates></LinearRing></outerBoundaryIs></Polygon><Polygon><outerBoundaryIs><LinearRing><coordinates> 18.25599,59.06013 18.25185,59.06058 18.24911,59.05987 18.24825,59.05657 18.25599,59.06013</coordinates></LinearRing></outerBoundaryIs></Polygon><Polygon><outerBoundaryIs><LinearRing><coordinates> 18.18639,59.06963 18.18669,59.07272 18.18297,59.07235 18.18139,59.07028 18.18639,59.06963</coordinates></LinearRing></outerBoundaryIs></Polygon><Polygon><outerBoundaryIs><LinearRing><coordinates> 18.43473,59.02285 18.43298,59.02287 18.42866,59.01979 18.42931,59.01712 18.43473,59.02285</coordinates></LinearRing></outerBoundaryIs></Polygon><Polygon><outerBoundaryIs><LinearRing><coordinates> 18.59283,58.99078 18.58986,58.99157 18.59048,58.98967 18.59223,58.98946 18.59283,58.99078</coordinates></LinearRing></outerBoundaryIs></Polygon><Polygon><outerBoundaryIs><LinearRing><coordinates> 18.57,58.99412 18.57076,58.99412 18.57288,58.99483 18.56906,58.99535 18.57,58.99412</coordinates></LinearRing></outerBoundaryIs></Polygon><Polygon><outerBoundaryIs><LinearRing><coordinates> 18.45426,59.01791 18.45283,59.01759 18.45088,59.01777 18.44962,59.01599 18.45426,59.01791</coordinates></LinearRing></outerBoundaryIs></Polygon><Polygon><outerBoundaryIs><LinearRing><coordinates> 18.45057,59.01519 18.45246,59.01293 18.45544,59.0143 18.45353,59.01584 18.45057,59.01519</coordinates></LinearRing></outerBoundaryIs></Polygon><Polygon><outerBoundaryIs><LinearRing><coordinates> 18.17043,59.06789 18.17325,59.06737 18.17628,59.0706 18.17202,59.07001 18.17043,59.06789</coordinates></LinearRing></outerBoundaryIs></Polygon><Polygon><outerBoundaryIs><LinearRing><coordinates> 18.43775,59.01553 18.43867,59.01726 18.43615,59.01666 18.4359,59.01582 18.43775,59.01553</coordinates></LinearRing></outerBoundaryIs></Polygon><Polygon><outerBoundaryIs><LinearRing><coordinates> 18.44764,59.01313 18.44907,59.01353 18.44946,59.01411 18.44617,59.01429 18.44764,59.01313</coordinates></LinearRing></outerBoundaryIs></Polygon><Polygon><outerBoundaryIs><LinearRing><coordinates> 18.43785,59.01216 18.44227,59.01408 18.43115,59.01345 18.43653,59.01262 18.43785,59.01216</coordinates></LinearRing></outerBoundaryIs></Polygon><Polygon><outerBoundaryIs><LinearRing><coordinates> 18.56981,58.98551 18.56952,58.98635 18.56745,58.98615 18.5674,58.98486 18.56981,58.98551</coordinates></LinearRing></outerBoundaryIs></Polygon><Polygon><outerBoundaryIs><LinearRing><coordinates> 18.5072,58.99497 18.51038,58.99573 18.5105,58.99601 18.50804,58.99704 18.5072,58.99497</coordinates></LinearRing></outerBoundaryIs></Polygon><Polygon><outerBoundaryIs><LinearRing><coordinates> 18.32065,59.03233 18.32194,59.03255 18.32274,59.03405 18.31982,59.03464 18.32065,59.03233</coordinates></LinearRing></outerBoundaryIs></Polygon><Polygon><outerBoundaryIs><LinearRing><coordinates> 18.17594,59.06028 18.1771,59.06139 18.1737,59.062 18.17384,59.06066 18.17594,59.06028</coordinates></LinearRing></outerBoundaryIs></Polygon><Polygon><outerBoundaryIs><LinearRing><coordinates> 18.55953,58.9837 18.56205,58.98418 18.55802,58.9841 18.55662,58.98154 18.55953,58.9837</coordinates></LinearRing></outerBoundaryIs></Polygon><Polygon><outerBoundaryIs><LinearRing><coordinates> 18.50338,58.99369 18.50235,58.99614 18.49414,58.99145 18.50666,58.99195 18.50338,58.99369</coordinates></LinearRing></outerBoundaryIs></Polygon><Polygon><outerBoundaryIs><LinearRing><coordinates> 18.15978,59.06033 18.16156,59.06183 18.15577,59.06103 18.15692,59.0599 18.15978,59.06033</coordinates></LinearRing></outerBoundaryIs></Polygon><Polygon><outerBoundaryIs><LinearRing><coordinates> 18.19303,59.05286 18.19824,59.05215 18.19513,59.05408 18.19316,59.05353 18.19303,59.05286</coordinates></LinearRing></outerBoundaryIs></Polygon><Polygon><outerBoundaryIs><LinearRing><coordinates> 18.50473,58.98972 18.50546,58.98865 18.50688,58.98891 18.50899,58.99013 18.50473,58.98972</coordinates></LinearRing></outerBoundaryIs></Polygon><Polygon><outerBoundaryIs><LinearRing><coordinates> 18.14856,59.06019 18.13388,59.05287 18.13359,59.04978 18.15401,59.06048 18.14856,59.06019</coordinates></LinearRing></outerBoundaryIs></Polygon><Polygon><outerBoundaryIs><LinearRing><coordinates> 18.21877,59.04572 18.21573,59.04566 18.21486,59.04466 18.21721,59.04442 18.21877,59.04572</coordinates></LinearRing></outerBoundaryIs></Polygon><Polygon><outerBoundaryIs><LinearRing><coordinates> 18.50221,58.98902 18.49957,58.98814 18.49965,58.98741 18.50316,58.98844 18.50221,58.98902</coordinates></LinearRing></outerBoundaryIs></Polygon><Polygon><outerBoundaryIs><LinearRing><coordinates> 18.18906,59.05104 18.13497,59.04837 18.15372,59.04147 18.18637,59.04376 18.18906,59.05104</coordinates></LinearRing></outerBoundaryIs></Polygon><Polygon><outerBoundaryIs><LinearRing><coordinates> 18.18984,59.04873 18.1921,59.04625 18.19897,59.04687 18.19207,59.04962 18.18984,59.04873</coordinates></LinearRing></outerBoundaryIs></Polygon><Polygon><outerBoundaryIs><LinearRing><coordinates> 18.4084,59.00655 18.40534,59.00495 18.40543,59.00428 18.40779,59.00461 18.4084,59.00655</coordinates></LinearRing></outerBoundaryIs></Polygon><Polygon><outerBoundaryIs><LinearRing><coordinates> 18.38056,59.00698 18.39513,59.00658 18.38892,59.01023 18.38328,59.01027 18.38056,59.00698</coordinates></LinearRing></outerBoundaryIs></Polygon><Polygon><outerBoundaryIs><LinearRing><coordinates> 18.44179,58.99669 18.44289,58.99685 18.4474,58.99838 18.44066,58.99844 18.44179,58.99669</coordinates></LinearRing></outerBoundaryIs></Polygon><Polygon><outerBoundaryIs><LinearRing><coordinates> 18.11722,59.06171 18.11697,59.06202 18.11429,59.06123 18.11572,59.05976 18.11722,59.06171</coordinates></LinearRing></outerBoundaryIs></Polygon><Polygon><outerBoundaryIs><LinearRing><coordinates> 18.48135,58.98725 18.47859,58.98525 18.4875,58.98517 18.48661,58.98759 18.48135,58.98725</coordinates></LinearRing></outerBoundaryIs></Polygon><Polygon><outerBoundaryIs><LinearRing><coordinates> 18.39746,59.00487 18.39477,59.00482 18.39529,59.00381 18.39667,59.00409 18.39746,59.00487</coordinates></LinearRing></outerBoundaryIs></Polygon><Polygon><outerBoundaryIs><LinearRing><coordinates> 18.47612,58.98611 18.47719,58.98879 18.47106,58.98751 18.47399,58.98731 18.47612,58.98611</coordinates></LinearRing></outerBoundaryIs></Polygon><Polygon><outerBoundaryIs><LinearRing><coordinates> 18.40412,59.00218 18.40513,59.00313 18.4,59.00244 18.40139,59.00149 18.40412,59.00218</coordinates></LinearRing></outerBoundaryIs></Polygon><Polygon><outerBoundaryIs><LinearRing><coordinates> 18.56754,58.96818 18.57259,58.96662 18.57612,58.96822 18.56672,58.96949 18.56754,58.96818</coordinates></LinearRing></outerBoundaryIs></Polygon><Polygon><outerBoundaryIs><LinearRing><coordinates> 18.57971,58.9652 18.58044,58.96727 18.57474,58.96604 18.57794,58.96449 18.57971,58.9652</coordinates></LinearRing></outerBoundaryIs></Polygon><Polygon><outerBoundaryIs><LinearRing><coordinates> 18.39015,59.00392 18.38972,59.00084 18.39443,59.00159 18.39243,59.00379 18.39015,59.00392</coordinates></LinearRing></outerBoundaryIs></Polygon><Polygon><outerBoundaryIs><LinearRing><coordinates> 18.44975,58.99118 18.44562,58.99099 18.44251,58.98883 18.45593,58.99034 18.44975,58.99118</coordinates></LinearRing></outerBoundaryIs></Polygon><Polygon><outerBoundaryIs><LinearRing><coordinates> 18.59019,58.96089 18.58991,58.96201 18.58917,58.96264 18.58795,58.96187 18.59019,58.96089</coordinates></LinearRing></outerBoundaryIs></Polygon><Polygon><outerBoundaryIs><LinearRing><coordinates> 18.56462,58.96574 18.56323,58.96329 18.56689,58.96522 18.56617,58.96629 18.56462,58.96574</coordinates></LinearRing></outerBoundaryIs></Polygon><Polygon><outerBoundaryIs><LinearRing><coordinates> 18.56067,58.96466 18.56266,58.96554 18.55805,58.96721 18.55641,58.967 18.56067,58.96466</coordinates></LinearRing></outerBoundaryIs></Polygon><Polygon><outerBoundaryIs><LinearRing><coordinates> 18.46518,58.98424 18.4706,58.98375 18.47505,58.9836 18.46315,58.98505 18.46518,58.98424</coordinates></LinearRing></outerBoundaryIs></Polygon><Polygon><outerBoundaryIs><LinearRing><coordinates> 18.57561,58.96305 18.5676,58.96397 18.56552,58.96052 18.57315,58.96123 18.57561,58.96305</coordinates></LinearRing></outerBoundaryIs></Polygon><Polygon><outerBoundaryIs><LinearRing><coordinates> 18.58608,58.95846 18.58493,58.95965 18.58319,58.9595 18.58306,58.95905 18.58608,58.95846</coordinates></LinearRing></outerBoundaryIs></Polygon><Polygon><outerBoundaryIs><LinearRing><coordinates> 18.55461,58.96528 18.55458,58.96444 18.5566,58.9633 18.55655,58.96481 18.55461,58.96528</coordinates></LinearRing></outerBoundaryIs></Polygon><Polygon><outerBoundaryIs><LinearRing><coordinates> 18.17504,59.03536 18.19243,59.02944 18.1755,59.04041 18.15548,59.03673 18.17504,59.03536</coordinates></LinearRing></outerBoundaryIs></Polygon><Polygon><outerBoundaryIs><LinearRing><coordinates> 18.22102,59.02979 18.22173,59.03084 18.219,59.03075 18.21934,59.02946 18.22102,59.02979</coordinates></LinearRing></outerBoundaryIs></Polygon><Polygon><outerBoundaryIs><LinearRing><coordinates> 18.49778,58.97446 18.49839,58.97311 18.50032,58.97259 18.50268,58.97464 18.49778,58.97446</coordinates></LinearRing></outerBoundaryIs></Polygon><Polygon><outerBoundaryIs><LinearRing><coordinates> 18.44189,58.98676 18.43928,58.9865 18.43935,58.98532 18.44171,58.98462 18.44189,58.98676</coordinates></LinearRing></outerBoundaryIs></Polygon><Polygon><outerBoundaryIs><LinearRing><coordinates> 18.3185,59.011 18.31779,59.0089 18.32038,59.009 18.32004,59.01049 18.3185,59.011</coordinates></LinearRing></outerBoundaryIs></Polygon><Polygon><outerBoundaryIs><LinearRing><coordinates> 18.5535,58.96153 18.55388,58.96327 18.54934,58.9637 18.55039,58.96274 18.5535,58.96153</coordinates></LinearRing></outerBoundaryIs></Polygon><Polygon><outerBoundaryIs><LinearRing><coordinates> 18.49071,58.97419 18.49381,58.97282 18.49405,58.97349 18.49248,58.97524 18.49071,58.97419</coordinates></LinearRing></outerBoundaryIs></Polygon><Polygon><outerBoundaryIs><LinearRing><coordinates> 18.55027,58.95988 18.55029,58.96179 18.54876,58.96178 18.54869,58.96011 18.55027,58.95988</coordinates></LinearRing></outerBoundaryIs></Polygon><Polygon><outerBoundaryIs><LinearRing><coordinates> 18.55968,58.95719 18.56182,58.95662 18.56345,58.95892 18.55922,58.95792 18.55968,58.95719</coordinates></LinearRing></outerBoundaryIs></Polygon><Polygon><outerBoundaryIs><LinearRing><coordinates> 18.46629,58.97542 18.47215,58.97492 18.47425,58.97591 18.46602,58.97689 18.46629,58.97542</coordinates></LinearRing></outerBoundaryIs></Polygon><Polygon><outerBoundaryIs><LinearRing><coordinates> 18.46407,58.97713 18.45885,58.97701 18.4602,58.97509 18.46417,58.97364 18.46407,58.97713</coordinates></LinearRing></outerBoundaryIs></Polygon><Polygon><outerBoundaryIs><LinearRing><coordinates> 18.39238,58.98859 18.38766,58.98402 18.3958,58.98356 18.39754,58.99017 18.39238,58.98859</coordinates></LinearRing></outerBoundaryIs></Polygon><Polygon><outerBoundaryIs><LinearRing><coordinates> 18.54341,58.96025 18.54036,58.95989 18.54148,58.95875 18.54317,58.95941 18.54341,58.96025</coordinates></LinearRing></outerBoundaryIs></Polygon><Polygon><outerBoundaryIs><LinearRing><coordinates> 18.53049,58.95928 18.53303,58.96038 18.53143,58.96113 18.52989,58.96063 18.53049,58.95928</coordinates></LinearRing></outerBoundaryIs></Polygon><Polygon><outerBoundaryIs><LinearRing><coordinates> 18.46909,58.97124 18.47151,58.97223 18.47153,58.97285 18.46837,58.97254 18.46909,58.97124</coordinates></LinearRing></outerBoundaryIs></Polygon><Polygon><outerBoundaryIs><LinearRing><coordinates> 18.19029,59.02751 18.19527,59.02641 18.1979,59.02712 18.19041,59.02796 18.19029,59.02751</coordinates></LinearRing></outerBoundaryIs></Polygon><Polygon><outerBoundaryIs><LinearRing><coordinates> 18.55976,58.95468 18.55699,58.95308 18.5575,58.95229 18.56201,58.95387 18.55976,58.95468</coordinates></LinearRing></outerBoundaryIs></Polygon><Polygon><outerBoundaryIs><LinearRing><coordinates> 18.43891,58.97464 18.45486,58.9716 18.45822,58.9746 18.44634,58.97661 18.43891,58.97464</coordinates></LinearRing></outerBoundaryIs></Polygon><Polygon><outerBoundaryIs><LinearRing><coordinates> 18.47804,58.9692 18.47603,58.97073 18.4735,58.97003 18.48157,58.96782 18.47804,58.9692</coordinates></LinearRing></outerBoundaryIs></Polygon><Polygon><outerBoundaryIs><LinearRing><coordinates> 18.51846,58.96137 18.51594,58.96211 18.51643,58.96007 18.51805,58.96069 18.51846,58.96137</coordinates></LinearRing></outerBoundaryIs></Polygon><Polygon><outerBoundaryIs><LinearRing><coordinates> 18.08098,59.04664 18.08168,59.04519 18.08399,59.04583 18.08263,59.04724 18.08098,59.04664</coordinates></LinearRing></outerBoundaryIs></Polygon><Polygon><outerBoundaryIs><LinearRing><coordinates> 18.45753,58.97011 18.45838,58.96966 18.46044,58.9693 18.46073,58.97155 18.45753,58.97011</coordinates></LinearRing></outerBoundaryIs></Polygon><Polygon><outerBoundaryIs><LinearRing><coordinates> 18.43363,58.97695 18.42974,58.97771 18.43047,58.97653 18.432,58.97691 18.43363,58.97695</coordinates></LinearRing></outerBoundaryIs></Polygon><Polygon><outerBoundaryIs><LinearRing><coordinates> 18.22633,59.01575 18.22679,59.01654 18.22046,59.01613 18.21962,59.01434 18.22633,59.01575</coordinates></LinearRing></outerBoundaryIs></Polygon><Polygon><outerBoundaryIs><LinearRing><coordinates> 18.33874,58.99116 18.3388,58.99301 18.33572,58.99186 18.33706,58.99022 18.33874,58.99116</coordinates></LinearRing></outerBoundaryIs></Polygon><Polygon><outerBoundaryIs><LinearRing><coordinates> 18.37464,58.98469 18.37173,58.98539 18.36991,58.98305 18.3744,58.98408 18.37464,58.98469</coordinates></LinearRing></outerBoundaryIs></Polygon><Polygon><outerBoundaryIs><LinearRing><coordinates> 18.06473,59.04571 18.06208,59.0464 18.06236,59.04421 18.06426,59.04441 18.06473,59.04571</coordinates></LinearRing></outerBoundaryIs></Polygon><Polygon><outerBoundaryIs><LinearRing><coordinates> 18.41802,58.97489 18.40397,58.97743 18.40735,58.97121 18.41572,58.97093 18.41802,58.97489</coordinates></LinearRing></outerBoundaryIs></Polygon><Polygon><outerBoundaryIs><LinearRing><coordinates> 18.36427,58.98337 18.36565,58.98241 18.36789,58.98447 18.36345,58.98501 18.36427,58.98337</coordinates></LinearRing></outerBoundaryIs></Polygon><Polygon><outerBoundaryIs><LinearRing><coordinates> 18.32909,58.99197 18.32474,58.992 18.32372,58.99055 18.33081,58.98757 18.32909,58.99197</coordinates></LinearRing></outerBoundaryIs></Polygon><Polygon><outerBoundaryIs><LinearRing><coordinates> 18.39898,58.97764 18.39482,58.97661 18.3982,58.97355 18.40136,58.97734 18.39898,58.97764</coordinates></LinearRing></outerBoundaryIs></Polygon><Polygon><outerBoundaryIs><LinearRing><coordinates> 18.26485,59.0043 18.25752,59.00267 18.26038,59.00007 18.26368,59.00134 18.26485,59.0043</coordinates></LinearRing></outerBoundaryIs></Polygon><Polygon><outerBoundaryIs><LinearRing><coordinates> 18.41945,58.97208 18.41379,58.96848 18.42015,58.96354 18.42505,58.97057 18.41945,58.97208</coordinates></LinearRing></outerBoundaryIs></Polygon><Polygon><outerBoundaryIs><LinearRing><coordinates> 18.20761,59.01177 18.21044,59.0123 18.21092,59.01317 18.207,59.0125 18.20761,59.01177</coordinates></LinearRing></outerBoundaryIs></Polygon><Polygon><outerBoundaryIs><LinearRing><coordinates> 18.0586,59.04278 18.05122,59.03411 18.0522,59.02934 18.06465,59.04066 18.0586,59.04278</coordinates></LinearRing></outerBoundaryIs></Polygon><Polygon><outerBoundaryIs><LinearRing><coordinates> 18.42568,58.96652 18.42877,58.96481 18.42912,58.96885 18.42706,58.96887 18.42568,58.96652</coordinates></LinearRing></outerBoundaryIs></Polygon><Polygon><outerBoundaryIs><LinearRing><coordinates> 18.12471,59.02519 18.12489,59.02368 18.12618,59.02732 18.12193,59.02712 18.12471,59.02519</coordinates></LinearRing></outerBoundaryIs></Polygon><Polygon><outerBoundaryIs><LinearRing><coordinates> 18.08186,59.03596 18.07683,59.03509 18.0756,59.03347 18.07776,59.03284 18.08186,59.03596</coordinates></LinearRing></outerBoundaryIs></Polygon><Polygon><outerBoundaryIs><LinearRing><coordinates> 18.06477,59.01568 18.06581,59.01938 18.08651,59.0347 18.06078,59.02834 18.06477,59.01568</coordinates></LinearRing></outerBoundaryIs></Polygon><Polygon><outerBoundaryIs><LinearRing><coordinates> 18.43257,58.96136 18.43866,58.96141 18.43725,58.96474 18.4321,58.96355 18.43257,58.96136</coordinates></LinearRing></outerBoundaryIs></Polygon><Polygon><outerBoundaryIs><LinearRing><coordinates> 18.44268,58.96155 18.44399,58.96165 18.44554,58.96259 18.4423,58.96329 18.44268,58.96155</coordinates></LinearRing></outerBoundaryIs></Polygon><Polygon><outerBoundaryIs><LinearRing><coordinates> 18.36615,58.97393 18.37083,58.97434 18.37173,58.97523 18.3663,58.97544 18.36615,58.97393</coordinates></LinearRing></outerBoundaryIs></Polygon><Polygon><outerBoundaryIs><LinearRing><coordinates> 18.17842,59.01025 18.18033,59.01265 18.17499,59.01224 18.17624,59.01014 18.17842,59.01025</coordinates></LinearRing></outerBoundaryIs></Polygon><Polygon><outerBoundaryIs><LinearRing><coordinates> 18.4232,58.96048 18.42621,58.9595 18.42645,58.96017 18.42354,58.96413 18.4232,58.96048</coordinates></LinearRing></outerBoundaryIs></Polygon><Polygon><outerBoundaryIs><LinearRing><coordinates> 18.20265,59.00793 18.20004,59.00739 18.2009,59.00593 18.20248,59.00704 18.20265,59.00793</coordinates></LinearRing></outerBoundaryIs></Polygon><Polygon><outerBoundaryIs><LinearRing><coordinates> 18.41365,58.96079 18.41843,58.96075 18.41532,58.96195 18.4144,58.96392 18.41365,58.96079</coordinates></LinearRing></outerBoundaryIs></Polygon><Polygon><outerBoundaryIs><LinearRing><coordinates> 18.43283,58.95928 18.43224,58.95793 18.43669,58.95795 18.43695,58.95907 18.43283,58.95928</coordinates></LinearRing></outerBoundaryIs></Polygon><Polygon><outerBoundaryIs><LinearRing><coordinates> 18.40465,58.96468 18.40492,58.963 18.40759,58.96174 18.4105,58.9643 18.40465,58.96468</coordinates></LinearRing></outerBoundaryIs></Polygon><Polygon><outerBoundaryIs><LinearRing><coordinates> 18.19786,59.00211 18.19948,59.00089 18.20124,59.00205 18.20089,59.00392 18.19786,59.00211</coordinates></LinearRing></outerBoundaryIs></Polygon><Polygon><outerBoundaryIs><LinearRing><coordinates> 18.32596,58.97701 18.32701,58.9758 18.32934,58.97618 18.33004,58.97712 18.32596,58.97701</coordinates></LinearRing></outerBoundaryIs></Polygon><Polygon><outerBoundaryIs><LinearRing><coordinates> 18.32916,58.97328 18.33082,58.97371 18.33218,58.97544 18.32781,58.97469 18.32916,58.97328</coordinates></LinearRing></outerBoundaryIs></Polygon><Polygon><outerBoundaryIs><LinearRing><coordinates> 18.32193,58.97434 18.31841,58.97297 18.31525,58.96912 18.32499,58.9714 18.32193,58.97434</coordinates></LinearRing></outerBoundaryIs></Polygon><Polygon><outerBoundaryIs><LinearRing><coordinates> 18.1974,58.9953 18.20056,58.99612 18.20147,58.99735 18.19845,58.99877 18.1974,58.9953</coordinates></LinearRing></outerBoundaryIs></Polygon><Polygon><outerBoundaryIs><LinearRing><coordinates> 18.17502,58.99978 18.177,59.00019 18.17652,59.00302 18.17473,59.00205 18.17502,58.99978</coordinates></LinearRing></outerBoundaryIs></Polygon><Polygon><outerBoundaryIs><LinearRing><coordinates> 18.04841,59.02783 18.04683,59.02624 18.04813,59.02537 18.04915,59.02604 18.04841,59.02783</coordinates></LinearRing></outerBoundaryIs></Polygon><Polygon><outerBoundaryIs><LinearRing><coordinates> 18.17828,58.99633 18.1784,58.99689 18.17376,58.9985 18.17522,58.99601 18.17828,58.99633</coordinates></LinearRing></outerBoundaryIs></Polygon><Polygon><outerBoundaryIs><LinearRing><coordinates> 18.04238,59.01871 18.04532,59.0181 18.04945,59.02279 18.04639,59.0223 18.04238,59.01871</coordinates></LinearRing></outerBoundaryIs></Polygon><Polygon><outerBoundaryIs><LinearRing><coordinates> 18.18331,58.9942 18.18245,58.99617 18.18068,58.99623 18.18118,58.99409 18.18331,58.9942</coordinates></LinearRing></outerBoundaryIs></Polygon><Polygon><outerBoundaryIs><LinearRing><coordinates> 17.67665,59.08626 17.67793,59.09395 17.67542,59.09317 17.67209,59.08808 17.67665,59.08626</coordinates></LinearRing></outerBoundaryIs></Polygon><Polygon><outerBoundaryIs><LinearRing><coordinates> 18.18101,58.9843 18.17956,58.99537 18.16445,58.98711 18.16862,58.97989 18.18101,58.9843</coordinates></LinearRing></outerBoundaryIs></Polygon><Polygon><outerBoundaryIs><LinearRing><coordinates> 18.30876,58.96642 18.30797,58.96912 18.2972,58.96499 18.29676,58.96096 18.30876,58.96642</coordinates></LinearRing></outerBoundaryIs></Polygon><Polygon><outerBoundaryIs><LinearRing><coordinates> 18.30076,58.96849 18.30211,58.96976 18.29821,58.96926 18.29767,58.96748 18.30076,58.96849</coordinates></LinearRing></outerBoundaryIs></Polygon><Polygon><outerBoundaryIs><LinearRing><coordinates> 18.07271,59.01415 18.07241,59.01485 18.06961,59.01485 18.06922,59.01315 18.07271,59.01415</coordinates></LinearRing></outerBoundaryIs></Polygon><Polygon><outerBoundaryIs><LinearRing><coordinates> 18.16905,58.99542 18.16802,58.995 18.16839,58.99391 18.17013,58.9949 18.16905,58.99542</coordinates></LinearRing></outerBoundaryIs></Polygon><Polygon><outerBoundaryIs><LinearRing><coordinates> 18.04859,59.00638 18.04914,58.99922 18.06112,59.01419 18.05553,59.01725 18.04859,59.00638</coordinates></LinearRing></outerBoundaryIs></Polygon><Polygon><outerBoundaryIs><LinearRing><coordinates> 18.18063,58.9783 18.19348,58.98315 18.19116,58.99018 18.18862,58.9843 18.18063,58.9783</coordinates></LinearRing></outerBoundaryIs></Polygon><Polygon><outerBoundaryIs><LinearRing><coordinates> 18.16635,58.99377 18.16438,58.99346 18.164,58.99198 18.16501,58.99198 18.16635,58.99377</coordinates></LinearRing></outerBoundaryIs></Polygon><Polygon><outerBoundaryIs><LinearRing><coordinates> 18.07344,59.01081 18.07296,59.00879 18.07492,59.00883 18.07627,59.01085 18.07344,59.01081</coordinates></LinearRing></outerBoundaryIs></Polygon><Polygon><outerBoundaryIs><LinearRing><coordinates> 18.28819,58.96659 18.28885,58.96863 18.28701,58.96838 18.28597,58.96667 18.28819,58.96659</coordinates></LinearRing></outerBoundaryIs></Polygon><Polygon><outerBoundaryIs><LinearRing><coordinates> 18.0709,59.00891 18.06646,59.00984 18.06495,59.00592 18.06779,59.00635 18.0709,59.00891</coordinates></LinearRing></outerBoundaryIs></Polygon><Polygon><outerBoundaryIs><LinearRing><coordinates> 18.33148,58.95232 18.33842,58.95193 18.33987,58.95046 18.3408,58.95522 18.33148,58.95232</coordinates></LinearRing></outerBoundaryIs></Polygon><Polygon><outerBoundaryIs><LinearRing><coordinates> 18.34561,58.95344 18.34478,58.95239 18.34661,58.95203 18.34714,58.95291 18.34561,58.95344</coordinates></LinearRing></outerBoundaryIs></Polygon><Polygon><outerBoundaryIs><LinearRing><coordinates> 18.33477,58.94988 18.33321,58.94849 18.3347,58.94769 18.33739,58.95013 18.33477,58.94988</coordinates></LinearRing></outerBoundaryIs></Polygon><Polygon><outerBoundaryIs><LinearRing><coordinates> 17.66254,59.08052 17.66126,59.08074 17.65809,59.07908 17.65807,59.07779 17.66254,59.08052</coordinates></LinearRing></outerBoundaryIs></Polygon><Polygon><outerBoundaryIs><LinearRing><coordinates> 18.32223,58.95095 18.32015,58.95134 18.31806,58.95041 18.32087,58.94982 18.32223,58.95095</coordinates></LinearRing></outerBoundaryIs></Polygon><Polygon><outerBoundaryIs><LinearRing><coordinates> 18.17613,58.97642 18.17717,58.9786 18.17152,58.97887 18.17095,58.97792 18.17613,58.97642</coordinates></LinearRing></outerBoundaryIs></Polygon><Polygon><outerBoundaryIs><LinearRing><coordinates> 17.65319,59.08011 17.65156,59.07657 17.65677,59.07558 17.65609,59.07762 17.65319,59.08011</coordinates></LinearRing></outerBoundaryIs></Polygon><Polygon><outerBoundaryIs><LinearRing><coordinates> 18.06151,58.99968 18.06288,58.99888 18.06422,58.99911 18.06498,59.00002 18.06151,58.99968</coordinates></LinearRing></outerBoundaryIs></Polygon><Polygon><outerBoundaryIs><LinearRing><coordinates> 18.31234,58.9474 18.31135,58.94756 18.30982,58.94678 18.31305,58.94664 18.31234,58.9474</coordinates></LinearRing></outerBoundaryIs></Polygon><Polygon><outerBoundaryIs><LinearRing><coordinates> 17.98546,58.95255 18.00074,58.95189 18.04632,58.99929 17.96062,58.94975 17.98546,58.95255</coordinates></LinearRing></outerBoundaryIs></Polygon><Polygon><outerBoundaryIs><LinearRing><coordinates> 18.1637,58.97493 18.16351,58.97606 18.15781,58.97413 18.15864,58.97261 18.1637,58.97493</coordinates></LinearRing></outerBoundaryIs></Polygon><Polygon><outerBoundaryIs><LinearRing><coordinates> 18.30985,58.94082 18.30916,58.93947 18.31952,58.94125 18.3205,58.94472 18.30985,58.94082</coordinates></LinearRing></outerBoundaryIs></Polygon><Polygon><outerBoundaryIs><LinearRing><coordinates> 18.01805,58.99518 18.02137,58.99741 18.02483,59.00149 18.01721,58.99615 18.01805,58.99518</coordinates></LinearRing></outerBoundaryIs></Polygon><Polygon><outerBoundaryIs><LinearRing><coordinates> 17.71238,59.05725 17.71132,59.05271 17.7178,59.05561 17.71676,59.05942 17.71238,59.05725</coordinates></LinearRing></outerBoundaryIs></Polygon><Polygon><outerBoundaryIs><LinearRing><coordinates> 18.32472,58.937 18.32774,58.93663 18.32963,58.93797 18.32474,58.93778 18.32472,58.937</coordinates></LinearRing></outerBoundaryIs></Polygon><Polygon><outerBoundaryIs><LinearRing><coordinates> 18.32073,58.93809 18.32026,58.93681 18.32319,58.93673 18.32314,58.93852 18.32073,58.93809</coordinates></LinearRing></outerBoundaryIs></Polygon><Polygon><outerBoundaryIs><LinearRing><coordinates> 18.308,58.93707 18.30731,58.93909 18.30422,58.93766 18.30396,58.93626 18.308,58.93707</coordinates></LinearRing></outerBoundaryIs></Polygon><Polygon><outerBoundaryIs><LinearRing><coordinates> 18.30102,58.93993 18.29907,58.9404 18.29842,58.93921 18.30131,58.93926 18.30102,58.93993</coordinates></LinearRing></outerBoundaryIs></Polygon><Polygon><outerBoundaryIs><LinearRing><coordinates> 17.72529,59.04911 17.72447,59.0495 17.72055,59.04682 17.72465,59.04728 17.72529,59.04911</coordinates></LinearRing></outerBoundaryIs></Polygon><Polygon><outerBoundaryIs><LinearRing><coordinates> 17.73107,59.04535 17.73143,59.04815 17.72761,59.04743 17.72902,59.04576 17.73107,59.04535</coordinates></LinearRing></outerBoundaryIs></Polygon><Polygon><outerBoundaryIs><LinearRing><coordinates> 18.29224,58.93697 18.29237,58.93641 18.29445,58.9359 18.29407,58.93729 18.29224,58.93697</coordinates></LinearRing></outerBoundaryIs></Polygon><Polygon><outerBoundaryIs><LinearRing><coordinates> 18.39648,58.9134 18.39863,58.91265 18.39985,58.91342 18.39649,58.91379 18.39648,58.9134</coordinates></LinearRing></outerBoundaryIs></Polygon><Polygon><outerBoundaryIs><LinearRing><coordinates> 18.05235,58.9822 18.04872,58.98008 18.04021,58.96463 18.04353,58.96148 18.05235,58.9822</coordinates></LinearRing></outerBoundaryIs></Polygon><Polygon><outerBoundaryIs><LinearRing><coordinates> 18.13472,58.96311 18.13178,58.96279 18.13055,58.96163 18.13643,58.96215 18.13472,58.96311</coordinates></LinearRing></outerBoundaryIs></Polygon><Polygon><outerBoundaryIs><LinearRing><coordinates> 17.99502,58.99043 17.99392,58.99015 17.99321,58.98735 17.99596,58.98857 17.99502,58.99043</coordinates></LinearRing></outerBoundaryIs></Polygon><Polygon><outerBoundaryIs><LinearRing><coordinates> 18.10674,58.96813 18.10466,58.9682 18.10387,58.96619 18.10648,58.96729 18.10674,58.96813</coordinates></LinearRing></outerBoundaryIs></Polygon><Polygon><outerBoundaryIs><LinearRing><coordinates> 18.09691,58.96778 18.09853,58.96738 18.1016,58.96865 18.09555,58.96987 18.09691,58.96778</coordinates></LinearRing></outerBoundaryIs></Polygon><Polygon><outerBoundaryIs><LinearRing><coordinates> 18.0033,58.9876 18.0013,58.98705 18.00085,58.98616 18.00492,58.98711 18.0033,58.9876</coordinates></LinearRing></outerBoundaryIs></Polygon><Polygon><outerBoundaryIs><LinearRing><coordinates> 18.08644,58.96931 18.08714,58.97032 18.08459,58.97018 18.08495,58.96901 18.08644,58.96931</coordinates></LinearRing></outerBoundaryIs></Polygon><Polygon><outerBoundaryIs><LinearRing><coordinates> 18.09842,58.96602 18.09922,58.96556 18.10065,58.96545 18.10191,58.96675 18.09842,58.96602</coordinates></LinearRing></outerBoundaryIs></Polygon><Polygon><outerBoundaryIs><LinearRing><coordinates> 18.18468,58.94976 18.17803,58.94464 18.18036,58.93851 18.18819,58.94311 18.18468,58.94976</coordinates></LinearRing></outerBoundaryIs></Polygon><Polygon><outerBoundaryIs><LinearRing><coordinates> 18.12241,58.96196 18.11879,58.95915 18.12541,58.95997 18.12575,58.96075 18.12241,58.96196</coordinates></LinearRing></outerBoundaryIs></Polygon><Polygon><outerBoundaryIs><LinearRing><coordinates> 18.00115,58.98226 17.99986,58.98451 17.99836,58.98379 17.99767,58.98183 18.00115,58.98226</coordinates></LinearRing></outerBoundaryIs></Polygon><Polygon><outerBoundaryIs><LinearRing><coordinates> 18.08021,58.96741 18.08098,58.96693 18.08328,58.96794 18.08125,58.96827 18.08021,58.96741</coordinates></LinearRing></outerBoundaryIs></Polygon><Polygon><outerBoundaryIs><LinearRing><coordinates> 18.07558,58.96622 18.07641,58.96425 18.07857,58.96529 18.07697,58.96636 18.07558,58.96622</coordinates></LinearRing></outerBoundaryIs></Polygon><Polygon><outerBoundaryIs><LinearRing><coordinates> 17.64614,59.03673 17.64328,59.04893 17.63074,59.02671 17.63723,59.00921 17.64614,59.03673</coordinates></LinearRing></outerBoundaryIs></Polygon><Polygon><outerBoundaryIs><LinearRing><coordinates> 18.19407,58.94134 18.19067,58.94096 18.18971,58.93922 18.19174,58.93984 18.19407,58.94134</coordinates></LinearRing></outerBoundaryIs></Polygon><Polygon><outerBoundaryIs><LinearRing><coordinates> 17.99541,58.9793 17.99643,58.97796 17.99761,58.97842 17.998,58.97958 17.99541,58.9793</coordinates></LinearRing></outerBoundaryIs></Polygon><Polygon><outerBoundaryIs><LinearRing><coordinates> 17.98734,58.9816 17.9811,58.97956 17.98411,58.97814 17.98686,58.97981 17.98734,58.9816</coordinates></LinearRing></outerBoundaryIs></Polygon><Polygon><outerBoundaryIs><LinearRing><coordinates> 18.17099,58.94138 18.17349,58.93788 18.17583,58.93938 18.17548,58.94264 18.17099,58.94138</coordinates></LinearRing></outerBoundaryIs></Polygon><Polygon><outerBoundaryIs><LinearRing><coordinates> 18.11513,58.95212 18.116,58.95316 18.1147,58.95353 18.11235,58.95197 18.11513,58.95212</coordinates></LinearRing></outerBoundaryIs></Polygon><Polygon><outerBoundaryIs><LinearRing><coordinates> 18.10818,58.95423 18.10644,58.95462 18.10437,58.95271 18.10797,58.95376 18.10818,58.95423</coordinates></LinearRing></outerBoundaryIs></Polygon><Polygon><outerBoundaryIs><LinearRing><coordinates> 18.10338,58.95169 18.10022,58.95165 18.09899,58.94981 18.1005,58.94952 18.10338,58.95169</coordinates></LinearRing></outerBoundaryIs></Polygon><Polygon><outerBoundaryIs><LinearRing><coordinates> 18.06507,58.95322 18.07232,58.95676 18.06982,58.95689 18.065,58.9549 18.06507,58.95322</coordinates></LinearRing></outerBoundaryIs></Polygon><Polygon><outerBoundaryIs><LinearRing><coordinates> 18.03935,58.95915 18.03905,58.96033 18.03642,58.95955 18.0378,58.95775 18.03935,58.95915</coordinates></LinearRing></outerBoundaryIs></Polygon><Polygon><outerBoundaryIs><LinearRing><coordinates> 18.03046,58.96139 18.02751,58.96044 18.02777,58.95907 18.02992,58.95968 18.03046,58.96139</coordinates></LinearRing></outerBoundaryIs></Polygon><Polygon><outerBoundaryIs><LinearRing><coordinates> 18.08985,58.94914 18.07975,58.94909 18.0803,58.94493 18.08805,58.94673 18.08985,58.94914</coordinates></LinearRing></outerBoundaryIs></Polygon><Polygon><outerBoundaryIs><LinearRing><coordinates> 18.0574,58.95 18.06138,58.94847 18.06157,58.95189 18.05711,58.95175 18.0574,58.95</coordinates></LinearRing></outerBoundaryIs></Polygon><Polygon><outerBoundaryIs><LinearRing><coordinates> 18.03532,58.95129 18.0345,58.95246 18.03249,58.95185 18.0338,58.95049 18.03532,58.95129</coordinates></LinearRing></outerBoundaryIs></Polygon><Polygon><outerBoundaryIs><LinearRing><coordinates> 18.04829,58.94922 18.04573,58.94894 18.04634,58.94672 18.04842,58.94814 18.04829,58.94922</coordinates></LinearRing></outerBoundaryIs></Polygon><Polygon><outerBoundaryIs><LinearRing><coordinates> 18.07291,58.9429 18.07377,58.94417 18.07128,58.94386 18.07135,58.94244 18.07291,58.9429</coordinates></LinearRing></outerBoundaryIs></Polygon><Polygon><outerBoundaryIs><LinearRing><coordinates> 18.08477,58.94069 18.08344,58.93873 18.08724,58.93978 18.08748,58.94068 18.08477,58.94069</coordinates></LinearRing></outerBoundaryIs></Polygon><Polygon><outerBoundaryIs><LinearRing><coordinates> 18.06064,58.94398 18.05394,58.9411 18.05325,58.9392 18.05574,58.93901 18.06064,58.94398</coordinates></LinearRing></outerBoundaryIs></Polygon><Polygon><outerBoundaryIs><LinearRing><coordinates> 18.18387,58.91867 18.1807,58.91774 18.17823,58.91405 18.18062,58.91471 18.18387,58.91867</coordinates></LinearRing></outerBoundaryIs></Polygon><Polygon><outerBoundaryIs><LinearRing><coordinates> 17.96569,58.96045 17.96664,58.95879 17.96826,58.95879 17.96895,58.95925 17.96569,58.96045</coordinates></LinearRing></outerBoundaryIs></Polygon><Polygon><outerBoundaryIs><LinearRing><coordinates> 17.98168,58.94446 17.98095,58.94544 17.9795,58.9454 17.97911,58.94346 17.98168,58.94446</coordinates></LinearRing></outerBoundaryIs></Polygon><Polygon><outerBoundaryIs><LinearRing><coordinates> 18.17603,58.90492 18.16768,58.8965 18.16957,58.89402 18.17893,58.89552 18.17603,58.90492</coordinates></LinearRing></outerBoundaryIs></Polygon><Polygon><outerBoundaryIs><LinearRing><coordinates> 18.03327,58.93088 18.03386,58.93231 18.03222,58.93266 18.03169,58.93109 18.03327,58.93088</coordinates></LinearRing></outerBoundaryIs></Polygon><Polygon><outerBoundaryIs><LinearRing><coordinates> 18.03209,58.92501 18.02953,58.93187 18.02778,58.93132 18.02686,58.92363 18.03209,58.92501</coordinates></LinearRing></outerBoundaryIs></Polygon><Polygon><outerBoundaryIs><LinearRing><coordinates> 18.14342,58.89773 18.1629,58.90489 18.15642,58.90607 18.15145,58.90227 18.14342,58.89773</coordinates></LinearRing></outerBoundaryIs></Polygon><Polygon><outerBoundaryIs><LinearRing><coordinates> 18.18774,58.8972 18.18885,58.8986 18.18638,58.89899 18.18628,58.89722 18.18774,58.8972</coordinates></LinearRing></outerBoundaryIs></Polygon><Polygon><outerBoundaryIs><LinearRing><coordinates> 18.14343,58.90682 18.1404,58.90734 18.14101,58.90565 18.14228,58.90503 18.14343,58.90682</coordinates></LinearRing></outerBoundaryIs></Polygon><Polygon><outerBoundaryIs><LinearRing><coordinates> 18.02008,58.92704 18.02435,58.92847 18.02536,58.92965 18.02047,58.92956 18.02008,58.92704</coordinates></LinearRing></outerBoundaryIs></Polygon><Polygon><outerBoundaryIs><LinearRing><coordinates> 18.16472,58.89955 18.16469,58.8982 18.16686,58.89841 18.16735,58.90043 18.16472,58.89955</coordinates></LinearRing></outerBoundaryIs></Polygon><Polygon><outerBoundaryIs><LinearRing><coordinates> 18.13884,58.90135 18.1391,58.90297 18.13729,58.9041 18.13582,58.90176 18.13884,58.90135</coordinates></LinearRing></outerBoundaryIs></Polygon><Polygon><outerBoundaryIs><LinearRing><coordinates> 18.13018,58.90196 18.12907,58.90354 18.12561,58.90126 18.12601,58.89997 18.13018,58.90196</coordinates></LinearRing></outerBoundaryIs></Polygon><Polygon><outerBoundaryIs><LinearRing><coordinates> 18.12402,58.89835 18.12188,58.90387 18.1152,58.9011 18.11583,58.89751 18.12402,58.89835</coordinates></LinearRing></outerBoundaryIs></Polygon><Polygon><outerBoundaryIs><LinearRing><coordinates> 17.71102,58.97838 17.71143,58.97123 17.71984,58.97178 17.71484,58.98312 17.71102,58.97838</coordinates></LinearRing></outerBoundaryIs></Polygon><Polygon><outerBoundaryIs><LinearRing><coordinates> 17.97632,58.93145 17.97627,58.9315 17.97621,58.93148 17.97628,58.93142 17.97632,58.93145</coordinates></LinearRing></outerBoundaryIs></Polygon><Polygon><outerBoundaryIs><LinearRing><coordinates> 17.97561,58.93085 17.97538,58.93102 17.97527,58.93101 17.9756,58.9308 17.97561,58.93085</coordinates></LinearRing></outerBoundaryIs></Polygon><Polygon><outerBoundaryIs><LinearRing><coordinates> 17.97487,58.93067 17.97509,58.93055 17.9753,58.93079 17.97506,58.931 17.97487,58.93067</coordinates></LinearRing></outerBoundaryIs></Polygon><Polygon><outerBoundaryIs><LinearRing><coordinates> 18.1396,58.89691 18.14118,58.89499 18.14241,58.8965 18.14179,58.89745 18.1396,58.89691</coordinates></LinearRing></outerBoundaryIs></Polygon><Polygon><outerBoundaryIs><LinearRing><coordinates> 17.97498,58.92912 17.97477,58.9286 17.97518,58.92797 17.97601,58.92877 17.97498,58.92912</coordinates></LinearRing></outerBoundaryIs></Polygon><Polygon><outerBoundaryIs><LinearRing><coordinates> 18.14885,58.89196 18.14856,58.89276 18.14578,58.89244 18.14598,58.89069 18.14885,58.89196</coordinates></LinearRing></outerBoundaryIs></Polygon><Polygon><outerBoundaryIs><LinearRing><coordinates> 18.10417,58.8982 18.10644,58.89762 18.10694,58.90043 18.10564,58.90049 18.10417,58.8982</coordinates></LinearRing></outerBoundaryIs></Polygon><Polygon><outerBoundaryIs><LinearRing><coordinates> 17.97767,58.92409 17.9763,58.92591 17.97598,58.92486 17.97675,58.92346 17.97767,58.92409</coordinates></LinearRing></outerBoundaryIs></Polygon><Polygon><outerBoundaryIs><LinearRing><coordinates> 17.97746,58.9228 17.97042,58.91998 17.97224,58.91693 17.97815,58.91807 17.97746,58.9228</coordinates></LinearRing></outerBoundaryIs></Polygon><Polygon><outerBoundaryIs><LinearRing><coordinates> 18.02165,58.91408 18.02022,58.91398 18.01868,58.91192 18.02049,58.91187 18.02165,58.91408</coordinates></LinearRing></outerBoundaryIs></Polygon><Polygon><outerBoundaryIs><LinearRing><coordinates> 18.09513,58.8964 18.09602,58.89713 18.08949,58.89616 18.08923,58.89442 18.09513,58.8964</coordinates></LinearRing></outerBoundaryIs></Polygon><Polygon><outerBoundaryIs><LinearRing><coordinates> 18.10978,58.89221 18.11231,58.8937 18.10657,58.89397 18.10489,58.89174 18.10978,58.89221</coordinates></LinearRing></outerBoundaryIs></Polygon><Polygon><outerBoundaryIs><LinearRing><coordinates> 18.09963,58.89543 18.10022,58.89607 18.09718,58.89663 18.09826,58.89528 18.09963,58.89543</coordinates></LinearRing></outerBoundaryIs></Polygon><Polygon><outerBoundaryIs><LinearRing><coordinates> 17.72537,58.95725 17.72992,58.95633 17.72829,58.96487 17.72437,58.96426 17.72537,58.95725</coordinates></LinearRing></outerBoundaryIs></Polygon><Polygon><outerBoundaryIs><LinearRing><coordinates> 18.12418,58.88702 18.12074,58.88816 18.12093,58.88687 18.12277,58.88579 18.12418,58.88702</coordinates></LinearRing></outerBoundaryIs></Polygon><Polygon><outerBoundaryIs><LinearRing><coordinates> 18.10007,58.88993 18.1018,58.89038 18.10251,58.89108 18.09887,58.89076 18.10007,58.88993</coordinates></LinearRing></outerBoundaryIs></Polygon><Polygon><outerBoundaryIs><LinearRing><coordinates> 18.09225,58.88896 18.09397,58.88866 18.09521,58.89034 18.09153,58.89058 18.09225,58.88896</coordinates></LinearRing></outerBoundaryIs></Polygon><Polygon><outerBoundaryIs><LinearRing><coordinates> 17.98527,58.91174 17.98287,58.91135 17.98065,58.90856 17.98335,58.90827 17.98527,58.91174</coordinates></LinearRing></outerBoundaryIs></Polygon><Polygon><outerBoundaryIs><LinearRing><coordinates> 18.20617,58.86379 18.20778,58.86288 18.20869,58.86467 18.20641,58.86452 18.20617,58.86379</coordinates></LinearRing></outerBoundaryIs></Polygon><Polygon><outerBoundaryIs><LinearRing><coordinates> 17.96239,58.87885 17.98105,58.90704 17.95893,58.89151 17.95584,58.87669 17.96239,58.87885</coordinates></LinearRing></outerBoundaryIs></Polygon><Polygon><outerBoundaryIs><LinearRing><coordinates> 17.96837,58.89011 17.96848,58.88824 17.96628,58.88761 17.96583,58.88998 17.96837,58.89011</coordinates></LinearRing></outerBoundaryIs></Polygon><Polygon><outerBoundaryIs><LinearRing><coordinates> 18.2005,58.8622 18.20063,58.86304 18.19704,58.86262 18.19864,58.86154 18.2005,58.8622</coordinates></LinearRing></outerBoundaryIs></Polygon><Polygon><outerBoundaryIs><LinearRing><coordinates> 17.98389,58.90254 17.98514,58.90528 17.98088,58.90373 17.98147,58.90121 17.98389,58.90254</coordinates></LinearRing></outerBoundaryIs></Polygon><Polygon><outerBoundaryIs><LinearRing><coordinates> 17.95926,58.90883 17.95946,58.90853 17.95992,58.90859 17.95995,58.90862 17.95926,58.90883</coordinates></LinearRing></outerBoundaryIs></Polygon><Polygon><outerBoundaryIs><LinearRing><coordinates> 18.08511,58.88274 18.08424,58.88167 18.08862,58.88184 18.08687,58.88304 18.08511,58.88274</coordinates></LinearRing></outerBoundaryIs></Polygon><Polygon><outerBoundaryIs><LinearRing><coordinates> 18.09303,58.87985 18.09277,58.8816 18.09111,58.8812 18.09203,58.87948 18.09303,58.87985</coordinates></LinearRing></outerBoundaryIs></Polygon><Polygon><outerBoundaryIs><LinearRing><coordinates> 18.10055,58.8778 18.1024,58.87746 18.10348,58.87842 18.10176,58.8796 18.10055,58.8778</coordinates></LinearRing></outerBoundaryIs></Polygon><Polygon><outerBoundaryIs><LinearRing><coordinates> 18.09948,58.87819 18.09733,58.87932 18.09535,58.87788 18.09957,58.87746 18.09948,58.87819</coordinates></LinearRing></outerBoundaryIs></Polygon><Polygon><outerBoundaryIs><LinearRing><coordinates> 18.08516,58.87766 18.08913,58.87595 18.08909,58.8791 18.08595,58.87917 18.08516,58.87766</coordinates></LinearRing></outerBoundaryIs></Polygon><Polygon><outerBoundaryIs><LinearRing><coordinates> 18.18759,58.85724 18.18926,58.85903 18.18479,58.85788 18.18652,58.85776 18.18759,58.85724</coordinates></LinearRing></outerBoundaryIs></Polygon><Polygon><outerBoundaryIs><LinearRing><coordinates> 17.98136,58.89584 17.98135,58.89406 17.98329,58.89455 17.98428,58.89687 17.98136,58.89584</coordinates></LinearRing></outerBoundaryIs></Polygon><Polygon><outerBoundaryIs><LinearRing><coordinates> 18.0821,58.8765 18.08389,58.87441 18.08455,58.87497 18.08373,58.877 18.0821,58.8765</coordinates></LinearRing></outerBoundaryIs></Polygon><Polygon><outerBoundaryIs><LinearRing><coordinates> 17.70683,58.94679 17.70562,58.9501 17.70294,58.94671 17.70346,58.94574 17.70683,58.94679</coordinates></LinearRing></outerBoundaryIs></Polygon><Polygon><outerBoundaryIs><LinearRing><coordinates> 18.07582,58.87676 18.07792,58.87394 18.07986,58.87337 18.08194,58.87442 18.07582,58.87676</coordinates></LinearRing></outerBoundaryIs></Polygon><Polygon><outerBoundaryIs><LinearRing><coordinates> 18.00199,58.8909 18.00007,58.89067 17.99937,58.88919 18.00132,58.88924 18.00199,58.8909</coordinates></LinearRing></outerBoundaryIs></Polygon><Polygon><outerBoundaryIs><LinearRing><coordinates> 17.97978,58.89407 17.97836,58.89415 17.97761,58.89324 17.97894,58.89287 17.97978,58.89407</coordinates></LinearRing></outerBoundaryIs></Polygon><Polygon><outerBoundaryIs><LinearRing><coordinates> 17.94782,58.89763 17.94845,58.89801 17.94777,58.89888 17.94683,58.89826 17.94782,58.89763</coordinates></LinearRing></outerBoundaryIs></Polygon><Polygon><outerBoundaryIs><LinearRing><coordinates> 17.9537,58.89606 17.9536,58.8962 17.95351,58.89615 17.95342,58.89603 17.9537,58.89606</coordinates></LinearRing></outerBoundaryIs></Polygon><Polygon><outerBoundaryIs><LinearRing><coordinates> 17.97625,58.88916 17.97727,58.89151 17.97282,58.89115 17.97494,58.88866 17.97625,58.88916</coordinates></LinearRing></outerBoundaryIs></Polygon><Polygon><outerBoundaryIs><LinearRing><coordinates> 17.9832,58.88985 17.98223,58.88986 17.97874,58.8841 17.98348,58.88766 17.9832,58.88985</coordinates></LinearRing></outerBoundaryIs></Polygon><Polygon><outerBoundaryIs><LinearRing><coordinates> 17.95463,58.89519 17.95481,58.89514 17.95487,58.89529 17.95474,58.89533 17.95463,58.89519</coordinates></LinearRing></outerBoundaryIs></Polygon><Polygon><outerBoundaryIs><LinearRing><coordinates> 18.11732,58.86098 18.11792,58.85964 18.1187,58.85954 18.11999,58.86095 18.11732,58.86098</coordinates></LinearRing></outerBoundaryIs></Polygon><Polygon><outerBoundaryIs><LinearRing><coordinates> 17.98421,58.88121 17.98285,58.87773 17.98755,58.88512 17.98182,58.88055 17.98421,58.88121</coordinates></LinearRing></outerBoundaryIs></Polygon><Polygon><outerBoundaryIs><LinearRing><coordinates> 17.70941,58.93794 17.7056,58.9379 17.70538,58.93602 17.709,58.93681 17.70941,58.93794</coordinates></LinearRing></outerBoundaryIs></Polygon><Polygon><outerBoundaryIs><LinearRing><coordinates> 18.06292,58.86871 18.06079,58.869 18.06149,58.86749 18.06235,58.86755 18.06292,58.86871</coordinates></LinearRing></outerBoundaryIs></Polygon><Polygon><outerBoundaryIs><LinearRing><coordinates> 17.91568,58.8971 17.91341,58.89722 17.91122,58.89628 17.91097,58.89448 17.91568,58.8971</coordinates></LinearRing></outerBoundaryIs></Polygon><Polygon><outerBoundaryIs><LinearRing><coordinates> 17.84674,58.90543 17.85615,58.90388 17.85878,58.8998 17.85806,58.90791 17.84674,58.90543</coordinates></LinearRing></outerBoundaryIs></Polygon><Polygon><outerBoundaryIs><LinearRing><coordinates> 17.94748,58.88975 17.94719,58.89004 17.94705,58.88971 17.94719,58.88966 17.94748,58.88975</coordinates></LinearRing></outerBoundaryIs></Polygon><Polygon><outerBoundaryIs><LinearRing><coordinates> 17.96918,58.8841 17.96941,58.88548 17.96724,58.88517 17.9675,58.88265 17.96918,58.8841</coordinates></LinearRing></outerBoundaryIs></Polygon><Polygon><outerBoundaryIs><LinearRing><coordinates> 17.97189,58.88218 17.97248,58.88091 17.97437,58.8824 17.97451,58.88396 17.97189,58.88218</coordinates></LinearRing></outerBoundaryIs></Polygon><Polygon><outerBoundaryIs><LinearRing><coordinates> 17.94652,58.88886 17.94702,58.8893 17.94597,58.88902 17.94593,58.88873 17.94652,58.88886</coordinates></LinearRing></outerBoundaryIs></Polygon><Polygon><outerBoundaryIs><LinearRing><coordinates> 17.9747,58.87702 17.97837,58.88046 17.97771,58.88147 17.97516,58.87861 17.9747,58.87702</coordinates></LinearRing></outerBoundaryIs></Polygon><Polygon><outerBoundaryIs><LinearRing><coordinates> 18.08533,58.85937 18.0868,58.85769 18.088,58.85838 18.08826,58.85964 18.08533,58.85937</coordinates></LinearRing></outerBoundaryIs></Polygon><Polygon><outerBoundaryIs><LinearRing><coordinates> 17.98887,58.87509 17.99171,58.87655 17.9917,58.87752 17.98889,58.87693 17.98887,58.87509</coordinates></LinearRing></outerBoundaryIs></Polygon><Polygon><outerBoundaryIs><LinearRing><coordinates> 17.71008,58.92709 17.70488,58.93269 17.69899,58.9237 17.70429,58.91422 17.71008,58.92709</coordinates></LinearRing></outerBoundaryIs></Polygon><Polygon><outerBoundaryIs><LinearRing><coordinates> 17.94353,58.88552 17.94335,58.88541 17.94369,58.88534 17.94362,58.88549 17.94353,58.88552</coordinates></LinearRing></outerBoundaryIs></Polygon><Polygon><outerBoundaryIs><LinearRing><coordinates> 17.96454,58.87789 17.95584,58.86513 17.95913,58.8618 17.96586,58.86778 17.96454,58.87789</coordinates></LinearRing></outerBoundaryIs></Polygon><Polygon><outerBoundaryIs><LinearRing><coordinates> 17.72254,58.92396 17.71942,58.92344 17.71909,58.922 17.72123,58.92233 17.72254,58.92396</coordinates></LinearRing></outerBoundaryIs></Polygon><Polygon><outerBoundaryIs><LinearRing><coordinates> 17.91773,58.88597 17.9176,58.88593 17.91753,58.88576 17.91779,58.88579 17.91773,58.88597</coordinates></LinearRing></outerBoundaryIs></Polygon><Polygon><outerBoundaryIs><LinearRing><coordinates> 17.91755,58.88538 17.91778,58.88557 17.9173,58.88557 17.91726,58.88544 17.91755,58.88538</coordinates></LinearRing></outerBoundaryIs></Polygon><Polygon><outerBoundaryIs><LinearRing><coordinates> 18.04032,58.85918 18.04056,58.86008 18.03492,58.86011 18.03534,58.85915 18.04032,58.85918</coordinates></LinearRing></outerBoundaryIs></Polygon><Polygon><outerBoundaryIs><LinearRing><coordinates> 17.98542,58.86671 17.98528,58.86834 17.9832,58.86726 17.98299,58.86669 17.98542,58.86671</coordinates></LinearRing></outerBoundaryIs></Polygon><Polygon><outerBoundaryIs><LinearRing><coordinates> 18.03989,58.85441 18.02864,58.84982 18.03268,58.85142 18.03536,58.85006 18.03989,58.85441</coordinates></LinearRing></outerBoundaryIs></Polygon><Polygon><outerBoundaryIs><LinearRing><coordinates> 18.0151,58.85706 18.01537,58.85642 18.01771,58.85606 18.0187,58.85733 18.0151,58.85706</coordinates></LinearRing></outerBoundaryIs></Polygon><Polygon><outerBoundaryIs><LinearRing><coordinates> 17.71995,58.91329 17.71774,58.91529 17.71714,58.91341 17.71873,58.91257 17.71995,58.91329</coordinates></LinearRing></outerBoundaryIs></Polygon><Polygon><outerBoundaryIs><LinearRing><coordinates> 17.96924,58.86446 17.96927,58.8624 17.97114,58.86336 17.97173,58.86491 17.96924,58.86446</coordinates></LinearRing></outerBoundaryIs></Polygon><Polygon><outerBoundaryIs><LinearRing><coordinates> 17.86344,58.88552 17.86304,58.88535 17.86375,58.88557 17.86376,58.88558 17.86344,58.88552</coordinates></LinearRing></outerBoundaryIs></Polygon><Polygon><outerBoundaryIs><LinearRing><coordinates> 17.72446,58.911 17.71665,58.91114 17.72007,58.90681 17.7212,58.91028 17.72446,58.911</coordinates></LinearRing></outerBoundaryIs></Polygon><Polygon><outerBoundaryIs><LinearRing><coordinates> 18.03092,58.85008 18.03009,58.84862 18.03131,58.84817 18.03273,58.8492 18.03092,58.85008</coordinates></LinearRing></outerBoundaryIs></Polygon><Polygon><outerBoundaryIs><LinearRing><coordinates> 17.72445,58.9091 17.72315,58.90841 17.72417,58.90723 17.72541,58.90872 17.72445,58.9091</coordinates></LinearRing></outerBoundaryIs></Polygon><Polygon><outerBoundaryIs><LinearRing><coordinates> 17.68819,58.91442 17.6918,58.91166 17.6943,58.91225 17.68785,58.91501 17.68819,58.91442</coordinates></LinearRing></outerBoundaryIs></Polygon><Polygon><outerBoundaryIs><LinearRing><coordinates> 17.86142,58.88129 17.85638,58.878 17.85829,58.87558 17.86181,58.87899 17.86142,58.88129</coordinates></LinearRing></outerBoundaryIs></Polygon><Polygon><outerBoundaryIs><LinearRing><coordinates> 17.74525,58.8919 17.72971,58.90599 17.72352,58.90539 17.72315,58.90185 17.74525,58.8919</coordinates></LinearRing></outerBoundaryIs></Polygon><Polygon><outerBoundaryIs><LinearRing><coordinates> 17.82971,58.85148 17.84223,58.87475 17.8254,58.88632 17.81721,58.86823 17.82971,58.85148</coordinates></LinearRing></outerBoundaryIs></Polygon><Polygon><outerBoundaryIs><LinearRing><coordinates> 17.92572,58.8634 17.92665,58.86357 17.92881,58.86584 17.92599,58.86559 17.92572,58.8634</coordinates></LinearRing></outerBoundaryIs></Polygon><Polygon><outerBoundaryIs><LinearRing><coordinates> 17.84951,58.87767 17.84772,58.87743 17.84793,58.87625 17.84945,58.87677 17.84951,58.87767</coordinates></LinearRing></outerBoundaryIs></Polygon><Polygon><outerBoundaryIs><LinearRing><coordinates> 17.85128,58.87134 17.85479,58.86746 17.85879,58.873 17.8547,58.87498 17.85128,58.87134</coordinates></LinearRing></outerBoundaryIs></Polygon><Polygon><outerBoundaryIs><LinearRing><coordinates> 17.9265,58.8604 17.92291,58.85991 17.92421,58.85827 17.9256,58.85849 17.9265,58.8604</coordinates></LinearRing></outerBoundaryIs></Polygon><Polygon><outerBoundaryIs><LinearRing><coordinates> 17.85021,58.87504 17.8477,58.8749 17.84816,58.87347 17.84998,58.87423 17.85021,58.87504</coordinates></LinearRing></outerBoundaryIs></Polygon><Polygon><outerBoundaryIs><LinearRing><coordinates> 17.93591,58.85727 17.93634,58.85553 17.93734,58.85584 17.9381,58.85689 17.93591,58.85727</coordinates></LinearRing></outerBoundaryIs></Polygon><Polygon><outerBoundaryIs><LinearRing><coordinates> 17.65521,58.91042 17.65707,58.90722 17.66954,58.90105 17.66731,58.90652 17.65521,58.91042</coordinates></LinearRing></outerBoundaryIs></Polygon><Polygon><outerBoundaryIs><LinearRing><coordinates> 17.91765,58.85645 17.91902,58.85448 17.92101,58.85655 17.92006,58.85784 17.91765,58.85645</coordinates></LinearRing></outerBoundaryIs></Polygon><Polygon><outerBoundaryIs><LinearRing><coordinates> 17.84706,58.86468 17.84361,58.87256 17.84275,58.86644 17.84309,58.86032 17.84706,58.86468</coordinates></LinearRing></outerBoundaryIs></Polygon><Polygon><outerBoundaryIs><LinearRing><coordinates> 17.67157,58.90197 17.67675,58.90095 17.67347,58.9042 17.67053,58.90474 17.67157,58.90197</coordinates></LinearRing></outerBoundaryIs></Polygon><Polygon><outerBoundaryIs><LinearRing><coordinates> 17.91219,58.85389 17.91344,58.8572 17.91104,58.85626 17.90958,58.85324 17.91219,58.85389</coordinates></LinearRing></outerBoundaryIs></Polygon><Polygon><outerBoundaryIs><LinearRing><coordinates> 17.73099,58.88806 17.73178,58.88993 17.72694,58.89292 17.72918,58.88954 17.73099,58.88806</coordinates></LinearRing></outerBoundaryIs></Polygon><Polygon><outerBoundaryIs><LinearRing><coordinates> 17.92152,58.80872 17.92815,58.8092 17.93799,58.84956 17.88472,58.85004 17.92152,58.80872</coordinates></LinearRing></outerBoundaryIs></Polygon><Polygon><outerBoundaryIs><LinearRing><coordinates> 17.66736,58.90035 17.67443,58.8962 17.67738,58.89652 17.67107,58.89962 17.66736,58.90035</coordinates></LinearRing></outerBoundaryIs></Polygon><Polygon><outerBoundaryIs><LinearRing><coordinates> 17.7331,58.88296 17.72126,58.88985 17.72485,58.8822 17.72776,58.88057 17.7331,58.88296</coordinates></LinearRing></outerBoundaryIs></Polygon><Polygon><outerBoundaryIs><LinearRing><coordinates> 17.93971,58.84287 17.93934,58.84635 17.93771,58.84614 17.93755,58.8435 17.93971,58.84287</coordinates></LinearRing></outerBoundaryIs></Polygon><Polygon><outerBoundaryIs><LinearRing><coordinates> 17.67066,58.8895 17.68084,58.88545 17.67532,58.89311 17.66904,58.89194 17.67066,58.8895</coordinates></LinearRing></outerBoundaryIs></Polygon><Polygon><outerBoundaryIs><LinearRing><coordinates> 17.9404,58.83928 17.94022,58.84136 17.93861,58.84198 17.93695,58.84008 17.9404,58.83928</coordinates></LinearRing></outerBoundaryIs></Polygon><Polygon><outerBoundaryIs><LinearRing><coordinates> 17.80885,58.86456 17.8092,58.86625 17.80724,58.86601 17.80749,58.86432 17.80885,58.86456</coordinates></LinearRing></outerBoundaryIs></Polygon><Polygon><outerBoundaryIs><LinearRing><coordinates> 17.84788,58.8572 17.84545,58.85711 17.84623,58.85572 17.84728,58.85536 17.84788,58.8572</coordinates></LinearRing></outerBoundaryIs></Polygon><Polygon><outerBoundaryIs><LinearRing><coordinates> 17.74009,58.87746 17.74044,58.87644 17.74274,58.87596 17.74332,58.87692 17.74009,58.87746</coordinates></LinearRing></outerBoundaryIs></Polygon><Polygon><outerBoundaryIs><LinearRing><coordinates> 17.81046,58.86269 17.80887,58.86323 17.80707,58.86134 17.80875,58.86133 17.81046,58.86269</coordinates></LinearRing></outerBoundaryIs></Polygon><Polygon><outerBoundaryIs><LinearRing><coordinates> 17.79,58.86553 17.78761,58.86467 17.78832,58.86349 17.79103,58.8637 17.79,58.86553</coordinates></LinearRing></outerBoundaryIs></Polygon><Polygon><outerBoundaryIs><LinearRing><coordinates> 17.9383,58.83138 17.93879,58.83407 17.93749,58.8343 17.9368,58.83194 17.9383,58.83138</coordinates></LinearRing></outerBoundaryIs></Polygon><Polygon><outerBoundaryIs><LinearRing><coordinates> 17.72602,58.8712 17.73282,58.86938 17.72961,58.87276 17.7236,58.87587 17.72602,58.8712</coordinates></LinearRing></outerBoundaryIs></Polygon><Polygon><outerBoundaryIs><LinearRing><coordinates> 17.87583,58.84306 17.87671,58.84245 17.87671,58.84245 17.87574,58.84322 17.87583,58.84306</coordinates></LinearRing></outerBoundaryIs></Polygon><Polygon><outerBoundaryIs><LinearRing><coordinates> 17.82744,58.8514 17.82524,58.85124 17.82551,58.85057 17.82714,58.84948 17.82744,58.8514</coordinates></LinearRing></outerBoundaryIs></Polygon><Polygon><outerBoundaryIs><LinearRing><coordinates> 17.88585,58.8337 17.87493,58.84088 17.87752,58.83396 17.88154,58.83142 17.88585,58.8337</coordinates></LinearRing></outerBoundaryIs></Polygon><Polygon><outerBoundaryIs><LinearRing><coordinates> 17.73298,58.86127 17.73686,58.85539 17.73482,58.86494 17.72848,58.86928 17.73298,58.86127</coordinates></LinearRing></outerBoundaryIs></Polygon><Polygon><outerBoundaryIs><LinearRing><coordinates> 17.74237,58.86199 17.74456,58.86384 17.74231,58.86615 17.74207,58.86436 17.74237,58.86199</coordinates></LinearRing></outerBoundaryIs></Polygon><Polygon><outerBoundaryIs><LinearRing><coordinates> 17.94455,58.82364 17.94547,58.82232 17.94705,58.82327 17.94553,58.82433 17.94455,58.82364</coordinates></LinearRing></outerBoundaryIs></Polygon><Polygon><outerBoundaryIs><LinearRing><coordinates> 17.74559,58.85962 17.74509,58.86167 17.74382,58.86132 17.74423,58.85957 17.74559,58.85962</coordinates></LinearRing></outerBoundaryIs></Polygon><Polygon><outerBoundaryIs><LinearRing><coordinates> 17.88955,58.82444 17.89025,58.82245 17.89173,58.82332 17.892,58.82484 17.88955,58.82444</coordinates></LinearRing></outerBoundaryIs></Polygon><Polygon><outerBoundaryIs><LinearRing><coordinates> 17.9103,58.8209 17.90877,58.82001 17.91079,58.81781 17.91199,58.81837 17.9103,58.8209</coordinates></LinearRing></outerBoundaryIs></Polygon><Polygon><outerBoundaryIs><LinearRing><coordinates> 17.88577,58.82275 17.88783,58.8228 17.88754,58.82493 17.8858,58.82455 17.88577,58.82275</coordinates></LinearRing></outerBoundaryIs></Polygon><Polygon><outerBoundaryIs><LinearRing><coordinates> 17.71673,58.839 17.72377,58.84204 17.71657,58.85499 17.69335,58.86213 17.71673,58.839</coordinates></LinearRing></outerBoundaryIs></Polygon><Polygon><outerBoundaryIs><LinearRing><coordinates> 17.88137,58.81952 17.88412,58.82142 17.88211,58.82367 17.87906,58.82279 17.88137,58.81952</coordinates></LinearRing></outerBoundaryIs></Polygon><Polygon><outerBoundaryIs><LinearRing><coordinates> 17.87713,58.81735 17.87373,58.82101 17.8739,58.8186 17.87562,58.81689 17.87713,58.81735</coordinates></LinearRing></outerBoundaryIs></Polygon><Polygon><outerBoundaryIs><LinearRing><coordinates> 17.90035,58.8137 17.90043,58.81497 17.89874,58.81504 17.89894,58.8134 17.90035,58.8137</coordinates></LinearRing></outerBoundaryIs></Polygon><Polygon><outerBoundaryIs><LinearRing><coordinates> 17.76377,58.83664 17.76387,58.83777 17.76008,58.83636 17.76057,58.83519 17.76377,58.83664</coordinates></LinearRing></outerBoundaryIs></Polygon><Polygon><outerBoundaryIs><LinearRing><coordinates> 18.03534,58.77883 18.0371,58.78028 18.03576,58.78326 18.03205,58.78177 18.03534,58.77883</coordinates></LinearRing></outerBoundaryIs></Polygon><Polygon><outerBoundaryIs><LinearRing><coordinates> 17.9252,58.80169 17.92549,58.79961 17.93005,58.80077 17.92857,58.80269 17.9252,58.80169</coordinates></LinearRing></outerBoundaryIs></Polygon><Polygon><outerBoundaryIs><LinearRing><coordinates> 17.92304,58.80232 17.91936,58.80102 17.92086,58.80025 17.92189,58.80166 17.92304,58.80232</coordinates></LinearRing></outerBoundaryIs></Polygon><Polygon><outerBoundaryIs><LinearRing><coordinates> 18.04712,58.77371 18.04593,58.77389 18.04474,58.77356 18.04492,58.77198 18.04712,58.77371</coordinates></LinearRing></outerBoundaryIs></Polygon><Polygon><outerBoundaryIs><LinearRing><coordinates> 17.92792,58.79497 17.92961,58.79536 17.92992,58.79589 17.92668,58.79609 17.92792,58.79497</coordinates></LinearRing></outerBoundaryIs></Polygon><Polygon><outerBoundaryIs><LinearRing><coordinates> 18.04686,58.77181 18.04681,58.76962 18.05107,58.77167 18.04903,58.77213 18.04686,58.77181</coordinates></LinearRing></outerBoundaryIs></Polygon><Polygon><outerBoundaryIs><LinearRing><coordinates> 17.94541,58.78958 17.94706,58.79103 17.94471,58.79245 17.94446,58.79054 17.94541,58.78958</coordinates></LinearRing></outerBoundaryIs></Polygon><Polygon><outerBoundaryIs><LinearRing><coordinates> 17.68759,58.84064 17.68889,58.84216 17.67406,58.84391 17.67956,58.83864 17.68759,58.84064</coordinates></LinearRing></outerBoundaryIs></Polygon><Polygon><outerBoundaryIs><LinearRing><coordinates> 18.02866,58.77443 18.03016,58.77386 18.03115,58.77504 18.02867,58.77505 18.02866,58.77443</coordinates></LinearRing></outerBoundaryIs></Polygon><Polygon><outerBoundaryIs><LinearRing><coordinates> 17.66155,58.84403 17.66457,58.84182 17.66593,58.8421 17.6599,58.84721 17.66155,58.84403</coordinates></LinearRing></outerBoundaryIs></Polygon><Polygon><outerBoundaryIs><LinearRing><coordinates> 17.85827,58.80609 17.86029,58.80641 17.85978,58.80817 17.85809,58.80775 17.85827,58.80609</coordinates></LinearRing></outerBoundaryIs></Polygon><Polygon><outerBoundaryIs><LinearRing><coordinates> 17.94745,58.78856 17.94914,58.78647 17.95207,58.78714 17.94942,58.78967 17.94745,58.78856</coordinates></LinearRing></outerBoundaryIs></Polygon><Polygon><outerBoundaryIs><LinearRing><coordinates> 17.75116,58.82324 17.75295,58.82699 17.75111,58.8275 17.74925,58.82599 17.75116,58.82324</coordinates></LinearRing></outerBoundaryIs></Polygon><Polygon><outerBoundaryIs><LinearRing><coordinates> 17.76656,58.81723 17.7539,58.82536 17.75506,58.82158 17.75996,58.81776 17.76656,58.81723</coordinates></LinearRing></outerBoundaryIs></Polygon><Polygon><outerBoundaryIs><LinearRing><coordinates> 18.02669,58.76833 18.02845,58.76966 18.02858,58.77078 18.02477,58.76952 18.02669,58.76833</coordinates></LinearRing></outerBoundaryIs></Polygon><Polygon><outerBoundaryIs><LinearRing><coordinates> 17.79434,58.81544 17.79478,58.81601 17.79055,58.81535 17.78987,58.81305 17.79434,58.81544</coordinates></LinearRing></outerBoundaryIs></Polygon><Polygon><outerBoundaryIs><LinearRing><coordinates> 17.76693,58.81943 17.76829,58.81899 17.76939,58.81998 17.76706,58.82029 17.76693,58.81943</coordinates></LinearRing></outerBoundaryIs></Polygon><Polygon><outerBoundaryIs><LinearRing><coordinates> 17.74127,58.82475 17.74118,58.82312 17.74432,58.82403 17.74411,58.82466 17.74127,58.82475</coordinates></LinearRing></outerBoundaryIs></Polygon><Polygon><outerBoundaryIs><LinearRing><coordinates> 17.89495,58.791 17.89906,58.79104 17.89833,58.79256 17.89651,58.79363 17.89495,58.791</coordinates></LinearRing></outerBoundaryIs></Polygon><Polygon><outerBoundaryIs><LinearRing><coordinates> 17.76854,58.81514 17.76868,58.81464 17.77106,58.8128 17.7718,58.81514 17.76854,58.81514</coordinates></LinearRing></outerBoundaryIs></Polygon><Polygon><outerBoundaryIs><LinearRing><coordinates> 17.76253,58.81584 17.76695,58.81448 17.76632,58.81561 17.76147,58.8168 17.76253,58.81584</coordinates></LinearRing></outerBoundaryIs></Polygon><Polygon><outerBoundaryIs><LinearRing><coordinates> 17.76575,58.81392 17.75982,58.81546 17.75981,58.81467 17.76917,58.81077 17.76575,58.81392</coordinates></LinearRing></outerBoundaryIs></Polygon><Polygon><outerBoundaryIs><LinearRing><coordinates> 17.8989,58.78784 17.89727,58.78734 17.89736,58.78656 17.90122,58.78457 17.8989,58.78784</coordinates></LinearRing></outerBoundaryIs></Polygon><Polygon><outerBoundaryIs><LinearRing><coordinates> 17.87246,58.79088 17.87303,58.7925 17.87011,58.79251 17.87021,58.79196 17.87246,58.79088</coordinates></LinearRing></outerBoundaryIs></Polygon><Polygon><outerBoundaryIs><LinearRing><coordinates> 17.7328,58.81859 17.7346,58.81754 17.73574,58.81861 17.73318,58.81914 17.7328,58.81859</coordinates></LinearRing></outerBoundaryIs></Polygon><Polygon><outerBoundaryIs><LinearRing><coordinates> 17.84536,58.79307 17.84808,58.79373 17.84184,58.79595 17.84246,58.79432 17.84536,58.79307</coordinates></LinearRing></outerBoundaryIs></Polygon><Polygon><outerBoundaryIs><LinearRing><coordinates> 17.91769,58.78102 17.91554,58.78147 17.91754,58.77888 17.91933,58.77943 17.91769,58.78102</coordinates></LinearRing></outerBoundaryIs></Polygon><Polygon><outerBoundaryIs><LinearRing><coordinates> 17.77847,58.80102 17.78054,58.80388 17.77142,58.80936 17.77235,58.8061 17.77847,58.80102</coordinates></LinearRing></outerBoundaryIs></Polygon><Polygon><outerBoundaryIs><LinearRing><coordinates> 17.83569,58.7967 17.82924,58.79806 17.83267,58.79004 17.83482,58.78969 17.83569,58.7967</coordinates></LinearRing></outerBoundaryIs></Polygon><Polygon><outerBoundaryIs><LinearRing><coordinates> 17.7524,58.81032 17.75671,58.80913 17.75468,58.81127 17.74908,58.81252 17.7524,58.81032</coordinates></LinearRing></outerBoundaryIs></Polygon><Polygon><outerBoundaryIs><LinearRing><coordinates> 17.89827,58.78257 17.90289,58.78108 17.90118,58.78216 17.9001,58.78273 17.89827,58.78257</coordinates></LinearRing></outerBoundaryIs></Polygon><Polygon><outerBoundaryIs><LinearRing><coordinates> 17.87207,58.7865 17.8709,58.78791 17.8688,58.78534 17.87074,58.78493 17.87207,58.7865</coordinates></LinearRing></outerBoundaryIs></Polygon><Polygon><outerBoundaryIs><LinearRing><coordinates> 17.85776,58.78432 17.85642,58.78825 17.85421,58.78517 17.85512,58.78141 17.85776,58.78432</coordinates></LinearRing></outerBoundaryIs></Polygon><Polygon><outerBoundaryIs><LinearRing><coordinates> 17.84964,58.78328 17.847,58.78689 17.84151,58.78848 17.84693,58.78279 17.84964,58.78328</coordinates></LinearRing></outerBoundaryIs></Polygon><Polygon><outerBoundaryIs><LinearRing><coordinates> 17.86401,58.78294 17.86365,58.78076 17.86743,58.7808 17.86733,58.7813 17.86401,58.78294</coordinates></LinearRing></outerBoundaryIs></Polygon><Polygon><outerBoundaryIs><LinearRing><coordinates> 17.75445,58.80116 17.75573,58.80003 17.7562,58.80022 17.75689,58.80143 17.75445,58.80116</coordinates></LinearRing></outerBoundaryIs></Polygon><Polygon><outerBoundaryIs><LinearRing><coordinates> 17.76611,58.7981 17.76644,58.79955 17.76476,58.79983 17.76458,58.79868 17.76611,58.7981</coordinates></LinearRing></outerBoundaryIs></Polygon><Polygon><outerBoundaryIs><LinearRing><coordinates> 17.8345,58.78273 17.83891,58.78165 17.83756,58.78519 17.83541,58.78559 17.8345,58.78273</coordinates></LinearRing></outerBoundaryIs></Polygon><Polygon><outerBoundaryIs><LinearRing><coordinates> 17.8635,58.77829 17.86479,58.77783 17.86686,58.779 17.86276,58.77919 17.8635,58.77829</coordinates></LinearRing></outerBoundaryIs></Polygon><Polygon><outerBoundaryIs><LinearRing><coordinates> 17.75161,58.79989 17.74865,58.79692 17.75419,58.79886 17.75355,58.79943 17.75161,58.79989</coordinates></LinearRing></outerBoundaryIs></Polygon><Polygon><outerBoundaryIs><LinearRing><coordinates> 17.83583,58.77779 17.83786,58.77671 17.83887,58.77867 17.83704,58.77969 17.83583,58.77779</coordinates></LinearRing></outerBoundaryIs></Polygon><Polygon><outerBoundaryIs><LinearRing><coordinates> 17.87625,58.77172 17.87324,58.77252 17.87375,58.77067 17.87624,58.77121 17.87625,58.77172</coordinates></LinearRing></outerBoundaryIs></Polygon><Polygon><outerBoundaryIs><LinearRing><coordinates> 17.85734,58.76501 17.86454,58.73686 17.86994,58.74958 17.85998,58.77454 17.85734,58.76501</coordinates></LinearRing></outerBoundaryIs></Polygon><Polygon><outerBoundaryIs><LinearRing><coordinates> 17.84063,58.77452 17.84229,58.775 17.8419,58.77605 17.83929,58.77584 17.84063,58.77452</coordinates></LinearRing></outerBoundaryIs></Polygon><Polygon><outerBoundaryIs><LinearRing><coordinates> 17.86634,58.7364 17.86611,58.73561 17.86795,58.73508 17.86875,58.73582 17.86634,58.7364</coordinates></LinearRing></outerBoundaryIs></Polygon><Polygon><outerBoundaryIs><LinearRing><coordinates> 18.55879,60.15277 18.56272,60.14674 18.57312,60.14733 18.56584,60.14921 18.56147,60.15244 18.55879,60.15277</coordinates></LinearRing></outerBoundaryIs></Polygon><Polygon><outerBoundaryIs><LinearRing><coordinates> 18.99248,59.81752 18.95187,59.85948 18.94951,59.84946 18.94348,59.84007 18.87452,59.78588 18.99248,59.81752</coordinates></LinearRing></outerBoundaryIs></Polygon><Polygon><outerBoundaryIs><LinearRing><coordinates> 19.11449,59.79505 19.13288,59.79866 19.15278,59.81374 19.13089,59.80729 19.12064,59.81209 19.11449,59.79505</coordinates></LinearRing></outerBoundaryIs></Polygon><Polygon><outerBoundaryIs><LinearRing><coordinates> 19.26383,59.62715 19.25702,59.62428 19.2531,59.62505 19.24803,59.62068 19.25581,59.62206 19.26383,59.62715</coordinates></LinearRing></outerBoundaryIs></Polygon><Polygon><outerBoundaryIs><LinearRing><coordinates> 18.83415,59.66555 18.84095,59.66763 18.85752,59.6809 18.81473,59.67305 18.83831,59.67369 18.83415,59.66555</coordinates></LinearRing></outerBoundaryIs></Polygon><Polygon><outerBoundaryIs><LinearRing><coordinates> 18.79807,59.67292 18.79473,59.67917 18.80924,59.68126 18.78945,59.68232 18.7877,59.67496 18.79807,59.67292</coordinates></LinearRing></outerBoundaryIs></Polygon><Polygon><outerBoundaryIs><LinearRing><coordinates> 18.74676,59.59798 18.74215,59.59971 18.73945,59.59539 18.74975,59.59533 18.75609,59.60297 18.74676,59.59798</coordinates></LinearRing></outerBoundaryIs></Polygon><Polygon><outerBoundaryIs><LinearRing><coordinates> 18.7274,59.5892 18.72774,59.59318 18.72673,59.59068 18.72216,59.58875 18.72208,59.58785 18.7274,59.5892</coordinates></LinearRing></outerBoundaryIs></Polygon><Polygon><outerBoundaryIs><LinearRing><coordinates> 18.83226,59.54745 18.81139,59.55415 18.74974,59.53717 18.7948,59.54543 18.80999,59.53566 18.83226,59.54745</coordinates></LinearRing></outerBoundaryIs></Polygon><Polygon><outerBoundaryIs><LinearRing><coordinates> 18.98474,59.48112 18.98955,59.4882 18.98074,59.49098 18.97726,59.48527 18.98169,59.48675 18.98474,59.48112</coordinates></LinearRing></outerBoundaryIs></Polygon><Polygon><outerBoundaryIs><LinearRing><coordinates> 18.8085,59.47309 18.82323,59.47805 18.82837,59.47809 18.81256,59.4854 18.80758,59.47528 18.8085,59.47309</coordinates></LinearRing></outerBoundaryIs></Polygon><Polygon><outerBoundaryIs><LinearRing><coordinates> 19.02727,59.41822 19.01555,59.42264 19.01019,59.41804 19.02262,59.41916 19.01916,59.41368 19.02727,59.41822</coordinates></LinearRing></outerBoundaryIs></Polygon><Polygon><outerBoundaryIs><LinearRing><coordinates> 18.81037,59.44902 18.78883,59.45097 18.79162,59.44388 18.77965,59.44008 18.79405,59.43984 18.81037,59.44902</coordinates></LinearRing></outerBoundaryIs></Polygon><Polygon><outerBoundaryIs><LinearRing><coordinates> 18.93642,59.39635 18.92606,59.4091 18.9006,59.40484 18.90719,59.40205 18.91591,59.38035 18.93642,59.39635</coordinates></LinearRing></outerBoundaryIs></Polygon><Polygon><outerBoundaryIs><LinearRing><coordinates> 18.8748,59.4036 18.84514,59.39411 18.85732,59.38377 18.86776,59.38853 18.867,59.3986 18.8748,59.4036</coordinates></LinearRing></outerBoundaryIs></Polygon><Polygon><outerBoundaryIs><LinearRing><coordinates> 18.92996,59.36578 18.92563,59.36655 18.92402,59.37478 18.9175,59.37569 18.91762,59.36162 18.92996,59.36578</coordinates></LinearRing></outerBoundaryIs></Polygon><Polygon><outerBoundaryIs><LinearRing><coordinates> 18.92298,59.34959 18.87625,59.35274 18.86238,59.31948 18.90451,59.33523 18.88142,59.34158 18.92298,59.34959</coordinates></LinearRing></outerBoundaryIs></Polygon><Polygon><outerBoundaryIs><LinearRing><coordinates> 18.45576,59.42706 18.4654,59.42491 18.48005,59.42338 18.48639,59.42409 18.47079,59.43041 18.45576,59.42706</coordinates></LinearRing></outerBoundaryIs></Polygon><Polygon><outerBoundaryIs><LinearRing><coordinates> 18.71529,59.37567 18.72346,59.37729 18.71296,59.38201 18.69209,59.37859 18.70705,59.37842 18.71529,59.37567</coordinates></LinearRing></outerBoundaryIs></Polygon><Polygon><outerBoundaryIs><LinearRing><coordinates> 18.34405,59.4262 18.35814,59.42441 18.35839,59.4293 18.31696,59.44468 18.31057,59.41703 18.34405,59.4262</coordinates></LinearRing></outerBoundaryIs></Polygon><Polygon><outerBoundaryIs><LinearRing><coordinates> 18.37252,59.41774 18.36703,59.41988 18.36625,59.41918 18.36446,59.41838 18.36667,59.41307 18.37252,59.41774</coordinates></LinearRing></outerBoundaryIs></Polygon><Polygon><outerBoundaryIs><LinearRing><coordinates> 18.35005,59.41481 18.332,59.41801 18.31889,59.41506 18.33664,59.41523 18.35016,59.41183 18.35005,59.41481</coordinates></LinearRing></outerBoundaryIs></Polygon><Polygon><outerBoundaryIs><LinearRing><coordinates> 18.75176,59.20806 18.70956,59.20102 18.69872,59.21293 18.65395,59.17443 18.72725,59.18749 18.75176,59.20806</coordinates></LinearRing></outerBoundaryIs></Polygon><Polygon><outerBoundaryIs><LinearRing><coordinates> 18.09668,59.32084 18.10106,59.32032 18.10395,59.32039 18.10167,59.32195 18.09941,59.32188 18.09668,59.32084</coordinates></LinearRing></outerBoundaryIs></Polygon><Polygon><outerBoundaryIs><LinearRing><coordinates> 18.36129,59.25466 18.36077,59.25169 18.37895,59.24662 18.37869,59.25742 18.35312,59.26013 18.36129,59.25466</coordinates></LinearRing></outerBoundaryIs></Polygon><Polygon><outerBoundaryIs><LinearRing><coordinates> 18.41273,59.23805 18.39368,59.25144 18.38874,59.24131 18.40757,59.23752 18.40456,59.22897 18.41273,59.23805</coordinates></LinearRing></outerBoundaryIs></Polygon><Polygon><outerBoundaryIs><LinearRing><coordinates> 18.69258,59.13491 18.69424,59.14959 18.68243,59.14558 18.66477,59.13422 18.67482,59.13423 18.69258,59.13491</coordinates></LinearRing></outerBoundaryIs></Polygon><Polygon><outerBoundaryIs><LinearRing><coordinates> 18.43703,59.12094 18.43424,59.11922 18.44007,59.11721 18.4488,59.12364 18.4426,59.12106 18.43703,59.12094</coordinates></LinearRing></outerBoundaryIs></Polygon><Polygon><outerBoundaryIs><LinearRing><coordinates> 18.31434,59.03687 18.32292,59.04183 18.32386,59.03506 18.34173,59.04614 18.32491,59.05172 18.31434,59.03687</coordinates></LinearRing></outerBoundaryIs></Polygon><Polygon><outerBoundaryIs><LinearRing><coordinates> 18.37511,58.98598 18.38425,58.98602 18.39372,58.99649 18.38607,58.99526 18.38682,58.99172 18.37511,58.98598</coordinates></LinearRing></outerBoundaryIs></Polygon><Polygon><outerBoundaryIs><LinearRing><coordinates> 18.01963,58.95667 18.03895,58.97565 17.98726,58.93513 18.00681,58.93331 18.03436,58.94441 18.01963,58.95667</coordinates></LinearRing></outerBoundaryIs></Polygon><Polygon><outerBoundaryIs><LinearRing><coordinates> 18.10553,58.88191 18.10946,58.87398 18.09368,58.86182 18.12574,58.86175 18.14604,58.88985 18.10553,58.88191</coordinates></LinearRing></outerBoundaryIs></Polygon><Polygon><outerBoundaryIs><LinearRing><coordinates> 17.94642,58.88993 17.95463,58.89557 17.95208,58.89612 17.95164,58.89743 17.94324,58.89473 17.94642,58.88993</coordinates></LinearRing></outerBoundaryIs></Polygon><Polygon><outerBoundaryIs><LinearRing><coordinates> 17.85559,58.8858 17.85053,58.87831 17.86596,58.89351 17.85026,58.90199 17.83377,58.89354 17.85559,58.8858</coordinates></LinearRing></outerBoundaryIs></Polygon><Polygon><outerBoundaryIs><LinearRing><coordinates> 17.81265,58.85309 17.85089,58.7956 17.86792,58.84265 17.85523,58.85471 17.83128,58.84729 17.81265,58.85309</coordinates></LinearRing></outerBoundaryIs></Polygon><Polygon><outerBoundaryIs><LinearRing><coordinates> 19.13741,59.84634 19.14295,59.86255 19.09594,59.8281 19.11044,59.82732 19.11228,59.83643 19.12258,59.84647 19.13741,59.84634</coordinates></LinearRing></outerBoundaryIs></Polygon><Polygon><outerBoundaryIs><LinearRing><coordinates> 18.83067,59.58595 18.81975,59.59147 18.947,59.664 18.78486,59.58001 18.75394,59.57312 18.74611,59.56965 18.83067,59.58595</coordinates></LinearRing></outerBoundaryIs></Polygon><Polygon><outerBoundaryIs><LinearRing><coordinates> 18.92848,59.63061 18.92306,59.61782 18.96408,59.61696 18.98653,59.63549 18.93972,59.65164 18.87491,59.5791 18.92848,59.63061</coordinates></LinearRing></outerBoundaryIs></Polygon><Polygon><outerBoundaryIs><LinearRing><coordinates> 18.93172,59.62835 18.93831,59.62899 18.93633,59.62785 18.93322,59.62781 18.93172,59.62835</coordinates></LinearRing></outerBoundaryIs></Polygon><Polygon><outerBoundaryIs><LinearRing><coordinates> 18.81968,59.6507 18.81533,59.64828 18.81995,59.64402 18.83437,59.64403 18.85509,59.64996 18.8575,59.65388 18.81968,59.6507</coordinates></LinearRing></outerBoundaryIs></Polygon><Polygon><outerBoundaryIs><LinearRing><coordinates> 19.05412,59.56488 19.07762,59.57529 19.06618,59.57724 19.06965,59.58019 19.01858,59.57457 19.02653,59.57247 19.05412,59.56488</coordinates></LinearRing></outerBoundaryIs></Polygon><Polygon><outerBoundaryIs><LinearRing><coordinates> 18.85962,59.30533 18.8892,59.30458 18.88141,59.30992 18.90459,59.31143 18.86961,59.31257 18.84963,59.30647 18.85962,59.30533</coordinates></LinearRing></outerBoundaryIs></Polygon><Polygon><outerBoundaryIs><LinearRing><coordinates> 18.77799,59.26648 18.81909,59.29116 18.75966,59.29644 18.72304,59.24713 18.7377,59.26216 18.78203,59.2598 18.77799,59.26648</coordinates></LinearRing></outerBoundaryIs></Polygon><Polygon><outerBoundaryIs><LinearRing><coordinates> 18.46821,59.15314 18.4803,59.15823 18.46099,59.15311 18.45336,59.14613 18.4591,59.14698 18.46024,59.14616 18.46821,59.15314</coordinates></LinearRing></outerBoundaryIs></Polygon><Polygon><outerBoundaryIs><LinearRing><coordinates> 18.51112,59.05331 18.52134,59.03056 18.53677,59.03668 18.52858,59.05393 18.54101,59.05774 18.54516,59.06359 18.51112,59.05331</coordinates></LinearRing></outerBoundaryIs></Polygon><Polygon><outerBoundaryIs><LinearRing><coordinates> 17.67763,58.9196 17.70881,59.01583 17.64545,59.07197 17.65377,59.01331 17.62388,58.95705 17.6976,58.89756 17.67763,58.9196</coordinates></LinearRing></outerBoundaryIs></Polygon><Polygon><outerBoundaryIs><LinearRing><coordinates> 18.95561,59.40831 18.97819,59.41608 18.96043,59.41574 18.95582,59.42231 18.93586,59.41938 18.94625,59.39142 18.96408,59.40061 18.95561,59.40831</coordinates></LinearRing></outerBoundaryIs></Polygon><Polygon><outerBoundaryIs><LinearRing><coordinates> 18.64057,59.3907 18.67189,59.38447 18.70758,59.39925 18.69363,59.40096 18.68044,59.39731 18.652,59.39826 18.63361,59.41853 18.64057,59.3907</coordinates></LinearRing></outerBoundaryIs></Polygon><Polygon><outerBoundaryIs><LinearRing><coordinates> 18.71354,59.30637 18.73456,59.32112 18.73957,59.31804 18.74554,59.34828 18.66835,59.29545 18.68566,59.30529 18.70583,59.30878 18.71354,59.30637</coordinates></LinearRing></outerBoundaryIs></Polygon><Polygon><outerBoundaryIs><LinearRing><coordinates> 18.71603,59.32557 18.71809,59.32401 18.71326,59.324 18.7134,59.32569 18.71603,59.32557</coordinates></LinearRing></outerBoundaryIs></Polygon><Polygon><outerBoundaryIs><LinearRing><coordinates> 18.28385,58.93529 18.28745,58.95092 18.36607,58.97848 18.29427,58.95761 18.24944,58.95873 18.20176,58.90886 18.32362,58.92578 18.28385,58.93529</coordinates></LinearRing></outerBoundaryIs></Polygon><Polygon><outerBoundaryIs><LinearRing><coordinates> 18.50825,59.25946 18.53434,59.23269 18.62057,59.24746 18.51549,59.27075 18.47449,59.29056 18.32861,59.28526 18.3958,59.27667 18.50671,59.21569 18.50825,59.25946</coordinates></LinearRing></outerBoundaryIs></Polygon><Polygon><outerBoundaryIs><LinearRing><coordinates> 18.66479,59.19458 18.64488,59.17996 18.65142,59.18892 18.63996,59.18529 18.62291,59.16662 18.6515,59.17516 18.6373,59.17546 18.65902,59.18555 18.66479,59.19458</coordinates></LinearRing></outerBoundaryIs></Polygon><Polygon><outerBoundaryIs><LinearRing><coordinates> 18.34173,59.04951 18.37327,59.0447 18.37491,59.03448 18.3484,59.03991 18.3381,59.02697 18.38638,59.01428 18.48955,59.08735 18.48157,59.12122 18.36063,59.07596 18.34173,59.04951</coordinates></LinearRing></outerBoundaryIs></Polygon><Polygon><outerBoundaryIs><LinearRing><coordinates> 18.412,59.08995 18.40542,59.08899 18.40545,59.08978 18.41104,59.09058 18.412,59.08995</coordinates></LinearRing></outerBoundaryIs></Polygon><Polygon><outerBoundaryIs><LinearRing><coordinates> 18.39489,59.08701 18.40172,59.08897 18.40034,59.08685 18.39454,59.08634 18.39489,59.08701</coordinates></LinearRing></outerBoundaryIs></Polygon><Polygon><outerBoundaryIs><LinearRing><coordinates> 18.39815,59.08531 18.39928,59.08501 18.39813,59.08335 18.39623,59.08433 18.39815,59.08531</coordinates></LinearRing></outerBoundaryIs></Polygon><Polygon><outerBoundaryIs><LinearRing><coordinates> 18.3814,59.0724 18.38289,59.0729 18.38449,59.0721 18.38111,59.0714 18.3814,59.0724</coordinates></LinearRing></outerBoundaryIs></Polygon><Polygon><outerBoundaryIs><LinearRing><coordinates> 18.35788,59.0647 18.35426,59.06366 18.3544,59.06478 18.35716,59.06594 18.35788,59.0647</coordinates></LinearRing></outerBoundaryIs></Polygon><Polygon><outerBoundaryIs><LinearRing><coordinates> 18.36696,59.06111 18.36543,59.06058 18.36414,59.06164 18.36749,59.06295 18.36696,59.06111</coordinates></LinearRing></outerBoundaryIs></Polygon><Polygon><outerBoundaryIs><LinearRing><coordinates> 18.58157,59.49085 18.62738,59.4853 18.63529,59.5036 18.66184,59.50669 18.64915,59.51364 18.67692,59.51928 18.65975,59.52144 18.75127,59.54208 18.58668,59.5405 18.55386,59.42237 18.58157,59.49085</coordinates></LinearRing></outerBoundaryIs></Polygon><Polygon><outerBoundaryIs><LinearRing><coordinates> 18.61959,59.48809 18.61723,59.4874 18.61611,59.48872 18.61963,59.48853 18.61959,59.48809</coordinates></LinearRing></outerBoundaryIs></Polygon><Polygon><outerBoundaryIs><LinearRing><coordinates> 18.14733,58.90596 18.14134,58.90127 18.14923,58.90448 18.15057,58.90864 18.1646,58.90774 18.17713,58.91844 18.21474,58.93687 18.21454,58.94175 18.20185,58.94572 18.19675,58.93806 18.16948,58.93752 18.14733,58.90596</coordinates></LinearRing></outerBoundaryIs></Polygon><Polygon><outerBoundaryIs><LinearRing><coordinates> 18.6495,59.35177 18.4834,59.42059 18.46045,59.31441 18.34828,59.36393 18.32453,59.34734 18.26248,59.356 18.21853,59.33005 18.45766,59.31234 18.63915,59.24582 18.70285,59.29931 18.65141,59.29211 18.63294,59.28247 18.55596,59.28586 18.64558,59.29459 18.66747,59.31371 18.52744,59.35196 18.6495,59.35177</coordinates></LinearRing></outerBoundaryIs></Polygon><Polygon><outerBoundaryIs><LinearRing><coordinates> 18.52937,59.40032 18.52761,59.39749 18.52511,59.39659 18.52583,59.40011 18.52937,59.40032</coordinates></LinearRing></outerBoundaryIs></Polygon><Polygon><outerBoundaryIs><LinearRing><coordinates> 18.55886,59.38624 18.55193,59.38621 18.54706,59.38299 18.54666,59.38924 18.55886,59.38624</coordinates></LinearRing></outerBoundaryIs></Polygon><Polygon><outerBoundaryIs><LinearRing><coordinates> 18.58905,59.36731 18.58794,59.36582 18.58619,59.36641 18.58599,59.3676 18.58905,59.36731</coordinates></LinearRing></outerBoundaryIs></Polygon><Polygon><outerBoundaryIs><LinearRing><coordinates> 18.47256,59.33618 18.47174,59.33839 18.47562,59.33735 18.47513,59.33669 18.47256,59.33618</coordinates></LinearRing></outerBoundaryIs></Polygon><Polygon><outerBoundaryIs><LinearRing><coordinates> 18.68502,59.29485 18.68491,59.29362 18.68374,59.29358 18.68234,59.29429 18.68502,59.29485</coordinates></LinearRing></outerBoundaryIs></Polygon><Polygon><outerBoundaryIs><LinearRing><coordinates> 18.67689,59.29309 18.67482,59.29356 18.67498,59.29417 18.67844,59.29365 18.67689,59.29309</coordinates></LinearRing></outerBoundaryIs></Polygon><Polygon><outerBoundaryIs><LinearRing><coordinates> 18.35016,59.32159 18.35009,59.32149 18.34991,59.32144 18.34975,59.32159 18.35016,59.32159</coordinates></LinearRing></outerBoundaryIs></Polygon><Polygon><outerBoundaryIs><LinearRing><coordinates> 18.35261,59.32099 18.35217,59.3209 18.35188,59.32097 18.35181,59.32123 18.35261,59.32099</coordinates></LinearRing></outerBoundaryIs></Polygon><Polygon><outerBoundaryIs><LinearRing><coordinates> 18.23182,59.02565 18.1368,59.01676 18.09858,59.02469 18.05614,58.96161 18.1039,58.98307 18.15186,58.97102 18.14049,59.01628 18.1596,58.99326 18.17806,59.00464 18.19238,58.99096 18.19008,59.00686 18.2039,59.01535 18.18211,59.00568 18.16567,59.00955 18.18472,59.01818 18.21422,59.01859 18.23182,59.02565</coordinates></LinearRing></outerBoundaryIs></Polygon><Polygon><outerBoundaryIs><LinearRing><coordinates> 18.15598,59.00134 18.15372,59.00144 18.15268,59.00324 18.15658,59.00282 18.15598,59.00134</coordinates></LinearRing></outerBoundaryIs></Polygon><Polygon><outerBoundaryIs><LinearRing><coordinates> 18.51614,60.15459 18.36461,59.86459 17.51632,59.62344 17.24497,59.2037 17.37526,58.98241 17.61551,58.94109 17.61549,59.08366 17.68709,59.1047 17.65114,59.184 17.77348,59.11771 17.74224,59.08286 17.73218,58.92899 17.8618,58.91744 17.88039,58.84133 17.87645,58.8589 17.88138,58.86723 17.89999,58.85614 17.91601,58.91868 17.97971,58.93427 17.96306,58.93893 17.9543,58.95983 18.00196,59.04203 18.24008,59.11904 18.1929,59.06448 18.34263,59.09305 18.26923,59.09666 18.28744,59.10044 18.27544,59.10778 18.30092,59.12083 18.42281,59.13529 18.46901,59.17081 18.3609,59.16661 18.29907,59.30755 18.27539,59.29608 18.22706,59.29566 18.20593,59.29963 18.21024,59.33505 18.14028,59.30108 18.07857,59.30315 18.0603,59.32786 18.10917,59.33288 18.15358,59.32902 18.0573,59.37554 18.07976,59.42417 18.20125,59.44562 18.19569,59.41928 18.15185,59.39828 18.33196,59.38172 18.2151,59.43078 18.76564,59.68566 18.9279,59.72282 19.02572,59.70338 19.08316,59.7358 18.70815,59.75786 18.90738,59.81487 18.85233,59.93938 18.8815,59.93639 18.87735,59.92963 18.91761,59.91915 18.91828,59.91015 18.93053,59.91605 19.04971,59.81548 19.0842,59.87595 18.8381,60.11072 18.59114,60.05382 18.51614,60.15459</coordinates></LinearRing></outerBoundaryIs></Polygon><Polygon><outerBoundaryIs><LinearRing><coordinates> 18.84144,60.10379 18.83994,60.10323 18.83806,60.1041 18.83924,60.10526 18.84144,60.10379</coordinates></LinearRing></outerBoundaryIs></Polygon><Polygon><outerBoundaryIs><LinearRing><coordinates> 18.82701,60.09892 18.82918,60.09755 18.82841,60.09707 18.82618,60.09752 18.82701,60.09892</coordinates></LinearRing></outerBoundaryIs></Polygon><Polygon><outerBoundaryIs><LinearRing><coordinates> 18.8401,60.05728 18.83608,60.05894 18.83616,60.05956 18.83977,60.06009 18.8401,60.05728</coordinates></LinearRing></outerBoundaryIs></Polygon><Polygon><outerBoundaryIs><LinearRing><coordinates> 18.85777,60.04011 18.8602,60.03963 18.86037,60.03877 18.85769,60.03851 18.85777,60.04011</coordinates></LinearRing></outerBoundaryIs></Polygon><Polygon><outerBoundaryIs><LinearRing><coordinates> 18.92995,59.9407 18.92843,59.93869 18.92705,59.9404 18.92869,59.94137 18.92995,59.9407</coordinates></LinearRing></outerBoundaryIs></Polygon><Polygon><outerBoundaryIs><LinearRing><coordinates> 18.93079,59.93826 18.9332,59.93723 18.93262,59.93683 18.93036,59.93703 18.93079,59.93826</coordinates></LinearRing></outerBoundaryIs></Polygon><Polygon><outerBoundaryIs><LinearRing><coordinates> 18.9468,59.92311 18.95029,59.92336 18.95067,59.92133 18.9484,59.92093 18.9468,59.92311</coordinates></LinearRing></outerBoundaryIs></Polygon><Polygon><outerBoundaryIs><LinearRing><coordinates> 18.97669,59.91581 18.97551,59.91387 18.97444,59.91435 18.97297,59.91668 18.97669,59.91581</coordinates></LinearRing></outerBoundaryIs></Polygon><Polygon><outerBoundaryIs><LinearRing><coordinates> 18.97642,59.91149 18.98189,59.9142 18.98804,59.91263 18.98828,59.91033 18.97642,59.91149</coordinates></LinearRing></outerBoundaryIs></Polygon><Polygon><outerBoundaryIs><LinearRing><coordinates> 19.0281,59.89684 19.03292,59.89696 19.03203,59.89575 19.02753,59.89545 19.0281,59.89684</coordinates></LinearRing></outerBoundaryIs></Polygon><Polygon><outerBoundaryIs><LinearRing><coordinates> 19.03194,59.8935 19.03582,59.89313 19.03094,59.89105 19.03003,59.89212 19.03194,59.8935</coordinates></LinearRing></outerBoundaryIs></Polygon><Polygon><outerBoundaryIs><LinearRing><coordinates> 19.0204,59.89257 19.01843,59.8929 19.01884,59.89381 19.02006,59.89414 19.0204,59.89257</coordinates></LinearRing></outerBoundaryIs></Polygon><Polygon><outerBoundaryIs><LinearRing><coordinates> 19.04803,59.82035 19.04703,59.82014 19.04624,59.82281 19.04748,59.82289 19.04803,59.82035</coordinates></LinearRing></outerBoundaryIs></Polygon><Polygon><outerBoundaryIs><LinearRing><coordinates> 18.14033,59.43581 18.13334,59.43391 18.13154,59.43667 18.13465,59.43815 18.14033,59.43581</coordinates></LinearRing></outerBoundaryIs></Polygon><Polygon><outerBoundaryIs><LinearRing><coordinates> 18.31529,59.2306 18.31328,59.23157 18.31577,59.23412 18.31777,59.22997 18.31529,59.2306</coordinates></LinearRing></outerBoundaryIs></Polygon><Polygon><outerBoundaryIs><LinearRing><coordinates> 18.32791,59.21536 18.33648,59.21513 18.33574,59.21464 18.32848,59.21365 18.32791,59.21536</coordinates></LinearRing></outerBoundaryIs></Polygon><Polygon><outerBoundaryIs><LinearRing><coordinates> 18.31987,59.21449 18.31969,59.2138 18.31788,59.21319 18.31796,59.21491 18.31987,59.21449</coordinates></LinearRing></outerBoundaryIs></Polygon><Polygon><outerBoundaryIs><LinearRing><coordinates> 18.41721,59.16645 18.41725,59.16702 18.41977,59.16714 18.41871,59.16615 18.41721,59.16645</coordinates></LinearRing></outerBoundaryIs></Polygon><Polygon><outerBoundaryIs><LinearRing><coordinates> 18.41202,59.16578 18.40899,59.16477 18.40779,59.16479 18.41195,59.16628 18.41202,59.16578</coordinates></LinearRing></outerBoundaryIs></Polygon><Polygon><outerBoundaryIs><LinearRing><coordinates> 18.23119,59.08399 18.23149,59.08591 18.23385,59.08594 18.23426,59.08531 18.23119,59.08399</coordinates></LinearRing></outerBoundaryIs></Polygon><Polygon><outerBoundaryIs><LinearRing><coordinates> 18.223,59.08111 18.21873,59.08052 18.21615,59.08133 18.22247,59.08168 18.223,59.08111</coordinates></LinearRing></outerBoundaryIs></Polygon><Polygon><outerBoundaryIs><LinearRing><coordinates> 17.7536,58.99595 17.75377,58.99705 17.75534,58.9977 17.75528,58.99625 17.7536,58.99595</coordinates></LinearRing></outerBoundaryIs></Polygon><Polygon><outerBoundaryIs><LinearRing><coordinates> 17.74706,58.97059 17.74401,58.96184 17.73814,58.96071 17.74369,58.97054 17.74706,58.97059</coordinates></LinearRing></outerBoundaryIs></Polygon><Polygon><outerBoundaryIs><LinearRing><coordinates> 17.73726,58.95889 17.73911,58.95857 17.73834,58.95727 17.73613,58.95753 17.73726,58.95889</coordinates></LinearRing></outerBoundaryIs></Polygon><Polygon><outerBoundaryIs><LinearRing><coordinates> 17.90724,58.89169 17.90495,58.89095 17.90517,58.8925 17.90769,58.89279 17.90724,58.89169</coordinates></LinearRing></outerBoundaryIs></Polygon><Polygon><outerBoundaryIs><LinearRing><coordinates> 17.90305,58.88865 17.90354,58.88994 17.90483,58.88993 17.90459,58.88847 17.90305,58.88865</coordinates></LinearRing></outerBoundaryIs></Polygon><Polygon><outerBoundaryIs><LinearRing><coordinates> 17.90267,58.8708 17.90047,58.868 17.89945,58.86798 17.89981,58.87008 17.90267,58.8708</coordinates></LinearRing></outerBoundaryIs></Polygon>"
20,3262,Kronoberg County,region,SE,Sweden,True,True,Polygons not found.
