key,name,type,country_code,country_name,supports_region,supports_city,country,GID_0,NAME_0,GID_1,NAME_1,match_dict
4079,England,region,GB,United Kingdom,True,True,United Kingdom,GBR,United Kingdom,GBR.1_1,England,
2459,Addu Atoll,region,MV,Maldives,True,True,Maldives,MDV,,,,
14,Umm al-Quwain,region,AE,United Arab Emirates,True,True,United Arab Emirates,ARE,United Arab Emirates,ARE.7_1,Umm al-Qaywayn,
3161,Ryazan Oblast,region,RU,Russia,True,True,Russian Federation,RUS,Russia,RUS.59_1,Ryazan',
4366,Mubarak Al-Kabeer Governorate,region,KW,Kuwait,True,True,Kuwait,KWT,Kuwait,KWT.6_1,Mubarak Al-Kabeer,
2033,West Kazakhstan Province,region,KZ,Kazakhstan,True,True,Kazakhstan,KAZ,Kazakhstan,KAZ.13_1,West Kazakhstan,
3729,Ardahan Province,region,TR,Turkey,True,True,Turkey,TUR,Turkey,TUR.9_1,Ardahan,
983,Saare County,region,EE,Estonia,True,True,Estonia,EST,Estonia,EST.12_1,Saare,
3130,Republic of Khakassia,region,RU,Russia,True,True,Russian Federation,RUS,Russia,RUS.29_1,Khakass,
4934,Plateaux Region,region,TG,Togo,True,True,Togo,TGO,Togo,TGO.4_1,Plateaux,
4644,Alif Alif Atoll,region,MV,Maldives,True,True,Maldives,MDV,,,,
1727,Dadra and Nagar Haveli,region,IN,India,True,True,India,IND,India,IND.8_1,Dadra and Nagar Haveli,
3114,Chukotka Autonomous Okrug,region,RU,Russia,True,True,Russian Federation,RUS,Russia,RUS.12_1,Chukot,
4581,Amoron'i Mania,region,MG,Madagascar,True,True,Madagascar,MDG,,,,
3186,Yamalo-Nenets Autonomous Okrug,region,RU,Russia,True,True,Russian Federation,RUS,Russia,RUS.80_1,Yamal-Nenets,
4072,Mashonaland East Province,region,ZW,Zimbabwe,True,True,Zimbabwe,ZWE,Zimbabwe,ZWE.5_1,Mashonaland East,Mashonaland East Province:Mashonaland East
1429,Upper East Region,region,GH,Ghana,True,True,Ghana,GHA,Ghana,GHA12_2,Upper East,Upper East Region:Upper East
3106,Astrakhan Oblast,region,RU,Russia,True,True,Russian Federation,RUS,Russia,RUS.5_1,Astrakhan',
2385,Ségou Region,region,ML,Mali,True,True,Mali,MLI,Mali,MLI.7_1,Ségou,Ségou Region:Ségou
3465,Lower Shebelle,region,SO,Somalia,True,True,Somalia,SOM,,,,
3479,São Tomé Island,region,ST,Sao Tome and Principe,True,True,Sao Tome and Principe,STP,São Tomé and Príncipe,STP.2_1,São Tomé,São Tomé Island:São Tomé
4804,Masindi District,region,UG,Uganda,True,True,Uganda,UGA,Uganda,UGA.36_1,Masindi,Masindi District:Masindi
1430,Upper West Region,region,GH,Ghana,True,True,Ghana,GHA,Ghana,GHA13_2,Upper West,Upper West Region:Upper West
4573,Atsimo-Atsinanana,region,MG,Madagascar,True,True,Madagascar,MDG,Madagascar,MDG.2_1,Antsiranana,
3832,Mbale District,region,UG,Uganda,True,True,Uganda,UGA,Uganda,UGA.38_1,Mbale,Mbale District:Mbale
3159,Pskov Oblast,region,RU,Russia,True,True,Russian Federation,RUS,Russia,RUS.57_1,Pskov,
3168,Smolensk Oblast,region,RU,Russia,True,True,Russian Federation,RUS,Russia,RUS.64_1,Smolensk,
3124,Kaluga Oblast,region,RU,Russia,True,True,Russian Federation,RUS,Russia,RUS.23_1,Kaluga,
361,Silistra Province,region,BG,Bulgaria,True,True,Bulgaria,BGR,Bulgaria,BGR.18_1,Silistra,Silistra Province:Silistra
3125,Kamchatka Krai,region,RU,Russia,True,True,Russian Federation,RUS,Russia,RUS.24_1,Kamchatka,
4576,Osh Region,region,KG,Kyrgyzstan,True,True,Kyrgyzstan,KGZ,,,,
366,Targovishte Province,region,BG,Bulgaria,True,True,Bulgaria,BGR,Bulgaria,BGR.23_1,Targovishte,Targovishte Province:Targovishte
4590,Anosy,region,MG,Madagascar,True,True,Madagascar,MDG,,,,
2406,Arkhangai Province,region,MN,Mongolia,True,True,Mongolia,MNG,Mongolia,MNG.1_1,Arhangay,Arkhangai Province:Arhangay
2740,Al Batinah North Governorate,region,OM,Oman,True,True,Oman,OMN,Oman,OMN.2_1,Al Batinah North,Al Batinah North Governorate:Al Batinah North
2030,Aktobe Region,region,KZ,Kazakhstan,True,True,Kazakhstan,KAZ,Kazakhstan,KAZ.3_1,Aqtöbe,
2427,Darkhan-Uul Province,region,MN,Mongolia,True,True,Mongolia,MNG,Mongolia,MNG.5_1,Darhan-Uul,Darkhan-Uul Province:Darhan-Uul
3141,Leningrad Oblast,region,RU,Russia,True,True,Russian Federation,RUS,Russia,RUS.38_1,Leningrad,
2044,Attapeu Province,region,LA,Laos,True,True,Lao People's Democratic Republic,LAO,Laos,LAO.1_1,Attapu,Attapeu Province:Attapu
71,Armavir Region,region,AM,Armenia,True,True,Armenia,ARM,Armenia,ARM.3_1,Armavir,Armavir Region:Armavir
2415,Khentii Province,region,MN,Mongolia,True,True,Mongolia,MNG,,,,
4745,Mityana District,region,UG,Uganda,True,True,Uganda,UGA,,,,
4810,Sheema District,region,UG,Uganda,True,True,Uganda,UGA,,,,
3449,Kaolack,region,SN,Senegal,True,True,Senegal,SEN,Senegal,SEN.5_1,Kaolack,
62,Gjirokastër County,region,AL,Albania,True,True,Albania,ALB,Albania,ALB.6_1,Gjirokastër,Gjirokastër County:Gjirokastër
1723,Andaman and Nicobar Islands,region,IN,India,True,True,India,IND,India,IND.1_1,Andaman and Nicobar,
64,Kukës County,region,AL,Albania,True,True,Albania,ALB,Albania,ALB.8_1,Kukës,Kukës County:Kukës
3145,Republic of Mordovia,region,RU,Russia,True,True,Russian Federation,RUS,Russia,RUS.42_1,Mordovia,
3199,Al Bahah Region,region,SA,Saudi Arabia,True,True,Saudi Arabia,SAU,Saudi Arabia,SAU.2_1,Al Bahah,Al Bahah Region:Al Bahah
157,Ganja,region,AZ,Azerbaijan,True,True,Azerbaijan,AZE,Azerbaijan,AZE.4_1,Ganja-Qazakh,Ganja:Ganja-Qazakh
2257,Atsimo-Andrefana,region,MG,Madagascar,True,True,Madagascar,MDG,Madagascar,MDG.2_1,Antsiranana,
3914,Bukhara Region,region,UZ,Uzbekistan,True,True,Uzbekistan,UZB,,,,
2040,Kyzylorda Region,region,KZ,Kazakhstan,True,True,Kazakhstan,KAZ,Kazakhstan,KAZ.11_1,Qyzylorda,
1442,Boké Region,region,GN,Guinea,True,True,Guinea,GIN,Guinea,GIN.1_1,Boké,Boké Region:Boké
4381,Racha-Lechkhumi and Kvemo Svaneti,region,GE,Georgia,True,True,Georgia,GEO,Georgia,GEO.8_1,Racha-Lechkhumi-Kvemo Svaneti,Racha-Lechkhumi and Kvemo Svaneti:Racha-Lechkhumi-Kvemo Svaneti
3108,Belgorod Oblast,region,RU,Russia,True,True,Russian Federation,RUS,Russia,RUS.7_1,Belgorod,
3469,Commewijne District,region,SR,Suriname,True,True,Suriname,SUR,Suriname,SUR.2_1,Commewijne,Commewijne District:Commewijne
2423,Uvs Province,region,MN,Mongolia,True,True,Mongolia,MNG,,,,
1459,Mamou Region,region,GN,Guinea,True,True,Guinea,GIN,Guinea,GIN.7_1,Mamou,Mamou Region:Mamou
3167,North Ossetia-Alania,region,RU,Russia,True,True,Russian Federation,RUS,Russia,RUS.48_1,North Ossetia,
1468,Labé Region,region,GN,Guinea,True,True,Guinea,GIN,Guinea,GIN.6_1,Labé,Labé Region:Labé
3624,Ahal Region,region,TM,Turkmenistan,True,True,Turkmenistan,TKM,Turkmenistan,TKM.1_1,Ahal,Ahal Region:Ahal
2029,Akmola Region,region,KZ,Kazakhstan,True,True,Kazakhstan,KAZ,Kazakhstan,KAZ.2_1,Aqmola,
400,Atakora Department,region,BJ,Benin,True,True,Benin,BEN,Benin,BEN.2_1,Atakora,Atakora Department:Atakora
4610,Haa Dhaalu Atoll,region,MV,Maldives,True,True,Maldives,MDV,,,,
1940,Jalal-Abad Region,region,KG,Kyrgyzstan,True,True,Kyrgyzstan,KGZ,Kyrgyzstan,KGZ.4_1,Jalal-Abad,Jalal-Abad Region:Jalal-Abad
4932,Awdal Region,region,SO,Somalia,True,True,Somalia,SOM,Somalia,SOM.1_1,Awdal,Awdal Region:Awdal
3104,Amur Oblast,region,RU,Russia,True,True,Russian Federation,RUS,Russia,RUS.3_1,Amur,
3123,Republic of Kalmykia,region,RU,Russia,True,True,Russian Federation,RUS,Russia,RUS.22_1,Kalmyk,
4904,Northern Red Sea Region,region,ER,Eritrea,True,True,Eritrea,ERI,,,,
494,Paro District,region,BT,Bhutan,True,True,Bhutan,BTN,,,,
4205,Adjuntas,region,PR,Puerto Rico,True,True,Puerto Rico,PRI,Puerto Rico,PRI.1_1,Adjuntas,
3472,Nickerie District,region,SR,Suriname,True,True,Suriname,SUR,Suriname,SUR.5_1,Nickerie,Nickerie District:Nickerie
2791,East New Britain,region,PG,Papua New Guinea,True,True,Papua New Guinea,PNG,Papua New Guinea,PNG.4_1,East New Britain,
1567,Essequibo Islands-West Demerara,region,GY,Guyana,True,True,Guyana,GUY,Guyana,GUY.5_1,Essequibo Islands-West Demerara,
4705,Amran Governorate,region,YE,Yemen,True,True,Yemen,YEM,,,,
4579,Alaotra-Mangoro,region,MG,Madagascar,True,True,Madagascar,MDG,Madagascar,MDG.1_1,Antananarivo,
3824,Kabarole District,region,UG,Uganda,True,True,Uganda,UGA,Uganda,UGA.13_1,Kabarole,Kabarole District:Kabarole
4700,Ash Sharqiyah South Governorate,region,OM,Oman,True,True,Oman,OMN,Oman,OMN.8_1,Ash Sharqiyah South,Ash Sharqiyah South Governorate:Ash Sharqiyah South
2042,North Kazakhstan Region,region,KZ,Kazakhstan,True,True,Kazakhstan,KAZ,Kazakhstan,KAZ.7_1,North Kazakhstan,
4580,Analanjirofo,region,MG,Madagascar,True,True,Madagascar,MDG,Madagascar,MDG.1_1,Antananarivo,
4208,Arroyo,region,PR,Puerto Rico,True,True,Puerto Rico,PRI,Puerto Rico,PRI.8_1,Arroyo,
4702,Al Buraimi Governorate,region,OM,Oman,True,True,Oman,OMN,Oman,OMN.4_1,Al Buraymi,Al Buraimi Governorate:Al Buraymi
3926,Tashkent Region,region,UZ,Uzbekistan,True,True,Uzbekistan,UZB,Uzbekistan,UZB.14_1,Toshkent,Tashkent Region:Toshkent
2410,Dornod Province,region,MN,Mongolia,True,True,Mongolia,MNG,Mongolia,MNG.7_1,Dornogovi,Dornod Province:Dornogovi
4536,Leeward Islands,region,PF,French Polynesia,True,True,French Polynesia,PYF,,,,
3121,Kabardino-Balkar Republic,region,RU,Russia,True,True,Russian Federation,RUS,Russia,RUS.20_1,Kabardin-Balkar,
3922,Samarqand Region,region,UZ,Uzbekistan,True,True,Uzbekistan,UZB,Uzbekistan,UZB.10_1,Samarqand',Samarqand Region:Samarqand'
4603,Baa Atoll,region,MV,Maldives,True,True,Maldives,MDV,,,,
172,Nakhchivan Autonomous Republic,region,AZ,Azerbaijan,True,True,Azerbaijan,AZE,,,,
2489,Mzimba District,region,MW,Malawi,True,True,Malawi,MWI,Malawi,MWI.17_1,Mzimba,Mzimba District:Mzimba
4523,Alibori Department,region,BJ,Benin,True,True,Benin,BEN,Benin,BEN.1_1,Alibori,Alibori Department:Alibori
3109,Bryansk Oblast,region,RU,Russia,True,True,Russian Federation,RUS,Russia,RUS.8_1,Bryansk,
4207,Aguas Buenas,region,PR,Puerto Rico,True,True,Puerto Rico,PRI,Puerto Rico,PRI.4_1,Aguas Buenas,
2411,Dornogovi Province,region,MN,Mongolia,True,True,Mongolia,MNG,Mongolia,MNG.7_1,Dornogovi,Dornogovi Province:Dornogovi
3148,Murmansk Oblast,region,RU,Russia,True,True,Russian Federation,RUS,Russia,RUS.45_1,Murmansk,
3180,Ulyanovsk Oblast,region,RU,Russia,True,True,Russian Federation,RUS,Russia,RUS.75_1,Ul'yanovsk,
3621,Gorno-Badakhshan Autonomous Province,region,TJ,Tajikistan,True,True,Tajikistan,TJK,Tajikistan,TJK.2_1,Gorno-Badakhshan,Gorno-Badakhshan Autonomous Province:Gorno-Badakhshan
580,Appenzell Ausserrhoden,region,CH,Switzerland,True,True,Switzerland,CHE,Switzerland,CHE.2_1,Appenzell Ausserrhoden,
4785,Lira District,region,UG,Uganda,True,True,Uganda,UGA,Uganda,UGA.32_1,Lake Victoria,Lira District:Lake Victoria
3051,Al Khor,region,QA,Qatar,True,True,Qatar,QAT,Qatar,QAT.3_1,Al Khor,
92,Zaire Province,region,AO,Angola,True,True,Angola,AGO,Angola,AGO.18_1,Zaire,Zaire Province:Zaire
4779,Gulu District,region,UG,Uganda,True,True,Uganda,UGA,,,,
1941,Naryn Region,region,KG,Kyrgyzstan,True,True,Kyrgyzstan,KGZ,Kyrgyzstan,KGZ.5_1,Naryn,Naryn Region:Naryn
3834,Mpigi District,region,UG,Uganda,True,True,Uganda,UGA,Uganda,UGA.42_1,Mpigi,Mpigi District:Mpigi
2037,Pavlodar Region,region,KZ,Kazakhstan,True,True,Kazakhstan,KAZ,Kazakhstan,KAZ.8_1,Pavlodar,
895,Hato Mayor Province,region,DO,Dominican Republic,True,True,Dominican Republic,DOM,Dominican Republic,DOM.9_1,Hato Mayor,Hato Mayor Province:Hato Mayor
2438,Adrar Region,region,MR,Mauritania,True,True,Mauritania,MRT,Mauritania,MRT.1_1,Adrar,Adrar Region:Adrar
2437,Trarza Region,region,MR,Mauritania,True,True,Mauritania,MRT,Mauritania,MRT.13_1,Trarza,Trarza Region:Trarza
3941,Delta Amacuro,region,VE,Venezuela,True,True,"Venezuela, Bolivarian Republic of",VEN,Venezuela,VEN.9_1,Delta Amacuro,
1566,East Berbice-Corentyne,region,GY,Guyana,True,True,Guyana,GUY,Guyana,GUY.4_1,East Berbice-Corentyne,
2121,Leribe District,region,LS,Lesotho,True,True,Lesotho,LSO,Lesotho,LSO.3_1,Leribe,Leribe District:Leribe
514,Brest Region,region,BY,Belarus,True,True,Belarus,BLR,Belarus,BLR.1_1,Brest,Brest Region:Brest
2421,Sükhbaatar Province,region,MN,Mongolia,True,True,Mongolia,MNG,Mongolia,MNG.19_1,Sühbaatar,Sükhbaatar Province:Sühbaatar
374,Muharraq Governorate,region,BH,Bahrain,True,True,Bahrain,BHR,Bahrain,BHR.3_1,Muharraq,Muharraq Governorate:Muharraq
4165,Perm Krai,region,RU,Russia,True,True,Russian Federation,RUS,Russia,RUS.55_1,Perm',
4209,Añasco,region,PR,Puerto Rico,True,True,Puerto Rico,PRI,Puerto Rico,PRI.6_1,Añasco,
2027,Almaty Region,region,KZ,Kazakhstan,True,True,Kazakhstan,KAZ,Kazakhstan,KAZ.1_1,Almaty,
2425,Bulgan Province,region,MN,Mongolia,True,True,Mongolia,MNG,Mongolia,MNG.4_1,Bulgan,Bulgan Province:Bulgan
363,Smolyan Province,region,BG,Bulgaria,True,True,Bulgaria,BGR,Bulgaria,BGR.20_1,Smolyan,Smolyan Province:Smolyan
1472,Nzérékoré Region,region,GN,Guinea,True,True,Guinea,GIN,Guinea,GIN.8_1,Nzérékoré,Nzérékoré Region:Nzérékoré
2936,Federally Administered Tribal Areas,region,PK,Pakistan,True,True,Pakistan,PAK,Pakistan,PAK.3_1,Federally Administered Tribal Ar,Federally Administered Tribal Areas:Federally Administered Tribal Ar
4288,South Caribbean Coast Autonomous Region,region,NI,Nicaragua,True,True,Nicaragua,NIC,,,,
2137,Utena County,region,LT,Lithuania,True,True,Lithuania,LTU,Lithuania,LTU.9_1,Utenos,Utena County:Utenos
65,Lezhë County,region,AL,Albania,True,True,Albania,ALB,Albania,ALB.9_1,Lezhë,Lezhë County:Lezhë
1591,Bjelovar-Bilogora County,region,HR,Croatia,True,True,Croatia,HRV,Croatia,HRV.1_1,Bjelovarska-Bilogorska,Bjelovar-Bilogora County:Bjelovarska-Bilogorska
401,Atlantique Department,region,BJ,Benin,True,True,Benin,BEN,Benin,BEN.3_1,Atlantique,Atlantique Department:Atlantique
4517,El Tarf Province,region,DZ,Algeria,True,True,Algeria,DZA,Algeria,DZA.19_1,El Tarf,El Tarf Province:El Tarf
680,Adamawa,region,CM,Cameroon,True,True,Cameroon,CMR,Cameroon,CMR.1_1,Adamaoua,Adamawa:Adamaoua
4250,Trujillo Alto,region,PR,Puerto Rico,True,True,Puerto Rico,PRI,Puerto Rico,PRI.71_1,Trujillo Alto,
2417,Khövsgöl Province,region,MN,Mongolia,True,True,Mongolia,MNG,,,,
1453,Kindia Region,region,GN,Guinea,True,True,Guinea,GIN,Guinea,GIN.5_1,Kindia,Kindia Region:Kindia
351,Kyustendil Province,region,BG,Bulgaria,True,True,Bulgaria,BGR,Bulgaria,BGR.8_1,Kyustendil,Kyustendil Province:Kyustendil
2743,Ad Dhahirah Governorate,region,OM,Oman,True,True,Oman,OMN,Oman,OMN.5_1,Al Dhahira,Ad Dhahirah Governorate:Al Dhahira
4455,Minsk Region,region,BY,Belarus,True,True,Belarus,BLR,Belarus,,Minsk,Minsk Region:Minsk
870,Azua Province,region,DO,Dominican Republic,True,True,Dominican Republic,DOM,,,,
52,Saint John Parish,region,AG,Antigua,True,True,Antigua and Barbuda,ATG,Antigua and Barbuda,ATG.4_1,Saint John,Saint John Parish:Saint John
4253,Vega Alta,region,PR,Puerto Rico,True,True,Puerto Rico,PRI,Puerto Rico,PRI.73_1,Vega Alta,
4248,Toa Alta,region,PR,Puerto Rico,True,True,Puerto Rico,PRI,Puerto Rico,PRI.69_1,Toa Alta,
3659,Amasya Province,region,TR,Turkey,True,True,Turkey,TUR,Turkey,TUR.6_1,Amasya,
1943,Issyk-Kul Region,region,KG,Kyrgyzstan,True,True,Kyrgyzstan,KGZ,,,,
358,Razgrad Province,region,BG,Bulgaria,True,True,Bulgaria,BGR,Bulgaria,BGR.15_1,Razgrad,Razgrad Province:Razgrad
4394,Al Wakra,region,QA,Qatar,True,True,Qatar,QAT,Qatar,QAT.4_1,Al Wakrah,Al Wakra:Al Wakrah
3798,Sumy Oblast,region,UA,Ukraine,True,True,Ukraine,UKR,Ukraine,UKR.21_1,Sumy,Sumy Oblast:Sumy
2038,Karaganda Region,region,KZ,Kazakhstan,True,True,Kazakhstan,KAZ,Kazakhstan,KAZ.9_1,Qaraghandy,
3087,Sălaj County,region,RO,Romania,True,True,Romania,ROU,Romania,ROU.33_1,Sălaj,Sălaj County:Sălaj
371,Yambol Province,region,BG,Bulgaria,True,True,Bulgaria,BGR,Bulgaria,BGR.28_1,Yambol,Yambol Province:Yambol
2136,Telšiai County,region,LT,Lithuania,True,True,Lithuania,LTU,Lithuania,LTU.8_1,Telšiai,Telšiai County:Telšiai
4387,Dakhla-Oued Ed-Dahab,region,MA,Morocco,True,True,Morocco,MAR,,,,
2232,Laâyoune-Boujdour-Sakia El Hamra,region,MA,Morocco,True,True,Morocco,MAR,Morocco,MAR.7_1,Laâyoune - Boujdour - Sakia El H,Laâyoune-Boujdour-Sakia El Hamra:Laâyoune - Boujdour - Sakia El H
3172,Republic of Tatarstan,region,RU,Russia,True,True,Russian Federation,RUS,Russia,RUS.68_1,Tatarstan,
3152,Novosibirsk Oblast,region,RU,Russia,True,True,Russian Federation,RUS,Russia,RUS.50_1,Novosibirsk,
3158,Primorsky Krai,region,RU,Russia,True,True,Russian Federation,RUS,Russia,RUS.56_1,Primor'ye,
4378,Samegrelo-Zemo Svaneti,region,GE,Georgia,True,True,Georgia,GEO,Georgia,GEO.9_1,Samegrelo-Zemo Svaneti,
3658,Ağrı Province,region,TR,Turkey,True,True,Turkey,TUR,Turkey,TUR.10_1,Artvin,
352,Lovech Province,region,BG,Bulgaria,True,True,Bulgaria,BGR,Bulgaria,BGR.9_1,Lovech,Lovech Province:Lovech
2132,Marijampolė County,region,LT,Lithuania,True,True,Lithuania,LTU,Lithuania,LTU.4_1,Marijampoles,Marijampolė County:Marijampoles
3112,Chelyabinsk Oblast,region,RU,Russia,True,True,Russian Federation,RUS,Russia,RUS.11_1,Chelyabinsk,
350,Kardzhali Province,region,BG,Bulgaria,True,True,Bulgaria,BGR,Bulgaria,BGR.7_1,Kardzhali,Kardzhali Province:Kardzhali
1597,Krapina-Zagorje County,region,HR,Croatia,True,True,Croatia,HRV,Croatia,HRV.8_1,Krapinsko-Zagorska,Krapina-Zagorje County:Krapinsko-Zagorska
1879,Tafilah Governorate,region,JO,Jordan,True,True,Jordan,JOR,Jordan,JOR.11_1,Tafilah,Tafilah Governorate:Tafilah
2178,Wadi al Shatii District,region,LY,Libya,True,True,Libya,LBY,Libya,LBY.22_1,Wadi ash Shati',Wadi al Shatii District:Wadi ash Shati'
370,Vratsa Province,region,BG,Bulgaria,True,True,Bulgaria,BGR,Bulgaria,BGR.27_1,Vratsa,Vratsa Province:Vratsa
4337,Madaba Governorate,region,JO,Jordan,True,True,Jordan,JOR,,,,
2622,Adamawa,region,NG,Nigeria,True,True,Nigeria,NGA,Nigeria,NGA.2_1,Adamawa,Adamawa:Adamaoua
1599,Međimurje County,region,HR,Croatia,True,True,Croatia,HRV,,,,
2253,Atsinanana,region,MG,Madagascar,True,True,Madagascar,MDG,Madagascar,MDG.2_1,Antsiranana,
2416,Khovd Province,region,MN,Mongolia,True,True,Mongolia,MNG,,,,
369,Vidin Province,region,BG,Bulgaria,True,True,Bulgaria,BGR,Bulgaria,BGR.26_1,Vidin,Vidin Province:Vidin
3132,Kirov Oblast,region,RU,Russia,True,True,Russian Federation,RUS,Russia,RUS.31_1,Kirov,
1613,Artibonite Department,region,HT,Haiti,True,True,Haiti,HTI,Haiti,HTI.3_1,L'Artibonite,Artibonite Department:L'Artibonite
3175,Tula Oblast,region,RU,Russia,True,True,Russian Federation,RUS,Russia,RUS.70_1,Tula,
3835,Mukono District,region,UG,Uganda,True,True,Uganda,UGA,Uganda,UGA.44_1,Mukono,Mukono District:Mukono
3122,Kaliningrad Oblast,region,RU,Russia,True,True,Russian Federation,RUS,Russia,RUS.21_1,Kaliningrad,
4454,Marj District,region,LY,Libya,True,True,Libya,LBY,,,,
4701,Ad Dakhiliyah Governorate,region,OM,Oman,True,True,Oman,OMN,Oman,OMN.1_1,Ad Dakhliyah,Ad Dakhiliyah Governorate:Ad Dakhliyah
2407,Bayankhongor Province,region,MN,Mongolia,True,True,Mongolia,MNG,Mongolia,MNG.3_1,Bayanhongor,Bayankhongor Province:Bayanhongor
1041,Afar,region,ET,Ethiopia,True,True,Ethiopia,ETH,Ethiopia,ETH.2_1,Afar,
4744,Masaka District,region,UG,Uganda,True,True,Uganda,UGA,Uganda,UGA.35_1,Masaka,Masaka District:Masaka
2386,Sikasso Region,region,ML,Mali,True,True,Mali,MLI,Mali,MLI.8_1,Sikasso,Sikasso Region:Sikasso
4036,Al Mahrah Governorate,region,YE,Yemen,True,True,Yemen,YEM,Yemen,YEM.7_1,Al Mahrah,Al Mahrah Governorate:Al Mahrah
4062,Eastern Province,region,ZM,Zambia,True,True,Zambia,ZMB,Zambia,ZMB.3_1,Eastern,Eastern Province:Eastern
4335,Ajloun Governorate,region,JO,Jordan,True,True,Jordan,JOR,,,,
2727,Gisborne District,region,NZ,New Zealand,True,True,New Zealand,NZL,New Zealand,NZL.5_1,Gisborne,Gisborne District:Gisborne
3103,Altai Krai,region,RU,Russia,True,True,Russian Federation,RUS,Russia,RUS.2_1,Altay,
42,Jowzjan,region,AF,Afghanistan,True,True,Afghanistan,AFG,Afghanistan,AFG.13_1,Jawzjan,Jowzjan:Jawzjan
3033,Caazapá,region,PY,Paraguay,True,True,Paraguay,PRY,Paraguay,PRY.7_1,Caazapá,
353,Montana Province,region,BG,Bulgaria,True,True,Bulgaria,BGR,Bulgaria,BGR.10_1,Montana,Montana Province:Montana
4164,Altai Republic,region,RU,Russia,True,True,Russian Federation,RUS,,,,
3177,Tyumen Oblast,region,RU,Russia,True,True,Russian Federation,RUS,Russia,RUS.73_1,Tyumen',
2414,Govi-Altai Province,region,MN,Mongolia,True,True,Mongolia,MNG,Mongolia,MNG.10_1,Govi-Altay,Govi-Altai Province:Govi-Altay
3176,Tver Oblast,region,RU,Russia,True,True,Russian Federation,RUS,Russia,RUS.72_1,Tver',
1466,Kankan Region,region,GN,Guinea,True,True,Guinea,GIN,Guinea,GIN.4_1,Kankan,Kankan Region:Kankan
3153,Omsk Oblast,region,RU,Russia,True,True,Russian Federation,RUS,Russia,RUS.51_1,Omsk,
1884,Akita Prefecture,region,JP,Japan,True,True,Japan,JPN,,,,
3185,Voronezh Oblast,region,RU,Russia,True,True,Russian Federation,RUS,Russia,RUS.79_1,Voronezh,
3171,Tambov Oblast,region,RU,Russia,True,True,Russian Federation,RUS,Russia,RUS.67_1,Tambov,
355,Pernik Province,region,BG,Bulgaria,True,True,Bulgaria,BGR,Bulgaria,BGR.12_1,Pernik,Pernik Province:Pernik
2032,Atyrau Region,region,KZ,Kazakhstan,True,True,Kazakhstan,KAZ,Kazakhstan,KAZ.4_1,Atyrau,
3131,Khanty-Mansi Autonomous Okrug,region,RU,Russia,True,True,Russian Federation,RUS,Russia,RUS.30_1,Khanty-Mansiy,
3129,Khabarovsk Krai,region,RU,Russia,True,True,Russian Federation,RUS,Russia,RUS.28_1,Khabarovsk,
6,Andorra la Vella,region,AD,Andorra,True,True,Andorra,AND,Andorra,AND.1_1,Andorra la Vella,
2041,East Kazakhstan Region,region,KZ,Kazakhstan,True,True,Kazakhstan,KAZ,Kazakhstan,KAZ.5_1,East Kazakhstan,
3047,Alto Paraguay Department,region,PY,Paraguay,True,True,Paraguay,PRY,Paraguay,PRY.1_1,Alto Paraguay,Alto Paraguay Department:Alto Paraguay
3105,Arkhangelsk Oblast,region,RU,Russia,True,True,Russian Federation,RUS,Russia,RUS.4_1,Arkhangel'sk,
3183,Volgograd Oblast,region,RU,Russia,True,True,Russian Federation,RUS,Russia,RUS.77_1,Volgograd,
2413,Zavkhan Province,region,MN,Mongolia,True,True,Mongolia,MNG,,,,
940,Naama Province,region,DZ,Algeria,True,True,Algeria,DZA,,,,
3128,Kemerovo Oblast,region,RU,Russia,True,True,Russian Federation,RUS,Russia,RUS.27_1,Kemerovo,
1866,Saint Ann Parish,region,JM,Jamaica,True,True,Jamaica,JAM,Jamaica,JAM.7_1,Saint Ann,Saint Ann Parish:Saint Ann
2384,Mopti Region,region,ML,Mali,True,True,Mali,MLI,Mali,MLI.6_1,Mopti,Mopti Region:Mopti
2420,Selenge Province,region,MN,Mongolia,True,True,Mongolia,MNG,Mongolia,MNG.18_1,Selenge,Selenge Province:Selenge
3166,Saratov Oblast,region,RU,Russia,True,True,Russian Federation,RUS,Russia,RUS.63_1,Saratov,
4039,Al Hudaydah Governorate,region,YE,Yemen,True,True,Yemen,YEM,Yemen,YEM.5_1,Al Hudaydah,Al Hudaydah Governorate:Al Hudaydah
677,Northwest,region,CM,Cameroon,True,True,Cameroon,CMR,Cameroon,CMR.6_1,Nord-Ouest,Northwest:Nord-Ouest
2036,South Kazakhstan Region,region,KZ,Kazakhstan,True,True,Kazakhstan,KAZ,Kazakhstan,KAZ.12_1,South Kazakhstan,
69,Aragatsotn Region,region,AM,Armenia,True,True,Armenia,ARM,Armenia,ARM.1_1,Aragatsotn,Aragatsotn Region:Aragatsotn
3255,Gotland County,region,SE,Sweden,True,True,Sweden,SWE,Sweden,SWE.4_1,Gotland,Gotland County:Gotland
57,Berat County,region,AL,Albania,True,True,Albania,ALB,Albania,ALB.1_1,Berat,Berat County:Berat
3477,Wanica District,region,SR,Suriname,True,True,Suriname,SUR,Suriname,SUR.10_1,Wanica,Wanica District:Wanica
138,Absheron District,region,AZ,Azerbaijan,True,True,Azerbaijan,AZE,Azerbaijan,AZE.1_1,Absheron,Absheron District:Absheron
3661,Artvin Province,region,TR,Turkey,True,True,Turkey,TUR,Turkey,TUR.10_1,Artvin,
2383,Kayes Region,region,ML,Mali,True,True,Mali,MLI,Mali,MLI.3_1,Kayes,Kayes Region:Kayes
4287,North Caribbean Coast Autonomous Region,region,NI,Nicaragua,True,True,Nicaragua,NIC,,,,
2109,Bong County,region,LR,Liberia,True,True,Liberia,LBR,Liberia,LBR.2_1,Bong,Bong County:Bong
53,Saint Mary Parish,region,AG,Antigua,True,True,Antigua and Barbuda,ATG,Antigua and Barbuda,ATG.5_1,Saint Mary,Saint Mary Parish:Saint Mary
362,Sliven Province,region,BG,Bulgaria,True,True,Bulgaria,BGR,Bulgaria,BGR.19_1,Sliven,Sliven Province:Sliven
55,Saint Peter Parish,region,AG,Antigua,True,True,Antigua and Barbuda,ATG,Antigua and Barbuda,ATG.7_1,Saint Peter,Saint Peter Parish:Saint Peter
1734,Lakshadweep,region,IN,India,True,True,India,IND,India,IND.18_1,Lakshadweep,
4646,Faafu Atoll,region,MV,Maldives,True,True,Maldives,MDV,,,,
4531,Marquesas Islands,region,PF,French Polynesia,True,True,French Polynesia,PYF,,,,
4861,Maryland County,region,LR,Liberia,True,True,Liberia,LBR,Liberia,LBR.10_1,Maryland,Maryland County:Maryland
860,Saint Andrew Parish,region,DM,Dominica,True,True,Dominica,DMA,Dominica,DMA.1_1,Saint Andrew,Saint Andrew Parish:Saint Andrew
497,Samtse District,region,BT,Bhutan,True,True,Bhutan,BTN,Bhutan,BTN.12_1,Samtse,Samtse District:Samtse
4354,Saint Andrew,region,GG,Guernsey,True,True,Guernsey,GGY,Guernsey,GGY.7_1,Saint Andrew,
139,Aghjabadi District,region,AZ,Azerbaijan,True,True,Azerbaijan,AZE,,,,
4738,Kiboga District,region,UG,Uganda,True,True,Uganda,UGA,Uganda,UGA.25_1,Kiboga,Kiboga District:Kiboga
4768,Ngora District,region,UG,Uganda,True,True,Uganda,UGA,,,,
4769,Pallisa District,region,UG,Uganda,True,True,Uganda,UGA,Uganda,UGA.50_1,Pallisa,Pallisa District:Pallisa
4795,Bundibugyo District,region,UG,Uganda,True,True,Uganda,UGA,Uganda,UGA.5_1,Bundibugyo,Bundibugyo District:Bundibugyo
156,Gədəbəy,region,AZ,Azerbaijan,True,True,Azerbaijan,AZE,,,,
3816,Adjumani District,region,UG,Uganda,True,True,Uganda,UGA,Uganda,UGA.1_1,Adjumani,Adjumani District:Adjumani
4687,Meemu Atoll,region,MV,Maldives,True,True,Maldives,MDV,,,,
4409,Grand'Anse Mahé,region,SC,Seychelles,True,True,Seychelles,SYC,Seychelles,SYC.14_1,Grand' Anse,Grand'Anse Mahé:Grand' Anse
4780,Kaabong District,region,UG,Uganda,True,True,Uganda,UGA,,,,
4820,Aitutaki,region,CK,Cook Islands,True,True,Cook Islands,COK,Cook Islands,COK.1_1,Aitutaki,
3826,Kamwenge District,region,UG,Uganda,True,True,Uganda,UGA,Uganda,UGA.18_1,Kamwenge,Kamwenge District:Kamwenge
4418,Grand'Anse Praslin,region,SC,Seychelles,True,True,Seychelles,SYC,Seychelles,SYC.15_1,Grand'Anse Praslin,
2499,Mwanza District,region,MW,Malawi,True,True,Malawi,MWI,Malawi,MWI.16_1,Mwanza,Mwanza District:Mwanza
212,Saint Andrew,region,BB,Barbados,True,True,Barbados,BRB,Barbados,BRB.2_1,Saint Andrew,
149,Beylagan District,region,AZ,Azerbaijan,True,True,Azerbaijan,AZE,,,,
4852,Kwajalein,region,MH,Marshall Islands,True,True,Marshall Islands,MHL,Marshall Islands,MHL.9_1,Kwajalein,
155,Fizuli District,region,AZ,Azerbaijan,True,True,Azerbaijan,AZE,,,,
203,Yardymli District,region,AZ,Azerbaijan,True,True,Azerbaijan,AZE,,,,
4777,Apac District,region,UG,Uganda,True,True,Uganda,UGA,,,,
168,Lerik District,region,AZ,Azerbaijan,True,True,Azerbaijan,AZE,,,,
173,Neftchala District,region,AZ,Azerbaijan,True,True,Azerbaijan,AZE,,,,
2111,Grand Cape Mount County,region,LR,Liberia,True,True,Liberia,LBR,Liberia,LBR.4_1,Grand Cape Mount,Grand Cape Mount County:Grand Cape Mount
140,Agdam District,region,AZ,Azerbaijan,True,True,Azerbaijan,AZE,,,,
3053,Madinat ash Shamal,region,QA,Qatar,True,True,Qatar,QAT,Qatar,QAT.6_1,Madinat ash Shamal,
4799,Ibanda District,region,UG,Uganda,True,True,Uganda,UGA,,,,
4789,Nebbi District,region,UG,Uganda,True,True,Uganda,UGA,Uganda,UGA.47_1,Nebbi,Nebbi District:Nebbi
4650,Gaafu Dhaalu Atoll,region,MV,Maldives,True,True,Maldives,MDV,,,,
190,Siazan District,region,AZ,Azerbaijan,True,True,Azerbaijan,AZE,,,,
4400,Anse Boileau,region,SC,Seychelles,True,True,Seychelles,SYC,Seychelles,SYC.2_1,Anse Boileau,
159,Goychay,region,AZ,Azerbaijan,True,True,Azerbaijan,AZE,,,,
4772,Agago District,region,UG,Uganda,True,True,Uganda,UGA,,,,
4640,Shaviyani Atoll,region,MV,Maldives,True,True,Maldives,MDV,,,,
4787,Moyo District,region,UG,Uganda,True,True,Uganda,UGA,,,,
174,Oghuz District,region,AZ,Azerbaijan,True,True,Azerbaijan,AZE,,,,
4655,Andrijevica Municipality,region,ME,Montenegro,True,True,Montenegro,MNE,Montenegro,MNE.1_1,Andrijevica,Andrijevica Municipality:Andrijevica
2488,Mchinji District,region,MW,Malawi,True,True,Malawi,MWI,Malawi,MWI.14_1,Mchinji,Mchinji District:Mchinji
4847,Arta Region,region,DJ,Djibouti,True,True,Djibouti,DJI,Djibouti,DJI.6_1,Arta,Arta Region:Arta
182,Saatly District,region,AZ,Azerbaijan,True,True,Azerbaijan,AZE,,,,
2259,Aračinovo Municipality,region,MK,Macedonia,True,True,North Macedonia,MKD,North Macedonia,MKD.2_1,Aracinovo,Aračinovo Municipality:Aracinovo
4040,Al Mahwit Governorate,region,YE,Yemen,True,True,Yemen,YEM,Yemen,YEM.8_1,Al Mahwit,Al Mahwit Governorate:Al Mahwit
145,Astara District,region,AZ,Azerbaijan,True,True,Azerbaijan,AZE,,,,
4808,Ntungamo District,region,UG,Uganda,True,True,Uganda,UGA,Uganda,UGA.48_1,Ntungamo,Ntungamo District:Ntungamo
3188,Jewish Autonomous Oblast,region,RU,Russia,True,True,Russian Federation,RUS,,,,
164,Kurdamir District,region,AZ,Azerbaijan,True,True,Azerbaijan,AZE,,,,
4649,Kolhumadulhu Atoll,region,MV,Maldives,True,True,Maldives,MDV,,,,
4815,Abim District,region,UG,Uganda,True,True,Uganda,UGA,,,,
4773,Alebtong District,region,UG,Uganda,True,True,Uganda,UGA,,,,
154,Shabran District,region,AZ,Azerbaijan,True,True,Azerbaijan,AZE,,,,
161,Imishli District,region,AZ,Azerbaijan,True,True,Azerbaijan,AZE,,,,
4916,Ebon Atoll,region,MH,Marshall Islands,True,True,Marshall Islands,MHL,Marshall Islands,MHL.5_1,Ebon,Ebon Atoll:Ebon
4868,Arno Atoll,region,MH,Marshall Islands,True,True,Marshall Islands,MHL,Marshall Islands,MHL.3_1,Arno,Arno Atoll:Arno
4954,Nukunonu,region,TK,Tokelau,True,True,Tokelau,TKL,Tokelau,TKL.3_1,Nukunonu,
4950,Atafu,region,TK,Tokelau,True,True,Tokelau,TKL,Tokelau,TKL.1_1,Anafu,Atafu:Anafu
4645,Vaavu Atoll,region,MV,Maldives,True,True,Maldives,MDV,,,,
4873,Enewetak Atoll,region,MH,Marshall Islands,True,True,Marshall Islands,MHL,Marshall Islands,MHL.6_1,Enewetok,Enewetak Atoll:Enewetok
4479,Scrub Island,region,AI,Anguilla,True,True,Anguilla,AIA,Anguilla,AIA.17_1,Scrub Island,
4883,Mili Atoll,region,MH,Marshall Islands,True,True,Marshall Islands,MHL,Marshall Islands,MHL.16_1,Mili,Mili Atoll:Mili
4891,Wotje Atoll,region,MH,Marshall Islands,True,True,Marshall Islands,MHL,Marshall Islands,MHL.23_1,Wotje,Wotje Atoll:Wotje
4881,Maloelap Atoll,region,MH,Marshall Islands,True,True,Marshall Islands,MHL,Marshall Islands,MHL.14_1,Maloelap,Maloelap Atoll:Maloelap
4870,Ailuk Atoll,region,MH,Marshall Islands,True,True,Marshall Islands,MHL,Marshall Islands,MHL.2_1,Ailuk,Ailuk Atoll:Ailuk
4867,Ailinglaplap Atoll,region,MH,Marshall Islands,True,True,Marshall Islands,MHL,Marshall Islands,MHL.1_1,Ailinglaplap,Ailinglaplap Atoll:Ailinglaplap
4872,Jaluit Atoll,region,MH,Marshall Islands,True,True,Marshall Islands,MHL,Marshall Islands,MHL.8_1,Jaluit,Jaluit Atoll:Jaluit
4909,Anibare District,region,NR,Nauru,True,True,Nauru,NRU,Nauru,NRU.4_1,Anibare,Anibare District:Anibare
4908,Anetan District,region,NR,Nauru,True,True,Nauru,NRU,Nauru,NRU.3_1,Anetan,Anetan District:Anetan
4884,Rongelap Atoll,region,MH,Marshall Islands,True,True,Marshall Islands,MHL,Marshall Islands,MHL.19_1,Rongelap,Rongelap Atoll:Rongelap
4399,Dog Island,region,AI,Anguilla,True,True,Anguilla,AIA,Anguilla,AIA.15_1,Dog Island,
4888,Wotho Atoll,region,MH,Marshall Islands,True,True,Marshall Islands,MHL,Marshall Islands,MHL.22_1,Wotho,Wotho Atoll:Wotho
4886,Ujae Atoll,region,MH,Marshall Islands,True,True,Marshall Islands,MHL,Marshall Islands,MHL.20_1,Ujae,Ujae Atoll:Ujae
4882,Namu Atoll,region,MH,Marshall Islands,True,True,Marshall Islands,MHL,Marshall Islands,MHL.18_1,Namu,Namu Atoll:Namu
4851,Rose Atoll,region,AS,American Samoa,True,True,American Samoa,ASM,,,,
4461,Seal Island,region,AI,Anguilla,True,True,Anguilla,AIA,Anguilla,AIA.17_1,Scrub Island,Seal Island:Scrub Island
4876,Lae Atoll,region,MH,Marshall Islands,True,True,Marshall Islands,MHL,,,,
4887,Utirik Atoll,region,MH,Marshall Islands,True,True,Marshall Islands,MHL,Marshall Islands,MHL.21_1,Utirik,Utirik Atoll:Utirik
4869,Aur Atoll,region,MH,Marshall Islands,True,True,Marshall Islands,MHL,,,,
4466,Sombrero,region,AI,Anguilla,True,True,Anguilla,AIA,Anguilla,AIA.18_1,Sombrero Island,Sombrero:Sombrero Island
4943,Alarm Forest,region,SH,Saint Helena,True,True,"Saint Helena, Ascension and Tristan da Cunha",SHN,,,,
3248,Bahr el Ghazal,region,SS,South Sudan,True,True,South Sudan,SSD,South Sudan,SSD.9_1,West Bahr-al-Ghazal,Bahr el Ghazal:West Bahr-al-Ghazal
3839,Sironko District,region,UG,Uganda,True,True,Uganda,UGA,Uganda,UGA.54_1,Sironko,Sironko District:Sironko
4806,Mitooma District,region,UG,Uganda,True,True,Uganda,UGA,,,,
4403,Anse Royale,region,SC,Seychelles,True,True,Seychelles,SYC,Seychelles,SYC.4_1,Anse Royale,
3470,Coronie District,region,SR,Suriname,True,True,Suriname,SUR,Suriname,SUR.3_1,Coronie,Coronie District:Coronie
4740,Kyankwanzi District,region,UG,Uganda,True,True,Uganda,UGA,,,,
4402,Au Cap,region,SC,Seychelles,True,True,Seychelles,SYC,Seychelles,SYC.5_1,Au Cap,
4774,Amolatar District,region,UG,Uganda,True,True,Uganda,UGA,,,,
151,Jabrayil District,region,AZ,Azerbaijan,True,True,Azerbaijan,AZE,,,,
3028,Azores,region,PT,Portugal,True,True,Portugal,PRT,Portugal,PRT.2_1,Azores,
4602,Haa Alif Atoll,region,MV,Maldives,True,True,Maldives,MDV,,,,
3842,Yumbe District,region,UG,Uganda,True,True,Uganda,UGA,Uganda,UGA.58_1,Yumbe,Yumbe District:Yumbe
3653,Haʻapai,region,TO,Tonga,True,True,Tonga,TON,Tonga,TON.2_1,Ha'apai,Haʻapai:Ha'apai
180,Qubadli District,region,AZ,Azerbaijan,True,True,Azerbaijan,AZE,,,,
4765,Manafwa District,region,UG,Uganda,True,True,Uganda,UGA,,,,
4416,Takamaka,region,SC,Seychelles,True,True,Seychelles,SYC,Seychelles,SYC.26_1,Takamaka,
4822,Atiu,region,CK,Cook Islands,True,True,Cook Islands,COK,Cook Islands,COK.2_1,Atiu,
4641,Raa Atoll,region,MV,Maldives,True,True,Maldives,MDV,,,,
4775,Amudat District,region,UG,Uganda,True,True,Uganda,UGA,,,,
4750,Budaka District,region,UG,Uganda,True,True,Uganda,UGA,,,,
4906,Aiwo District,region,NR,Nauru,True,True,Nauru,NRU,,,,
4397,Anse-aux-Pins,region,SC,Seychelles,True,True,Seychelles,SYC,Seychelles,SYC.1_1,Anse aux Pins,Anse-aux-Pins:Anse aux Pins
4401,Anse Etoile,region,SC,Seychelles,True,True,Seychelles,SYC,Seychelles,SYC.3_1,Anse Étoile,Anse Etoile:Anse Étoile
4907,Anabar District,region,NR,Nauru,True,True,Nauru,NRU,Nauru,NRU.2_1,Anabar,Anabar District:Anabar
4817,Manu'a District,region,AS,American Samoa,True,True,American Samoa,ASM,American Samoa,ASM.2_1,Manu'a,Manu'a District:Manu'a
3924,Surxondaryo Region,region,UZ,Uzbekistan,True,True,Uzbekistan,UZB,Uzbekistan,UZB.12_1,Surxondaryo,Surxondaryo Region:Surxondaryo
3830,Kyenjojo District,region,UG,Uganda,True,True,Uganda,UGA,Uganda,UGA.30_1,Kyenjojo,Kyenjojo District:Kyenjojo
3478,Príncipe,region,ST,Sao Tome and Principe,True,True,Sao Tome and Principe,STP,São Tomé and Príncipe,STP.1_1,Príncipe,
3822,Arua District,region,UG,Uganda,True,True,Uganda,UGA,,,,
2485,Kasungu District,region,MW,Malawi,True,True,Malawi,MWI,Malawi,MWI.9_1,Kasungu,Kasungu District:Kasungu
179,Quba District,region,AZ,Azerbaijan,True,True,Azerbaijan,AZE,,,,
4776,Amuru District,region,UG,Uganda,True,True,Uganda,UGA,,,,
3100,Republic of Adygea,region,RU,Russia,True,True,Russian Federation,RUS,Russia,RUS.1_1,Adygey,
3828,Kayunga District,region,UG,Uganda,True,True,Uganda,UGA,Uganda,UGA.23_1,Kayunga,Kayunga District:Kayunga
54,Saint Paul Parish,region,AG,Antigua,True,True,Antigua and Barbuda,ATG,Antigua and Barbuda,ATG.6_1,Saint Paul,Saint Paul Parish:Saint Paul
51,Saint George Parish,region,AG,Antigua,True,True,Antigua and Barbuda,ATG,Antigua and Barbuda,ATG.3_1,Saint George,Saint George Parish:Saint George
2792,East Sepik Province,region,PG,Papua New Guinea,True,True,Papua New Guinea,PNG,Papua New Guinea,PNG.5_1,East Sepik,East Sepik Province:East Sepik
56,Saint Philip Parish,region,AG,Antigua,True,True,Antigua and Barbuda,ATG,Antigua and Barbuda,ATG.8_1,Saint Philip,Saint Philip Parish:Saint Philip
3840,Soroti District,region,UG,Uganda,True,True,Uganda,UGA,Uganda,UGA.55_1,Soroti,Soroti District:Soroti
4043,Saada Governorate,region,YE,Yemen,True,True,Yemen,YEM,,,,
2117,Grand Bassa County,region,LR,Liberia,True,True,Liberia,LBR,Liberia,LBR.5_1,Grand Bassa,Grand Bassa County:Grand Bassa
2115,Nimba,region,LR,Liberia,True,True,Liberia,LBR,Liberia,LBR.12_1,Nimba,
2797,Western Highlands Province,region,PG,Papua New Guinea,True,True,Papua New Guinea,PNG,Papua New Guinea,PNG.21_1,Western Highlands,Western Highlands Province:Western Highlands
4722,Kédougou,region,SN,Senegal,True,True,Senegal,SEN,Senegal,SEN.6_1,Kédougou,
4605,Laamu Atoll,region,MV,Maldives,True,True,Maldives,MDV,,,,
4748,Rakai District,region,UG,Uganda,True,True,Uganda,UGA,Uganda,UGA.45_1,Nakapiripirit,Rakai District:Nakapiripirit
186,Salyan District,region,AZ,Azerbaijan,True,True,Azerbaijan,AZE,,,,
1615,Grand'Anse Department,region,HT,Haiti,True,True,Haiti,HTI,Haiti,HTI.2_1,Grand'Anse,Grand'Anse Department:Grand'Anse
500,Trashigang District,region,BT,Bhutan,True,True,Bhutan,BTN,Bhutan,BTN.15_1,Trashigang,Trashigang District:Trashigang
4746,Mubende District,region,UG,Uganda,True,True,Uganda,UGA,Uganda,UGA.43_1,Mubende,Mubende District:Mubende
1581,Gracias a Dios Department,region,HN,Honduras,True,True,Honduras,HND,Honduras,HND.9_1,Gracias a Dios,Gracias a Dios Department:Gracias a Dios
4558,Santo Antão,region,CV,Cape Verde,True,True,Cabo Verde,CPV,,,,
4707,Al Bayda' Governorate,region,YE,Yemen,True,True,Yemen,YEM,Yemen,YEM.3_1,Al Bayda',Al Bayda' Governorate:Al Bayda'
162,Ismailli District,region,AZ,Azerbaijan,True,True,Azerbaijan,AZE,,,,
4642,Noonu Atoll,region,MV,Maldives,True,True,Maldives,MDV,,,,
2492,Nkhotakota District,region,MW,Malawi,True,True,Malawi,MWI,Malawi,MWI.20_1,Nkhotakota,Nkhotakota District:Nkhotakota
4651,Gnaviyani Atoll,region,MV,Maldives,True,True,Maldives,MDV,,,,
3475,Saramacca District,region,SR,Suriname,True,True,Suriname,SUR,Suriname,SUR.8_1,Saramacca,Saramacca District:Saramacca
4587,Androy,region,MG,Madagascar,True,True,Madagascar,MDG,,,,
4708,Al Jawf Governorate,region,YE,Yemen,True,True,Yemen,YEM,Yemen,YEM.6_1,Al Jawf,Al Jawf Governorate:Al Jawf
3473,Para District,region,SR,Suriname,True,True,Suriname,SUR,Suriname,SUR.7_1,Paramaribo,Para District:Paramaribo
4699,Kasese District,region,UG,Uganda,True,True,Uganda,UGA,Uganda,UGA.21_1,Kasese,Kasese District:Kasese
4749,Amuria District,region,UG,Uganda,True,True,Uganda,UGA,,,,
4801,Kabale District,region,UG,Uganda,True,True,Uganda,UGA,Uganda,UGA.12_1,Kabale,Kabale District:Kabale
1750,Daman and Diu,region,IN,India,True,True,India,IND,India,IND.9_1,Daman and Diu,
4406,Bel Air,region,SC,Seychelles,True,True,Seychelles,SYC,Seychelles,SYC.9_1,Bel Air,
175,Qabala District,region,AZ,Azerbaijan,True,True,Azerbaijan,AZE,,,,
4453,Wadi al Hayaa District,region,LY,Libya,True,True,Libya,LBY,Libya,LBY.21_1,Wadi al Hayat,Wadi al Hayaa District:Wadi al Hayat
1358,Abkhazia,region,GE,Georgia,True,True,Georgia,GEO,Georgia,GEO.1_1,Abkhazia,
3149,Nenets Autonomous Okrug,region,RU,Russia,True,True,Russian Federation,RUS,Russia,RUS.46_1,Nenets,
4643,Lhaviyani Atoll,region,MV,Maldives,True,True,Maldives,MDV,,,,
2786,Southern Highlands Province,region,PG,Papua New Guinea,True,True,Papua New Guinea,PNG,Papua New Guinea,PNG.19_1,Southern Highlands,Southern Highlands Province:Southern Highlands
3915,Fergana Region,region,UZ,Uzbekistan,True,True,Uzbekistan,UZB,,,,
3913,Andijan Region,region,UZ,Uzbekistan,True,True,Uzbekistan,UZB,Uzbekistan,UZB.1_1,Andijon,Andijan Region:Andijon
3829,Kitgum District,region,UG,Uganda,True,True,Uganda,UGA,Uganda,UGA.27_1,Kitgum,Kitgum District:Kitgum
4848,Eastern District,region,AS,American Samoa,True,True,American Samoa,ASM,American Samoa,ASM.1_1,Eastern,Eastern District:Eastern
588,Appenzell Innerrhoden,region,CH,Switzerland,True,True,Switzerland,CHE,Switzerland,CHE.3_1,Appenzell Innerrhoden,
4467,Mavrovo and Rostuša Municipality,region,MK,Macedonia,True,True,North Macedonia,MKD,North Macedonia,MKD.47_1,Mavrovo and Rostuša,Mavrovo and Rostuša Municipality:Mavrovo and Rostuša
2790,Eastern Highlands Province,region,PG,Papua New Guinea,True,True,Papua New Guinea,PNG,Papua New Guinea,PNG.6_1,Eastern Highlands,Eastern Highlands Province:Eastern Highlands
2487,Mangochi District,region,MW,Malawi,True,True,Malawi,MWI,Malawi,MWI.13_1,Mangochi,Mangochi District:Mangochi
3163,Sakhalin Oblast,region,RU,Russia,True,True,Russian Federation,RUS,Russia,RUS.61_1,Sakhalin,
19,Farah,region,AF,Afghanistan,True,True,Afghanistan,AFG,Afghanistan,AFG.7_1,Farah,
4545,Harari Region,region,ET,Ethiopia,True,True,Ethiopia,ETH,Ethiopia,ETH.7_1,Harari People,Harari Region:Harari People
3918,Namangan Region,region,UZ,Uzbekistan,True,True,Uzbekistan,UZB,Uzbekistan,UZB.8_1,Namangan,Namangan Region:Namangan
184,Shaki District,region,AZ,Azerbaijan,True,True,Azerbaijan,AZE,,,,
2742,Ash Sharqiyah North Governorate,region,OM,Oman,True,True,Oman,OMN,Oman,OMN.7_1,Ash Sharqiyah North,Ash Sharqiyah North Governorate:Ash Sharqiyah North
4798,Hoima District,region,UG,Uganda,True,True,Uganda,UGA,Uganda,UGA.9_1,Hoima,Hoima District:Hoima
503,Wangdue Phodrang District,region,BT,Bhutan,True,True,Bhutan,BTN,Bhutan,BTN.18_1,Wangdue Phodrang,Wangdue Phodrang District:Wangdue Phodrang
4035,Abyan Governorate,region,YE,Yemen,True,True,Yemen,YEM,,,,
150,Bilasuvar District,region,AZ,Azerbaijan,True,True,Azerbaijan,AZE,,,,
4878,Majuro,region,MH,Marshall Islands,True,True,Marshall Islands,MHL,Marshall Islands,MHL.13_1,Majuro,
4647,Dhaalu Atoll,region,MV,Maldives,True,True,Maldives,MDV,,,,
1351,Saint Andrew Parish,region,GD,Grenada,True,True,Grenada,GRD,Grenada,GRD.2_1,Saint Andrew,Saint Andrew Parish:Saint Andrew
2503,Mulanje District,region,MW,Malawi,True,True,Malawi,MWI,Malawi,MWI.15_1,Mulanje,Mulanje District:Mulanje
4410,La Rivière Anglaise,region,SC,Seychelles,True,True,Seychelles,SYC,,,,
142,Agstafa District,region,AZ,Azerbaijan,True,True,Azerbaijan,AZE,,,,
2482,Dedza District,region,MW,Malawi,True,True,Malawi,MWI,Malawi,MWI.6_1,Dedza,Dedza District:Dedza
141,Agdash District,region,AZ,Azerbaijan,True,True,Azerbaijan,AZE,,,,
4846,Ali Sabieh Region,region,DJ,Djibouti,True,True,Djibouti,DJI,Djibouti,DJI.1_2,Ali Sabieh,Ali Sabieh Region:Ali Sabieh
188,Shamkir District,region,AZ,Azerbaijan,True,True,Azerbaijan,AZE,,,,
3917,Xorazm Region,region,UZ,Uzbekistan,True,True,Uzbekistan,UZB,Uzbekistan,UZB.7_1,Xorazm,Xorazm Region:Xorazm
3433,Acquaviva,region,SM,San Marino,True,True,San Marino,SMR,San Marino,SMR.1_1,Acquaviva,
4900,Anseba Region,region,ER,Eritrea,True,True,Eritrea,ERI,Eritrea,ERI.6_1,Anseba,Anseba Region:Anseba
4856,Bomi County,region,LR,Liberia,True,True,Liberia,LBR,Liberia,LBR.1_1,Bomi,Bomi County:Bomi
493,Mongar District,region,BT,Bhutan,True,True,Bhutan,BTN,Bhutan,BTN.7_1,Monggar,Mongar District:Monggar
499,Zhemgang District,region,BT,Bhutan,True,True,Bhutan,BTN,Bhutan,BTN.20_1,Zhemgang,Zhemgang District:Zhemgang
4537,Austral Islands,region,PF,French Polynesia,True,True,French Polynesia,PYF,French Polynesia,PYF.1_1,Îles Australes,Austral Islands:Îles Australes
2788,Bougainville,region,PG,Papua New Guinea,True,True,Papua New Guinea,PNG,Papua New Guinea,PNG.1_1,Bougainville,
4421,La Digue and Inner Islands,region,SC,Seychelles,True,True,Seychelles,SYC,Seychelles,SYC.16_1,La Digue and Inner Islands,
195,Tovuz District,region,AZ,Azerbaijan,True,True,Azerbaijan,AZE,,,,
2490,Ntcheu District,region,MW,Malawi,True,True,Malawi,MWI,Malawi,MWI.23_1,Ntchisi,Ntcheu District:Ntchisi
2502,Machinga District,region,MW,Malawi,True,True,Malawi,MWI,Malawi,MWI.12_1,Machinga,Machinga District:Machinga
1554,Bafatá,region,GW,Guinea-Bissau,True,True,Guinea-Bissau,GNB,Guinea-Bissau,GNB.1_1,Bafatá,
4735,Gomba District,region,UG,Uganda,True,True,Uganda,UGA,,,,
3468,Brokopondo District,region,SR,Suriname,True,True,Suriname,SUR,Suriname,SUR.1_1,Brokopondo,Brokopondo District:Brokopondo
176,Qakh District,region,AZ,Azerbaijan,True,True,Azerbaijan,AZE,,,,
143,Agsu District,region,AZ,Azerbaijan,True,True,Azerbaijan,AZE,,,,
2434,Assaba Region,region,MR,Mauritania,True,True,Mauritania,MRT,Mauritania,MRT.2_1,Assaba,Assaba Region:Assaba
3838,Rukungiri District,region,UG,Uganda,True,True,Uganda,UGA,Uganda,UGA.52_1,Rukungiri,Rukungiri District:Rukungiri
4528,Plateau Department,region,BJ,Benin,True,True,Benin,BEN,Benin,BEN.11_1,Plateau,Plateau Department:Plateau
2428,Govisümber Province,region,MN,Mongolia,True,True,Mongolia,MNG,Mongolia,MNG.11_1,Govisümber,Govisümber Province:Govisümber
4800,Isingiro District,region,UG,Uganda,True,True,Uganda,UGA,,,,
207,Zaqatala District,region,AZ,Azerbaijan,True,True,Azerbaijan,AZE,Azerbaijan,AZE.9_1,Shaki-Zaqatala,Zaqatala District:Shaki-Zaqatala
2491,Nkhata Bay District,region,MW,Malawi,True,True,Malawi,MWI,Malawi,MWI.19_1,Nkhata Bay,Nkhata Bay District:Nkhata Bay
1474,Annobón Province,region,GQ,Equatorial Guinea,True,True,Equatorial Guinea,GNQ,Equatorial Guinea,GNQ.1_1,Annobón,Annobón Province:Annobón
1969,Anjouan,region,KM,Comoros,True,True,Comoros,COM,,,,
3820,Nakasongola District,region,UG,Uganda,True,True,Uganda,UGA,Uganda,UGA.46_1,Nakasongola,Nakasongola District:Nakasongola
971,Hiiu County,region,EE,Estonia,True,True,Estonia,EST,Estonia,EST.2_1,Hiiu,
3126,Karachay-Cherkess Republic,region,RU,Russia,True,True,Russian Federation,RUS,Russia,RUS.25_1,Karachay-Cherkess,
4849,Western District,region,AS,American Samoa,True,True,American Samoa,ASM,American Samoa,ASM.4_1,Western,Western District:Western
3827,Kanungu District,region,UG,Uganda,True,True,Uganda,UGA,Uganda,UGA.19_1,Kanungu,Kanungu District:Kanungu
4612,Anenii Noi District,region,MD,Moldova,True,True,"Moldova, Republic of",MDA,Moldova,MDA.1_1,Anenii Noi,Anenii Noi District:Anenii Noi
4797,Bushenyi District,region,UG,Uganda,True,True,Uganda,UGA,Uganda,UGA.6_1,Bushenyi,Bushenyi District:Bushenyi
2796,New Ireland Province,region,PG,Papua New Guinea,True,True,Papua New Guinea,PNG,Papua New Guinea,PNG.16_1,New Ireland,New Ireland Province:New Ireland
2496,Salima District,region,MW,Malawi,True,True,Malawi,MWI,Malawi,MWI.26_1,Salima,Salima District:Salima
2120,Butha-Buthe District,region,LS,Lesotho,True,True,Lesotho,LSO,Lesotho,LSO.2_1,Butha-Buthe,Butha-Buthe District:Butha-Buthe
4604,Gaafu Alif Atoll,region,MV,Maldives,True,True,Maldives,MDV,,,,
2798,West New Britain Province,region,PG,Papua New Guinea,True,True,Papua New Guinea,PNG,Papua New Guinea,PNG.20_1,West New Britain,West New Britain Province:West New Britain
498,Samdrup Jongkhar District,region,BT,Bhutan,True,True,Bhutan,BTN,Bhutan,BTN.11_1,Samdrup Jongkhar,Samdrup Jongkhar District:Samdrup Jongkhar
4759,Kamuli District,region,UG,Uganda,True,True,Uganda,UGA,Uganda,UGA.17_1,Kamuli,Kamuli District:Kamuli
4419,Baie Sainte Anne,region,SC,Seychelles,True,True,Seychelles,SYC,Seychelles,SYC.7_1,Baie Sainte Anne,
2112,Lofa County,region,LR,Liberia,True,True,Liberia,LBR,Liberia,LBR.8_1,Lofa,Lofa County:Lofa
496,Punakha District,region,BT,Bhutan,True,True,Bhutan,BTN,Bhutan,BTN.10_1,Punakha,Punakha District:Punakha
177,Qazakh District,region,AZ,Azerbaijan,True,True,Azerbaijan,AZE,,,,
148,Barda District,region,AZ,Azerbaijan,True,True,Azerbaijan,AZE,,,,
2478,Chikwawa District,region,MW,Malawi,True,True,Malawi,MWI,Malawi,MWI.3_1,Chikwawa,Chikwawa District:Chikwawa
4781,Koboko District,region,UG,Uganda,True,True,Uganda,UGA,,,,
4206,Aguada,region,PR,Puerto Rico,True,True,Puerto Rico,PRI,Puerto Rico,PRI.2_1,Aguada,
3875,New York,region,US,United States,True,True,United States,USA,United States,USA.33_1,New York,
4176,Thessaly,region,GR,Greece,True,True,Greece,GRC,,,,
993,Beheira Governorate,region,EG,Egypt,True,True,Egypt,EGY,,,,
3092,Timiș County,region,RO,Romania,True,True,Romania,ROU,Romania,ROU.38_1,Timiș,Timiș County:Timiș
3001,Podkarpackie Voivodeship,region,PL,Poland,True,True,Poland,POL,Poland,POL.9_1,Podkarpackie,Podkarpackie Voivodeship:Podkarpackie
913,Blida Province,region,DZ,Algeria,True,True,Algeria,DZA,Algeria,DZA.10_1,Blida,Blida Province:Blida
135,Tasmania,region,AU,Australia,True,True,Australia,AUS,Australia,AUS.9_1,Tasmania,
111,Neuquen,region,AR,Argentina,True,True,Argentina,ARG,Argentina,ARG.15_1,Neuquén,Neuquen:Neuquén
4364,Al Farwaniyah Governorate,region,KW,Kuwait,True,True,Kuwait,KWT,Kuwait,KWT.2_1,Al Farwaniyah,
3019,Leiria District,region,PT,Portugal,True,True,Portugal,PRT,Portugal,PRT.11_1,Leiria,Leiria District:Leiria
3724,Adana Province,region,TR,Turkey,True,True,Turkey,TUR,Turkey,TUR.1_1,Adana,
3800,Vinnytsia Oblast,region,UA,Ukraine,True,True,Ukraine,UKR,Ukraine,UKR.24_1,Vinnytsya,Vinnytsia Oblast:Vinnytsya
4376,Rangpur Division,region,BD,Bangladesh,True,True,Bangladesh,BGD,Bangladesh,BGD.6_1,Rangpur,Rangpur Division:Rangpur
1610,Zagreb County,region,HR,Croatia,True,True,Croatia,HRV,Croatia,HRV.21_1,Zagrebačka,Zagreb County:Zagrebačka
992,Red Sea Governorate,region,EG,Egypt,True,True,Egypt,EGY,,,,
1022,Principality of Asturias,region,ES,Spain,True,True,Spain,ESP,Spain,ESP.17_1,Principado de Asturias,Principality of Asturias:Principado de Asturias
3080,Iași County,region,RO,Romania,True,True,Romania,ROU,Romania,ROU.24_1,Iași,Iași County:Iași
1673,East Kalimantan,region,ID,Indonesia,True,True,Indonesia,IDN,Indonesia,IDN.12_1,Kalimantan Barat,East Kalimantan:Kalimantan Barat
999,Monufia Governorate,region,EG,Egypt,True,True,Egypt,EGY,,,,
3071,Constanța County,region,RO,Romania,True,True,Romania,ROU,Romania,ROU.15_1,Constanța,Constanța County:Constanța
665,Araucanía Region,region,CL,Chile,True,True,Chile,CHL,Chile,CHL.3_1,Araucanía,Araucanía Region:Araucanía
1005,Suez Governorate,region,EG,Egypt,True,True,Egypt,EGY,,,,
114,San Juan Province,region,AR,Argentina,True,True,Argentina,ARG,Argentina,ARG.18_1,San Juan,San Juan Province:San Juan
4371,Barisal Division,region,BD,Bangladesh,True,True,Bangladesh,BGD,Bangladesh,BGD.1_1,Barisal,Barisal Division:Barisal
3023,Santarém District,region,PT,Portugal,True,True,Portugal,PRT,Portugal,PRT.16_1,Santarém,Santarém District:Santarém
997,Ismailia Governorate,region,EG,Egypt,True,True,Egypt,EGY,,,,
2767,Ica Region,region,PE,Peru,True,True,Peru,PER,,,,
2772,Loreto Region,region,PE,Peru,True,True,Peru,PER,Peru,PER.17_1,Loreto,Loreto Region:Loreto
851,North Denmark Region,region,DK,Denmark,True,True,Denmark,DNK,,,,
2474,Kaafu Atoll,region,MV,Maldives,True,True,Maldives,MDV,,,,
4175,South Aegean,region,GR,Greece,True,True,Greece,GRC,Greece,GRC.1_1,Aegean,South Aegean:Aegean
794,Limassol District,region,CY,Cyprus,True,True,Cyprus,CYP,Cyprus,CYP.3_1,Limassol,Limassol District:Limassol
1007,Asyut Governorate,region,EG,Egypt,True,True,Egypt,EGY,,,,
3029,Alto Paraná Department,region,PY,Paraguay,True,True,Paraguay,PRY,Paraguay,PRY.2_1,Alto Paraná,Alto Paraná Department:Alto Paraná
949,Azuay Province,region,EC,Ecuador,True,True,Ecuador,ECU,Ecuador,ECU.1_1,Azuay,Azuay Province:Azuay
123,Lower Austria,region,AT,Austria,True,True,Austria,AUT,,,,
1025,Aragon,region,ES,Spain,True,True,Spain,ESP,Spain,ESP.2_1,Aragón,Aragon:Aragón
3016,Faro District,region,PT,Portugal,True,True,Portugal,PRT,,,,
3099,Ilfov County,region,RO,Romania,True,True,Romania,ROU,Romania,ROU.26_1,Ilfov,Ilfov County:Ilfov
4052,Free State,region,ZA,South Africa,True,True,South Africa,ZAF,South Africa,ZAF.2_1,Free State,
357,Plovdiv Province,region,BG,Bulgaria,True,True,Bulgaria,BGR,Bulgaria,BGR.14_1,Plovdiv,Plovdiv Province:Plovdiv
2764,Cusco Region,region,PE,Peru,True,True,Peru,PER,Peru,PER.8_1,Cusco,Cusco Region:Cusco
2130,Kaunas County,region,LT,Lithuania,True,True,Lithuania,LTU,Lithuania,LTU.2_1,Kauno,Kaunas County:Kauno
102,Corrientes,region,AR,Argentina,True,True,Argentina,ARG,Argentina,ARG.7_1,Corrientes,
1759,Basra Governorate,region,IQ,Iraq,True,True,Iraq,IRQ,,,,
2776,Piura Region,region,PE,Peru,True,True,Peru,PER,Peru,PER.21_1,Piura,Piura Region:Piura
812,South Moravian Region,region,CZ,Czech Republic,True,True,Czechia,CZE,,,,
1000,Minya Governorate,region,EG,Egypt,True,True,Egypt,EGY,,,,
1717,Southern District,region,IL,Israel,True,True,Israel,ISR,,,,Southern District:Southern
4343,Al Rayyan,region,QA,Qatar,True,True,Qatar,QAT,Qatar,QAT.5_1,Ar Rayyan,Al Rayyan:Ar Rayyan
2937,Balochistan,region,PK,Pakistan,True,True,Pakistan,PAK,Pakistan,PAK.2_1,Balochistan,
2770,Lambayeque Region,region,PE,Peru,True,True,Peru,PER,Peru,PER.14_1,Lambayeque,Lambayeque Region:Lambayeque
681,Centre,region,CM,Cameroon,True,True,Cameroon,CMR,Cameroon,CMR.2_1,Centre,Centre:Corse
127,Tyrol,region,AT,Austria,True,True,Austria,AUT,Austria,AUT.7_1,Tirol,Tyrol:Tirol
4058,North West,region,ZA,South Africa,True,True,South Africa,ZAF,South Africa,ZAF.7_1,North West,
4180,Cordillera Administrative Region,region,PH,Philippines,True,True,Philippines,PHL,,,,
1774,Najaf Governorate,region,IQ,Iraq,True,True,Iraq,IRQ,,,,
3014,Coimbra District,region,PT,Portugal,True,True,Portugal,PRT,Portugal,PRT.7_1,Coimbra,Coimbra District:Coimbra
3490,Santa Ana Department,region,SV,El Salvador,True,True,El Salvador,SLV,El Salvador,SLV.12_1,Santa Ana,Santa Ana Department:Santa Ana
3009,Aveiro District,region,PT,Portugal,True,True,Portugal,PRT,Portugal,PRT.1_1,Aveiro,Aveiro District:Aveiro
1038,"Southern Nations, Nationalities, and Peoples' Region",region,ET,Ethiopia,True,True,Ethiopia,ETH,Ethiopia,ETH.10_1,"Southern Nations, Nationalities","Southern Nations, Nationalities, and Peoples' Region:Southern Nations, Nationalities"
3428,Žilina Region,region,SK,Slovakia,True,True,Slovakia,SVK,,,,
2766,Huánuco Region,region,PE,Peru,True,True,Peru,PER,Peru,PER.10_1,Huánuco,Huánuco Region:Huánuco
3208,Northern Borders Region,region,SA,Saudi Arabia,True,True,Saudi Arabia,SAU,,,,
360,Shumen Province,region,BG,Bulgaria,True,True,Bulgaria,BGR,Bulgaria,BGR.17_1,Shumen,Shumen Province:Shumen
1034,Amhara Region,region,ET,Ethiopia,True,True,Ethiopia,ETH,Ethiopia,ETH.3_1,Amhara,Amhara Region:Amhara
2781,Ucayali Region,region,PE,Peru,True,True,Peru,PER,Peru,PER.26_1,Ucayali,Ucayali Region:Ucayali
664,Antofagasta Region,region,CL,Chile,True,True,Chile,CHL,Chile,CHL.2_1,Antofagasta,Antofagasta Region:Antofagasta
2778,San Martín Region,region,PE,Peru,True,True,Peru,PER,Peru,PER.23_1,San Martín,San Martín Region:San Martín
918,Laghouat Province,region,DZ,Algeria,True,True,Algeria,DZA,Algeria,DZA.25_1,Laghouat,Laghouat Province:Laghouat
1015,South Sinai Governorate,region,EG,Egypt,True,True,Egypt,EGY,,,,
345,Burgas Province,region,BG,Bulgaria,True,True,Bulgaria,BGR,Bulgaria,BGR.2_1,Burgas,Burgas Province:Burgas
3062,Bihor County,region,RO,Romania,True,True,Romania,ROU,Romania,ROU.5_1,Bihor,Bihor County:Bihor
4171,East Macedonia and Thrace,region,GR,Greece,True,True,Greece,GRC,Greece,GRC.6_1,Macedonia and Thrace,East Macedonia and Thrace:Macedonia and Thrace
3425,Prešov Region,region,SK,Slovakia,True,True,Slovakia,SVK,Slovakia,SVK.5_1,Prešovský,Prešov Region:Prešovský
930,Bordj Bou Arréridj Province,region,DZ,Algeria,True,True,Algeria,DZA,Algeria,DZA.11_1,Bordj Bou Arréridj,Bordj Bou Arréridj Province:Bordj Bou Arréridj
9,Ajman Emirate,region,AE,United Arab Emirates,True,True,United Arab Emirates,ARE,United Arab Emirates,ARE.2_1,Ajman,
4389,Gharb-Chrarda-Béni Hssen,region,MA,Morocco,True,True,Morocco,MAR,Morocco,MAR.4_1,Gharb - Chrarda - Béni Hssen,Gharb-Chrarda-Béni Hssen:Gharb - Chrarda - Béni Hssen
2131,Klaipėda County,region,LT,Lithuania,True,True,Lithuania,LTU,Lithuania,LTU.3_1,Klaipedos,Klaipėda County:Klaipedos
1422,Ashanti Region,region,GH,Ghana,True,True,Ghana,GHA,Ghana,GHA2_2,Ashanti,Ashanti Region:Ashanti
3790,Kyiv Oblast,region,UA,Ukraine,True,True,Ukraine,UKR,,,,
3634,Mahdia Governorate,region,TN,Tunisia,True,True,Tunisia,TUN,,,,
3662,Aydın Province,region,TR,Turkey,True,True,Turkey,TUR,Turkey,TUR.11_1,Aydin,
1006,Aswan Governorate,region,EG,Egypt,True,True,Egypt,EGY,,,,
925,Adrar Province,region,DZ,Algeria,True,True,Algeria,DZA,Algeria,DZA.1_1,Adrar,Adrar Province:Adrar
3090,Suceava County,region,RO,Romania,True,True,Romania,ROU,Romania,ROU.36_1,Suceava,Suceava County:Suceava
3427,Trnava Region,region,SK,Slovakia,True,True,Slovakia,SVK,,,,
3794,Odessa Oblast,region,UA,Ukraine,True,True,Ukraine,UKR,Ukraine,UKR.17_1,Odessa,Odessa Oblast:Odessa
3066,Brașov County,region,RO,Romania,True,True,Romania,ROU,Romania,ROU.8_1,Brașov,Brașov County:Brașov
3792,Lviv Oblast,region,UA,Ukraine,True,True,Ukraine,UKR,,,,
3201,Al Madinah Region,region,SA,Saudi Arabia,True,True,Saudi Arabia,SAU,Saudi Arabia,SAU.5_1,Al Madinah,Al Madinah Region:Al Madinah
838,Saxony-Anhalt,region,DE,Germany,True,True,Germany,DEU,Germany,DEU.13_1,Sachsen-Anhalt,Saxony-Anhalt:Sachsen-Anhalt
822,Central Bohemian Region,region,CZ,Czech Republic,True,True,Czechia,CZE,,,,
1880,Zarqa Governorate,region,JO,Jordan,True,True,Jordan,JOR,,,,
819,Moravian-Silesian Region,region,CZ,Czech Republic,True,True,Czechia,CZE,,,,
1883,Aichi Prefecture,region,JP,Japan,True,True,Japan,JPN,,,,
367,Varna Province,region,BG,Bulgaria,True,True,Bulgaria,BGR,Bulgaria,BGR.24_1,Varna,Varna Province:Varna
3784,Kharkiv Oblast,region,UA,Ukraine,True,True,Ukraine,UKR,Ukraine,UKR.8_1,Kharkiv,Kharkiv Oblast:Kharkiv
4349,Al Daayen,region,QA,Qatar,True,True,Qatar,QAT,Qatar,QAT.2_1,Al Daayen,
928,Annaba Province,region,DZ,Algeria,True,True,Algeria,DZA,Algeria,DZA.5_1,Annaba,Annaba Province:Annaba
1670,West Kalimantan,region,ID,Indonesia,True,True,Indonesia,IDN,Indonesia,IDN.12_1,Kalimantan Barat,West Kalimantan:Kalimantan Barat
3423,Košice Region,region,SK,Slovakia,True,True,Slovakia,SVK,,,,
1661,Aceh,region,ID,Indonesia,True,True,Indonesia,IDN,Indonesia,IDN.1_1,Aceh,
3966,Long An,region,VN,Vietnam,True,True,Viet Nam,VNM,Vietnam,VNM.39_1,Long An,
2636,Rivers State,region,NG,Nigeria,True,True,Nigeria,NGA,Nigeria,NGA.33_1,Rivers,Rivers State:Rivers
1770,Kirkuk Governorate,region,IQ,Iraq,True,True,Iraq,IRQ,,,,
4145,Riau Islands,region,ID,Indonesia,True,True,Indonesia,IDN,,,,
824,Zlín Region,region,CZ,Czech Republic,True,True,Czechia,CZE,,,,
3147,Moscow Oblast,region,RU,Russia,True,True,Russian Federation,RUS,Russia,RUS.43_1,Moscow City,
2758,Ancash Region,region,PE,Peru,True,True,Peru,PER,Peru,PER.2_1,Ancash,Ancash Region:Ancash
1758,Al Anbar Governorate,region,IQ,Iraq,True,True,Iraq,IRQ,,,,
130,Australian Capital Territory,region,AU,Australia,True,True,Australia,AUS,Australia,AUS.2_1,Australian Capital Territory,
1605,Split-Dalmatia County,region,HR,Croatia,True,True,Croatia,HRV,Croatia,HRV.16_1,Splitsko-Dalmatinska,Split-Dalmatia County:Splitsko-Dalmatinska
1011,Kafr el-Sheikh Governorate,region,EG,Egypt,True,True,Egypt,EGY,,,,
836,Mecklenburg-Vorpommern,region,DE,Germany,True,True,Germany,DEU,Germany,DEU.8_1,Mecklenburg-Vorpommern,
132,Northern Territory,region,AU,Australia,True,True,Australia,AUS,Australia,AUS.6_1,Northern Territory,
2762,Cajamarca Region,region,PE,Peru,True,True,Peru,PER,Peru,PER.6_1,Cajamarca,Cajamarca Region:Cajamarca
4363,Capital Governorate,region,KW,Kuwait,True,True,Kuwait,KWT,,,,Capital Governorate:Capital
3641,Ben Arous Governorate,region,TN,Tunisia,True,True,Tunisia,TUN,Tunisia,TUN.3_1,Ben Arous (Tunis Sud),Ben Arous Governorate:Ben Arous (Tunis Sud)
1676,East Nusa Tenggara,region,ID,Indonesia,True,True,Indonesia,IDN,Indonesia,IDN.20_1,Nusa Tenggara Barat,East Nusa Tenggara:Nusa Tenggara Barat
3711,Ankara Province,region,TR,Turkey,True,True,Turkey,TUR,Turkey,TUR.7_1,Ankara,
3205,Riyadh Region,region,SA,Saudi Arabia,True,True,Saudi Arabia,SAU,,,,
1856,Tuscany,region,IT,Italy,True,True,Italy,ITA,Italy,ITA.16_1,Toscana,Tuscany:Toscana
2724,Auckland Region,region,NZ,New Zealand,True,True,New Zealand,NZL,New Zealand,NZL.1_1,Auckland,Auckland Region:Auckland
1853,Puglia,region,IT,Italy,True,True,Italy,ITA,Italy,ITA.2_1,Apulia,Puglia:Apulia
4137,Wallonia,region,BE,Belgium,True,True,Belgium,BEL,Belgium,BEL.3_1,Wallonie,Wallonia:Wallonie
348,Sofia City Province,region,BG,Bulgaria,True,True,Bulgaria,BGR,,,,
4375,Rajshahi Division,region,BD,Bangladesh,True,True,Bangladesh,BGD,Bangladesh,BGD.5_1,Rajshahi,Rajshahi Division:Rajshahi
4372,Chittagong Division,region,BD,Bangladesh,True,True,Bangladesh,BGD,Bangladesh,BGD.2_1,Chittagong,Chittagong Division:Chittagong
117,Santa Fe,region,AR,Argentina,True,True,Argentina,ARG,Argentina,ARG.21_1,Santa Fe,
1721,Tel Aviv District,region,IL,Israel,True,True,Israel,ISR,Israel,ISR.7_1,Tel Aviv,Tel Aviv District:Tel Aviv
2138,Vilnius County,region,LT,Lithuania,True,True,Lithuania,LTU,Lithuania,LTU.10_1,Vilniaus,Vilnius County:Vilniaus
3022,Porto District,region,PT,Portugal,True,True,Portugal,PRT,Portugal,PRT.15_1,Porto,Porto District:Porto
8,Abu Dhabi Emirate,region,AE,United Arab Emirates,True,True,United Arab Emirates,ARE,United Arab Emirates,ARE.1_1,Abu Dhabi,
101,Córdoba Province,region,AR,Argentina,True,True,Argentina,ARG,Argentina,ARG.6_1,Córdoba,Córdoba Province:Córdoba
3846,Arkansas,region,US,United States,True,True,United States,USA,United States,USA.4_1,Arkansas,
828,Hamburg,region,DE,Germany,True,True,Germany,DEU,Germany,DEU.6_1,Hamburg,
1724,Andhra Pradesh,region,IN,India,True,True,India,IND,India,IND.2_1,Andhra Pradesh,
1003,New Valley Governorate,region,EG,Egypt,True,True,Egypt,EGY,,,,
3422,Bratislava Region,region,SK,Slovakia,True,True,Slovakia,SVK,Slovakia,SVK.2_1,Bratislavský,Bratislava Region:Bratislavský
991,Dakahlia Governorate,region,EG,Egypt,True,True,Egypt,EGY,,,,
527,Alberta,region,CA,Canada,True,True,Canada,CAN,Canada,CAN.1_1,Alberta,
1421,Greater Accra Region,region,GH,Ghana,True,True,Ghana,GHA,Ghana,GHA7_2,Greater Accra,Greater Accra Region:Greater Accra
137,Western Australia,region,AU,Australia,True,True,Australia,AUS,Australia,AUS.11_1,Western Australia,
3815,Kampala District,region,UG,Uganda,True,True,Uganda,UGA,Uganda,UGA.16_1,Kampala,Kampala District:Kampala
3867,Mississippi,region,US,United States,True,True,United States,USA,United States,USA.25_1,Mississippi,
1865,Saint Andrew,region,JM,Jamaica,True,True,Jamaica,JAM,Jamaica,JAM.6_1,Saint Andrew,
4286,Asunción,region,PY,Paraguay,True,True,Paraguay,PRY,Paraguay,PRY.4_1,Asunción,
4059,Western Cape,region,ZA,South Africa,True,True,South Africa,ZAF,South Africa,ZAF.9_1,Western Cape,
146,Baku,region,AZ,Azerbaijan,True,True,Azerbaijan,AZE,,,,
459,Santa Catarina,region,BR,Brazil,True,True,Brazil,BRA,Brazil,BRA.24_1,Santa Catarina,
454,Rio de Janeiro,region,BR,Brazil,True,True,Brazil,BRA,Brazil,BRA.19_1,Rio de Janeiro,
4373,Dhaka Division,region,BD,Bangladesh,True,True,Bangladesh,BGD,Bangladesh,BGD.3_1,Dhaka,Dhaka Division:Dhaka
1001,Cairo Governorate,region,EG,Egypt,True,True,Egypt,EGY,,,,
2771,Lima Region,region,PE,Peru,True,True,Peru,PER,Peru,PER.15_1,Lima Province,Lima Region:Lima Province
97,Province of Buenos Aires,region,AR,Argentina,True,True,Argentina,ARG,Argentina,ARG.1_1,Buenos Aires,Province of Buenos Aires:Buenos Aires
456,Rio Grande do Sul,region,BR,Brazil,True,True,Brazil,BRA,Brazil,BRA.21_1,Rio Grande do Sul,
103,Ciudad Autónoma de Buenos Aires,region,AR,Argentina,True,True,Argentina,ARG,Argentina,ARG.5_1,Ciudad de Buenos Aires,Ciudad Autónoma de Buenos Aires:Ciudad de Buenos Aires
998,Giza Governorate,region,EG,Egypt,True,True,Egypt,EGY,,,,
452,Paraná,region,BR,Brazil,True,True,Brazil,BRA,Brazil,BRA.16_1,Paraná,
1019,Community of Madrid,region,ES,Spain,True,True,Spain,ESP,Spain,ESP.8_1,Comunidad de Madrid,Community of Madrid:Comunidad de Madrid
131,New South Wales,region,AU,Australia,True,True,Australia,AUS,Australia,AUS.5_1,New South Wales,
1882,Amman Governorate,region,JO,Jordan,True,True,Jordan,JOR,,,,
3853,Georgia,region,US,United States,True,True,United States,USA,United States,USA.11_1,Georgia,
2206,Grand Casablanca,region,MA,Morocco,True,True,Morocco,MAR,Morocco,MAR.5_1,Grand Casablanca,
3843,Alabama,region,US,United States,True,True,United States,USA,United States,USA.1_1,Alabama,
3890,Washington,region,US,United States,True,True,United States,USA,United States,USA.48_1,Washington,
1515,Attica,region,GR,Greece,True,True,Greece,GRC,Greece,GRC.3_1,Attica,
136,Victoria,region,AU,Australia,True,True,Australia,AUS,Australia,AUS.10_1,Victoria,
4184,Calabarzon,region,PH,Philippines,True,True,Philippines,PHL,Philippines,PHL.18_1,Cagayan,Calabarzon:Cagayan
3845,Arizona,region,US,United States,True,True,United States,USA,United States,USA.3_1,Arizona,
1024,Andalusia,region,ES,Spain,True,True,Spain,ESP,Spain,ESP.1_1,Andalucía,Andalusia:Andalucía
296,Brussels-Capital Region,region,BE,Belgium,True,True,Belgium,BEL,,,,
1729,Gujarat,region,IN,India,True,True,India,IND,India,IND.11_1,Gujarat,
900,Algiers Province,region,DZ,Algeria,True,True,Algeria,DZA,,,,
4133,Capital Region of Denmark,region,DK,Denmark,True,True,Denmark,DNK,,,,
996,Alexandria Governorate,region,EG,Egypt,True,True,Egypt,EGY,,,,
1667,East Java,region,ID,Indonesia,True,True,Indonesia,IDN,,,,
829,Hessen,region,DE,Germany,True,True,Germany,DEU,Germany,DEU.7_1,Hessen,
1768,Erbil Governorate,region,IQ,Iraq,True,True,Iraq,IRQ,,,,
67,Tirana County,region,AL,Albania,True,True,Albania,ALB,Albania,ALB.11_1,Tiranë,Tirana County:Tiranë
1020,Region of Murcia,region,ES,Spain,True,True,Spain,ESP,Spain,ESP.18_1,Región de Murcia,Region of Murcia:Región de Murcia
2230,Guelmim-Es Semara,region,MA,Morocco,True,True,Morocco,MAR,Morocco,MAR.6_1,Guelmim - Es-Semara,Guelmim-Es Semara:Guelmim - Es-Semara
3872,New Hampshire,region,US,United States,True,True,United States,USA,United States,USA.30_1,New Hampshire,
1881,Irbid Governorate,region,JO,Jordan,True,True,Jordan,JOR,,,,
1089,Alsace,region,FR,France,True,True,France,FRA,,,,
3011,Braga District,region,PT,Portugal,True,True,Portugal,PRT,Portugal,PRT.4_1,Braga,Braga District:Braga
4181,Ilocos Region,region,PH,Philippines,True,True,Philippines,PHL,Philippines,PHL.34_1,Ilocos Norte,Ilocos Region:Ilocos Norte
2676,Akershus,region,NO,Norway,True,True,Norway,NOR,Norway,NOR.1_1,Akershus,
667,Bío Bío Region,region,CL,Chile,True,True,Chile,CHL,Chile,CHL.6_1,Bío-Bío,Bío Bío Region:Bío-Bío
1037,Addis Ababa,region,ET,Ethiopia,True,True,Ethiopia,ETH,Ethiopia,ETH.1_1,Addis Abeba,Addis Ababa:Addis Abeba
4186,Bicol Region,region,PH,Philippines,True,True,Philippines,PHL,Philippines,PHL.14_1,Biliran,Bicol Region:Biliran
3202,Eastern Province,region,SA,Saudi Arabia,True,True,Saudi Arabia,SAU,,,,Eastern Province:Eastern
3421,Banská Bystrica Region,region,SK,Slovakia,True,True,Slovakia,SVK,Slovakia,SVK.1_1,Banskobystrický,Banská Bystrica Region:Banskobystrický
3956,Capital District,region,VE,Venezuela,True,True,"Venezuela, Bolivarian Republic of",VEN,,,,
4577,Analamanga,region,MG,Madagascar,True,True,Madagascar,MDG,Madagascar,MDG.4_1,Mahajanga,
4134,Region of Southern Denmark,region,DK,Denmark,True,True,Denmark,DNK,,,,
3070,Cluj County,region,RO,Romania,True,True,Romania,ROU,Romania,ROU.14_1,Cluj,Cluj County:Cluj
4377,Sylhet Division,region,BD,Bangladesh,True,True,Bangladesh,BGD,Bangladesh,BGD.7_1,Sylhet,Sylhet Division:Sylhet
3844,Alaska,region,US,United States,True,True,United States,USA,United States,USA.2_1,Alaska,
120,Tucuman,region,AR,Argentina,True,True,Argentina,ARG,Argentina,ARG.24_1,Tucumán,Tucuman:Tucumán
3998,Nghệ An,region,VN,Vietnam,True,True,Viet Nam,VNM,Vietnam,VNM.41_1,Nghệ An,
4374,Khulna Division,region,BD,Bangladesh,True,True,Bangladesh,BGD,Bangladesh,BGD.4_1,Khulna,Khulna Division:Khulna
1720,Haifa District,region,IL,Israel,True,True,Israel,ISR,Israel,ISR.3_1,Haifa,Haifa District:Haifa
2608,Federal Capital Territory,region,NG,Nigeria,True,True,Nigeria,NGA,Nigeria,NGA.15_1,Federal Capital Territory,
439,Alagoas,region,BR,Brazil,True,True,Brazil,BRA,Brazil,BRA.2_1,Alagoas,
124,Upper Austria,region,AT,Austria,True,True,Austria,AUT,,,,
3024,Setúbal District,region,PT,Portugal,True,True,Portugal,PRT,Portugal,PRT.17_1,Setúbal,Setúbal District:Setúbal
1032,Basque Autonomous Country,region,ES,Spain,True,True,Spain,ESP,,,,
1857,Trentino-Alto Adige/Südtirol,region,IT,Italy,True,True,Italy,ITA,Italy,ITA.17_1,Trentino-Alto Adige,Trentino-Alto Adige/Südtirol:Trentino-Alto Adige
4190,Northern Mindanao,region,PH,Philippines,True,True,Philippines,PHL,Philippines,PHL.54_1,Northern Samar,Northern Mindanao:Northern Samar
5061,Abidjan Autonomous District,region,CI,Côte d&#039;Ivoire,True,True,Côte d'Ivoire,CIV,,,,
3869,Montana,region,US,United States,True,True,United States,USA,United States,USA.27_1,Montana,
1017,Balearic Islands,region,ES,Spain,True,True,Spain,ESP,,,,
1762,Sulaymaniyah Governorate,region,IQ,Iraq,True,True,Iraq,IRQ,Iraq,IRQ.7_1,As-Sulaymaniyah,Sulaymaniyah Governorate:As-Sulaymaniyah
134,South Australia,region,AU,Australia,True,True,Australia,AUS,Australia,AUS.8_1,South Australia,
2825,Davao Region,region,PH,Philippines,True,True,Philippines,PHL,Philippines,PHL.29_1,Davao Oriental,Davao Region:Davao Oriental
1028,Castile and León,region,ES,Spain,True,True,Spain,ESP,Spain,ESP.5_1,Castilla y León,Castile and León:Castilla y León
1718,Central District,region,IL,Israel,True,True,Israel,ISR,,,,Central District:Central
441,Amazonas,region,BR,Brazil,True,True,Brazil,BRA,Brazil,BRA.4_1,Amazonas,
793,Nicosia District,region,CY,Cyprus,True,True,Cyprus,CYP,Cyprus,CYP.4_1,Nicosia,Nicosia District:Nicosia
4462,Ariana Governorate,region,TN,Tunisia,True,True,Tunisia,TUN,,,,
1732,Jammu and Kashmir,region,IN,India,True,True,India,IND,India,IND.9_1,Daman and Diu,
995,Gharbia Governorate,region,EG,Egypt,True,True,Egypt,EGY,,,,
1026,Canary Islands,region,ES,Spain,True,True,Spain,ESP,Spain,ESP.3_1,Cantabria,Canary Islands:Cantabria
1850,Marche,region,IT,Italy,True,True,Italy,ITA,Italy,ITA.11_1,Marche,
2993,Lower Silesian Voivodeship,region,PL,Poland,True,True,Poland,POL,,,,
2760,Arequipa Region,region,PE,Peru,True,True,Peru,PER,Peru,PER.4_1,Arequipa,Arequipa Region:Arequipa
1725,Assam,region,IN,India,True,True,India,IND,India,IND.4_1,Assam,
3086,Prahova County,region,RO,Romania,True,True,Romania,ROU,Romania,ROU.32_1,Prahova,Prahova County:Prahova
1854,Sardinia,region,IT,Italy,True,True,Italy,ITA,Italy,ITA.14_1,Sardegna,Sardinia:Sardegna
13,Sharjah Emirate,region,AE,United Arab Emirates,True,True,United Arab Emirates,ARE,United Arab Emirates,ARE.6_1,Sharjah,
792,Larnaca District,region,CY,Cyprus,True,True,Cyprus,CYP,Cyprus,CYP.2_1,Larnaca,Larnaca District:Larnaca
2218,Marrakesh-Tensift-El Haouz,region,MA,Morocco,True,True,Morocco,MAR,Morocco,MAR.8_1,Marrakech - Tensift - Al Haouz,Marrakesh-Tensift-El Haouz:Marrakech - Tensift - Al Haouz
1841,Abruzzo,region,IT,Italy,True,True,Italy,ITA,Italy,ITA.1_1,Abruzzo,
1002,Qalyubia Governorate,region,EG,Egypt,True,True,Egypt,EGY,,,,
752,Alajuela Province,region,CR,Costa Rica,True,True,Costa Rica,CRI,Costa Rica,CRI.1_1,Alajuela,Alajuela Province:Alajuela
2505,Aguascalientes,region,MX,Mexico,True,True,Mexico,MEX,México,MEX.1_1,Aguascalientes,
3474,Paramaribo District,region,SR,Suriname,True,True,Suriname,SUR,Suriname,SUR.7_1,Paramaribo,Paramaribo District:Paramaribo
4053,Eastern Cape,region,ZA,South Africa,True,True,South Africa,ZAF,South Africa,ZAF.1_1,Eastern Cape,
1004,Al Sharqia Governorate,region,EG,Egypt,True,True,Egypt,EGY,Egypt,EGY.16_1,Ash Sharqiyah,Al Sharqia Governorate:Ash Sharqiyah
3027,Viseu District,region,PT,Portugal,True,True,Portugal,PRT,Portugal,PRT.20_1,Viseu,Viseu District:Viseu
3089,Sibiu County,region,RO,Romania,True,True,Romania,ROU,Romania,ROU.35_1,Sibiu,Sibiu County:Sibiu
4367,Al Ahmadi Governorate,region,KW,Kuwait,True,True,Kuwait,KWT,Kuwait,KWT.1_1,Al Ahmadi,
1693,County Clare,region,IE,Ireland,True,True,Ireland,IRL,Ireland,IRL.3_1,Clare,County Clare:Clare
70,Ararat Province,region,AM,Armenia,True,True,Armenia,ARM,Armenia,ARM.2_1,Ararat,Ararat Province:Ararat
3894,Artigas Department,region,UY,Uruguay,True,True,Uruguay,URY,Uruguay,URY.1_2,Artigas,Artigas Department:Artigas
3063,Bistrița-Năsăud County,region,RO,Romania,True,True,Romania,ROU,Romania,ROU.6_1,Bistrița-Năsăud,Bistrița-Năsăud County:Bistrița-Năsăud
3778,Cherkasy Oblast,region,UA,Ukraine,True,True,Ukraine,UKR,Ukraine,UKR.1_1,Cherkasy,Cherkasy Oblast:Cherkasy
3935,Apure,region,VE,Venezuela,True,True,"Venezuela, Bolivarian Republic of",VEN,Venezuela,VEN.3_1,Apure,
3079,Ialomița County,region,RO,Romania,True,True,Romania,ROU,Romania,ROU.25_1,Ialomița,Ialomița County:Ialomița
1016,North Sinai Governorate,region,EG,Egypt,True,True,Egypt,EGY,,,,
3170,Sverdlovsk Oblast,region,RU,Russia,True,True,Russian Federation,RUS,Russia,RUS.66_1,Sverdlovsk,
349,Haskovo Province,region,BG,Bulgaria,True,True,Bulgaria,BGR,Bulgaria,BGR.6_1,Haskovo,Haskovo Province:Haskovo
66,Shkodër County,region,AL,Albania,True,True,Albania,ALB,Albania,ALB.10_1,Shkodër,Shkodër County:Shkodër
1609,Zadar County,region,HR,Croatia,True,True,Croatia,HRV,,,,
3076,Gorj County,region,RO,Romania,True,True,Romania,ROU,Romania,ROU.21_1,Gorj,Gorj County:Gorj
2419,Övörkhangai Province,region,MN,Mongolia,True,True,Mongolia,MNG,Mongolia,MNG.17_1,Övörhangay,Övörkhangai Province:Övörhangay
2188,Nuqat al Khams,region,LY,Libya,True,True,Libya,LBY,Libya,LBY.10_1,An Nuqat al Khams,Nuqat al Khams:An Nuqat al Khams
3069,Caraș-Severin County,region,RO,Romania,True,True,Romania,ROU,Romania,ROU.13_1,Caraș-Severin,Caraș-Severin County:Caraș-Severin
4451,Jabal al Gharbi District,region,LY,Libya,True,True,Libya,LBY,Libya,LBY.3_1,Al Jabal al Gharbi,Jabal al Gharbi District:Al Jabal al Gharbi
24,Herat,region,AF,Afghanistan,True,True,Afghanistan,AFG,Afghanistan,AFG.12_1,Hirat,Herat:Hirat
3803,Zaporizhzhya Oblast,region,UA,Ukraine,True,True,Ukraine,UKR,Ukraine,UKR.26_1,Zaporizhia,Zaporizhzhya Oblast:Zaporizhia
2412,Dundgovi Province,region,MN,Mongolia,True,True,Mongolia,MNG,Mongolia,MNG.8_1,Dundgovi,Dundgovi Province:Dundgovi
354,Pazardzhik Province,region,BG,Bulgaria,True,True,Bulgaria,BGR,Bulgaria,BGR.11_1,Pazardzhik,Pazardzhik Province:Pazardzhik
2133,Panevėžys County,region,LT,Lithuania,True,True,Lithuania,LTU,,,,
60,Elbasan County,region,AL,Albania,True,True,Albania,ALB,Albania,ALB.4_1,Elbasan,Elbasan County:Elbasan
919,Mascara Province,region,DZ,Algeria,True,True,Algeria,DZA,Algeria,DZA.27_1,Mascara,Mascara Province:Mascara
3064,Botoșani County,region,RO,Romania,True,True,Romania,ROU,Romania,ROU.7_1,Botoșani,Botoșani County:Botoșani
1885,Aomori Prefecture,region,JP,Japan,True,True,Japan,JPN,Japan,JPN.3_1,Aomori,Aomori Prefecture:Aomori
4117,Aksaray Province,region,TR,Turkey,True,True,Turkey,TUR,Turkey,TUR.5_1,Aksaray,
2610,Akwa Ibom,region,NG,Nigeria,True,True,Nigeria,NGA,Nigeria,NGA.3_1,Akwa Ibom,
121,Burgenland,region,AT,Austria,True,True,Austria,AUT,Austria,AUT.1_1,Burgenland,
3032,Caaguazú,region,PY,Paraguay,True,True,Paraguay,PRY,Paraguay,PRY.6_1,Caaguazú,
59,Durrës County,region,AL,Albania,True,True,Albania,ALB,Albania,ALB.3_1,Durrës,Durrës County:Durrës
1447,Faranah Region,region,GN,Guinea,True,True,Guinea,GIN,Guinea,GIN.3_1,Faranah,Faranah Region:Faranah
534,Prince Edward Island,region,CA,Canada,True,True,Canada,CAN,Canada,CAN.10_1,Prince Edward Island,
2486,Lilongwe District,region,MW,Malawi,True,True,Malawi,MWI,Malawi,MWI.11_1,Lilongwe,Lilongwe District:Lilongwe
2408,Bayan-Ölgii Province,region,MN,Mongolia,True,True,Mongolia,MNG,Mongolia,MNG.2_1,Bayan-Ölgiy,Bayan-Ölgii Province:Bayan-Ölgiy
1859,Aosta Valley,region,IT,Italy,True,True,Italy,ITA,,,,
914,Bouïra Province,region,DZ,Algeria,True,True,Algeria,DZA,,,,
3096,Vrancea County,region,RO,Romania,True,True,Romania,ROU,Romania,ROU.42_1,Vrancea,Vrancea County:Vrancea
1573,Atlántida Department,region,HN,Honduras,True,True,Honduras,HND,Honduras,HND.1_1,Atlántida,Atlántida Department:Atlántida
2123,Maseru District,region,LS,Lesotho,True,True,Lesotho,LSO,Lesotho,LSO.5_1,Maseru,Maseru District:Maseru
926,Aïn Defla Province,region,DZ,Algeria,True,True,Algeria,DZA,Algeria,DZA.2_1,Aïn Defla,Aïn Defla Province:Aïn Defla
2388,Tombouctou Region,region,ML,Mali,True,True,Mali,MLI,,,,
2773,Madre de Dios Region,region,PE,Peru,True,True,Peru,PER,Peru,PER.18_1,Madre de Dios,Madre de Dios Region:Madre de Dios
3093,Tulcea County,region,RO,Romania,True,True,Romania,ROU,Romania,ROU.39_1,Tulcea,Tulcea County:Tulcea
2631,Abia,region,NG,Nigeria,True,True,Nigeria,NGA,Nigeria,NGA.1_1,Abia,
3116,Republic of Dagestan,region,RU,Russia,True,True,Russian Federation,RUS,Russia,RUS.15_1,Dagestan,
3137,Krasnodar Krai,region,RU,Russia,True,True,Russian Federation,RUS,Russia,RUS.34_1,Krasnodar,
3203,Al-Qassim Region,region,SA,Saudi Arabia,True,True,Saudi Arabia,SAU,Saudi Arabia,SAU.6_1,Al Qassim,Al-Qassim Region:Al Qassim
3212,Al Jawf Region,region,SA,Saudi Arabia,True,True,Saudi Arabia,SAU,Saudi Arabia,SAU.4_1,Al Jawf,Al Jawf Region:Al Jawf
1714,County Westmeath,region,IE,Ireland,True,True,Ireland,IRL,Ireland,IRL.24_1,Westmeath,County Westmeath:Westmeath
3091,Teleorman County,region,RO,Romania,True,True,Romania,ROU,Romania,ROU.37_1,Teleorman,Teleorman County:Teleorman
663,Aysén Region,region,CL,Chile,True,True,Chile,CHL,,,,
1426,Northern Region,region,GH,Ghana,True,True,Ghana,GHA,Ghana,GHA9_2,Northern,Northern Region:Northern
2765,Huancavelica Region,region,PE,Peru,True,True,Peru,PER,Peru,PER.9_1,Huancavelica,Huancavelica Region:Huancavelica
2186,Jabal al Akhdar,region,LY,Libya,True,True,Libya,LBY,Libya,LBY.2_1,Al Jabal al Akhdar,Jabal al Akhdar:Al Jabal al Akhdar
4384,Kvemo Kartli,region,GE,Georgia,True,True,Georgia,GEO,Georgia,GEO.6_1,Kvemo Kartli,
1532,Alta Verapaz Department,region,GT,Guatemala,True,True,Guatemala,GTM,Guatemala,GTM.1_1,Alta Verapaz,Alta Verapaz Department:Alta Verapaz
943,Souk Ahras Province,region,DZ,Algeria,True,True,Algeria,DZA,Algeria,DZA.40_1,Souk Ahras,Souk Ahras Province:Souk Ahras
3779,Chernihiv Oblast,region,UA,Ukraine,True,True,Ukraine,UKR,Ukraine,UKR.2_1,Chernihiv,Chernihiv Oblast:Chernihiv
2129,Alytus County,region,LT,Lithuania,True,True,Lithuania,LTU,Lithuania,LTU.1_1,Alytaus,Alytus County:Alytaus
3030,Amambay Department,region,PY,Paraguay,True,True,Paraguay,PRY,Paraguay,PRY.3_1,Amambay,Amambay Department:Amambay
3160,Rostov Oblast,region,RU,Russia,True,True,Russian Federation,RUS,Russia,RUS.58_1,Rostov,
3150,Nizhny Novgorod Oblast,region,RU,Russia,True,True,Russian Federation,RUS,Russia,RUS.47_1,Nizhegorod,
3785,Kherson Oblast,region,UA,Ukraine,True,True,Ukraine,UKR,Ukraine,UKR.9_1,Kherson,Kherson Oblast:Kherson
3841,Wakiso District,region,UG,Uganda,True,True,Uganda,UGA,Uganda,UGA.57_1,Wakiso,Wakiso District:Wakiso
1423,Brong-Ahafo Region,region,GH,Ghana,True,True,Ghana,GHA,,,,
1748,Arunachal Pradesh,region,IN,India,True,True,India,IND,India,IND.3_1,Arunachal Pradesh,
2734,Southland Region,region,NZ,New Zealand,True,True,New Zealand,NZL,New Zealand,NZL.14_1,Southland,Southland Region:Southland
3629,Kasserine Governorate,region,TN,Tunisia,True,True,Tunisia,TUN,Tunisia,TUN.9_1,Kassérine,Kasserine Governorate:Kassérine
3110,Republic of Buryatia,region,RU,Russia,True,True,Russian Federation,RUS,Russia,RUS.9_1,Buryat,
1583,Bay Islands Department,region,HN,Honduras,True,True,Honduras,HND,,,,
927,Aïn Témouchent Province,region,DZ,Algeria,True,True,Algeria,DZA,Algeria,DZA.3_1,Aïn Témouchent,Aïn Témouchent Province:Aïn Témouchent
3169,Stavropol Krai,region,RU,Russia,True,True,Russian Federation,RUS,Russia,RUS.65_1,Stavropol',
3786,Khmelnytsky Oblast,region,UA,Ukraine,True,True,Ukraine,UKR,Ukraine,UKR.10_1,Khmel'nyts'kyy,Khmelnytsky Oblast:Khmel'nyts'kyy
63,Korçë County,region,AL,Albania,True,True,Albania,ALB,Albania,ALB.7_1,Korçë,Korçë County:Korçë
3480,Ahuachapán Department,region,SV,El Salvador,True,True,El Salvador,SLV,El Salvador,SLV.1_1,Ahuachapán,Ahuachapán Department:Ahuachapán
3780,Chernivtsi Oblast,region,UA,Ukraine,True,True,Ukraine,UKR,Ukraine,UKR.3_1,Chernivtsi,Chernivtsi Oblast:Chernivtsi
3801,Volyn Oblast,region,UA,Ukraine,True,True,Ukraine,UKR,Ukraine,UKR.25_1,Volyn,Volyn Oblast:Volyn
88,Huíla Province,region,AO,Angola,True,True,Angola,AGO,Angola,AGO.10_1,Huíla,Huíla Province:Huíla
3633,Kef Governorate,region,TN,Tunisia,True,True,Tunisia,TUN,,,,
675,East,region,CM,Cameroon,True,True,Cameroon,CMR,Cameroon,CMR.3_1,Est,East:Est
1604,Sisak-Moslavina County,region,HR,Croatia,True,True,Croatia,HRV,Croatia,HRV.15_1,Sisacko-Moslavacka,Sisak-Moslavina County:Sisacko-Moslavacka
3187,Yaroslavl Oblast,region,RU,Russia,True,True,Russian Federation,RUS,Russia,RUS.81_1,Yaroslavl',
1608,Vukovar-Syrmia County,region,HR,Croatia,True,True,Croatia,HRV,Croatia,HRV.19_1,Vukovarsko-Srijemska,Vukovar-Syrmia County:Vukovarsko-Srijemska
1606,Varaždin County,region,HR,Croatia,True,True,Croatia,HRV,Croatia,HRV.17_1,Varaždinska,Varaždin County:Varaždinska
3098,Giurgiu County,region,RO,Romania,True,True,Romania,ROU,Romania,ROU.20_1,Giurgiu,Giurgiu County:Giurgiu
4115,Düzce Province,region,TR,Turkey,True,True,Turkey,TUR,Turkey,TUR.27_1,Düzce,
2677,Aust-Agder,region,NO,Norway,True,True,Norway,NOR,Norway,NOR.3_1,Aust-Agder,
791,Kyrenia District,region,CY,Cyprus,True,True,Cyprus,CYP,,,,
3097,Călărași County,region,RO,Romania,True,True,Romania,ROU,Romania,ROU.12_1,Călărași,Călărași County:Călărași
364,Sofia Province,region,BG,Bulgaria,True,True,Bulgaria,BGR,Bulgaria,BGR.21_1,Sofia,Sofia Province:Sofia
2759,Apurímac Region,region,PE,Peru,True,True,Peru,PER,Peru,PER.3_1,Apurímac,Apurímac Region:Apurímac
2390,Kidal Region,region,ML,Mali,True,True,Mali,MLI,Mali,MLI.4_1,Kidal,Kidal Region:Kidal
683,North,region,CM,Cameroon,True,True,Cameroon,CMR,Cameroon,CMR.7_1,Nord,North:Nord
3085,Olt County,region,RO,Romania,True,True,Romania,ROU,,,,
3804,Zhytomyr Oblast,region,UA,Ukraine,True,True,Ukraine,UKR,Ukraine,UKR.27_1,Zhytomyr,Zhytomyr Oblast:Zhytomyr
2735,Taranaki Region,region,NZ,New Zealand,True,True,New Zealand,NZL,New Zealand,NZL.15_1,Taranaki,Taranaki Region:Taranaki
2774,Moquegua Region,region,PE,Peru,True,True,Peru,PER,Peru,PER.19_1,Moquegua,Moquegua Region:Moquegua
3933,Amazonas,region,VE,Venezuela,True,True,"Venezuela, Bolivarian Republic of",VEN,Venezuela,VEN.1_1,Amazonas,
1603,Šibenik-Knin County,region,HR,Croatia,True,True,Croatia,HRV,Croatia,HRV.14_1,Šibensko-Kninska,Šibenik-Knin County:Šibensko-Kninska
3094,Vaslui County,region,RO,Romania,True,True,Romania,ROU,Romania,ROU.41_1,Vaslui,Vaslui County:Vaslui
3072,Covasna County,region,RO,Romania,True,True,Romania,ROU,Romania,ROU.16_1,Covasna,Covasna County:Covasna
3799,Ternopil Oblast,region,UA,Ukraine,True,True,Ukraine,UKR,Ukraine,UKR.22_1,Ternopil',Ternopil Oblast:Ternopil'
3082,Mehedinți County,region,RO,Romania,True,True,Romania,ROU,Romania,ROU.28_1,Mehedinți,Mehedinți County:Mehedinți
1425,Eastern Region,region,GH,Ghana,True,True,Ghana,GHA,Ghana,GHA6_2,Eastern,Eastern Region:Eastern
3164,Samara Oblast,region,RU,Russia,True,True,Russian Federation,RUS,Russia,RUS.62_1,Samara,
3796,Rivne Oblast,region,UA,Ukraine,True,True,Ukraine,UKR,Ukraine,UKR.19_1,Rivne,Rivne Oblast:Rivne
61,Fier County,region,AL,Albania,True,True,Albania,ALB,Albania,ALB.5_1,Fier,Fier County:Fier
2387,Koulikoro Region,region,ML,Mali,True,True,Mali,MLI,Mali,MLI.5_1,Koulikoro,Koulikoro Region:Koulikoro
2780,Tumbes Region,region,PE,Peru,True,True,Peru,PER,Peru,PER.25_1,Tumbes,Tumbes Region:Tumbes
3787,Kirovohrad Oblast,region,UA,Ukraine,True,True,Ukraine,UKR,Ukraine,UKR.13_1,Kirovohrad,Kirovohrad Oblast:Kirovohrad
3656,Adıyaman Province,region,TR,Turkey,True,True,Turkey,TUR,Turkey,TUR.2_1,Adiyaman,
356,Pleven Province,region,BG,Bulgaria,True,True,Bulgaria,BGR,Bulgaria,BGR.13_1,Pleven,Pleven Province:Pleven
3065,Braila,region,RO,Romania,True,True,Romania,ROU,Romania,ROU.9_1,Brăila,Braila:Brăila
2389,Gao Region,region,ML,Mali,True,True,Mali,MLI,,,,
2134,Šiauliai County,region,LT,Lithuania,True,True,Lithuania,LTU,Lithuania,LTU.6_1,Šiauliai,Šiauliai County:Šiauliai
3017,Madeira,region,PT,Portugal,True,True,Portugal,PRT,Portugal,PRT.13_1,Madeira,
3042,Presidente Hayes Department,region,PY,Paraguay,True,True,Paraguay,PRY,Paraguay,PRY.17_1,Presidente Hayes,Presidente Hayes Department:Presidente Hayes
3138,Krasnoyarsk Krai,region,RU,Russia,True,True,Russian Federation,RUS,Russia,RUS.35_1,Krasnoyarsk,
440,Amapá,region,BR,Brazil,True,True,Brazil,BRA,Brazil,BRA.3_1,Amapá,
2725,Bay of Plenty Region,region,NZ,New Zealand,True,True,New Zealand,NZL,New Zealand,NZL.2_1,Bay of Plenty,Bay of Plenty Region:Bay of Plenty
1021,Navarre,region,ES,Spain,True,True,Spain,ESP,,,,
4166,Ionian Islands Region,region,GR,Greece,True,True,Greece,GRC,,,,
1875,Balqa Governorate,region,JO,Jordan,True,True,Jordan,JOR,,,,
1602,Primorje-Gorski Kotar County,region,HR,Croatia,True,True,Croatia,HRV,Croatia,HRV.13_1,Primorsko-Goranska,Primorje-Gorski Kotar County:Primorsko-Goranska
3060,Arges,region,RO,Romania,True,True,Romania,ROU,Romania,ROU.3_1,Argeș,Arges:Argeș
903,Médéa Province,region,DZ,Algeria,True,True,Algeria,DZA,Algeria,DZA.28_1,Médéa,Médéa Province:Médéa
2941,Azad Kashmir,region,PK,Pakistan,True,True,Pakistan,PAK,,,,
1059,Central Division,region,FJ,Fiji,True,True,Fiji,FJI,Fiji,FJI.1_1,Central,Central Division:Central
1624,Borsod-Abaúj-Zemplén County,region,HU,Hungary,True,True,Hungary,HUN,Hungary,HUN.4_1,Borsod-Abaúj-Zemplén,Borsod-Abaúj-Zemplén County:Borsod-Abaúj-Zemplén
119,Tierra del Fuego,region,AR,Argentina,True,True,Argentina,ARG,Argentina,ARG.23_1,Tierra del Fuego,
108,La Rioja Province,region,AR,Argentina,True,True,Argentina,ARG,Argentina,ARG.12_1,La Rioja,La Rioja Province:La Rioja
2228,Taza-Al Hoceima-Taounate,region,MA,Morocco,True,True,Morocco,MAR,Morocco,MAR.15_1,Taza - Al Hoceima - Taounate,Taza-Al Hoceima-Taounate:Taza - Al Hoceima - Taounate
4468,Aerodrom Municipality,region,MK,Macedonia,True,True,North Macedonia,MKD,North Macedonia,MKD.1_1,Aerodrom,Aerodrom Municipality:Aerodrom
813,South Bohemian Region,region,CZ,Czech Republic,True,True,Czechia,CZE,,,,
3081,Maramureș County,region,RO,Romania,True,True,Romania,ROU,Romania,ROU.27_1,Maramureș,Maramureș County:Maramureș
3061,Bacău County,region,RO,Romania,True,True,Romania,ROU,Romania,ROU.4_1,Bacău,Bacău County:Bacău
579,Aargau,region,CH,Switzerland,True,True,Switzerland,CHE,Switzerland,CHE.1_1,Aargau,
885,Puerto Plata Province,region,DO,Dominican Republic,True,True,Dominican Republic,DOM,Dominican Republic,DOM.21_1,Puerto Plata,Puerto Plata Province:Puerto Plata
878,La Altagracia Province,region,DO,Dominican Republic,True,True,Dominican Republic,DOM,Dominican Republic,DOM.11_1,La Altagracia,La Altagracia Province:La Altagracia
2687,Østfold,region,NO,Norway,True,True,Norway,NOR,Norway,NOR.2_1,Ãstfold,Østfold:Ãstfold
922,Sidi Bel Abbès Province,region,DZ,Algeria,True,True,Algeria,DZA,Algeria,DZA.38_1,Sidi Bel Abbès,Sidi Bel Abbès Province:Sidi Bel Abbès
2775,Pasco Region,region,PE,Peru,True,True,Peru,PER,Peru,PER.20_1,Pasco,Pasco Region:Pasco
3119,Irkutsk Oblast,region,RU,Russia,True,True,Russian Federation,RUS,Russia,RUS.18_1,Irkutsk,
2498,Blantyre District,region,MW,Malawi,True,True,Malawi,MWI,Malawi,MWI.2_1,Blantyre,Blantyre District:Blantyre
821,Plzeň Region,region,CZ,Czech Republic,True,True,Czechia,CZE,,,,
3075,Galați County,region,RO,Romania,True,True,Romania,ROU,Romania,ROU.19_1,Galați,Galați County:Galați
4201,'Asir Region,region,SA,Saudi Arabia,True,True,Saudi Arabia,SAU,Saudi Arabia,SAU.1_1,'Asir,'Asir Region:'Asir
4527,Littoral Department,region,BJ,Benin,True,True,Benin,BEN,Benin,BEN.8_1,Littoral,Littoral Department:Littoral
3025,Viana do Castelo District,region,PT,Portugal,True,True,Portugal,PRT,Portugal,PRT.18_1,Viana do Castelo,Viana do Castelo District:Viana do Castelo
2777,Puno Region,region,PE,Peru,True,True,Peru,PER,Peru,PER.22_1,Puno,Puno Region:Puno
2779,Tacna Region,region,PE,Peru,True,True,Peru,PER,Peru,PER.24_1,Tacna,Tacna Region:Tacna
994,Faiyum Governorate,region,EG,Egypt,True,True,Egypt,EGY,,,,
3424,Nitra Region,region,SK,Slovakia,True,True,Slovakia,SVK,Slovakia,SVK.4_1,Nitriansky,Nitra Region:Nitriansky
3975,An Giang,region,VN,Vietnam,True,True,Viet Nam,VNM,Vietnam,VNM.1_1,An Giang,
2761,Ayacucho Region,region,PE,Peru,True,True,Peru,PER,Peru,PER.5_1,Ayacucho,Ayacucho Region:Ayacucho
3781,Dnipropetrovsk Oblast,region,UA,Ukraine,True,True,Ukraine,UKR,Ukraine,UKR.5_1,Dnipropetrovs'k,Dnipropetrovsk Oblast:Dnipropetrovs'k
1760,Al Muthanna Governorate,region,IQ,Iraq,True,True,Iraq,IRQ,Iraq,IRQ.3_1,Al-Muthannia,Al Muthanna Governorate:Al-Muthannia
4390,Chaouia-Ouardigha,region,MA,Morocco,True,True,Morocco,MAR,Morocco,MAR.1_1,Chaouia - Ouardigha,Chaouia-Ouardigha:Chaouia - Ouardigha
3426,Trenčín Region,region,SK,Slovakia,True,True,Slovakia,SVK,Slovakia,SVK.6_1,Trenčiansky,Trenčín Region:Trenčiansky
1360,Adjara,region,GE,Georgia,True,True,Georgia,GEO,Georgia,GEO.2_1,Ajaria,Adjara:Ajaria
12,Ras Al Khaimah,region,AE,United Arab Emirates,True,True,United Arab Emirates,ARE,United Arab Emirates,ARE.5_1,Ras Al-Khaimah,
1877,Karak Governorate,region,JO,Jordan,True,True,Jordan,JOR,,,,
920,M'Sila Province,region,DZ,Algeria,True,True,Algeria,DZA,Algeria,DZA.26_1,M'Sila,M'Sila Province:M'Sila
4392,Doukkala-Abda,region,MA,Morocco,True,True,Morocco,MAR,Morocco,MAR.2_1,Doukkala - Abda,Doukkala-Abda:Doukkala - Abda
716,Amazonas,region,CO,Colombia,True,True,Colombia,COL,Colombia,COL.1_2,Amazonas,
4193,Autonomous Region in Muslim Mindanao,region,PH,Philippines,True,True,Philippines,PHL,,,,
1876,Ma'an Governorate,region,JO,Jordan,True,True,Jordan,JOR,,,,
2118,Montserrado County,region,LR,Liberia,True,True,Liberia,LBR,Liberia,LBR.11_1,Montserrado,Montserrado County:Montserrado
438,Acre,region,BR,Brazil,True,True,Brazil,BRA,Brazil,BRA.1_1,Acre,
3074,Dolj County,region,RO,Romania,True,True,Romania,ROU,Romania,ROU.18_1,Dolj,Dolj County:Dolj
4393,Tadla-Azilal,region,MA,Morocco,True,True,Morocco,MAR,Morocco,MAR.13_1,Tadla - Azilal,Tadla-Azilal:Tadla - Azilal
3083,Mureș County,region,RO,Romania,True,True,Romania,ROU,Romania,ROU.29_1,Mureș,Mureș County:Mureș
3059,Arad County,region,RO,Romania,True,True,Romania,ROU,Romania,ROU.2_1,Arad,Arad County:Arad
1878,Mafraq Governorate,region,JO,Jordan,True,True,Jordan,JOR,,,,
1761,Al-Qādisiyyah Governorate,region,IQ,Iraq,True,True,Iraq,IRQ,Iraq,IRQ.4_1,Al-Qadisiyah,Al-Qādisiyyah Governorate:Al-Qadisiyah
3013,Castelo Branco District,region,PT,Portugal,True,True,Portugal,PRT,Portugal,PRT.6_1,Castelo Branco,Castelo Branco District:Castelo Branco
3068,Buzău County,region,RO,Romania,True,True,Romania,ROU,Romania,ROU.11_1,Buzău,Buzău County:Buzău
359,Ruse Province,region,BG,Bulgaria,True,True,Bulgaria,BGR,,,,
3021,Portalegre District,region,PT,Portugal,True,True,Portugal,PRT,Portugal,PRT.14_1,Portalegre,Portalegre District:Portalegre
1600,Osijek-Baranja County,region,HR,Croatia,True,True,Croatia,HRV,Croatia,HRV.11_1,Osjecko-Baranjska,Osijek-Baranja County:Osjecko-Baranjska
820,Pardubice Region,region,CZ,Czech Republic,True,True,Czechia,CZE,Czechia,CZE.9_1,Pardubický,Pardubice Region:Pardubický
3783,Ivano-Frankivsk Oblast,region,UA,Ukraine,True,True,Ukraine,UKR,Ukraine,UKR.7_1,Ivano-Frankivs'k,Ivano-Frankivsk Oblast:Ivano-Frankivs'k
3077,Harghita County,region,RO,Romania,True,True,Romania,ROU,Romania,ROU.22_1,Harghita,Harghita County:Harghita
3095,Vâlcea County,region,RO,Romania,True,True,Romania,ROU,Romania,ROU.40_1,Vâlcea,Vâlcea County:Vâlcea
3934,Anzoátegui,region,VE,Venezuela,True,True,"Venezuela, Bolivarian Republic of",VEN,Venezuela,VEN.2_1,Anzoátegui,
4322,Nabatieh Governorate,region,LB,Lebanon,True,True,Lebanon,LBN,Lebanon,LBN.6_1,Nabatiyeh,Nabatieh Governorate:Nabatiyeh
2418,Ömnögovi Province,region,MN,Mongolia,True,True,Mongolia,MNG,Mongolia,MNG.15_1,Ömnögovi,Ömnögovi Province:Ömnögovi
666,Atacama Region,region,CL,Chile,True,True,Chile,CHL,Chile,CHL.5_1,Atacama,Atacama Region:Atacama
2190,Zawiya District,region,LY,Libya,True,True,Libya,LBY,,,,
68,Vlorë County,region,AL,Albania,True,True,Albania,ALB,Albania,ALB.12_1,Vlorë,Vlorë County:Vlorë
4198,Arica y Parinacota Region,region,CL,Chile,True,True,Chile,CHL,Chile,CHL.4_1,Arica y Parinacota,Arica y Parinacota Region:Arica y Parinacota
2422,Töv Province,region,MN,Mongolia,True,True,Mongolia,MNG,,,,
817,Liberec Region,region,CZ,Czech Republic,True,True,Czechia,CZE,Czechia,CZE.6_1,Liberecký,Liberec Region:Liberecký
1035,Somali Region,region,ET,Ethiopia,True,True,Ethiopia,ETH,Ethiopia,ETH.9_1,Somali,Somali Region:Somali
3088,Satu Mare County,region,RO,Romania,True,True,Romania,ROU,Romania,ROU.34_1,Satu Mare,Satu Mare County:Satu Mare
795,Paphos District,region,CY,Cyprus,True,True,Cyprus,CYP,Cyprus,CYP.5_1,Paphos,Paphos District:Paphos
3793,Mykolaiv Oblast,region,UA,Ukraine,True,True,Ukraine,UKR,Ukraine,UKR.16_1,Mykolayiv,Mykolaiv Oblast:Mykolayiv
2614,Anambra,region,NG,Nigeria,True,True,Nigeria,NGA,Nigeria,NGA.4_1,Anambra,
4173,North Aegean Region,region,GR,Greece,True,True,Greece,GRC,,,,
368,Veliko Tarnovo Province,region,BG,Bulgaria,True,True,Bulgaria,BGR,Bulgaria,BGR.25_1,Veliko Tarnovo,Veliko Tarnovo Province:Veliko Tarnovo
933,El Bayadh Province,region,DZ,Algeria,True,True,Algeria,DZA,Algeria,DZA.17_1,El Bayadh,El Bayadh Province:El Bayadh
1712,County Tipperary,region,IE,Ireland,True,True,Ireland,IRL,Ireland,IRL.22_1,Tipperary,County Tipperary:Tipperary
814,Vysočina Region,region,CZ,Czech Republic,True,True,Czechia,CZE,Czechia,CZE.4_1,Kraj Vysočina,Vysočina Region:Kraj Vysočina
3795,Poltava Oblast,region,UA,Ukraine,True,True,Ukraine,UKR,Ukraine,UKR.18_1,Poltava,Poltava Oblast:Poltava
4194,Luxor Governorate,region,EG,Egypt,True,True,Egypt,EGY,,,,
2757,Amazonas Region,region,PE,Peru,True,True,Peru,PER,Peru,PER.1_1,Amazonas,Amazonas Region:Amazonas
3657,Afyonkarahisar Province,region,TR,Turkey,True,True,Turkey,TUR,,,,
3058,Alba,region,RO,Romania,True,True,Romania,ROU,Romania,ROU.1_1,Alba,
1628,Fejér County,region,HU,Hungary,True,True,Hungary,HUN,Hungary,HUN.7_1,Fejér,Fejér County:Fejér
2693,Vest-Agder,region,NO,Norway,True,True,Norway,NOR,Norway,NOR.18_1,Vest-Agder,
921,Oum El Bouaghi Province,region,DZ,Algeria,True,True,Algeria,DZA,Algeria,DZA.34_1,Oum el Bouaghi,Oum El Bouaghi Province:Oum el Bouaghi
3802,Zakarpattia Oblast,region,UA,Ukraine,True,True,Ukraine,UKR,Ukraine,UKR.23_1,Zakarpattia,Zakarpattia Oblast:Zakarpattia
798,Hradec Králové Region,region,CZ,Czech Republic,True,True,Czechia,CZE,,,,
823,Ústí nad Labem Region,region,CZ,Czech Republic,True,True,Czechia,CZE,,,,
671,Magallanes y la Antártica Chilena Region,region,CL,Chile,True,True,Chile,CHL,Chile,CHL.11_1,Magallanes y Antártica Chilena,Magallanes y la Antártica Chilena Region:Magallanes y Antártica Chilena
1707,County Meath,region,IE,Ireland,True,True,Ireland,IRL,Ireland,IRL.17_1,Meath,County Meath:Meath
4703,Al Wusta Governorate,region,OM,Oman,True,True,Oman,OMN,Oman,OMN.6_1,Al Wusta,Al Wusta Governorate:Al Wusta
4338,Aqaba Governorate,region,JO,Jordan,True,True,Jordan,JOR,,,,
3936,Aragua,region,VE,Venezuela,True,True,"Venezuela, Bolivarian Republic of",VEN,Venezuela,VEN.4_1,Aragua,
818,Olomouc Region,region,CZ,Czech Republic,True,True,Czechia,CZE,Czechia,CZE.8_1,Olomoucký,Olomouc Region:Olomoucký
3010,Beja District,region,PT,Portugal,True,True,Portugal,PRT,,,,
1594,Istria County,region,HR,Croatia,True,True,Croatia,HRV,,,,
2176,Jufra,region,LY,Libya,True,True,Libya,LBY,Libya,LBY.5_1,Al Jufrah,Jufra:Al Jufrah
344,Blagoevgrad Province,region,BG,Bulgaria,True,True,Bulgaria,BGR,Bulgaria,BGR.1_1,Blagoevgrad,Blagoevgrad Province:Blagoevgrad
2600,Agadez Region,region,NE,Niger,True,True,Niger,NER,Niger,NER.1_1,Agadez,Agadez Region:Agadez
934,El Oued Province,region,DZ,Algeria,True,True,Algeria,DZA,Algeria,DZA.18_1,El Oued,El Oued Province:El Oued
4477,Al Wahat District,region,LY,Libya,True,True,Libya,LBY,Libya,LBY.9_1,Al Wahat,Al Wahat District:Al Wahat
3084,Neamț County,region,RO,Romania,True,True,Romania,ROU,Romania,ROU.30_1,Neamț,Neamț County:Neamț
932,Chlef Province,region,DZ,Algeria,True,True,Algeria,DZA,Algeria,DZA.14_1,Chlef,Chlef Province:Chlef
1593,Dubrovnik-Neretva County,region,HR,Croatia,True,True,Croatia,HRV,Croatia,HRV.3_1,Dubrovacko-Neretvanska,Dubrovnik-Neretva County:Dubrovacko-Neretvanska
365,Stara Zagora Province,region,BG,Bulgaria,True,True,Bulgaria,BGR,Bulgaria,BGR.22_1,Stara Zagora,Stara Zagora Province:Stara Zagora
3432,Western Area,region,SL,Sierra Leone,True,True,Sierra Leone,SLE,Sierra Leone,SLE.4_1,Western,Western Area:Western
1773,Wasit Governorate,region,IQ,Iraq,True,True,Iraq,IRQ,,,,
1775,Saladin Governorate,region,IQ,Iraq,True,True,Iraq,IRQ,,,,
3078,Hunedoara County,region,RO,Romania,True,True,Romania,ROU,Romania,ROU.23_1,Hunedoara,Hunedoara County:Hunedoara
4718,'Adan Governorate,region,YE,Yemen,True,True,Yemen,YEM,,,,
3073,Dâmbovița County,region,RO,Romania,True,True,Romania,ROU,Romania,ROU.17_1,Dâmbovița,Dâmbovița County:Dâmbovița
4465,Anguillita,region,AI,Anguilla,True,True,Anguilla,AIA,,,,
4530,Northern Governorate,region,BH,Bahrain,True,True,Bahrain,BHR,Bahrain,BHR.4_1,Northern,Northern Governorate:Northern
3210,Jizan Region,region,SA,Saudi Arabia,True,True,Saudi Arabia,SAU,Saudi Arabia,SAU.10_1,Jizan,Jizan Region:Jizan
2558,Niassa Province,region,MZ,Mozambique,True,True,Mozambique,MOZ,,,,
93,Lunda Norte Province,region,AO,Angola,True,True,Angola,AGO,Angola,AGO.12_1,Lunda Norte,Lunda Norte Province:Lunda Norte
2641,Gombe State,region,NG,Nigeria,True,True,Nigeria,NGA,Nigeria,NGA.16_1,Gombe,Gombe State:Gombe
4666,Herceg Novi Municipality,region,ME,Montenegro,True,True,Montenegro,MNE,Montenegro,MNE.8_1,Herceg Novi,Herceg Novi Municipality:Herceg Novi
3454,Bari,region,SO,Somalia,True,True,Somalia,SOM,Somalia,SOM.4_1,Bari,
2432,Hodh Ech Chargui Region,region,MR,Mauritania,True,True,Mauritania,MRT,Mauritania,MRT.7_1,Hodh ech Chargui,Hodh Ech Chargui Region:Hodh ech Chargui
1475,Bioko Norte Province,region,GQ,Equatorial Guinea,True,True,Equatorial Guinea,GNQ,Equatorial Guinea,GNQ.2_1,Bioko Norte,Bioko Norte Province:Bioko Norte
3666,Bitlis Province,region,TR,Turkey,True,True,Turkey,TUR,Turkey,TUR.18_1,Bitlis,
4660,Bar Municipality,region,ME,Montenegro,True,True,Montenegro,MNE,,,,
2455,Savanne District,region,MU,Mauritius,True,True,Mauritius,MUS,Mauritius,MUS.12_1,Savanne,Savanne District:Savanne
4211,Barceloneta,region,PR,Puerto Rico,True,True,Puerto Rico,PRI,Puerto Rico,PRI.9_1,Barceloneta,
4836,Bahr el Gazel,region,TD,Chad,True,True,Chad,TCD,Chad,TCD.1_1,Barh el Ghazel,Bahr el Gazel:Barh el Ghazel
4212,Barranquitas,region,PR,Puerto Rico,True,True,Puerto Rico,PRI,Puerto Rico,PRI.10_1,Barranquitas,
508,Kgatleng District,region,BW,Botswana,True,True,Botswana,BWA,Botswana,BWA.8_1,Kgatleng,Kgatleng District:Kgatleng
4163,Zabaykalsky Krai,region,RU,Russia,True,True,Russian Federation,RUS,Russia,RUS.83_1,Zabaykal'ye,
2357,Struga Municipality,region,MK,Macedonia,True,True,North Macedonia,MKD,,,,
4565,Diana Region,region,MG,Madagascar,True,True,Madagascar,MDG,,,,
211,Christ Church,region,BB,Barbados,True,True,Barbados,BRB,Barbados,BRB.1_1,Christ Church,
402,Borgou Department,region,BJ,Benin,True,True,Benin,BEN,Benin,BEN.4_1,Borgou,Borgou Department:Borgou
2356,Štip Municipality,region,MK,Macedonia,True,True,North Macedonia,MKD,,,,
4500,Bas-Sassandra District,region,CI,Côte d&#039;Ivoire,True,True,Côte d'Ivoire,CIV,Côte d'Ivoire,CIV.2_1,Bas-Sassandra,Bas-Sassandra District:Bas-Sassandra
3665,Bingöl Province,region,TR,Turkey,True,True,Turkey,TUR,Turkey,TUR.17_1,Bingöl,
511,North-East District,region,BW,Botswana,True,True,Botswana,BWA,Botswana,BWA.11_1,North-East,North-East District:North-East
506,Ghanzi District,region,BW,Botswana,True,True,Botswana,BWA,Botswana,BWA.5_1,Ghanzi,Ghanzi District:Ghanzi
4151,Bắc Kạn,region,VN,Vietnam,True,True,Viet Nam,VNM,Vietnam,VNM.4_1,Bắc Kạn,
2644,Boaco Department,region,NI,Nicaragua,True,True,Nicaragua,NIC,,,,
3107,Bashkortostan,region,RU,Russia,True,True,Russian Federation,RUS,Russia,RUS.6_1,Bashkortostan,
2553,Gaza Province,region,MZ,Mozambique,True,True,Mozambique,MOZ,,,,
1588,Santa Bárbara Department,region,HN,Honduras,True,True,Honduras,HND,Honduras,HND.16_1,Santa Bárbara,Santa Bárbara Department:Santa Bárbara
4518,Southern Governorate,region,BH,Bahrain,True,True,Bahrain,BHR,Bahrain,BHR.5_1,Southern,Southern Governorate:Southern
3952,Trujillo,region,VE,Venezuela,True,True,"Venezuela, Bolivarian Republic of",VEN,Venezuela,VEN.22_1,Trujillo,
3513,Batha Region,region,TD,Chad,True,True,Chad,TCD,Chad,TCD.2_1,Batha,Batha Region:Batha
2730,Marlborough Region,region,NZ,New Zealand,True,True,New Zealand,NZL,New Zealand,NZL.8_1,Marlborough,Marlborough Region:Marlborough
89,Malanje Province,region,AO,Angola,True,True,Angola,AGO,Angola,AGO.14_1,Malanje,Malanje Province:Malanje
2638,Bayelsa,region,NG,Nigeria,True,True,Nigeria,NGA,Nigeria,NGA.6_1,Bayelsa,
2559,Tete Province,region,MZ,Mozambique,True,True,Mozambique,MOZ,,,,
75,Shirak Region,region,AM,Armenia,True,True,Armenia,ARM,Armenia,ARM.8_1,Shirak,Shirak Region:Shirak
678,West,region,CM,Cameroon,True,True,Cameroon,CMR,Cameroon,CMR.8_1,Ouest,West:Ouest
4064,Northern Province,region,ZM,Zambia,True,True,Zambia,ZMB,Zambia,ZMB.8_1,Northern,Northern Province:Northern
4289,Boquerón department,region,PY,Paraguay,True,True,Paraguay,PRY,Paraguay,PRY.5_1,Boquerón,Boquerón department:Boquerón
4065,Northwestern Province,region,ZM,Zambia,True,True,Zambia,ZMB,Zambia,ZMB.7_1,North-Western,Northwestern Province:North-Western
2135,Tauragė County,region,LT,Lithuania,True,True,Lithuania,LTU,Lithuania,LTU.7_1,Taurages,Tauragė County:Taurages
4295,North District,region,HK,Hong Kong,True,True,Hong Kong,HKG,,,,
684,South,region,CM,Cameroon,True,True,Cameroon,CMR,,,,
507,Kgalagadi District,region,BW,Botswana,True,True,Botswana,BWA,Botswana,BWA.7_1,Kgalagadi,Kgalagadi District:Kgalagadi
2291,Gevgelija Municipality,region,MK,Macedonia,True,True,North Macedonia,MKD,North Macedonia,MKD.24_1,Gevgelija,Gevgelija Municipality:Gevgelija
86,Cunene Province,region,AO,Angola,True,True,Angola,AGO,Angola,AGO.8_1,Cunene,Cunene Province:Cunene
2296,Jegunovce Municipality,region,MK,Macedonia,True,True,North Macedonia,MKD,,,,
4515,Namibe Province,region,AO,Angola,True,True,Angola,AGO,Angola,AGO.16_1,Namibe,Namibe Province:Namibe
3443,Diourbel Region,region,SN,Senegal,True,True,Senegal,SEN,Senegal,SEN.2_1,Diourbel,Diourbel Region:Diourbel
3516,Chari-Baguirmi Region,region,TD,Chad,True,True,Chad,TCD,Chad,TCD.4_1,Chari-Baguirmi,Chari-Baguirmi Region:Chari-Baguirmi
682,Far North Region,region,CM,Cameroon,True,True,Cameroon,CMR,,,,
4541,Belait District,region,BN,Brunei,True,True,Brunei Darussalam,BRN,Brunei,BRN.1_1,Belait,Belait District:Belait
2443,Inchiri Region,region,MR,Mauritania,True,True,Mauritania,MRT,Mauritania,MRT.9_1,Inchiri,Inchiri Region:Inchiri
4113,Bayburt Province,region,TR,Turkey,True,True,Turkey,TUR,Turkey,TUR.15_1,Bayburt,
586,Glarus,region,CH,Switzerland,True,True,Switzerland,CHE,Switzerland,CHE.9_1,Glarus,
1970,Grande Comore,region,KM,Comoros,True,True,Comoros,COM,,,,
3455,Bay,region,SO,Somalia,True,True,Somalia,SOM,Somalia,SOM.5_1,Bay,
4063,Luapula Province,region,ZM,Zambia,True,True,Zambia,ZMB,Zambia,ZMB.4_1,Luapula,Luapula Province:Luapula
4345,Northwestern Region,region,IS,Iceland,True,True,Iceland,ISL,,,,
1561,Bissau,region,GW,Guinea-Bissau,True,True,Guinea-Bissau,GNB,Guinea-Bissau,GNB.3_1,Bissau,
2552,Cabo Delgado Province,region,MZ,Mozambique,True,True,Mozambique,MOZ,Mozambique,MOZ.1_1,Cabo Delgado,Cabo Delgado Province:Cabo Delgado
2300,Kavadarci Municipality,region,MK,Macedonia,True,True,North Macedonia,MKD,,,,
82,Cabinda Province,region,AO,Angola,True,True,Angola,AGO,Angola,AGO.4_1,Cabinda,Cabinda Province:Cabinda
2304,Kočani Municipality,region,MK,Macedonia,True,True,North Macedonia,MKD,,,,
1438,West Coast Division,region,GM,The Gambia,True,True,Gambia,GMB,,,,
4667,Nikšić Municipality,region,ME,Montenegro,True,True,Montenegro,MNE,,,,
81,Bié Province,region,AO,Angola,True,True,Angola,AGO,,,,
4842,Tibesti Region,region,TD,Chad,True,True,Chad,TCD,Chad,TCD.21_1,Tibesti,Tibesti Region:Tibesti
84,Cuanza Norte Province,region,AO,Angola,True,True,Angola,AGO,Angola,AGO.6_1,Cuanza Norte,Cuanza Norte Province:Cuanza Norte
2738,West Coast Region,region,NZ,New Zealand,True,True,New Zealand,NZL,New Zealand,NZL.19_1,West Coast,West Coast Region:West Coast
2301,Kičevo Municipality,region,MK,Macedonia,True,True,North Macedonia,MKD,,,,
513,Southern District,region,BW,Botswana,True,True,Botswana,BWA,Botswana,BWA.15_1,Southern,Southern District:Southern
2747,Bocas del Toro Province,region,PA,Panama,True,True,Panama,PAN,Panama,PAN.1_1,Bocas del Toro,Bocas del Toro Province:Bocas del Toro
95,Bengo Province,region,AO,Angola,True,True,Angola,AGO,Angola,AGO.1_1,Bengo,Bengo Province:Bengo
4060,Western Province,region,ZM,Zambia,True,True,Zambia,ZMB,Zambia,ZMB.10_1,Western,Western Province:West Pokot
872,Barahona Province,region,DO,Dominican Republic,True,True,Dominican Republic,DOM,Dominican Republic,DOM.3_1,Barahona,Barahona Province:Barahona
4572,Bongolava,region,MG,Madagascar,True,True,Madagascar,MDG,,,,
2440,Tagant Region,region,MR,Mauritania,True,True,Mauritania,MRT,Mauritania,MRT.11_1,Tagant,Tagant Region:Tagant
2053,Vientiane Province,region,LA,Laos,True,True,Lao People's Democratic Republic,LAO,Laos,LAO.14_1,Vientiane,Vientiane Province:Vientiane
1592,Brod-Posavina County,region,HR,Croatia,True,True,Croatia,HRV,Croatia,HRV.2_1,Brodsko-Posavska,Brod-Posavina County:Brodsko-Posavska
15,Badakhshan,region,AF,Afghanistan,True,True,Afghanistan,AFG,Afghanistan,AFG.1_1,Badakhshan,
595,Schwyz,region,CH,Switzerland,True,True,Switzerland,CHE,Switzerland,CHE.18_1,Schwyz,
3524,Ouaddaï Region,region,TD,Chad,True,True,Chad,TCD,Chad,TCD.17_1,Ouaddaï,Ouaddaï Region:Ouaddaï
1739,Nagaland,region,IN,India,True,True,India,IND,India,IND.24_1,Nagaland,
4141,West Sulawesi,region,ID,Indonesia,True,True,Indonesia,IDN,Indonesia,IDN.25_1,Sulawesi Barat,West Sulawesi:Sulawesi Barat
1963,Takéo Province,region,KH,Cambodia,True,True,Cambodia,KHM,,,,
1428,Western Region,region,GH,Ghana,True,True,Ghana,GHA,Ghana,GHA16_2,Western North,Western Region:Western North
4140,West Papua,region,ID,Indonesia,True,True,Indonesia,IDN,Indonesia,IDN.23_1,Papua,West Papua:Papua
1749,Mizoram,region,IN,India,True,True,India,IND,India,IND.23_1,Mizoram,
4061,Central Province,region,ZM,Zambia,True,True,Zambia,ZMB,Zambia,ZMB.1_1,Central,Central Province:Central
4066,Southern Province,region,ZM,Zambia,True,True,Zambia,ZMB,Zambia,ZMB.9_1,Southern,Southern Province:Southern
4448,Murqub,region,LY,Libya,True,True,Libya,LBY,Libya,LBY.16_1,Murzuq,Murqub:Murzuq
538,Northwest Territories,region,CA,Canada,True,True,Canada,CAN,Canada,CAN.6_1,Northwest Territories,
3719,Batman Province,region,TR,Turkey,True,True,Turkey,TUR,Turkey,TUR.14_1,Batman,
3252,Blekinge County,region,SE,Sweden,True,True,Sweden,SWE,Sweden,SWE.1_1,Blekinge,Blekinge County:Blekinge
4717,Bulawayo,region,ZW,Zimbabwe,True,True,Zimbabwe,ZWE,Zimbabwe,ZWE.1_1,Bulawayo,
4298,Tai Po District,region,HK,Hong Kong,True,True,Hong Kong,HKG,,,,
2556,Sofala Province,region,MZ,Mozambique,True,True,Mozambique,MOZ,Mozambique,MOZ.9_1,Sofala,Sofala Province:Sofala
4936,districts of Republican Subordination,region,TJ,Tajikistan,True,True,Tajikistan,TJK,Tajikistan,TJK.5_1,Districts of Republican Subordin,districts of Republican Subordination:Districts of Republican Subordin
4567,Bolikhamsai Province,region,LA,Laos,True,True,Lao People's Democratic Republic,LAO,Laos,LAO.3_1,Bolikhamxai,Bolikhamsai Province:Bolikhamxai
2448,Flacq District,region,MU,Mauritius,True,True,Mauritius,MUS,Mauritius,MUS.3_1,Flacq,Flacq District:Flacq
4152,Điện Biên,region,VN,Vietnam,True,True,Viet Nam,VNM,Vietnam,VNM.20_1,Điện Biên,
2627,Kogi,region,NG,Nigeria,True,True,Nigeria,NGA,Nigeria,NGA.23_1,Kogi,
2634,Ondo State,region,NG,Nigeria,True,True,Nigeria,NGA,Nigeria,NGA.29_1,Ondo,Ondo State:Ondo
929,Béchar Province,region,DZ,Algeria,True,True,Algeria,DZA,Algeria,DZA.7_1,Béchar,Béchar Province:Béchar
521,Belize District,region,BZ,Belize,True,True,Belize,BLZ,Belize,BLZ.1_1,Belize,Belize District:Belize
2555,Maputo Province,region,MZ,Mozambique,True,True,Mozambique,MOZ,Mozambique,MOZ.5_1,Maputo City,Maputo Province:Maputo City
1434,Banjul,region,GM,The Gambia,True,True,Gambia,GMB,Gambia,GMB.1_1,Banjul,
4251,Toa Baja,region,PR,Puerto Rico,True,True,Puerto Rico,PRI,Puerto Rico,PRI.70_1,Toa Baja,
4161,Bạc Liêu,region,VN,Vietnam,True,True,Viet Nam,VNM,Vietnam,VNM.2_1,Bạc Liêu,
4300,Tuen Mun District,region,HK,Hong Kong,True,True,Hong Kong,HKG,,,,
3945,Mérida,region,VE,Venezuela,True,True,"Venezuela, Bolivarian Republic of",VEN,Venezuela,VEN.15_1,Mérida,
2613,Katsina State,region,NG,Nigeria,True,True,Nigeria,NGA,Nigeria,NGA.21_1,Katsina,Katsina State:Katsina
41,Balkh,region,AF,Afghanistan,True,True,Afghanistan,AFG,Afghanistan,AFG.4_1,Balkh,
4144,Bangka-Belitung Islands,region,ID,Indonesia,True,True,Indonesia,IDN,Indonesia,IDN.3_1,Bangka Belitung,Bangka-Belitung Islands:Bangka Belitung
2447,Rivière Noire District,region,MU,Mauritius,True,True,Mauritius,MUS,Mauritius,MUS.9_1,Rivière du Rempart,Rivière Noire District:Rivière du Rempart
4326,Lower Sava Statistical Region,region,SI,Slovenia,True,True,Slovenia,SVN,,,,
3668,Burdur Province,region,TR,Turkey,True,True,Turkey,TUR,Turkey,TUR.20_1,Burdur,
2442,Tiris Zemmour Region,region,MR,Mauritania,True,True,Mauritania,MRT,Mauritania,MRT.12_1,Tiris Zemmour,Tiris Zemmour Region:Tiris Zemmour
1595,Karlovac County,region,HR,Croatia,True,True,Croatia,HRV,Croatia,HRV.6_1,Karlovacka,Karlovac County:Karlovacka
4087,Nong Bua Lam Phu,region,TH,Thailand,True,True,Thailand,THA,Thailand,THA.34_1,Nong Bua Lam Phu,
950,Bolívar Province,region,EC,Ecuador,True,True,Ecuador,ECU,Ecuador,ECU.2_1,Bolivar,Bolívar Province:Bolivar
83,Cuando Cubango Province,region,AO,Angola,True,True,Angola,AGO,Angola,AGO.5_1,Cuando Cubango,Cuando Cubango Province:Cuando Cubango
3664,Bilecik Province,region,TR,Turkey,True,True,Turkey,TUR,Turkey,TUR.16_1,Bilecik,
4661,Budva Municipality,region,ME,Montenegro,True,True,Montenegro,MNE,,,,
4501,Vallée du Bandama District,region,CI,Côte d&#039;Ivoire,True,True,Côte d'Ivoire,CIV,Côte d'Ivoire,CIV.11_1,Vallée du Bandama,Vallée du Bandama District:Vallée du Bandama
2561,Manica Province,region,MZ,Mozambique,True,True,Mozambique,MOZ,Mozambique,MOZ.4_1,Manica,Manica Province:Manica
94,Lunda Sul Province,region,AO,Angola,True,True,Angola,AGO,Angola,AGO.13_1,Lunda Sul,Lunda Sul Province:Lunda Sul
2560,Zambezia Province,region,MZ,Mozambique,True,True,Mozambique,MOZ,Mozambique,MOZ.11_1,Zambezia,Zambezia Province:Zambezia
1427,Volta Region,region,GH,Ghana,True,True,Ghana,GHA,Ghana,GHA14_2,Volta,Volta Region:Volta
4348,Southern Region,region,IS,Iceland,True,True,Iceland,ISL,,,,
90,Moxico Province,region,AO,Angola,True,True,Angola,AGO,Angola,AGO.15_1,Moxico,Moxico Province:Moxico
91,Uíge Province,region,AO,Angola,True,True,Angola,AGO,,,,
4346,Northeastern Region,region,IS,Iceland,True,True,Iceland,ISL,,,,
4975,North Karelia,region,FI,Finland,True,True,Finland,FIN,,,,
2637,Sokoto State,region,NG,Nigeria,True,True,Nigeria,NGA,Nigeria,NGA.34_1,Sokoto,Sokoto State:Sokoto
2449,Grand Port District,region,MU,Mauritius,True,True,Mauritius,MUS,Mauritius,MUS.4_1,Grand Port,Grand Port District:Grand Port
2292,Gostivar Municipality,region,MK,Macedonia,True,True,North Macedonia,MKD,North Macedonia,MKD.26_1,Gostivar,Gostivar Municipality:Gostivar
3430,Northern Province,region,SL,Sierra Leone,True,True,Sierra Leone,SLE,Sierra Leone,SLE.2_1,Northern,Northern Province:Northern
4101,Bartın Province,region,TR,Turkey,True,True,Turkey,TUR,Turkey,TUR.13_1,Bartın,
4252,Vega Baja,region,PR,Puerto Rico,True,True,Puerto Rico,PRI,Puerto Rico,PRI.74_1,Vega Baja,
679,Southwest,region,CM,Cameroon,True,True,Cameroon,CMR,Cameroon,CMR.8_1,Ouest,Southwest:Ouest
2332,Ohrid Municipality,region,MK,Macedonia,True,True,North Macedonia,MKD,,,,
4719,Mashonaland West Province,region,ZW,Zimbabwe,True,True,Zimbabwe,ZWE,Zimbabwe,ZWE.6_1,Mashonaland West,Mashonaland West Province:Mashonaland West
4676,Ulcinj Municipality,region,ME,Montenegro,True,True,Montenegro,MNE,,,,
2632,Bauchi State,region,NG,Nigeria,True,True,Nigeria,NGA,Nigeria,NGA.5_1,Bauchi,Bauchi State:Bauchi
4138,North Maluku,region,ID,Indonesia,True,True,Indonesia,IDN,Indonesia,IDN.19_1,Maluku,North Maluku:Maluku
87,Huambo Province,region,AO,Angola,True,True,Angola,AGO,Angola,AGO.9_1,Huambo,Huambo Province:Huambo
2358,Strumica Municipality,region,MK,Macedonia,True,True,North Macedonia,MKD,,,,
3515,Borkou Region,region,TD,Chad,True,True,Chad,TCD,Chad,TCD.3_1,Borkou,Borkou Region:Borkou
4989,Penghu,region,TW,Taiwan,True,True,"Taiwan, Province of China",TWN,,,,
2616,Borno State,region,NG,Nigeria,True,True,Nigeria,NGA,Nigeria,NGA.8_1,Borno,Borno State:Borno
3960,Cao Bằng Province,region,VN,Vietnam,True,True,Viet Nam,VNM,Vietnam,VNM.14_1,Cao Bằng,Cao Bằng Province:Cao Bằng
842,Djibouti,region,DJ,Djibouti,True,True,Djibouti,DJI,Djibouti,DJI.3_1,Djiboutii,Djibouti:Djiboutii
1533,Baja Verapaz Department,region,GT,Guatemala,True,True,Guatemala,GTM,Guatemala,GTM.2_1,Baja Verapaz,Baja Verapaz Department:Baja Verapaz
4552,North-West District,region,BW,Botswana,True,True,Botswana,BWA,Botswana,BWA.12_1,North-West,North-West District:North-West
4139,North Kalimantan,region,ID,Indonesia,True,True,Indonesia,IDN,Indonesia,IDN.12_1,Kalimantan Barat,North Kalimantan:Kalimantan Barat
1039,Tigray Region,region,ET,Ethiopia,True,True,Ethiopia,ETH,Ethiopia,ETH.11_1,Tigray,Tigray Region:Tigray
4472,Gazi Baba Municipality,region,MK,Macedonia,True,True,North Macedonia,MKD,North Macedonia,MKD.23_1,Gazi Baba,Gazi Baba Municipality:Gazi Baba
2340,Prilep Municipality,region,MK,Macedonia,True,True,North Macedonia,MKD,,,,
3937,Barinas,region,VE,Venezuela,True,True,"Venezuela, Bolivarian Republic of",VEN,Venezuela,VEN.5_1,Barinas,
509,Kweneng District,region,BW,Botswana,True,True,Botswana,BWA,Botswana,BWA.9_1,Kweneng,Kweneng District:Kweneng
2554,Inhambane Province,region,MZ,Mozambique,True,True,Mozambique,MOZ,Mozambique,MOZ.3_1,Inhambane,Inhambane Province:Inhambane
1926,Yamagata Prefecture,region,JP,Japan,True,True,Japan,JPN,Japan,JPN.45_1,Yamagata,Yamagata Prefecture:Yamagata
85,Cuanza Sul,region,AO,Angola,True,True,Angola,AGO,Angola,AGO.7_1,Cuanza Sul,
4563,Central Governorate,region,BH,Bahrain,True,True,Bahrain,BHR,,,,
526,Toledo District,region,BZ,Belize,True,True,Belize,BLZ,Belize,BLZ.6_1,Toledo,Toledo District:Toledo
1917,Shiga Prefecture,region,JP,Japan,True,True,Japan,JPN,,,,
1556,Oio Region,region,GW,Guinea-Bissau,True,True,Guinea-Bissau,GNB,,,,
4905,Southern Red Sea Region,region,ER,Eritrea,True,True,Eritrea,ERI,,,,
2320,Makedonska Kamenica Municipality,region,MK,Macedonia,True,True,North Macedonia,MKD,North Macedonia,MKD.45_1,Makedonska Kamenica,Makedonska Kamenica Municipality:Makedonska Kamenica
2282,Demir Hisar Municipality,region,MK,Macedonia,True,True,North Macedonia,MKD,North Macedonia,MKD.19_1,Demir Hisar,Demir Hisar Municipality:Demir Hisar
4756,Buyende District,region,UG,Uganda,True,True,Uganda,UGA,,,,
2441,Guidimaka Region,region,MR,Mauritania,True,True,Mauritania,MRT,Mauritania,MRT.6_1,Guidimaka,Guidimaka Region:Guidimaka
4404,Baie Lazare,region,SC,Seychelles,True,True,Seychelles,SYC,Seychelles,SYC.6_1,Baie Lazare,
2286,Dolneni Municipality,region,MK,Macedonia,True,True,North Macedonia,MKD,North Macedonia,MKD.21_1,Dolneni,Dolneni Municipality:Dolneni
2343,Rankovce Municipality,region,MK,Macedonia,True,True,North Macedonia,MKD,North Macedonia,MKD.60_1,Rankovce,Rankovce Municipality:Rankovce
407,Hamilton Parish,region,BM,Bermuda,True,True,Bermuda,BMU,Bermuda,BMU.2_1,Hamilton,Hamilton Parish:Hamilton
2283,Demir Kapija Municipality,region,MK,Macedonia,True,True,North Macedonia,MKD,North Macedonia,MKD.20_1,Demir Kapija,Demir Kapija Municipality:Demir Kapija
2500,Balaka District,region,MW,Malawi,True,True,Malawi,MWI,Malawi,MWI.1_1,Balaka,Balaka District:Balaka
4733,Bukomansimbi District,region,UG,Uganda,True,True,Uganda,UGA,,,,
1435,Lower River Division,region,GM,The Gambia,True,True,Gambia,GMB,Gambia,GMB.2_1,Lower River,Lower River Division:Lower River
4897,Western Province,region,SB,Solomon Islands,True,True,Solomon Islands,SLB,Solomon Islands,SLB.10_1,Western,Western Province:West Pokot
4369,Cayman Brac,region,KY,Cayman Islands,True,True,Cayman Islands,CYM,,,,
4841,Bujumbura Rural Province,region,BI,Burundi,True,True,Burundi,BDI,Burundi,BDI.3_1,Bujumbura Rural,Bujumbura Rural Province:Bujumbura Rural
2293,Gradsko Municipality,region,MK,Macedonia,True,True,North Macedonia,MKD,North Macedonia,MKD.27_1,Gradsko,Gradsko Municipality:Gradsko
416,Warwick Parish,region,BM,Bermuda,True,True,Bermuda,BMU,Bermuda,BMU.11_1,Warwick,Warwick Parish:Warwick
1555,Quinara Region,region,GW,Guinea-Bissau,True,True,Guinea-Bissau,GNB,Guinea-Bissau,GNB.8_1,Quinara,Quinara Region:Quinara
2330,Novo Selo Municipality,region,MK,Macedonia,True,True,North Macedonia,MKD,North Macedonia,MKD.51_1,Novo Selo,Novo Selo Municipality:Novo Selo
4752,Bukedea District,region,UG,Uganda,True,True,Uganda,UGA,,,,
413,Sandys Parish,region,BM,Bermuda,True,True,Bermuda,BMU,Bermuda,BMU.8_1,Sandys,Sandys Parish:Sandys
3227,Beau Vallon,region,SC,Seychelles,True,True,Seychelles,SYC,Seychelles,SYC.8_1,Beau Vallon,
219,Saint Peter,region,BB,Barbados,True,True,Barbados,BRB,Barbados,BRB.9_1,Saint Peter,Saint Peter:Saint Peter Port
2270,Brvenica Municipality,region,MK,Macedonia,True,True,North Macedonia,MKD,North Macedonia,MKD.8_1,Brvenica,Brvenica Municipality:Brvenica
844,Tadjourah Region,region,DJ,Djibouti,True,True,Djibouti,DJI,Djibouti,DJI.5_1,Tadjoura,Tadjourah Region:Tadjoura
2373,Vrapčište Municipality,region,MK,Macedonia,True,True,North Macedonia,MKD,North Macedonia,MKD.81_1,Vrapčište,Vrapčište Municipality:Vrapčište
4839,Mayo-Kebbi Ouest Region,region,TD,Chad,True,True,Chad,TCD,Chad,TCD.15_1,Mayo-Kebbi Ouest,Mayo-Kebbi Ouest Region:Mayo-Kebbi Ouest
2321,Makedonski Brod Municipality,region,MK,Macedonia,True,True,North Macedonia,MKD,North Macedonia,MKD.46_1,Makedonski Brod,Makedonski Brod Municipality:Makedonski Brod
4671,Plužine Municipality,region,ME,Montenegro,True,True,Montenegro,MNE,Montenegro,MNE.15_1,Plužine,Plužine Municipality:Plužine
221,Saint Thomas,region,BB,Barbados,True,True,Barbados,BRB,Barbados,BRB.11_1,Saint Thomas,
2266,Bogdanci Municipality,region,MK,Macedonia,True,True,North Macedonia,MKD,North Macedonia,MKD.5_1,Bogdanci,Bogdanci Municipality:Bogdanci
2309,Kratovo Municipality,region,MK,Macedonia,True,True,North Macedonia,MKD,North Macedonia,MKD.37_1,Kratovo,Kratovo Municipality:Kratovo
486,Bumthang District,region,BT,Bhutan,True,True,Bhutan,BTN,Bhutan,BTN.1_1,Bumthang,Bumthang District:Bumthang
1439,North Bank Division,region,GM,The Gambia,True,True,Gambia,GMB,Gambia,GMB.4_1,North Bank,North Bank Division:North Bank
1563,Barima-Waini,region,GY,Guyana,True,True,Guyana,GUY,Guyana,GUY.1_1,Barima-Waini,
1945,Batken Region,region,KG,Kyrgyzstan,True,True,Kyrgyzstan,KGZ,Kyrgyzstan,KGZ.1_1,Batken,Batken Region:Batken
2305,Konče Municipality,region,MK,Macedonia,True,True,North Macedonia,MKD,,,,
2336,Pehčevo Municipality,region,MK,Macedonia,True,True,North Macedonia,MKD,North Macedonia,MKD.54_1,Pehčevo,Pehčevo Municipality:Pehčevo
4407,Bel Ombre,region,SC,Seychelles,True,True,Seychelles,SYC,Seychelles,SYC.10_1,Belombre,Bel Ombre:Belombre
2278,Čučer-Sandevo Municipality,region,MK,Macedonia,True,True,North Macedonia,MKD,North Macedonia,MKD.15_1,Čučer Sandevo,Čučer-Sandevo Municipality:Čučer Sandevo
2338,Plasnica Municipality,region,MK,Macedonia,True,True,North Macedonia,MKD,North Macedonia,MKD.56_1,Plasnica,Plasnica Municipality:Plasnica
1559,Tombali Region,region,GW,Guinea-Bissau,True,True,Guinea-Bissau,GNB,Guinea-Bissau,GNB.9_1,Tombali,Tombali Region:Tombali
1562,Biombo Region,region,GW,Guinea-Bissau,True,True,Guinea-Bissau,GNB,Guinea-Bissau,GNB.2_1,Biombo,Biombo Region:Biombo
4476,Debarca Municipality,region,MK,Macedonia,True,True,North Macedonia,MKD,North Macedonia,MKD.17_1,Debarca,Debarca Municipality:Debarca
4853,Buada District,region,NR,Nauru,True,True,Nauru,NRU,Nauru,NRU.5_1,Baiti,Buada District:Baiti
4778,Dokolo District,region,UG,Uganda,True,True,Uganda,UGA,,,,
4734,Butambala District,region,UG,Uganda,True,True,Uganda,UGA,,,,
4751,Bududa District,region,UG,Uganda,True,True,Uganda,UGA,,,,
2318,Lozovo Municipality,region,MK,Macedonia,True,True,North Macedonia,MKD,,,,
4793,Buhweju District,region,UG,Uganda,True,True,Uganda,UGA,,,,
4754,Bulambuli District,region,UG,Uganda,True,True,Uganda,UGA,,,,
2264,Bitola Municipality,region,MK,Macedonia,True,True,North Macedonia,MKD,,,,
4896,Rennell and Bellona Province,region,SB,Solomon Islands,True,True,Solomon Islands,SLB,Solomon Islands,SLB.8_1,Rennell and Bellona,Rennell and Bellona Province:Rennell and Bellona
4858,Boe District,region,NR,Nauru,True,True,Nauru,NRU,,,,
4195,Ngöbe-Buglé Comarca,region,PA,Panama,True,True,Panama,PAN,Panama,PAN.10_1,Ngöbe Buglé,Ngöbe-Buglé Comarca:Ngöbe Buglé
147,Balakan District,region,AZ,Azerbaijan,True,True,Azerbaijan,AZE,,,,
4725,Muchinga Province,region,ZM,Zambia,True,True,Zambia,ZMB,Zambia,ZMB.6_1,Muchinga,Muchinga Province:Muchinga
4910,Baiti District,region,NR,Nauru,True,True,Nauru,NRU,Nauru,NRU.5_1,Baiti,Baiti District:Baiti
4522,Redonda,region,AG,Antigua,True,True,Antigua and Barbuda,ATG,Antigua and Barbuda,ATG.2_1,Redonda,
4921,Sandy Bay,region,SH,Saint Helena,True,True,"Saint Helena, Ascension and Tristan da Cunha",SHN,,,,
4755,Butaleja District,region,UG,Uganda,True,True,Uganda,UGA,,,,
2311,Krivogaštani Municipality,region,MK,Macedonia,True,True,North Macedonia,MKD,North Macedonia,MKD.39_1,Krivogaštani,Krivogaštani Municipality:Krivogaštani
414,Smith's Parish,region,BM,Bermuda,True,True,Bermuda,BMU,Bermuda,BMU.9_1,Smiths,Smith's Parish:Smiths
4357,Saint Peter,region,GG,Guernsey,True,True,Guernsey,GGY,Guernsey,GGY.9_1,Saint Peter Port,Saint Peter:Saint Peter Port
4724,Bulisa District,region,UG,Uganda,True,True,Uganda,UGA,,,,
215,Saint John,region,BB,Barbados,True,True,Barbados,BRB,Barbados,BRB.5_1,Saint John,
4540,Temburong District,region,BN,Brunei,True,True,Brunei Darussalam,BRN,Brunei,BRN.3_1,Temburong,Temburong District:Temburong
386,Bururi Province,region,BI,Burundi,True,True,Burundi,BDI,Burundi,BDI.4_1,Bururi,Bururi Province:Bururi
2269,Bosilovo Municipality,region,MK,Macedonia,True,True,North Macedonia,MKD,North Macedonia,MKD.7_1,Bosilovo,Bosilovo Municipality:Bosilovo
1437,Upper River Division,region,GM,The Gambia,True,True,Gambia,GMB,Gambia,GMB.5_1,Upper River,Upper River Division:Upper River
1476,Bioko Sur Province,region,GQ,Equatorial Guinea,True,True,Equatorial Guinea,GNQ,Equatorial Guinea,GNQ.3_1,Bioko Sur,Bioko Sur Province:Bioko Sur
385,Bubanza Province,region,BI,Burundi,True,True,Burundi,BDI,Burundi,BDI.1_1,Bubanza,Bubanza Province:Bubanza
5004,Jervis Bay Territory,region,AU,Australia,True,True,Australia,AUS,Australia,AUS.4_1,Jervis Bay Territory,
843,Obock Region,region,DJ,Djibouti,True,True,Djibouti,DJI,Djibouti,DJI.4_1,Obock,Obock Region:Obock
4613,Briceni District,region,MD,Moldova,True,True,"Moldova, Republic of",MDA,Moldova,MDA.5_1,Briceni,Briceni District:Briceni
2277,Češinovo-Obleševo Municipality,region,MK,Macedonia,True,True,North Macedonia,MKD,North Macedonia,MKD.14_1,Češinovo-Obleševo,Češinovo-Obleševo Municipality:Češinovo-Obleševo
841,Dikhil Region,region,DJ,Djibouti,True,True,Djibouti,DJI,Djibouti,DJI.2_1,Dikhil,Dikhil Region:Dikhil
217,Saint Lucy,region,BB,Barbados,True,True,Barbados,BRB,Barbados,BRB.7_1,Saint Lucy,
216,Saint Joseph,region,BB,Barbados,True,True,Barbados,BRB,Barbados,BRB.6_1,Saint Joseph,
50,Barbuda,region,AG,Antigua,True,True,Antigua and Barbuda,ATG,Antigua and Barbuda,ATG.1_1,Barbuda,
4753,Bukwo District,region,UG,Uganda,True,True,Uganda,UGA,,,,
2381,Zrnovci Municipality,region,MK,Macedonia,True,True,North Macedonia,MKD,North Macedonia,MKD.85_1,Zrnovci,Zrnovci Municipality:Zrnovci
4611,Basarabeasca District,region,MD,Moldova,True,True,"Moldova, Republic of",MDA,Moldova,MDA.3_1,Basarabeasca,Basarabeasca District:Basarabeasca
4767,Namutumba District,region,UG,Uganda,True,True,Uganda,UGA,,,,
1557,Bolama Region,region,GW,Guinea-Bissau,True,True,Guinea-Bissau,GNB,Guinea-Bissau,GNB.4_1,Bolama,Bolama Region:Bolama
4475,Centar Župa Municipality,region,MK,Macedonia,True,True,North Macedonia,MKD,North Macedonia,MKD.13_1,Centar župa,Centar Župa Municipality:Centar župa
2436,Brakna Region,region,MR,Mauritania,True,True,Mauritania,MRT,Mauritania,MRT.3_1,Brakna,Brakna Region:Brakna
3818,Busia District,region,UG,Uganda,True,True,Uganda,UGA,Uganda,UGA.7_1,Busia,Busia District:Busia
1061,Northern Division,region,FJ,Fiji,True,True,Fiji,FJI,Fiji,FJI.3_1,Northern,Northern Division:Northern
2294,Ilinden Municipality,region,MK,Macedonia,True,True,North Macedonia,MKD,North Macedonia,MKD.28_1,Ilinden,Ilinden Municipality:Ilinden
3445,Tambacounda Region,region,SN,Senegal,True,True,Senegal,SEN,Senegal,SEN.12_1,Tambacounda,Tambacounda Region:Tambacounda
2359,Studeničani Municipality,region,MK,Macedonia,True,True,North Macedonia,MKD,North Macedonia,MKD.70_1,Studeničani,Studeničani Municipality:Studeničani
4663,Old Royal Capital Cetinje,region,ME,Montenegro,True,True,Montenegro,MNE,,,,
2342,Radoviš Municipality,region,MK,Macedonia,True,True,North Macedonia,MKD,North Macedonia,MKD.59_1,Radoviš,Radoviš Municipality:Radoviš
4566,Bokeo Province,region,LA,Laos,True,True,Lao People's Democratic Republic,LAO,Laos,LAO.2_1,Bokeo,Bokeo Province:Bokeo
213,Saint George,region,BB,Barbados,True,True,Barbados,BRB,Barbados,BRB.3_1,Saint George,
2361,Sveti Nikole Municipality,region,MK,Macedonia,True,True,North Macedonia,MKD,North Macedonia,MKD.72_1,Sveti Nikole,Sveti Nikole Municipality:Sveti Nikole
3625,Balkan Region,region,TM,Turkmenistan,True,True,Turkmenistan,TKM,Turkmenistan,TKM.3_1,Balkan,Balkan Region:Balkan
4855,Western Province,region,RW,Rwanda,True,True,Rwanda,RWA,,,,Western Province:West Pokot
4901,Gash-Barka Region,region,ER,Eritrea,True,True,Eritrea,ERI,Eritrea,ERI.4_1,Gash Barka,Gash-Barka Region:Gash Barka
4585,Sofia Region,region,MG,Madagascar,True,True,Madagascar,MDG,,,,
577,Pool Department,region,CG,Republic of the Congo,True,True,Congo,COG,,,,
4857,Northern Province,region,RW,Rwanda,True,True,Rwanda,RWA,,,,Northern Province:Northern
4344,Westfjords,region,IS,Iceland,True,True,Iceland,ISL,,,,
569,Bouenza Department,region,CG,Republic of the Congo,True,True,Congo,COG,Republic of the Congo,COG.1_1,Bouenza,Bouenza Department:Bouenza
214,Saint James,region,BB,Barbados,True,True,Barbados,BRB,Barbados,BRB.4_1,Saint James,
575,Plateaux Department,region,CG,Republic of the Congo,True,True,Congo,COG,Republic of the Congo,COG.9_1,Plateaux,Plateaux Department:Plateaux
2242,Bălți,region,MD,Moldova,True,True,"Moldova, Republic of",MDA,Moldova,MDA.2_1,Bălţi,Bălți:Bălţi
18,Bamyan,region,AF,Afghanistan,True,True,Afghanistan,AFG,Afghanistan,AFG.5_1,Bamyan,
2590,Hardap Region,region,,Namibia,True,True,Namibia,NAM,Namibia,NAM.3_1,Hardap,Hardap Region:Hardap
2327,Negotino Municipality,region,MK,Macedonia,True,True,North Macedonia,MKD,North Macedonia,MKD.49_1,Negotino,Negotino Municipality:Negotino
3439,City of San Marino,region,SM,San Marino,True,True,San Marino,SMR,San Marino,SMR.8_1,San Marino,City of San Marino:San Marino
2344,Resen Municipality,region,MK,Macedonia,True,True,North Macedonia,MKD,,,,
17,Baghlan,region,AF,Afghanistan,True,True,Afghanistan,AFG,Afghanistan,AFG.3_1,Baghlan,
3460,Lower Juba,region,SO,Somalia,True,True,Somalia,SOM,,,,
4659,Bijelo Polje Municipality,region,ME,Montenegro,True,True,Montenegro,MNE,Montenegro,MNE.4_1,Bijelo Polje,Bijelo Polje Municipality:Bijelo Polje
4411,Mont Buxton,region,SC,Seychelles,True,True,Seychelles,SYC,Seychelles,SYC.18_1,Mont Buxton,
4818,Cuvette-Ouest Department,region,CG,Republic of the Congo,True,True,Congo,COG,Republic of the Congo,COG.3_1,Cuvette-Ouest,Cuvette-Ouest Department:Cuvette-Ouest
4347,Austurland,region,IS,Iceland,True,True,Iceland,ISL,Iceland,ISL.1_1,Austurland,
4529,Zou Department,region,BJ,Benin,True,True,Benin,BEN,,,,
2273,Čaška Municipality,region,MK,Macedonia,True,True,North Macedonia,MKD,,,,
4840,Sila Region,region,TD,Chad,True,True,Chad,TCD,Chad,TCD.19_1,Sila,Sila Region:Sila
4639,North Province,region,NC,New Caledonia,True,True,New Caledonia,NCL,,,,
4554,Boa Vista,region,CV,Cape Verde,True,True,Cabo Verde,CPV,Cabo Verde,CPV.1_1,Boa Vista,
2317,Lipkovo Municipality,region,MK,Macedonia,True,True,North Macedonia,MKD,North Macedonia,MKD.43_1,Lipkovo,Lipkovo Municipality:Lipkovo
489,Dagana District,region,BT,Bhutan,True,True,Bhutan,BTN,Bhutan,BTN.3_1,Dagana,Dagana District:Dagana
3817,Bugiri District,region,UG,Uganda,True,True,Uganda,UGA,Uganda,UGA.4_1,Bugiri,Bugiri District:Bugiri
3452,Bakool,region,SO,Somalia,True,True,Somalia,SOM,Somalia,SOM.2_1,Bakool,
2362,Tearce Municipality,region,MK,Macedonia,True,True,North Macedonia,MKD,,,,
2350,Sopište Municipality,region,MK,Macedonia,True,True,North Macedonia,MKD,North Macedonia,MKD.64_1,Sopište,Sopište Municipality:Sopište
2268,Bogovinje Municipality,region,MK,Macedonia,True,True,North Macedonia,MKD,North Macedonia,MKD.6_1,Bogovinje,Bogovinje Municipality:Bogovinje
4665,Kolašin Municipality,region,ME,Montenegro,True,True,Montenegro,MNE,Montenegro,MNE.9_1,Kolašin,Kolašin Municipality:Kolašin
16,Badghis,region,AF,Afghanistan,True,True,Afghanistan,AFG,Afghanistan,AFG.2_1,Badghis,
2378,Želino Municipality,region,MK,Macedonia,True,True,North Macedonia,MKD,,,,
2365,Valandovo Municipality,region,MK,Macedonia,True,True,North Macedonia,MKD,North Macedonia,MKD.75_1,Valandovo,Valandovo Municipality:Valandovo
871,Baoruco Province,region,DO,Dominican Republic,True,True,Dominican Republic,DOM,Dominican Republic,DOM.2_1,Bahoruco,Baoruco Province:Bahoruco
4546,Vágar,region,FO,Faroe Islands,True,True,Faroe Islands,FRO,,,,
4601,Brava,region,CV,Cape Verde,True,True,Cabo Verde,CPV,Cabo Verde,CPV.2_1,Brava,
2377,Zelenikovo Municipality,region,MK,Macedonia,True,True,North Macedonia,MKD,North Macedonia,MKD.83_1,Zelenikovo,Zelenikovo Municipality:Zelenikovo
1036,Gambela Region,region,ET,Ethiopia,True,True,Ethiopia,ETH,Ethiopia,ETH.6_1,Gambela Peoples,Gambela Region:Gambela Peoples
4662,Berane Municipality,region,ME,Montenegro,True,True,Montenegro,MNE,,,,
412,St. George's Parish,region,BM,Bermuda,True,True,Bermuda,BMU,Bermuda,BMU.6_1,Saint George's,St. George's Parish:Saint George's
2784,Milne Bay Province,region,PG,Papua New Guinea,True,True,Papua New Guinea,PNG,Papua New Guinea,PNG.13_1,Milne Bay,Milne Bay Province:Milne Bay
406,Devonshire Parish,region,BM,Bermuda,True,True,Bermuda,BMU,Bermuda,BMU.1_1,Devonshire,Devonshire Parish:Devonshire
2074,Balzers,region,LI,Liechtenstein,True,True,Liechtenstein,LIE,Liechtenstein,LIE.1_1,Balzers,
415,Southampton Parish,region,BM,Bermuda,True,True,Bermuda,BMU,Bermuda,BMU.10_1,Southampton,Southampton Parish:Southampton
2783,Gulf,region,PG,Papua New Guinea,True,True,Papua New Guinea,PNG,Papua New Guinea,PNG.8_1,Gulf,
1040,Benishangul-Gumuz Region,region,ET,Ethiopia,True,True,Ethiopia,ETH,Ethiopia,ETH.4_1,Benshangul-Gumaz,Benishangul-Gumuz Region:Benshangul-Gumaz
2341,Probištip Municipality,region,MK,Macedonia,True,True,North Macedonia,MKD,North Macedonia,MKD.58_1,Probištip,Probištip Municipality:Probištip
403,Mono Department,region,BJ,Benin,True,True,Benin,BEN,,,,
1571,Upper Demerara-Berbice,region,GY,Guyana,True,True,Guyana,GUY,Guyana,GUY.9_1,Upper Demerara-Berbice,
2787,Western Province,region,PG,Papua New Guinea,True,True,Papua New Guinea,PNG,Papua New Guinea,PNG.22_1,Western,Western Province:West Pokot
4838,Mandoul Region,region,TD,Chad,True,True,Chad,TCD,Chad,TCD.13_1,Mandoul,Mandoul Region:Mandoul
4538,Tutong District,region,BN,Brunei,True,True,Brunei Darussalam,BRN,Brunei,BRN.4_1,Tutong,Tutong District:Tutong
4526,Donga Department,region,BJ,Benin,True,True,Benin,BEN,,,,
1568,Mahaica-Berbice,region,GY,Guyana,True,True,Guyana,GUY,Guyana,GUY.6_1,Mahaica-Berbice,
4672,Pljevlja Municipality,region,ME,Montenegro,True,True,Montenegro,MNE,Montenegro,MNE.14_1,Pljevlja,Pljevlja Municipality:Pljevlja
2279,Debar Municipality,region,MK,Macedonia,True,True,North Macedonia,MKD,North Macedonia,MKD.17_1,Debarca,Debar Municipality:Debarca
4485,Saint Brélade,region,JE,Jersey,True,True,Jersey,JEY,Jersey,JEY.2_1,Saint Berlade,Saint Brélade:Saint Berlade
4664,Danilovgrad Municipality,region,ME,Montenegro,True,True,Montenegro,MNE,Montenegro,MNE.7_1,Danilovgrad,Danilovgrad Municipality:Danilovgrad
2262,Berovo Municipality,region,MK,Macedonia,True,True,North Macedonia,MKD,North Macedonia,MKD.8_1,Brvenica,Berovo Municipality:Brvenica
4732,Buikwe District,region,UG,Uganda,True,True,Uganda,UGA,,,,
4521,Pembroke Parish,region,BM,Bermuda,True,True,Bermuda,BMU,Bermuda,BMU.5_1,Pembroke,Pembroke Parish:Pembroke
4677,Šavnik Municipality,region,ME,Montenegro,True,True,Montenegro,MNE,,,,
4739,Buvuma District,region,UG,Uganda,True,True,Uganda,UGA,,,,
2119,Berea District,region,LS,Lesotho,True,True,Lesotho,LSO,Lesotho,LSO.1_1,Berea,Berea District:Berea
4474,Dojran Municipality,region,MK,Macedonia,True,True,North Macedonia,MKD,,,,
2310,Kriva Palanka Municipality,region,MK,Macedonia,True,True,North Macedonia,MKD,North Macedonia,MKD.38_1,Kriva Palanka,Kriva Palanka Municipality:Kriva Palanka
220,Saint Philip,region,BB,Barbados,True,True,Barbados,BRB,Barbados,BRB.10_1,Saint Philip,
2280,Delčevo Municipality,region,MK,Macedonia,True,True,North Macedonia,MKD,North Macedonia,MKD.18_1,Delčevo,Delčevo Municipality:Delčevo
4678,Žabljak Municipality,region,ME,Montenegro,True,True,Montenegro,MNE,Montenegro,MNE.21_1,Žabljak,Žabljak Municipality:Žabljak
4306,Yau Tsim Mong District,region,HK,Hong Kong,True,True,Hong Kong,HKG,,,,
1740,Odisha,region,IN,India,True,True,India,IND,India,IND.26_1,Odisha,
1669,Special Region of Yogyakarta,region,ID,Indonesia,True,True,Indonesia,IDN,Indonesia,IDN.33_1,Yogyakarta,Special Region of Yogyakarta:Yogyakarta
1662,Bali,region,ID,Indonesia,True,True,Indonesia,IDN,Indonesia,IDN.2_1,Bali,
1757,Uttarakhand,region,IN,India,True,True,India,IND,India,IND.35_1,Uttarakhand,
432,La Paz Department,region,BO,Bolivia,True,True,"Bolivia, Plurinational State of",BOL,Bolivia,BOL.4_1,La Paz,La Paz Department:La Paz
3855,Idaho,region,US,United States,True,True,United States,USA,United States,USA.13_1,Idaho,
3862,Maine,region,US,United States,True,True,United States,USA,United States,USA.20_1,Maine,
4303,Kwun Tong District,region,HK,Hong Kong,True,True,Hong Kong,HKG,,,,
2668,Utrecht,region,NL,Netherlands,True,True,Netherlands,NLD,Netherlands,NLD.11_1,Utrecht,
3891,West Virginia,region,US,United States,True,True,United States,USA,United States,USA.49_1,West Virginia,
455,Rio Grande do Norte,region,BR,Brazil,True,True,Brazil,BRA,Brazil,BRA.20_1,Rio Grande do Norte,
4131,Central Denmark Region,region,DK,Denmark,True,True,Denmark,DNK,,,,
451,Paraíba,region,BR,Brazil,True,True,Brazil,BRA,Brazil,BRA.15_1,Paraíba,
1843,Calabria,region,IT,Italy,True,True,Italy,ITA,Italy,ITA.4_1,Calabria,
4307,Central and Western District,region,HK,Hong Kong,True,True,Hong Kong,HKG,,,,
4119,Taoyuan,region,TW,Taiwan,True,True,"Taiwan, Province of China",TWN,Taiwan,TWN.5_1,Tainan,Taoyuan:Tainan
4068,Lusaka Province,region,ZM,Zambia,True,True,Zambia,ZMB,Zambia,ZMB.5_1,Lusaka,Lusaka Province:Lusaka
3850,Delaware,region,US,United States,True,True,United States,USA,United States,USA.8_1,Delaware,
1027,Castilla-La Mancha,region,ES,Spain,True,True,Spain,ESP,Spain,ESP.4_1,Castilla-La Mancha,
3854,Hawaii,region,US,United States,True,True,United States,USA,United States,USA.12_1,Hawaii,
3007,Greater Poland Voivodeship,region,PL,Poland,True,True,Poland,POL,,,,
448,Mato Grosso,region,BR,Brazil,True,True,Brazil,BRA,Brazil,BRA.12_1,Mato Grosso,
446,Mato Grosso do Sul,region,BR,Brazil,True,True,Brazil,BRA,Brazil,BRA.11_1,Mato Grosso do Sul,
4143,Banten,region,ID,Indonesia,True,True,Indonesia,IDN,Indonesia,IDN.4_1,Banten,
2665,North Brabant,region,NL,Netherlands,True,True,Netherlands,NLD,Netherlands,NLD.8_1,Noord-Brabant,North Brabant:Noord-Brabant
3858,Iowa,region,US,United States,True,True,United States,USA,United States,USA.16_1,Iowa,
603,canton of Zürich,region,CH,Switzerland,True,True,Switzerland,CHE,Switzerland,CHE.26_1,Zürich,canton of Zürich:Zürich
445,Espírito Santo,region,BR,Brazil,True,True,Brazil,BRA,Brazil,BRA.8_1,Espírito Santo,
4340,Capital Region,region,IS,Iceland,True,True,Iceland,ISL,,,,
4514,Luanda Province,region,AO,Angola,True,True,Angola,AGO,Angola,AGO.12_1,Lunda Norte,Luanda Province:Lunda Norte
4080,Wales,region,GB,United Kingdom,True,True,United Kingdom,GBR,United Kingdom,,Wales,
4082,Northern Ireland,region,GB,United Kingdom,True,True,United Kingdom,GBR,United Kingdom,GBR.2_1,Northern Ireland,
2998,Lesser Poland Voivodeship,region,PL,Poland,True,True,Poland,POL,,,,
3874,New Mexico,region,US,United States,True,True,United States,USA,United States,USA.32_1,New Mexico,
450,Pará,region,BR,Brazil,True,True,Brazil,BRA,Brazil,BRA.14_1,Pará,
4187,Western Visayas,region,PH,Philippines,True,True,Philippines,PHL,Philippines,PHL.31_1,Eastern Samar,Western Visayas:Eastern Samar
1682,North Sumatra,region,ID,Indonesia,True,True,Indonesia,IDN,Indonesia,IDN.30_1,Sumatera Barat,North Sumatra:Sumatera Barat
4310,Wan Chai District,region,HK,Hong Kong,True,True,Hong Kong,HKG,,,,
3870,Nebraska,region,US,United States,True,True,United States,USA,United States,USA.28_1,Nebraska,
4051,KwaZulu-Natal,region,ZA,South Africa,True,True,South Africa,ZAF,South Africa,ZAF.4_1,KwaZulu-Natal,
3008,West Pomeranian Voivodeship,region,PL,Poland,True,True,Poland,POL,,,,
3893,Wyoming,region,US,United States,True,True,United States,USA,United States,USA.51_1,Wyoming,
2540,Melaka,region,MY,Malaysia,True,True,Malaysia,MYS,Malaysia,MYS.6_1,Melaka,
1681,West Sumatra,region,ID,Indonesia,True,True,Indonesia,IDN,Indonesia,IDN.30_1,Sumatera Barat,West Sumatra:Sumatera Barat
3888,Vermont,region,US,United States,True,True,United States,USA,United States,USA.46_1,Vermont,
1914,Osaka Prefecture,region,JP,Japan,True,True,Japan,JPN,,,,
457,Rondônia,region,BR,Brazil,True,True,Brazil,BRA,Brazil,BRA.22_1,Rondônia,
512,South-East District,region,BW,Botswana,True,True,Botswana,BWA,Botswana,BWA.14_1,South-East,South-East District:South-East
1071,Bourgogne,region,FR,France,True,True,France,FRA,France,FRA.3_1,Bretagne,Bourgogne:Bretagne
2664,Limburg,region,NL,Netherlands,True,True,Netherlands,NLD,Netherlands,NLD.7_1,Limburg,
453,Piauí,region,BR,Brazil,True,True,Brazil,BRA,Brazil,BRA.18_1,Piauí,
4057,Limpopo,region,ZA,South Africa,True,True,South Africa,ZAF,South Africa,ZAF.5_1,Limpopo,
532,Nova Scotia,region,CA,Canada,True,True,Canada,CAN,Canada,CAN.7_1,Nova Scotia,
1846,Friuli-Venezia Giulia,region,IT,Italy,True,True,Italy,ITA,Italy,ITA.7_1,Friuli-Venezia Giulia,
1726,Chandigarh,region,IN,India,True,True,India,IND,India,IND.6_1,Chandigarh,
4309,Southern District,region,HK,Hong Kong,True,True,Hong Kong,HKG,,,,Southern District:Southern
447,Maranhão,region,BR,Brazil,True,True,Brazil,BRA,Brazil,BRA.10_1,Maranhão,
1731,Himachal Pradesh,region,IN,India,True,True,India,IND,India,IND.13_1,Himachal Pradesh,
4450,Benghazi,region,LY,Libya,True,True,Libya,LBY,Libya,LBY.12_1,Benghazi,
1722,Jerusalem,region,IL,Israel,True,True,Israel,ISR,Israel,ISR.6_1,Jerusalem,
1072,Bretagne,region,FR,France,True,True,France,FRA,France,FRA.3_1,Bretagne,
3669,Bursa Province,region,TR,Turkey,True,True,Turkey,TUR,Turkey,TUR.21_1,Bursa,
1756,Jharkhand,region,IN,India,True,True,India,IND,India,IND.15_1,Jharkhand,
3884,South Dakota,region,US,United States,True,True,United States,USA,United States,USA.42_1,South Dakota,
4534,Windward Islands,region,PF,French Polynesia,True,True,French Polynesia,PYF,,,,
2507,Baja California Sur,region,MX,Mexico,True,True,Mexico,MEX,México,MEX.2_1,Baja California Sur,
3882,Rhode Island,region,US,United States,True,True,United States,USA,United States,USA.40_1,Rhode Island,
218,Saint Michael,region,BB,Barbados,True,True,Barbados,BRB,Barbados,BRB.8_1,Saint Michael,
1719,Northern District,region,IL,Israel,True,True,Israel,ISR,,,,
4159,Bình Dương,region,VN,Vietnam,True,True,Viet Nam,VNM,Vietnam,VNM.9_1,Bình Dương,
1755,Chhattisgarh,region,IN,India,True,True,India,IND,India,IND.7_1,Chhattisgarh,
1752,Bihar,region,IN,India,True,True,India,IND,India,IND.5_1,Bihar,
3851,Washington D. C.,region,US,United States,True,True,United States,USA,United States,USA.48_1,Washington,Washington D. C.:Washington
5000,Hong Kong,region,HK,Hong Kong,True,True,Hong Kong,HKG,,,,
3067,Bucharest,region,RO,Romania,True,True,Romania,ROU,Romania,ROU.10_1,Bucharest,
1685,West Java,region,ID,Indonesia,True,True,Indonesia,IDN,,,,
3881,Pennsylvania,region,US,United States,True,True,United States,USA,United States,USA.39_1,Pennsylvania,
1744,Tamil Nadu,region,IN,India,True,True,India,IND,India,IND.31_1,Tamil Nadu,
1738,Karnataka,region,IN,India,True,True,India,IND,India,IND.16_1,Karnataka,
3878,Ohio,region,US,United States,True,True,United States,USA,United States,USA.36_1,Ohio,
1029,Catalonia,region,ES,Spain,True,True,Spain,ESP,Spain,ESP.6_1,Cataluña,Catalonia:Cataluña
747,Distrito Especial,region,CO,Colombia,True,True,Colombia,COL,,,,
673,Santiago Metropolitan Region,region,CL,Chile,True,True,Chile,CHL,Chile,CHL.14_1,Santiago Metropolitan,Santiago Metropolitan Region:Santiago Metropolitan
3865,Michigan,region,US,United States,True,True,United States,USA,United States,USA.23_1,Michigan,
3864,Massachusetts,region,US,United States,True,True,United States,USA,United States,USA.22_1,Massachusetts,
4478,Western Province,region,LK,Sri Lanka,True,True,Sri Lanka,LKA,,,,Western Province:West Pokot
3873,New Jersey,region,US,United States,True,True,United States,USA,United States,USA.31_1,New Jersey,
1746,West Bengal,region,IN,India,True,True,India,IND,India,IND.36_1,West Bengal,
1733,Kerala,region,IN,India,True,True,India,IND,India,IND.17_1,Kerala,
826,Bayern,region,DE,Germany,True,True,Germany,DEU,Germany,DEU.2_1,Bayern,
3020,Lisbon District,region,PT,Portugal,True,True,Portugal,PRT,,,,
4685,Bagmati Zone,region,NP,Nepal,True,True,Nepal,NPL,,,,
2424,Ulaanbaatar,region,MN,Mongolia,True,True,Mongolia,MNG,Mongolia,MNG.21_1,Ulaanbaatar,
1743,Rajasthan,region,IN,India,True,True,India,IND,India,IND.29_1,Rajasthan,
3885,Tennessee,region,US,United States,True,True,United States,USA,United States,USA.43_1,Tennessee,
3889,Virginia,region,US,United States,True,True,United States,USA,United States,USA.47_1,Virginia,
3848,Colorado,region,US,United States,True,True,United States,USA,United States,USA.6_1,Colorado,
449,Minas Gerais,region,BR,Brazil,True,True,Brazil,BRA,Brazil,BRA.13_1,Minas Gerais,
460,São Paulo (state),region,BR,Brazil,True,True,Brazil,BRA,Brazil,BRA.25_1,São Paulo,São Paulo (state):São Paulo
2513,Distrito Federal,region,MX,Mexico,True,True,Mexico,MEX,México,MEX.9_1,Distrito Federal,
3984,Ho Chi Minh City,region,VN,Vietnam,True,True,Viet Nam,VNM,Vietnam,VNM.25_1,Hồ Chí Minh,Ho Chi Minh City:Hồ Chí Minh
3983,Hanoi,region,VN,Vietnam,True,True,Viet Nam,VNM,,,,
3852,Florida,region,US,United States,True,True,United States,USA,United States,USA.10_1,Florida,
3886,Texas,region,US,United States,True,True,United States,USA,United States,USA.44_1,Texas,
3847,California,region,US,United States,True,True,United States,USA,United States,USA.5_1,California,
3586,Bangkok Metropolis,region,TH,Thailand,True,True,Thailand,THA,Thailand,THA.3_1,Bangkok Metropolis,
1728,Delhi,region,IN,India,True,True,India,IND,India,IND.25_1,NCT of Delhi,
1735,Maharashtra,region,IN,India,True,True,India,IND,India,IND.20_1,Maharashtra,
3876,North Carolina,region,US,United States,True,True,United States,USA,United States,USA.34_1,North Carolina,
4054,Gauteng,region,ZA,South Africa,True,True,South Africa,ZAF,South Africa,ZAF.3_1,Gauteng,
3856,Illinois,region,US,United States,True,True,United States,USA,United States,USA.14_1,Illinois,
1764,Baghdad Governorate,region,IQ,Iraq,True,True,Iraq,IRQ,Iraq,IRQ.10_1,Baghdad,Baghdad Governorate:Baghdad
10,Dubai,region,AE,United Arab Emirates,True,True,United Arab Emirates,ARE,United Arab Emirates,ARE.3_1,Dubai,
3751,Taipei,region,TW,Taiwan,True,True,"Taiwan, Province of China",TWN,Taiwan,TWN.6_1,Taipei,
2940,Sindh,region,PK,Pakistan,True,True,Pakistan,PAK,Pakistan,PAK.8_1,Sindh,
1754,Uttar Pradesh,region,IN,India,True,True,India,IND,India,IND.34_1,Uttar Pradesh,
2523,Nuevo Leon,region,MX,Mexico,True,True,Mexico,MEX,México,MEX.19_1,Nuevo León,Nuevo Leon:Nuevo León
2519,México,region,MX,Mexico,True,True,Mexico,MEX,México,MEX.15_1,México,
2059,Beirut Governorate,region,LB,Lebanon,True,True,Lebanon,LBN,,,,
129,Vienna,region,AT,Austria,True,True,Austria,AUT,Austria,AUT.9_1,Wien,Vienna:Wien
436,Santa Cruz Department,region,BO,Bolivia,True,True,"Bolivia, Plurinational State of",BOL,Bolivia,BOL.8_1,Santa Cruz,Santa Cruz Department:Santa Cruz
443,Ceará,region,BR,Brazil,True,True,Brazil,BRA,Brazil,BRA.6_1,Ceará,
3861,Louisiana,region,US,United States,True,True,United States,USA,United States,USA.19_1,Louisiana,
825,Baden-Württemberg,region,DE,Germany,True,True,Germany,DEU,Germany,DEU.1_1,Baden-Württemberg,
1033,Comunidad Valenciana,region,ES,Spain,True,True,Spain,ESP,Spain,ESP.10_1,Comunidad Valenciana,
3859,Kansas,region,US,United States,True,True,United States,USA,United States,USA.17_1,Kansas,
463,Pernambuco,region,BR,Brazil,True,True,Brazil,BRA,Brazil,BRA.17_1,Pernambuco,
528,British Columbia,region,CA,Canada,True,True,Canada,CAN,Canada,CAN.2_1,British Columbia,
444,Federal District,region,BR,Brazil,True,True,Brazil,BRA,,,,
3880,Oregon,region,US,United States,True,True,United States,USA,United States,USA.38_1,Oregon,
2754,Panama,region,PA,Panama,True,True,Panama,PAN,Panama,PAN.12_1,Panamá,Panama:Panamá
830,Lower Saxony,region,DE,Germany,True,True,Germany,DEU,,,,
4188,Central Visayas,region,PH,Philippines,True,True,Philippines,PHL,Philippines,PHL.56_1,Nueva Vizcaya,Central Visayas:Nueva Vizcaya
3207,Makkah Region,region,SA,Saudi Arabia,True,True,Saudi Arabia,SAU,Saudi Arabia,SAU.11_1,Makkah,Makkah Region:Makkah
3592,Chon Buri,region,TH,Thailand,True,True,Thailand,THA,Thailand,THA.12_1,Chon Buri,
3849,Connecticut,region,US,United States,True,True,United States,USA,United States,USA.7_1,Connecticut,
2943,Islamabad Capital Territory,region,PK,Pakistan,True,True,Pakistan,PAK,,,,
2530,Sonora,region,MX,Mexico,True,True,Mexico,MEX,México,MEX.26_1,Sonora,
4121,New Taipei City,region,TW,Taiwan,True,True,"Taiwan, Province of China",TWN,Taiwan,TWN.3_1,New Taipei,New Taipei City:New Taipei
1860,Veneto,region,IT,Italy,True,True,Italy,ITA,Italy,ITA.20_1,Veneto,
3883,South Carolina,region,US,United States,True,True,United States,USA,United States,USA.41_1,South Carolina,
1922,Tokyo,region,JP,Japan,True,True,Japan,JPN,Japan,JPN.41_1,Tokyo,
2666,North Holland,region,NL,Netherlands,True,True,Netherlands,NLD,Netherlands,NLD.9_1,Noord-Holland,North Holland:Noord-Holland
1730,Haryana,region,IN,India,True,True,India,IND,India,IND.12_1,Haryana,
4100,Telangana,region,IN,India,True,True,India,IND,India,IND.32_1,Telangana,
1753,Madhya Pradesh,region,IN,India,True,True,India,IND,India,IND.19_1,Madhya Pradesh,
3868,Missouri,region,US,United States,True,True,United States,USA,United States,USA.26_1,Missouri,
1625,Budapest,region,HU,Hungary,True,True,Hungary,HUN,Hungary,HUN.5_1,Budapest,
840,Berlin,region,DE,Germany,True,True,Germany,DEU,Germany,DEU.3_1,Berlin,
4136,Flemish Region,region,BE,Belgium,True,True,Belgium,BEL,,,,
1742,Punjab,region,IN,India,True,True,India,IND,India,IND.28_1,Punjab,
3879,Oklahoma,region,US,United States,True,True,United States,USA,United States,USA.37_1,Oklahoma,
3863,Maryland,region,US,United States,True,True,United States,USA,United States,USA.21_1,Maryland,
462,Goiás,region,BR,Brazil,True,True,Brazil,BRA,Brazil,BRA.9_1,Goiás,
3887,Utah,region,US,United States,True,True,United States,USA,United States,USA.45_1,Utah,
3857,Indiana,region,US,United States,True,True,United States,USA,United States,USA.15_1,Indiana,
3892,Wisconsin,region,US,United States,True,True,United States,USA,United States,USA.50_1,Wisconsin,
2607,Lagos,region,NG,Nigeria,True,True,Nigeria,NGA,Nigeria,NGA.25_1,Lagos,
3871,Nevada,region,US,United States,True,True,United States,USA,United States,USA.29_1,Nevada,
2506,Baja California,region,MX,Mexico,True,True,Mexico,MEX,México,MEX.3_1,Baja California,
4081,Scotland,region,GB,United Kingdom,True,True,United Kingdom,GBR,United Kingdom,GBR.3_1,Scotland,
442,Bahia,region,BR,Brazil,True,True,Brazil,BRA,Brazil,BRA.5_1,Bahia,
3860,Kentucky,region,US,United States,True,True,United States,USA,United States,USA.18_1,Kentucky,
3866,Minnesota,region,US,United States,True,True,United States,USA,United States,USA.24_1,Minnesota,
4189,Eastern Visayas,region,PH,Philippines,True,True,Philippines,PHL,Philippines,PHL.31_1,Eastern Samar,Eastern Visayas:Eastern Samar
3877,North Dakota,region,US,United States,True,True,United States,USA,United States,USA.35_1,North Dakota,
4447,Butnan District,region,LY,Libya,True,True,Libya,LBY,,,,
1929,Okinawa Prefecture,region,JP,Japan,True,True,Japan,JPN,Japan,JPN.32_1,Okinawa,Okinawa Prefecture:Okinawa
3959,Bến Tre,region,VN,Vietnam,True,True,Viet Nam,VNM,Vietnam,VNM.6_1,Bến Tre,
2450,Moka District,region,MU,Mauritius,True,True,Mauritius,MUS,,,,
4299,Tsuen Wan District,region,HK,Hong Kong,True,True,Hong Kong,HKG,,,,
2000,Jeollabuk-do,region,KR,South Korea,True,True,"Korea, Republic of",KOR,South Korea,KOR.13_1,Jeollabuk-do,
2623,Delta State,region,NG,Nigeria,True,True,Nigeria,NGA,Nigeria,NGA.10_1,Delta,Delta State:Delta
4067,Copperbelt Province,region,ZM,Zambia,True,True,Zambia,ZMB,Zambia,ZMB.2_1,Copperbelt,Copperbelt Province:Copperbelt
1745,Tripura,region,IN,India,True,True,India,IND,India,IND.33_1,Tripura,
3993,Hòa Bình,region,VN,Vietnam,True,True,Viet Nam,VNM,Vietnam,VNM.30_1,Hoà Bình,Hòa Bình:Hoà Bình
2729,Manawatu-Wanganui Region,region,NZ,New Zealand,True,True,New Zealand,NZL,New Zealand,NZL.7_1,Manawatu-Wanganui,Manawatu-Wanganui Region:Manawatu-Wanganui
593,Canton of St. Gallen,region,CH,Switzerland,True,True,Switzerland,CHE,Switzerland,CHE.16_1,Sankt Gallen,Canton of St. Gallen:Sankt Gallen
4440,Northern Province,region,LK,Sri Lanka,True,True,Sri Lanka,LKA,,,,Northern Province:Northern
3206,Ha'il Region,region,SA,Saudi Arabia,True,True,Saudi Arabia,SAU,,,,
581,Basel-Landschaft,region,CH,Switzerland,True,True,Switzerland,CHE,Switzerland,CHE.4_1,Basel-Landschaft,
1663,Bengkulu,region,ID,Indonesia,True,True,Indonesia,IDN,Indonesia,IDN.5_1,Bengkulu,
431,Beni Department,region,BO,Bolivia,True,True,"Bolivia, Plurinational State of",BOL,,,,
2633,Enugu State,region,NG,Nigeria,True,True,Nigeria,NGA,Nigeria,NGA.14_1,Enugu,Enugu State:Enugu
384,Bujumbura,region,BI,Burundi,True,True,Burundi,BDI,Burundi,BDI.3_1,Bujumbura Rural,Bujumbura:Bujumbura Rural
2001,Chungcheongbuk-do,region,KR,South Korea,True,True,"Korea, Republic of",KOR,South Korea,KOR.2_1,Chungcheongbuk-do,
2007,Gyeongsangbuk-do,region,KR,South Korea,True,True,"Korea, Republic of",KOR,South Korea,KOR.9_1,Gyeongsangbuk-do,
4456,Banteay Meanchey Province,region,KH,Cambodia,True,True,Cambodia,KHM,Cambodia,KHM.1_1,Bântéay Méanchey,Banteay Meanchey Province:Bântéay Méanchey
3999,Ninh Bình,region,VN,Vietnam,True,True,Viet Nam,VNM,Vietnam,VNM.42_1,Ninh Bình,
2618,Kano State,region,NG,Nigeria,True,True,Nigeria,NGA,Nigeria,NGA.20_1,Kano,Kano State:Kano
4085,Prachin Buri,region,TH,Thailand,True,True,Thailand,THA,Thailand,THA.49_1,Prachin Buri,
602,Canton of Zug,region,CH,Switzerland,True,True,Switzerland,CHE,,,,
2624,Edo,region,NG,Nigeria,True,True,Nigeria,NGA,Nigeria,NGA.12_1,Edo,
4637,South Province,region,NC,New Caledonia,True,True,New Caledonia,NCL,,,,
2612,Kaduna State,region,NG,Nigeria,True,True,Nigeria,NGA,Nigeria,NGA.19_1,Kaduna,Kaduna State:Kaduna
1672,Central Kalimantan,region,ID,Indonesia,True,True,Indonesia,IDN,Indonesia,IDN.12_1,Kalimantan Barat,Central Kalimantan:Kalimantan Barat
4294,Kwai Tsing District,region,HK,Hong Kong,True,True,Hong Kong,HKG,,,,
4002,Quảng Bình,region,VN,Vietnam,True,True,Viet Nam,VNM,Vietnam,VNM.46_1,Quảng Bình,
2733,Otago Region,region,NZ,New Zealand,True,True,New Zealand,NZL,New Zealand,NZL.12_1,Otago,Otago Region:Otago
4297,Sha Tin District,region,HK,Hong Kong,True,True,Hong Kong,HKG,,,,
931,Boumerdès Province,region,DZ,Algeria,True,True,Algeria,DZA,Algeria,DZA.13_1,Boumerdès,Boumerdès Province:Boumerdès
2669,Zeeland,region,NL,Netherlands,True,True,Netherlands,NLD,Netherlands,NLD.12_1,Zeeland,
912,Biskra,region,DZ,Algeria,True,True,Algeria,DZA,Algeria,DZA.9_1,Biskra,
1622,Baranya County,region,HU,Hungary,True,True,Hungary,HUN,Hungary,HUN.2_1,Baranya,Baranya County:Baranya
582,Basel-City,region,CH,Switzerland,True,True,Switzerland,CHE,Switzerland,CHE.5_1,Basel-Stadt,Basel-City:Basel-Stadt
578,Brazzaville,region,CG,Republic of the Congo,True,True,Congo,COG,Republic of the Congo,COG.2_1,Brazzaville,
2942,Gilgit-Baltistan,region,PK,Pakistan,True,True,Pakistan,PAK,Pakistan,PAK.2_1,Balochistan,Gilgit-Baltistan:Balochistan
3667,Bolu Province,region,TR,Turkey,True,True,Turkey,TUR,Turkey,TUR.19_1,Bolu,
2315,Kumanovo Municipality,region,MK,Macedonia,True,True,North Macedonia,MKD,North Macedonia,MKD.41_1,Kumanovo,Kumanovo Municipality:Kumanovo
2732,Northland Region,region,NZ,New Zealand,True,True,New Zealand,NZL,New Zealand,NZL.11_1,Northland,Northland Region:Northland
4089,Bueng Kan,region,TH,Thailand,True,True,Thailand,THA,Thailand,THA.4_1,Bueng Kan,
4865,Central River Division,region,GM,The Gambia,True,True,Gambia,GMB,,,,
3646,Sidi Bouzid Governorate,region,TN,Tunisia,True,True,Tunisia,TUN,Tunisia,TUN.18_1,Sidi Bou Zid,Sidi Bouzid Governorate:Sidi Bou Zid
3264,Norrbotten County,region,SE,Sweden,True,True,Sweden,SWE,Sweden,SWE.10_1,Norrbotten,Norrbotten County:Norrbotten
2620,Niger State,region,NG,Nigeria,True,True,Nigeria,NGA,Nigeria,NGA.27_1,Niger,Niger State:Niger
2557,Nampula Province,region,MZ,Mozambique,True,True,Mozambique,MOZ,Mozambique,MOZ.7_1,Nampula,Nampula Province:Nampula
3636,Kassrine,region,TN,Tunisia,True,True,Tunisia,TUN,Tunisia,TUN.9_1,Kassérine,Kassrine:Kassérine
4202,Najran Region,region,SA,Saudi Arabia,True,True,Saudi Arabia,SAU,Saudi Arabia,SAU.12_1,Najran,Najran Region:Najran
3012,Bragança District,region,PT,Portugal,True,True,Portugal,PRT,Portugal,PRT.5_1,Bragança,Bragança District:Bragança
504,Central District,region,BW,Botswana,True,True,Botswana,BWA,Botswana,BWA.1_1,Central,Central District:Central
4469,Butel Municipality,region,MK,Macedonia,True,True,North Macedonia,MKD,,,,
1424,Central Region,region,GH,Ghana,True,True,Ghana,GHA,Ghana,GHA5_2,Central,Central Region:Ċentrali
2628,Osun,region,NG,Nigeria,True,True,Nigeria,NGA,Nigeria,NGA.30_1,Osun,
4305,Wong Tai Sin District,region,HK,Hong Kong,True,True,Hong Kong,HKG,,,,
2728,Hawke's Bay,region,NZ,New Zealand,True,True,New Zealand,NZL,New Zealand,NZL.6_1,Hawke's Bay,
790,Famagusta District,region,CY,Cyprus,True,True,Cyprus,CYP,Cyprus,CYP.1_1,Famagusta,Famagusta District:Famagusta
2454,Rivière du Rempart District,region,MU,Mauritius,True,True,Mauritius,MUS,Mauritius,MUS.9_1,Rivière du Rempart,Rivière du Rempart District:Rivière du Rempart
1737,Meghalaya,region,IN,India,True,True,India,IND,India,IND.22_1,Meghalaya,
2615,Benué,region,NG,Nigeria,True,True,Nigeria,NGA,Nigeria,NGA.7_1,Benue,Benué:Benue
4010,Yên Bái,region,VN,Vietnam,True,True,Viet Nam,VNM,Vietnam,VNM.63_1,Yên Bái,
4439,North Central Province,region,LK,Sri Lanka,True,True,Sri Lanka,LKA,,,,
4178,West Macedonia Region,region,GR,Greece,True,True,Greece,GRC,Greece,GRC.5_1,Epirus and Western Macedonia,West Macedonia Region:Epirus and Western Macedonia
1623,Békés County,region,HU,Hungary,True,True,Hungary,HUN,Hungary,HUN.3_1,Békés,Békés County:Békés
4690,Bheri Zone,region,NP,Nepal,True,True,Nepal,NPL,,,,
1893,Hiroshima Prefecture,region,JP,Japan,True,True,Japan,JPN,Japan,JPN.11_1,Hiroshima,Hiroshima Prefecture:Hiroshima
1741,Puducherry,region,IN,India,True,True,India,IND,India,IND.27_1,Puducherry,
4157,Bình Phước,region,VN,Vietnam,True,True,Viet Nam,VNM,Vietnam,VNM.10_1,Bình Phước,
4301,Yuen Long District,region,HK,Hong Kong,True,True,Hong Kong,HKG,,,,
1747,Sikkim,region,IN,India,True,True,India,IND,India,IND.30_1,Sikkim,
80,Benguela Province,region,AO,Angola,True,True,Angola,AGO,Angola,AGO.2_1,Benguela,Benguela Province:Benguela
2363,Tetovo Municipality,region,MK,Macedonia,True,True,North Macedonia,MKD,,,,
674,Tarapacá Region,region,CL,Chile,True,True,Chile,CHL,Chile,CHL.15_1,Tarapacá,Tarapacá Region:Tarapacá
1938,Bishkek,region,KG,Kyrgyzstan,True,True,Kyrgyzstan,KGZ,Kyrgyzstan,KGZ.2_1,Biškek,Bishkek:Biškek
2003,Busan,region,KR,South Korea,True,True,"Korea, Republic of",KOR,South Korea,KOR.1_1,Busan,
2726,Canterbury,region,NZ,New Zealand,True,True,New Zealand,NZL,New Zealand,NZL.3_1,Canterbury,
901,Batna Province,region,DZ,Algeria,True,True,Algeria,DZA,Algeria,DZA.6_1,Batna,Batna Province:Batna
1936,Rift Valley Province,region,KE,Kenya,True,True,Kenya,KEN,,,,
1763,Babylon Governorate,region,IQ,Iraq,True,True,Iraq,IRQ,,,,
3938,Bolívar,region,VE,Venezuela,True,True,"Venezuela, Bolivarian Republic of",VEN,Venezuela,VEN.6_1,Bolívar,
3574,Buriram,region,TH,Thailand,True,True,Thailand,THA,Thailand,THA.5_1,Buri Ram,Buriram:Buri Ram
1904,Kyoto Prefecture,region,JP,Japan,True,True,Japan,JPN,,,,
2058,North Governorate,region,LB,Lebanon,True,True,Lebanon,LBN,,,,
2452,Plaines Wilhems District,region,MU,Mauritius,True,True,Mauritius,MUS,Mauritius,MUS.7_1,Plaines Wilhems,Plaines Wilhems District:Plaines Wilhems
1894,Hokkaido,region,JP,Japan,True,True,Japan,JPN,Japan,JPN.12_1,Hokkaido,
827,Bremen,region,DE,Germany,True,True,Germany,DEU,Germany,DEU.5_1,Bremen,
1751,Goa,region,IN,India,True,True,India,IND,India,IND.10_1,Goa,
3986,Bình Định,region,VN,Vietnam,True,True,Viet Nam,VNM,Vietnam,VNM.8_1,Bình Định,
4548,Oromia Region,region,ET,Ethiopia,True,True,Ethiopia,ETH,Ethiopia,ETH.8_1,Oromia,Oromia Region:Oromia
1675,West Nusa Tenggara,region,ID,Indonesia,True,True,Indonesia,IDN,Indonesia,IDN.20_1,Nusa Tenggara Barat,West Nusa Tenggara:Nusa Tenggara Barat
1008,Beni Suef Governorate,region,EG,Egypt,True,True,Egypt,EGY,,,,
4177,West Greece Region,region,GR,Greece,True,True,Greece,GRC,Greece,GRC.7_1,"Peloponnese, Western Greece and","West Greece Region:Peloponnese, Western Greece and"
4056,Northern Cape,region,ZA,South Africa,True,True,South Africa,ZAF,South Africa,ZAF.8_1,Northern Cape,
1686,North Sulawesi,region,ID,Indonesia,True,True,Indonesia,IDN,Indonesia,IDN.25_1,Sulawesi Barat,North Sulawesi:Sulawesi Barat
2382,Bamako,region,ML,Mali,True,True,Mali,MLI,Mali,MLI.1_1,Bamako,
2932,Zamboanga Peninsula,region,PH,Philippines,True,True,Philippines,PHL,Philippines,PHL.81_1,Zamboanga Sibugay,Zamboanga Peninsula:Zamboanga Sibugay
835,Brandenburg,region,DE,Germany,True,True,Germany,DEU,Germany,DEU.4_1,Brandenburg,
1009,Port Said Governorate,region,EG,Egypt,True,True,Egypt,EGY,,,,
4055,Mpumalanga,region,ZA,South Africa,True,True,South Africa,ZAF,South Africa,ZAF.6_1,Mpumalanga,
461,Sergipe,region,BR,Brazil,True,True,Brazil,BRA,Brazil,BRA.26_1,Sergipe,
2737,Wellington Region,region,NZ,New Zealand,True,True,New Zealand,NZL,New Zealand,NZL.18_1,Wellington,Wellington Region:Wellington
464,Tocantins,region,BR,Brazil,True,True,Brazil,BRA,Brazil,BRA.27_1,Tocantins,
676,Littoral,region,CM,Cameroon,True,True,Cameroon,CMR,Cameroon,CMR.5_1,Littoral,
672,Maule Region,region,CL,Chile,True,True,Chile,CHL,Chile,CHL.12_1,Maule,Maule Region:Maule
3961,Bắc Ninh,region,VN,Vietnam,True,True,Viet Nam,VNM,Vietnam,VNM.5_1,Bắc Ninh,
3985,Bà Rịa-Vũng Tàu,region,VN,Vietnam,True,True,Viet Nam,VNM,Vietnam,VNM.7_1,Bà Rịa - Vũng Tàu,Bà Rịa-Vũng Tàu:Bà Rịa - Vũng Tàu
530,New Brunswick,region,CA,Canada,True,True,Canada,CAN,Canada,CAN.4_1,New Brunswick,
670,Los Lagos Region,region,CL,Chile,True,True,Chile,CHL,Chile,CHL.9_1,Los Lagos,Los Lagos Region:Los Lagos
2212,Fès-Boulemane,region,MA,Morocco,True,True,Morocco,MAR,Morocco,MAR.3_1,Fès - Boulemane,Fès-Boulemane:Fès - Boulemane
4132,Region Zealand,region,DK,Denmark,True,True,Denmark,DNK,,,,
583,Canton of Bern,region,CH,Switzerland,True,True,Switzerland,CHE,,,,
3637,Bizerte Governorate,region,TN,Tunisia,True,True,Tunisia,TUN,Tunisia,TUN.4_1,Bizerte,Bizerte Governorate:Bizerte
4302,Kowloon City District,region,HK,Hong Kong,True,True,Hong Kong,HKG,,,,
4158,Gia Lai,region,VN,Vietnam,True,True,Viet Nam,VNM,Vietnam,VNM.21_1,Gia Lai,
4308,Eastern District,region,HK,Hong Kong,True,True,Hong Kong,HKG,,,,Eastern District:Eastern
4669,Podgorica Municipality,region,ME,Montenegro,True,True,Montenegro,MNE,Montenegro,MNE.16_1,Podgorica,Podgorica Municipality:Podgorica
1671,South Kalimantan,region,ID,Indonesia,True,True,Indonesia,IDN,Indonesia,IDN.12_1,Kalimantan Barat,South Kalimantan:Kalimantan Barat
4197,Los Ríos Region,region,CL,Chile,True,True,Chile,CHL,Chile,CHL.10_1,Los Ríos,Los Ríos Region:Los Ríos
4457,Battambang Province,region,KH,Cambodia,True,True,Cambodia,KHM,,,,
2057,Beqaa Governorate,region,LB,Lebanon,True,True,Lebanon,LBN,,,,
1621,Bács-Kiskun County,region,HU,Hungary,True,True,Hungary,HUN,Hungary,HUN.1_1,Bács-Kiskun,Bács-Kiskun County:Bács-Kiskun
4125,Pirkanmaa,region,FI,Finland,True,True,Finland,FIN,,,,
3987,Bình Thuận,region,VN,Vietnam,True,True,Viet Nam,VNM,Vietnam,VNM.11_1,Bình Thuận,
2609,Ogun,region,NG,Nigeria,True,True,Nigeria,NGA,Nigeria,NGA.28_1,Ogun,
1638,Szabolcs-Szatmár-Bereg County,region,HU,Hungary,True,True,Hungary,HUN,Hungary,HUN.16_1,Szabolcs-Szatmár-Bereg,Szabolcs-Szatmár-Bereg County:Szabolcs-Szatmár-Bereg
1018,La Rioja,region,ES,Spain,True,True,Spain,ESP,Spain,ESP.15_1,La Rioja,
3211,Emirate of Tabuk,region,SA,Saudi Arabia,True,True,Saudi Arabia,SAU,,,,
2621,Oyo State,region,NG,Nigeria,True,True,Nigeria,NGA,,,,
4532,Brunei-Muara District,region,BN,Brunei,True,True,Brunei Darussalam,BRN,Brunei,BRN.2_1,Brunei and Muara,Brunei-Muara District:Brunei and Muara
4990,Pingtung County,region,TW,Taiwan,True,True,"Taiwan, Province of China",TWN,,,,
3597,Suphan Buri,region,TH,Thailand,True,True,Thailand,THA,Thailand,THA.66_1,Suphan Buri,
3453,Banaadir,region,SO,Somalia,True,True,Somalia,SOM,Somalia,SOM.3_1,Banaadir,
669,O'Higgins,region,CL,Chile,True,True,Chile,CHL,,,,
2451,Pamplemousses District,region,MU,Mauritius,True,True,Mauritius,MUS,Mauritius,MUS.6_1,Pamplemousses,Pamplemousses District:Pamplemousses
4210,Bayamón,region,PR,Puerto Rico,True,True,Puerto Rico,PRI,Puerto Rico,PRI.11_1,Bayamón,
2678,Buskerud,region,NO,Norway,True,True,Norway,NOR,Norway,NOR.4_1,Buskerud,
4441,North Western Province,region,LK,Sri Lanka,True,True,Sri Lanka,LKA,,,,
1889,Fukuoka Prefecture,region,JP,Japan,True,True,Japan,JPN,Japan,JPN.7_1,Fukuoka,Fukuoka Prefecture:Fukuoka
1842,Basilicata,region,IT,Italy,True,True,Italy,ITA,Italy,ITA.3_1,Basilicata,
668,Coquimbo Region,region,CL,Chile,True,True,Chile,CHL,Chile,CHL.7_1,Coquimbo,Coquimbo Region:Coquimbo
1023,Cantabria,region,ES,Spain,True,True,Spain,ESP,Spain,ESP.3_1,Cantabria,
4516,Capital Governorate,region,BH,Bahrain,True,True,Bahrain,BHR,Bahrain,BHR.1_1,Capital,Capital Governorate:Capital
4148,Bắc Giang,region,VN,Vietnam,True,True,Viet Nam,VNM,Vietnam,VNM.3_1,Bắc Giang,
3972,Thái Bình,region,VN,Vietnam,True,True,Viet Nam,VNM,Vietnam,VNM.55_1,Thái Bình,
3663,Balıkesir Province,region,TR,Turkey,True,True,Turkey,TUR,Turkey,TUR.12_1,Balikesir,
1736,Manipur,region,IN,India,True,True,India,IND,India,IND.21_1,Manipur,
1630,Hajdú-Bihar County,region,HU,Hungary,True,True,Hungary,HUN,Hungary,HUN.9_1,Hajdú-Bihar,Hajdú-Bihar County:Hajdú-Bihar
4304,Sham Shui Po District,region,HK,Hong Kong,True,True,Hong Kong,HKG,,,,
911,Béjaïa Province,region,DZ,Algeria,True,True,Algeria,DZA,Algeria,DZA.8_1,Béjaïa,Béjaïa Province:Béjaïa
4953,Blue Hill,region,SH,Saint Helena,True,True,"Saint Helena, Ascension and Tristan da Cunha",SHN,,,,
1704,County Longford,region,IE,Ireland,True,True,Ireland,IRL,Ireland,IRL.14_1,Longford,County Longford:Longford
3727,Kars Province,region,TR,Turkey,True,True,Turkey,TUR,,,,
1574,Choluteca Department,region,HN,Honduras,True,True,Honduras,HND,Honduras,HND.2_1,Choluteca,Choluteca Department:Choluteca
4426,Penal-Debe Regional Corporation,region,TT,Trinidad and Tobago,True,True,Trinidad and Tobago,TTO,,,,
3725,Çankırı Province,region,TR,Turkey,True,True,Turkey,TUR,Turkey,TUR.23_1,Çankiri,
2645,Carazo Department,region,NI,Nicaragua,True,True,Nicaragua,NIC,Nicaragua,NIC.4_1,Carazo,Carazo Department:Carazo
1607,Virovitica-Podravina County,region,HR,Croatia,True,True,Croatia,HRV,Croatia,HRV.18_1,Viroviticko-Podravska,Virovitica-Podravina County:Viroviticko-Podravska
2647,Chontales Department,region,NI,Nicaragua,True,True,Nicaragua,NIC,Nicaragua,NIC.6_1,Chontales,Chontales Department:Chontales
2750,Colon,region,PA,Panama,True,True,Panama,PAN,Panama,PAN.4_1,Colón,Colon:Colón
4215,Canóvanas,region,PR,Puerto Rico,True,True,Puerto Rico,PRI,Puerto Rico,PRI.15_1,Canóvanas,
3483,Cuscatlán Department,region,SV,El Salvador,True,True,El Salvador,SLV,El Salvador,SLV.4_1,Cuscatlán,Cuscatlán Department:Cuscatlán
48,Khost,region,AF,Afghanistan,True,True,Afghanistan,AFG,Afghanistan,AFG.17_1,Khost,
2749,Coclé Province,region,PA,Panama,True,True,Panama,PAN,Panama,PAN.3_1,Coclé,Coclé Province:Coclé
1541,Jalapa Department,region,GT,Guatemala,True,True,Guatemala,GTM,Guatemala,GTM.10_1,Jalapa,Jalapa Department:Jalapa
952,Carchi Province,region,EC,Ecuador,True,True,Ecuador,ECU,Ecuador,ECU.4_1,Carchi,Carchi Province:Carchi
347,Gabrovo Province,region,BG,Bulgaria,True,True,Bulgaria,BGR,Bulgaria,BGR.4_1,Gabrovo,Gabrovo Province:Gabrovo
1598,Lika-Senj County,region,HR,Croatia,True,True,Croatia,HRV,Croatia,HRV.9_1,Licko-Senjska,Lika-Senj County:Licko-Senjska
3044,Canindeyú Department,region,PY,Paraguay,True,True,Paraguay,PRY,Paraguay,PRY.8_1,Canindeyú,Canindeyú Department:Canindeyú
980,Pärnu County,region,EE,Estonia,True,True,Estonia,EST,Estonia,EST.8_1,Pärnu,
3896,Cerro Largo Department,region,UY,Uruguay,True,True,Uruguay,URY,Uruguay,URY.3_2,Cerro Largo,Cerro Largo Department:Cerro Largo
3909,San José Department,region,UY,Uruguay,True,True,Uruguay,URY,Uruguay,URY.16_2,San José,San José Department:San José
3035,Concepción Department,region,PY,Paraguay,True,True,Paraguay,PRY,Paraguay,PRY.10_1,Concepción,Concepción Department:Concepción
4425,Diego Martin Regional Corporation,region,TT,Trinidad and Tobago,True,True,Trinidad and Tobago,TTO,Trinidad and Tobago,TTO.4_1,Diego Martin,Diego Martin Regional Corporation:Diego Martin
3142,Lipetsk Oblast,region,RU,Russia,True,True,Russian Federation,RUS,Russia,RUS.39_1,Lipetsk,
5062,Comoé District,region,CI,Côte d&#039;Ivoire,True,True,Côte d'Ivoire,CIV,Côte d'Ivoire,CIV.3_1,Comoé,Comoé District:Comoé
3482,Chalatenango Department,region,SV,El Salvador,True,True,El Salvador,SLV,El Salvador,SLV.3_1,Chalatenango,Chalatenango Department:Chalatenango
989,Viljandi County,region,EE,Estonia,True,True,Estonia,EST,Estonia,EST.15_1,Viljandi,
889,San Juan Province,region,DO,Dominican Republic,True,True,Dominican Republic,DOM,Dominican Republic,DOM.26_1,San Juan,San Juan Province:San Juan
738,San Andres y Providencia,region,CO,Colombia,True,True,Colombia,COL,Colombia,COL.27_1,San Andrés y Providencia,San Andres y Providencia:San Andrés y Providencia
4977,Kainuu,region,FI,Finland,True,True,Finland,FIN,,,,
3174,Tomsk Oblast,region,RU,Russia,True,True,Russian Federation,RUS,Russia,RUS.69_1,Tomsk,
1601,Požega-Slavonia County,region,HR,Croatia,True,True,Croatia,HRV,Croatia,HRV.12_1,Požeško-Slavonska,Požega-Slavonia County:Požeško-Slavonska
573,Likouala Department,region,CG,Republic of the Congo,True,True,Congo,COG,Republic of the Congo,COG.7_1,Likouala,Likouala Department:Likouala
4214,Camuy,region,PR,Puerto Rico,True,True,Puerto Rico,PRI,Puerto Rico,PRI.14_1,Camuy,
3940,Cojedes,region,VE,Venezuela,True,True,"Venezuela, Bolivarian Republic of",VEN,Venezuela,VEN.8_1,Cojedes,
4985,Kinmen,region,TW,Taiwan,True,True,"Taiwan, Province of China",TWN,,,,
4325,Carinthia Statistical Region,region,SI,Slovenia,True,True,Slovenia,SVN,,,,
4976,South Karelia,region,FI,Finland,True,True,Finland,FIN,Finland,FIN.4_1,Southern Finland,South Karelia:Southern Finland
1701,County Leitrim,region,IE,Ireland,True,True,Ireland,IRL,Ireland,IRL.12_1,Leitrim,County Leitrim:Leitrim
592,Obwalden,region,CH,Switzerland,True,True,Switzerland,CHE,Switzerland,CHE.15_1,Obwalden,
572,Lékoumou Department,region,CG,Republic of the Congo,True,True,Congo,COG,Republic of the Congo,COG.6_1,Lékoumou,Lékoumou Department:Lékoumou
2650,Jinotega Department,region,NI,Nicaragua,True,True,Nicaragua,NIC,Nicaragua,NIC.9_1,Jinotega,Jinotega Department:Jinotega
576,Sangha Department,region,CG,Republic of the Congo,True,True,Congo,COG,Republic of the Congo,COG.12_1,Sangha,Sangha Department:Sangha
4217,Coamo,region,PR,Puerto Rico,True,True,Puerto Rico,PRI,Puerto Rico,PRI.22_1,Coamo,
404,Ouémé Department,region,BJ,Benin,True,True,Benin,BEN,,,,
4219,Corozal,region,PR,Puerto Rico,True,True,Puerto Rico,PRI,Puerto Rico,PRI.24_1,Corozal,
3491,San Vicente Department,region,SV,El Salvador,True,True,El Salvador,SLV,El Salvador,SLV.11_1,San Vicente,San Vicente Department:San Vicente
2009,Jeollanam-do,region,KR,South Korea,True,True,"Korea, Republic of",KOR,South Korea,KOR.14_1,Jeollanam-do,
522,Cayo District,region,BZ,Belize,True,True,Belize,BLZ,,,,
3911,Tacuarembó Department,region,UY,Uruguay,True,True,Uruguay,URY,Uruguay,URY.18_2,Tacuarembó,Tacuarembó Department:Tacuarembó
4086,Amnat Charoen,region,TH,Thailand,True,True,Thailand,THA,Thailand,THA.1_1,Amnat Charoen,
1641,Tolna County,region,HU,Hungary,True,True,Hungary,HUN,Hungary,HUN.17_1,Tolna,Tolna County:Tolna
2654,Masaya Department,region,NI,Nicaragua,True,True,Nicaragua,NIC,Nicaragua,NIC.14_1,Masaya,Masaya Department:Masaya
4385,Kakheti,region,GE,Georgia,True,True,Georgia,GEO,Georgia,GEO.5_1,Kakheti,
4213,Cabo Rojo,region,PR,Puerto Rico,True,True,Puerto Rico,PRI,Puerto Rico,PRI.12_1,Cabo Rojo,
3990,Hà Giang,region,VN,Vietnam,True,True,Viet Nam,VNM,Vietnam,VNM.26_1,Hà Giang,
2611,Cross River,region,NG,Nigeria,True,True,Nigeria,NGA,Nigeria,NGA.9_1,Cross River,
3685,Kastamonu Province,region,TR,Turkey,True,True,Turkey,TUR,Turkey,TUR.46_1,Kastamonu,
2655,Matagalpa Department,region,NI,Nicaragua,True,True,Nicaragua,NIC,Nicaragua,NIC.15_1,Matagalpa,Matagalpa Department:Matagalpa
4423,Couva-Tabaquite-Talparo Regional Corporation,region,TT,Trinidad and Tobago,True,True,Trinidad and Tobago,TTO,Trinidad and Tobago,TTO.3_1,Couva-Tabaquite-Talparo,Couva-Tabaquite-Talparo Regional Corporation:Couva-Tabaquite-Talparo
4216,Ciales,region,PR,Puerto Rico,True,True,Puerto Rico,PRI,Puerto Rico,PRI.20_1,Ciales,
1542,Jutiapa Department,region,GT,Guatemala,True,True,Guatemala,GTM,Guatemala,GTM.11_1,Jutiapa,Jutiapa Department:Jutiapa
1711,County Sligo,region,IE,Ireland,True,True,Ireland,IRL,Ireland,IRL.21_1,Sligo,County Sligo:Sligo
4560,Santiago,region,CV,Cape Verde,True,True,Cabo Verde,CPV,Cabo Verde,CPV.14_1,Santa Cruz,Santiago:Santa Cruz
3897,Colonia Department,region,UY,Uruguay,True,True,Uruguay,URY,Uruguay,URY.4_2,Colonia,Colonia Department:Colonia
3162,Sakha Republic,region,RU,Russia,True,True,Russian Federation,RUS,Russia,RUS.61_1,Sakhalin,
2648,Estelí Department,region,NI,Nicaragua,True,True,Nicaragua,NIC,Nicaragua,NIC.7_1,Estelí,Estelí Department:Estelí
3679,Giresun Province,region,TR,Turkey,True,True,Turkey,TUR,Turkey,TUR.34_1,Giresun,
1596,Koprivnica-Križevci County,region,HR,Croatia,True,True,Croatia,HRV,Croatia,HRV.7_1,Koprivničko-Križevačka,Koprivnica-Križevci County:Koprivničko-Križevačka
3671,Çorum Province,region,TR,Turkey,True,True,Turkey,TUR,Turkey,TUR.24_1,Çorum,
4331,Coastal–Karst Statistical Region,region,SI,Slovenia,True,True,Slovenia,SVN,,,,
3493,Usulután Department,region,SV,El Salvador,True,True,El Salvador,SLV,El Salvador,SLV.14_1,Usulután,Usulután Department:Usulután
3262,Kronoberg County,region,SE,Sweden,True,True,Sweden,SWE,Sweden,SWE.9_1,Kronoberg,Kronoberg County:Kronoberg
1947,Kampong Chhnang Province,region,KH,Cambodia,True,True,Cambodia,KHM,Cambodia,KHM.4_1,Kâmpóng Chhnang,Kampong Chhnang Province:Kâmpóng Chhnang
966,Zamora-Chinchipe Province,region,EC,Ecuador,True,True,Ecuador,ECU,Ecuador,ECU.24_1,Zamora Chinchipe,Zamora-Chinchipe Province:Zamora Chinchipe
2684,Nord-Trøndelag,region,NO,Norway,True,True,Norway,NOR,Norway,NOR.9_1,Nord-Trøndelag,
1710,Roscommon,region,IE,Ireland,True,True,Ireland,IRL,Ireland,IRL.20_1,Roscommon,
4696,Monte Carlo,region,MC,Monaco,True,True,Monaco,MCO,Monaco,,Monaco,Monte Carlo:Monaco
1575,Colón Department,region,HN,Honduras,True,True,Honduras,HND,,,,
604,Jura,region,CH,Switzerland,True,True,Switzerland,CHE,Switzerland,CHE.11_1,Jura,
2646,Chinandega Department,region,NI,Nicaragua,True,True,Nicaragua,NIC,Nicaragua,NIC.5_1,Chinandega,Chinandega Department:Chinandega
4380,Samtskhe-Javakheti,region,GE,Georgia,True,True,Georgia,GEO,Georgia,GEO.10_1,Samtskhe-Javakheti,
2043,Jambyl Region,region,KZ,Kazakhstan,True,True,Kazakhstan,KAZ,Kazakhstan,KAZ.14_1,Zhambyl,
3481,Cabañas Department,region,SV,El Salvador,True,True,El Salvador,SLV,El Salvador,SLV.2_1,Cabañas,Cabañas Department:Cabañas
3133,Komi Republic,region,RU,Russia,True,True,Russian Federation,RUS,Russia,RUS.32_1,Komi,
1634,Nógrád County,region,HU,Hungary,True,True,Hungary,HUN,Hungary,HUN.13_1,Nógrád,Nógrád County:Nógrád
1577,Copán Department,region,HN,Honduras,True,True,Honduras,HND,,,,
1691,County Carlow,region,IE,Ireland,True,True,Ireland,IRL,Ireland,IRL.1_1,Carlow,County Carlow:Carlow
4218,Cidra,region,PR,Puerto Rico,True,True,Puerto Rico,PRI,Puerto Rico,PRI.21_1,Cidra,
346,Dobrich Province,region,BG,Bulgaria,True,True,Bulgaria,BGR,Bulgaria,BGR.3_1,Dobrich,Dobrich Province:Dobrich
1861,Clarendon Parish,region,JM,Jamaica,True,True,Jamaica,JAM,Jamaica,JAM.1_1,Clarendon,Clarendon Parish:Clarendon
2045,Champasak Province,region,LA,Laos,True,True,Lao People's Democratic Republic,LAO,Laos,LAO.4_1,Champasak,Champasak Province:Champasak
951,Cañar Province,region,EC,Ecuador,True,True,Ecuador,ECU,Ecuador,ECU.3_1,Cañar,Cañar Province:Cañar
1702,County Laois,region,IE,Ireland,True,True,Ireland,IRL,Ireland,IRL.11_1,Laois,County Laois:Laois
5063,Lacs District,region,CI,Côte d&#039;Ivoire,True,True,Côte d'Ivoire,CIV,,,,
1867,Saint Catherine Parish,region,JM,Jamaica,True,True,Jamaica,JAM,Jamaica,JAM.8_1,Saint Catherine,Saint Catherine Parish:Saint Catherine
3446,Thiès Region,region,SN,Senegal,True,True,Senegal,SEN,Senegal,SEN.13_1,Thiès,Thiès Region:Thiès
1708,County Monaghan,region,IE,Ireland,True,True,Ireland,IRL,Ireland,IRL.18_1,Monaghan,County Monaghan:Monaghan
1692,Cavan,region,IE,Ireland,True,True,Ireland,IRL,Ireland,IRL.2_1,Cavan,
596,Canton of Solothurn,region,CH,Switzerland,True,True,Switzerland,CHE,Switzerland,CHE.19_1,Solothurn,Canton of Solothurn:Solothurn
4470,Čair Municipality,region,MK,Macedonia,True,True,North Macedonia,MKD,,,,
735,Putumayo,region,CO,Colombia,True,True,Colombia,COL,Colombia,COL.24_2,Putumayo,
1534,Chimaltenango Department,region,GT,Guatemala,True,True,Guatemala,GTM,Guatemala,GTM.3_1,Chimaltenango,Chimaltenango Department:Chimaltenango
3523,Moyen-Chari Region,region,TD,Chad,True,True,Chad,TCD,Chad,TCD.16_1,Moyen-Chari,Moyen-Chari Region:Moyen-Chari
4382,Shida Kartli,region,GE,Georgia,True,True,Georgia,GEO,Georgia,GEO.11_1,Shida Kartli,
3182,Vladimir Oblast,region,RU,Russia,True,True,Russian Federation,RUS,Russia,RUS.76_1,Vladimir,
4864,Margibi County,region,LR,Liberia,True,True,Liberia,LBR,Liberia,LBR.9_1,Margibi,Margibi County:Margibi
197,Khachmaz District,region,AZ,Azerbaijan,True,True,Azerbaijan,AZE,Azerbaijan,AZE.8_1,Quba-Khachmaz,Khachmaz District:Quba-Khachmaz
2360,Šuto Orizari Municipality,region,MK,Macedonia,True,True,North Macedonia,MKD,North Macedonia,MKD.71_1,Šuto Orizari,Šuto Orizari Municipality:Šuto Orizari
4674,Rožaje Municipality,region,ME,Montenegro,True,True,Montenegro,MNE,,,,
4726,Jizzakh Region,region,UZ,Uzbekistan,True,True,Uzbekistan,UZB,,,,
4351,Shusha,region,AZ,Azerbaijan,True,True,Azerbaijan,AZE,,,,
4556,Fogo,region,CV,Cape Verde,True,True,Cabo Verde,CPV,,,,
877,Independencia,region,DO,Dominican Republic,True,True,Dominican Republic,DOM,Dominican Republic,DOM.10_1,Independencia,
4361,Vale,region,GG,Guernsey,True,True,Guernsey,GGY,Guernsey,GGY.15_1,Vale,
26,Kapisa,region,AF,Afghanistan,True,True,Afghanistan,AFG,Afghanistan,AFG.16_1,Kapisa,
2110,Grand Gedeh County,region,LR,Liberia,True,True,Liberia,LBR,Liberia,LBR.6_1,Grand Gedeh,Grand Gedeh County:Grand Gedeh
152,Jalilabad District,region,AZ,Azerbaijan,True,True,Azerbaijan,AZE,,,,
4614,Călărași District,region,MD,Moldova,True,True,"Moldova, Republic of",MDA,,,,
487,Chukha District,region,BT,Bhutan,True,True,Bhutan,BTN,Bhutan,BTN.2_1,Chhukha,Chukha District:Chhukha
4559,São Nicolau,region,CV,Cape Verde,True,True,Cabo Verde,CPV,Cabo Verde,CPV.22_1,Tarrafal de São Nicolau,São Nicolau:Tarrafal de São Nicolau
4615,Căușeni District,region,MD,Moldova,True,True,"Moldova, Republic of",MDA,,,,
1477,Centro Sur Province,region,GQ,Equatorial Guinea,True,True,Equatorial Guinea,GNQ,Equatorial Guinea,GNQ.4_1,Centro Sur,Centro Sur Province:Centro Sur
3144,Mari El Republic,region,RU,Russia,True,True,Russian Federation,RUS,Russia,RUS.41_1,Mariy-El,
3139,Kurgan Oblast,region,RU,Russia,True,True,Russian Federation,RUS,Russia,RUS.36_1,Kurgan,
523,Corozal District,region,BZ,Belize,True,True,Belize,BLZ,Belize,BLZ.3_1,Corozal,Corozal District:Corozal
4986,Matsu Islands,region,TW,Taiwan,True,True,"Taiwan, Province of China",TWN,,,,
2127,Quthing District,region,LS,Lesotho,True,True,Lesotho,LSO,Lesotho,LSO.9_1,Quthing,Quthing District:Quthing
4420,Roche Caiman,region,SC,Seychelles,True,True,Seychelles,SYC,Seychelles,SYC.24_1,Roche Caïman,Roche Caiman:Roche Caïman
2128,Thaba-Tseka District,region,LS,Lesotho,True,True,Lesotho,LSO,Lesotho,LSO.10_1,Thaba-Tseka,Thaba-Tseka District:Thaba-Tseka
4408,Cascade,region,SC,Seychelles,True,True,Seychelles,SYC,Seychelles,SYC.11_1,Cascade,
3143,Magadan Oblast,region,RU,Russia,True,True,Russian Federation,RUS,Russia,RUS.40_1,Magadan,
4352,Castel,region,GG,Guernsey,True,True,Guernsey,GGY,Guernsey,GGY.3_1,Castel,
3622,Khatlon Province,region,TJ,Tajikistan,True,True,Tajikistan,TJK,Tajikistan,TJK.3_1,Khatlon,Khatlon Province:Khatlon
2782,Central Province,region,PG,Papua New Guinea,True,True,Papua New Guinea,PNG,Papua New Guinea,PNG.2_1,Central,Central Province:Central
2588,Zambezi Region,region,,Namibia,True,True,Namibia,NAM,Namibia,NAM.13_1,Zambezi,Zambezi Region:Zambezi
2116,Sinoe County,region,LR,Liberia,True,True,Liberia,LBR,Liberia,LBR.15_1,Sinoe,Sinoe County:Sinoe
2240,Monaco City,region,MC,Monaco,True,True,Monaco,MCO,Monaco,,Monaco,Monaco City:Monaco
4668,Petnjica Municipality,region,ME,Montenegro,True,True,Montenegro,MNE,,,,
387,Cankuzo Province,region,BI,Burundi,True,True,Burundi,BDI,Burundi,BDI.5_1,Cankuzo,Cankuzo Province:Cankuzo
4863,River Gee County,region,LR,Liberia,True,True,Liberia,LBR,Liberia,LBR.14_1,River Gee,River Gee County:River Gee
4892,Choiseul Province,region,SB,Solomon Islands,True,True,Solomon Islands,SLB,Solomon Islands,SLB.2_1,Choiseul,Choiseul Province:Choiseul
4859,Grand Kru County,region,LR,Liberia,True,True,Liberia,LBR,Liberia,LBR.7_1,Grand Kru,Grand Kru County:Grand Kru
4890,Central Province,region,SB,Solomon Islands,True,True,Solomon Islands,SLB,Solomon Islands,SLB.1_1,Central,Central Province:Central
4557,Santa Luzia,region,CV,Cape Verde,True,True,Cabo Verde,CPV,Cabo Verde,CPV.14_1,Santa Cruz,Santa Luzia:Santa Cruz
2690,Sør-Trøndelag,region,NO,Norway,True,True,Norway,NOR,Norway,NOR.15_1,Sør-Trøndelag,
4291,Chaco,region,PY,Paraguay,True,True,Paraguay,PRY,,,,
4828,Pukapuka,region,CK,Cook Islands,True,True,Cook Islands,COK,Cook Islands,COK.9_1,Pukapuka,
4829,Palmerston Island,region,CK,Cook Islands,True,True,Cook Islands,COK,Cook Islands,COK.7_1,Palmerston,Palmerston Island:Palmerston
4398,Prickly Pear Cays,region,AI,Anguilla,True,True,Anguilla,AIA,Anguilla,AIA.16_1,Pricly Pear Cays,Prickly Pear Cays:Pricly Pear Cays
4317,Central Region,region,MT,Malta,True,True,Malta,MLT,Malta,MLT.1_1,Ċentrali,Central Region:Ċentrali
202,Martuni,region,AZ,Azerbaijan,True,True,Azerbaijan,AZE,,,,
4656,La Colle,region,MC,Monaco,True,True,Monaco,MCO,,,,
2479,Chiradzulu District,region,MW,Malawi,True,True,Malawi,MWI,Malawi,MWI.4_1,Chiradzulu,Chiradzulu District:Chiradzulu
3434,Chiesanuova,region,SM,San Marino,True,True,San Marino,SMR,San Marino,SMR.3_1,Chiesanuova,
571,Kouilou Department,region,CG,Republic of the Congo,True,True,Congo,COG,Republic of the Congo,COG.5_1,Kouilou,Kouilou Department:Kouilou
488,Tsirang District,region,BT,Bhutan,True,True,Bhutan,BTN,Bhutan,BTN.17_1,Tsirang,Tsirang District:Tsirang
4525,Kouffo Department,region,BJ,Benin,True,True,Benin,BEN,Benin,BEN.7_1,Kouffo,Kouffo Department:Kouffo
4670,Plav Municipality,region,ME,Montenegro,True,True,Montenegro,MNE,,,,
2789,Chimbu Province,region,PG,Papua New Guinea,True,True,Papua New Guinea,PNG,Papua New Guinea,PNG.3_1,Chimbu,Chimbu Province:Chimbu
2126,Qacha's Nek District,region,LS,Lesotho,True,True,Lesotho,LSO,Lesotho,LSO.8_1,Qacha's Nek,Qacha's Nek District:Qacha's Nek
4486,Saint Clement,region,JE,Jersey,True,True,Jersey,JEY,Jersey,JEY.3_1,Saint Clement,
192,Shusha District,region,AZ,Azerbaijan,True,True,Azerbaijan,AZE,,,,
4866,Gbarpolu County,region,LR,Liberia,True,True,Liberia,LBR,Liberia,LBR.3_1,Gbapolu,Gbarpolu County:Gbapolu
4569,Carriacou,region,GD,Grenada,True,True,Grenada,GRD,Grenada,GRD.1_1,Carriacou,
1558,Cacheu Region,region,GW,Guinea-Bissau,True,True,Guinea-Bissau,GNB,Guinea-Bissau,GNB.5_1,Cacheu,Cacheu Region:Cacheu
388,Cibitoke Province,region,BI,Burundi,True,True,Burundi,BDI,Burundi,BDI.6_1,Cibitoke,Cibitoke Province:Cibitoke
4616,Cantemir District,region,MD,Moldova,True,True,"Moldova, Republic of",MDA,Moldova,MDA.8_1,Cantemir,Cantemir District:Cantemir
2480,Chitipa district,region,MW,Malawi,True,True,Malawi,MWI,Malawi,MWI.5_1,Chitipa,Chitipa district:Chitipa
4860,River Cess County,region,LR,Liberia,True,True,Liberia,LBR,Liberia,LBR.13_1,Rivercess,River Cess County:Rivercess
4370,Little Cayman,region,KY,Cayman Islands,True,True,Cayman Islands,CYM,,,,
4553,Maio,region,CV,Cape Verde,True,True,Cabo Verde,CPV,Cabo Verde,CPV.3_1,Maio,
574,Niari Department,region,CG,Republic of the Congo,True,True,Congo,COG,,,,
2243,Cahul District,region,MD,Moldova,True,True,"Moldova, Republic of",MDA,Moldova,MDA.6_1,Cahul,Cahul District:Cahul
3154,Orenburg Oblast,region,RU,Russia,True,True,Russian Federation,RUS,Russia,RUS.53_1,Orenburg,
3155,Oryol Oblast,region,RU,Russia,True,True,Russian Federation,RUS,,,,
982,Rapla County,region,EE,Estonia,True,True,Estonia,EST,Estonia,EST.11_1,Rapla,
4446,Jafara,region,LY,Libya,True,True,Libya,LBY,Libya,LBY.4_1,Al Jifarah,Jafara:Al Jifarah
3487,Morazán Department,region,SV,El Salvador,True,True,El Salvador,SLV,El Salvador,SLV.8_1,Morazán,Morazán Department:Morazán
972,Ida-Viru County,region,EE,Estonia,True,True,Estonia,EST,Estonia,EST.3_1,Ida-Viru,
886,Salcedo,region,DO,Dominican Republic,True,True,Dominican Republic,DOM,Dominican Republic,DOM.22_1,Salcedo,
4561,São Vicente,region,CV,Cape Verde,True,True,Cabo Verde,CPV,Cabo Verde,CPV.20_1,São Vicente,
3120,Ivanovo Oblast,region,RU,Russia,True,True,Russian Federation,RUS,Russia,RUS.19_1,Ivanovo,
3921,Karakalpakstan,region,UZ,Uzbekistan,True,True,Uzbekistan,UZB,Uzbekistan,UZB.5_1,Qaraqalpaqstan,Karakalpakstan:Qaraqalpaqstan
3115,Chuvash Republic,region,RU,Russia,True,True,Russian Federation,RUS,Russia,RUS.13_1,Chuvash,
4899,Maekel Region,region,ER,Eritrea,True,True,Eritrea,ERI,Eritrea,ERI.1_1,Maekel,Maekel Region:Maekel
2652,Madriz Department,region,NI,Nicaragua,True,True,Nicaragua,NIC,Nicaragua,NIC.12_1,Madriz,Madriz Department:Madriz
4979,Rarotonga,region,CK,Cook Islands,True,True,Cook Islands,COK,Cook Islands,COK.11_1,Rarotonga,
4427,Princes Town Regional Corporation,region,TT,Trinidad and Tobago,True,True,Trinidad and Tobago,TTO,Trinidad and Tobago,TTO.9_1,Princes Town,Princes Town Regional Corporation:Princes Town
2656,Nueva Segovia Department,region,NI,Nicaragua,True,True,Nicaragua,NIC,Nicaragua,NIC.16_1,Nueva Segovia,Nueva Segovia Department:Nueva Segovia
4459,Oddar Meanchey Province,region,KH,Cambodia,True,True,Cambodia,KHM,Cambodia,KHM.15_1,Otdar Mean Chey,Oddar Meanchey Province:Otdar Mean Chey
4618,Criuleni District,region,MD,Moldova,True,True,"Moldova, Republic of",MDA,Moldova,MDA.12_1,Criuleni,Criuleni District:Criuleni
3964,Lai Châu,region,VN,Vietnam,True,True,Viet Nam,VNM,Vietnam,VNM.36_1,Lai Châu,
3111,Chechen Republic,region,RU,Russia,True,True,Russian Federation,RUS,,,,
977,Lääne-Viru County,region,EE,Estonia,True,True,Estonia,EST,Estonia,EST.6_1,Lääne-Viru,
4127,Central Ostrobothnia,region,FI,Finland,True,True,Finland,FIN,,,,
58,Dibër County,region,AL,Albania,True,True,Albania,ALB,Albania,ALB.2_1,Dibër,Dibër County:Dibër
591,Nidwalden,region,CH,Switzerland,True,True,Switzerland,CHE,Switzerland,CHE.14_1,Nidwalden,
4429,Sangre Grande Regional Corporation,region,TT,Trinidad and Tobago,True,True,Trinidad and Tobago,TTO,Trinidad and Tobago,TTO.12_1,Sangre Grande,Sangre Grande Regional Corporation:Sangre Grande
594,Canton of Schaffhausen,region,CH,Switzerland,True,True,Switzerland,CHE,Switzerland,CHE.17_1,Schaffhausen,Canton of Schaffhausen:Schaffhausen
973,Järva County,region,EE,Estonia,True,True,Estonia,EST,Estonia,EST.4_1,Järva,
3136,Kostroma Oblast,region,RU,Russia,True,True,Russian Federation,RUS,Russia,RUS.33_1,Kostroma,
4617,Cimișlia District,region,MD,Moldova,True,True,"Moldova, Republic of",MDA,Moldova,MDA.11_1,Cimişlia,Cimișlia District:Cimişlia
4673,Tivat Municipality,region,ME,Montenegro,True,True,Montenegro,MNE,,,,
4714,Shabwah Governorate,region,YE,Yemen,True,True,Yemen,YEM,Yemen,YEM.20_1,Shabwah,Shabwah Governorate:Shabwah
1614,Centre Department,region,HT,Haiti,True,True,Haiti,HTI,Haiti,HTI.1_1,Centre,Centre Department:Centre
3151,Novgorod Oblast,region,RU,Russia,True,True,Russian Federation,RUS,Russia,RUS.49_1,Novgorod,
4430,Siparia Regional Corporation,region,TT,Trinidad and Tobago,True,True,Trinidad and Tobago,TTO,,,,
974,Jõgeva County,region,EE,Estonia,True,True,Estonia,EST,Estonia,EST.5_1,Jõgeva,
1564,Cuyuni-Mazaruni,region,GY,Guyana,True,True,Guyana,GUY,Guyana,GUY.2_1,Cuyuni-Mazaruni,
4929,Centrale Region,region,TG,Togo,True,True,Togo,TGO,Togo,TGO.1_1,Centre,
525,Stann Creek District,region,BZ,Belize,True,True,Belize,BLZ,Belize,BLZ.5_1,Stann Creek,Stann Creek District:Stann Creek
988,Valga County,region,EE,Estonia,True,True,Estonia,EST,Estonia,EST.14_1,Valga,
1939,Chuy Region,region,KG,Kyrgyzstan,True,True,Kyrgyzstan,KGZ,,,,
2592,Kunene Region,region,,Namibia,True,True,Namibia,NAM,Namibia,NAM.6_1,Kunene,Kunene Region:Kunene
981,Põlva County,region,EE,Estonia,True,True,Estonia,EST,Estonia,EST.10_1,Põlva,
4285,San José de Ocoa Province,region,DO,Dominican Republic,True,True,Dominican Republic,DOM,Dominican Republic,DOM.25_1,San José de Ocoa,San José de Ocoa Province:San José de Ocoa
4555,Sal,region,CV,Cape Verde,True,True,Cabo Verde,CPV,Cabo Verde,CPV.11_1,Sal,
4524,Collines Department,region,BJ,Benin,True,True,Benin,BEN,Benin,BEN.5_1,Collines,Collines Department:Collines
4328,Central Sava Statistical Region,region,SI,Slovenia,True,True,Slovenia,SVN,,,,
882,Monte Cristi Province,region,DO,Dominican Republic,True,True,Dominican Republic,DOM,Dominican Republic,DOM.17_1,Monte Cristi,Monte Cristi Province:Monte Cristi
2657,Río San Juan Department,region,NI,Nicaragua,True,True,Nicaragua,NIC,Nicaragua,NIC.17_1,Río San Juan,Río San Juan Department:Río San Juan
570,Cuvette Department,region,CG,Republic of the Congo,True,True,Congo,COG,Republic of the Congo,COG.3_1,Cuvette-Ouest,Cuvette Department:Cuvette-Ouest
3156,Penza Oblast,region,RU,Russia,True,True,Russian Federation,RUS,Russia,RUS.54_1,Penza,
4321,Littoral–Inner Carniola Statistical Region,region,SI,Slovenia,True,True,Slovenia,SVN,,,,
990,Võru County,region,EE,Estonia,True,True,Estonia,EST,Estonia,EST.16_1,Võru,
4071,Mashonaland Central Province,region,ZW,Zimbabwe,True,True,Zimbabwe,ZWE,Zimbabwe,ZWE.4_1,Mashonaland Central,Mashonaland Central Province:Mashonaland Central
4220,Comerío,region,PR,Puerto Rico,True,True,Puerto Rico,PRI,Puerto Rico,PRI.23_1,Comerío,
976,Lääne County,region,EE,Estonia,True,True,Estonia,EST,Estonia,EST.7_1,Lääne,
3739,Rio Claro-Mayaro Regional Corporation,region,TT,Trinidad and Tobago,True,True,Trinidad and Tobago,TTO,,,,
3257,Jämtland County,region,SE,Sweden,True,True,Sweden,SWE,Sweden,SWE.6_1,Jämtland,Jämtland County:Jämtland
3276,Västra Götaland County,region,SE,Sweden,True,True,Sweden,SWE,Sweden,SWE.21_1,Västra Götaland,Västra Götaland County:Västra Götaland
1636,Pest County,region,HU,Hungary,True,True,Hungary,HUN,Hungary,HUN.14_1,Pest,Pest County:Pest
1678,South Sulawesi,region,ID,Indonesia,True,True,Indonesia,IDN,Indonesia,IDN.25_1,Sulawesi Barat,South Sulawesi:Sulawesi Barat
755,Heredia Province,region,CR,Costa Rica,True,True,Costa Rica,CRI,Costa Rica,CRI.4_1,Heredia,Heredia Province:Heredia
3988,Cần Thơ,region,VN,Vietnam,True,True,Viet Nam,VNM,Vietnam,VNM.12_1,Cần Thơ,
3608,Phuket,region,TH,Thailand,True,True,Thailand,THA,Thailand,THA.48_1,Phuket,
739,Santander,region,CO,Colombia,True,True,Colombia,COL,Colombia,COL.28_2,Santander,
3275,Skåne County,region,SE,Sweden,True,True,Sweden,SWE,Sweden,SWE.13_1,Skåne,Skåne County:Skåne
3484,La Libertad Department,region,SV,El Salvador,True,True,El Salvador,SLV,El Salvador,SLV.5_1,La Libertad,La Libertad Department:La Libertad
3265,Örebro County,region,SE,Sweden,True,True,Sweden,SWE,Sweden,SWE.11_1,Orebro,Örebro County:Orebro
2509,Chiapas,region,MX,Mexico,True,True,Mexico,MEX,México,MEX.5_1,Chiapas,
3034,Central Department,region,PY,Paraguay,True,True,Paraguay,PRY,Paraguay,PRY.9_1,Central,Central Department:Central
2244,Chișinău,region,MD,Moldova,True,True,"Moldova, Republic of",MDA,Moldova,MDA.10_1,Chişinău,Chișinău:Chişinău
430,Cochabamba Department,region,BO,Bolivia,True,True,"Bolivia, Plurinational State of",BOL,Bolivia,BOL.2_1,Cochabamba,Cochabamba Department:Cochabamba
1578,Cortés Department,region,HN,Honduras,True,True,Honduras,HND,Honduras,HND.6_1,Cortés,Cortés Department:Cortés
905,Oran Province,region,DZ,Algeria,True,True,Algeria,DZA,,,,
4368,Grand Cayman,region,KY,Cayman Islands,True,True,Cayman Islands,CYM,,,,
25,Kabul,region,AF,Afghanistan,True,True,Afghanistan,AFG,Afghanistan,AFG.14_1,Kabul,
4170,Crete,region,GR,Greece,True,True,Greece,GRC,Greece,GRC.4_1,Crete,
1694,County Cork,region,IE,Ireland,True,True,Ireland,IRL,Ireland,IRL.4_1,Cork,County Cork:Cork
753,Provincia de Cartago,region,CR,Costa Rica,True,True,Costa Rica,CRI,Costa Rica,CRI.2_1,Cartago,Provincia de Cartago:Cartago
4437,Central Province,region,LK,Sri Lanka,True,True,Sri Lanka,LKA,,,,Central Province:Central
2763,Callao,region,PE,Peru,True,True,Peru,PER,Peru,PER.7_1,Callao,
902,Constantine Province,region,DZ,Algeria,True,True,Algeria,DZA,Algeria,DZA.15_1,Constantine,Constantine Province:Constantine
4182,Cagayan Valley,region,PH,Philippines,True,True,Philippines,PHL,Philippines,PHL.18_1,Cagayan,Cagayan Valley:Cagayan
4146,Hải Dương,region,VN,Vietnam,True,True,Viet Nam,VNM,Vietnam,VNM.22_1,Hải Dương,
4981,Changhua County,region,TW,Taiwan,True,True,"Taiwan, Province of China",TWN,,,,
3165,Saint Petersburg,region,RU,Russia,True,True,Russian Federation,RUS,Russia,RUS.14_1,City of St. Petersburg,
1443,Conakry,region,GN,Guinea,True,True,Guinea,GIN,Guinea,GIN.2_1,Conakry,
3594,Chanthaburi,region,TH,Thailand,True,True,Thailand,THA,Thailand,THA.9_1,Chanthaburi,
729,Huila,region,CO,Colombia,True,True,Colombia,COL,Colombia,COL.18_2,Huila,
757,Puntarenas Province,region,CR,Costa Rica,True,True,Costa Rica,CRI,Costa Rica,CRI.6_1,Puntarenas,Puntarenas Province:Puntarenas
3550,Chiang Rai,region,TH,Thailand,True,True,Thailand,THA,Thailand,THA.11_1,Chiang Rai,
732,Meta,region,CO,Colombia,True,True,Colombia,COL,Colombia,COL.21_2,Meta,
907,Sétif Province,region,DZ,Algeria,True,True,Algeria,DZA,Algeria,DZA.37_1,Sétif,Sétif Province:Sétif
4471,Centar Municipality,region,MK,Macedonia,True,True,North Macedonia,MKD,North Macedonia,MKD.13_1,Centar župa,Centar Municipality:Centar župa
2994,Kuyavian-Pomeranian Voivodeship,region,PL,Poland,True,True,Poland,POL,,,,
3971,Thanh Hóa,region,VN,Vietnam,True,True,Viet Nam,VNM,Vietnam,VNM.57_1,Thanh Hóa,
1960,Siem Reap Province,region,KH,Cambodia,True,True,Cambodia,KHM,,,,
2512,Colima,region,MX,Mexico,True,True,Mexico,MEX,México,MEX.8_1,Colima,
2508,Campeche,region,MX,Mexico,True,True,Mexico,MEX,México,MEX.4_1,Campeche,
2938,Khyber Pakhtunkhwa,region,PK,Pakistan,True,True,Pakistan,PAK,Pakistan,PAK.5_1,Khyber-Pakhtunkhwa,Khyber Pakhtunkhwa:Khyber-Pakhtunkhwa
5003,Hsinchu,region,TW,Taiwan,True,True,"Taiwan, Province of China",TWN,Taiwan,TWN.4_1,Taichung,Hsinchu:Taichung
535,Quebec,region,CA,Canada,True,True,Canada,CAN,Canada,CAN.11_1,Québec,Quebec:Québec
3274,Stockholm County,region,SE,Sweden,True,True,Sweden,SWE,Sweden,SWE.15_1,Stockholm,Stockholm County:Stockholm
2004,Seoul,region,KR,South Korea,True,True,"Korea, Republic of",KOR,South Korea,KOR.16_1,Seoul,
1844,Campania,region,IT,Italy,True,True,Italy,ITA,Italy,ITA.5_1,Campania,
1933,Nairobi,region,KE,Kenya,True,True,Kenya,KEN,Kenya,KEN.30_1,Nairobi,
758,San José Province,region,CR,Costa Rica,True,True,Costa Rica,CRI,Costa Rica,CRI.7_1,San José,San José Province:San José
809,Prague,region,CZ,Czech Republic,True,True,Czechia,CZE,Czechia,CZE.11_1,Prague,
3683,Istanbul Province,region,TR,Turkey,True,True,Turkey,TUR,Turkey,TUR.40_1,Istanbul,
1664,Jakarta,region,ID,Indonesia,True,True,Indonesia,IDN,Indonesia,IDN.7_1,Jakarta Raya,Jakarta:Jakarta Raya
4179,Metro Manila,region,PH,Philippines,True,True,Philippines,PHL,Philippines,PHL.47_1,Metropolitan Manila,Metro Manila:Metropolitan Manila
1955,Phnom Penh,region,KH,Cambodia,True,True,Cambodia,KHM,Cambodia,KHM.16_1,Phnom Penh,
533,Ontario,region,CA,Canada,True,True,Canada,CAN,Canada,CAN.9_1,Ontario,
4386,Tbilisi,region,GE,Georgia,True,True,Georgia,GEO,Georgia,GEO.12_1,Tbilisi,
2511,Coahuila de Zaragoza,region,MX,Mexico,True,True,Mexico,MEX,México,MEX.7_1,Coahuila,Coahuila de Zaragoza:Coahuila
3549,Chiang Mai,region,TH,Thailand,True,True,Thailand,THA,Thailand,THA.10_1,Chiang Mai,
4120,Taichung,region,TW,Taiwan,True,True,"Taiwan, Province of China",TWN,Taiwan,TWN.4_1,Taichung,
970,Harju County,region,EE,Estonia,True,True,Estonia,EST,Estonia,EST.1_1,Harju,
3489,San Salvador Department,region,SV,El Salvador,True,True,El Salvador,SLV,El Salvador,SLV.10_1,San Salvador,San Salvador Department:San Salvador
585,Canton of Geneva,region,CH,Switzerland,True,True,Switzerland,CHE,,,,
1073,Centre,region,FR,France,True,True,France,FRA,France,FRA.5_1,Corse,Centre:Corse
4169,Central Macedonia,region,GR,Greece,True,True,Greece,GRC,Greece,GRC.5_1,Epirus and Western Macedonia,Central Macedonia:Epirus and Western Macedonia
2653,Managua Department,region,NI,Nicaragua,True,True,Nicaragua,NIC,Nicaragua,NIC.13_1,Managua,Managua Department:Managua
601,Vaud,region,CH,Switzerland,True,True,Switzerland,CHE,Switzerland,CHE.24_1,Vaud,
3750,Kaohsiung,region,TW,Taiwan,True,True,"Taiwan, Province of China",TWN,Taiwan,TWN.2_1,Kaohsiung,
1087,Provence-Alpes-Cote d'Azur,region,FR,France,True,True,France,FRA,France,FRA.13_1,Provence-Alpes-Côte d'Azur,Provence-Alpes-Cote d'Azur:Provence-Alpes-Côte d'Azur
4183,Central Luzon,region,PH,Philippines,True,True,Philippines,PHL,,,,
1666,Central Java,region,ID,Indonesia,True,True,Indonesia,IDN,,,,
4329,Central Slovenia Statistical Region,region,SI,Slovenia,True,True,Slovenia,SVN,,,,
2060,Mount Lebanon Governorate,region,LB,Lebanon,True,True,Lebanon,LBN,Lebanon,LBN.5_1,Mount Lebanon,Mount Lebanon Governorate:Mount Lebanon
2537,Johor,region,MY,Malaysia,True,True,Malaysia,MYS,Malaysia,MYS.1_1,Johor,
1696,County Dublin,region,IE,Ireland,True,True,Ireland,IRL,Ireland,IRL.6_1,Dublin,County Dublin:Dublin
1535,Chiquimula Department,region,GT,Guatemala,True,True,Guatemala,GTM,Guatemala,GTM.4_1,Chiquimula,Chiquimula Department:Chiquimula
4424,Chaguanas,region,TT,Trinidad and Tobago,True,True,Trinidad and Tobago,TTO,Trinidad and Tobago,TTO.2_1,Chaguanas,
4362,Al Jahra Governorate,region,KW,Kuwait,True,True,Kuwait,KWT,Kuwait,KWT.3_1,Al Jahrah,
3256,Halland County,region,SE,Sweden,True,True,Sweden,SWE,Sweden,SWE.5_1,Halland,Halland County:Halland
3670,Çanakkale Province,region,TR,Turkey,True,True,Turkey,TUR,Turkey,TUR.22_1,Çanakkale,
4160,Cà Mau,region,VN,Vietnam,True,True,Viet Nam,VNM,Vietnam,VNM.13_1,Cà Mau,
3127,Karelia,region,RU,Russia,True,True,Russian Federation,RUS,Russia,RUS.26_1,Karelia,
4330,Upper Carniola Statistical Region,region,SI,Slovenia,True,True,Slovenia,SVN,,,,
1705,County Louth,region,IE,Ireland,True,True,Ireland,IRL,Ireland,IRL.15_1,Louth,County Louth:Louth
3270,Värmland County,region,SE,Sweden,True,True,Sweden,SWE,Sweden,SWE.17_1,Värmland,Värmland County:Värmland
1632,Komárom-Esztergom County,region,HU,Hungary,True,True,Hungary,HUN,Hungary,HUN.12_1,Komárom-Esztergom,Komárom-Esztergom County:Komárom-Esztergom
1644,Zala County,region,HU,Hungary,True,True,Hungary,HUN,Hungary,HUN.20_1,Zala,Zala County:Zala
3018,Guarda District,region,PT,Portugal,True,True,Portugal,PRT,Portugal,PRT.10_1,Guarda,Guarda District:Guarda
3258,Jönköping County,region,SE,Sweden,True,True,Sweden,SWE,Sweden,SWE.7_1,Jönköping,Jönköping County:Jönköping
740,Sucre,region,CO,Colombia,True,True,Colombia,COL,Colombia,COL.29_2,Sucre,
3036,Cordillera Department,region,PY,Paraguay,True,True,Paraguay,PRY,Paraguay,PRY.11_1,Cordillera,Cordillera Department:Cordillera
4982,Chiayi County,region,TW,Taiwan,True,True,"Taiwan, Province of China",TWN,,,,
1698,Kerry,region,IE,Ireland,True,True,Ireland,IRL,Ireland,IRL.8_1,Kerry,
2177,Kufra District,region,LY,Libya,True,True,Libya,LBY,,,,
3551,Nan,region,TH,Thailand,True,True,Thailand,THA,Thailand,THA.32_1,Nan,
437,Tarija Department,region,BO,Bolivia,True,True,"Bolivia, Plurinational State of",BOL,Bolivia,BOL.9_1,Tarija,Tarija Department:Tarija
3997,Hà Nam,region,VN,Vietnam,True,True,Viet Nam,VNM,Vietnam,VNM.28_1,Hà Nam,
128,Vorarlberg,region,AT,Austria,True,True,Austria,AUT,Austria,AUT.8_1,Vorarlberg,
4435,Sihanoukville Province,region,KH,Cambodia,True,True,Cambodia,KHM,,,,
4431,Tunapuna-Piarco Regional Corporation,region,TT,Trinidad and Tobago,True,True,Trinidad and Tobago,TTO,Trinidad and Tobago,TTO.15_1,Tunapuna/Piarco,Tunapuna-Piarco Regional Corporation:Tunapuna/Piarco
1716,County Wicklow,region,IE,Ireland,True,True,Ireland,IRL,Ireland,IRL.26_1,Wicklow,County Wicklow:Wicklow
1637,Somogy County,region,HU,Hungary,True,True,Hungary,HUN,Hungary,HUN.15_1,Somogy,Somogy County:Somogy
3615,Pattani,region,TH,Thailand,True,True,Thailand,THA,Thailand,THA.38_1,Pattani,
899,San Cristóbal Province,region,DO,Dominican Republic,True,True,Dominican Republic,DOM,Dominican Republic,DOM.24_1,San Cristóbal,San Cristóbal Province:San Cristóbal
4991,Taitung County,region,TW,Taiwan,True,True,"Taiwan, Province of China",TWN,Taiwan,TWN.4_1,Taichung,Taitung County:Taichung
1766,Dhi Qar Governorate,region,IQ,Iraq,True,True,Iraq,IRQ,,,,
917,Jijel Province,region,DZ,Algeria,True,True,Algeria,DZA,Algeria,DZA.23_1,Jijel,Jijel Province:Jijel
587,Graubünden,region,CH,Switzerland,True,True,Switzerland,CHE,Switzerland,CHE.10_1,Graubünden,
1631,Heves County,region,HU,Hungary,True,True,Hungary,HUN,Hungary,HUN.10_1,Heves,Heves County:Heves
1713,County Waterford,region,IE,Ireland,True,True,Ireland,IRL,Ireland,IRL.23_1,Waterford,County Waterford:Waterford
584,Canton of Fribourg,region,CH,Switzerland,True,True,Switzerland,CHE,Switzerland,CHE.7_1,Fribourg,Canton of Fribourg:Fribourg
956,Esmeraldas,region,EC,Ecuador,True,True,Ecuador,ECU,Ecuador,ECU.8_1,Esmeraldas,
1946,Kampong Cham Province,region,KH,Cambodia,True,True,Cambodia,KHM,Cambodia,KHM.3_1,Kâmpóng Cham,Kampong Cham Province:Kâmpóng Cham
435,Potosí Department,region,BO,Bolivia,True,True,"Bolivia, Plurinational State of",BOL,Bolivia,BOL.7_1,Potosí,Potosí Department:Potosí
2748,Chiriquí Province,region,PA,Panama,True,True,Panama,PAN,Panama,PAN.2_1,Chiriquí,Chiriquí Province:Chiriquí
1999,Jeju-do,region,KR,South Korea,True,True,"Korea, Republic of",KOR,South Korea,KOR.12_1,Jeju,Jeju-do:Jeju
3178,Tuva Republic,region,RU,Russia,True,True,Russian Federation,RUS,Russia,RUS.71_1,Tuva,
3272,Västernorrland County,region,SE,Sweden,True,True,Sweden,SWE,Sweden,SWE.19_1,Västernorrland,Västernorrland County:Västernorrland
3492,Sonsonate Department,region,SV,El Salvador,True,True,El Salvador,SLV,El Salvador,SLV.13_1,Sonsonate,Sonsonate Department:Sonsonate
3631,Jendouba Governorate,region,TN,Tunisia,True,True,Tunisia,TUN,Tunisia,TUN.7_1,Jendouba,Jendouba Governorate:Jendouba
1543,Petén Department,region,GT,Guatemala,True,True,Guatemala,GTM,,,,
3268,Södermanland County,region,SE,Sweden,True,True,Sweden,SWE,Sweden,SWE.14_1,Södermanland,Södermanland County:Södermanland
4128,Central Finland,region,FI,Finland,True,True,Finland,FIN,Finland,FIN.5_1,Western Finland,Central Finland:Western Finland
4428,San Juan-Laventille Regional Corporation,region,TT,Trinidad and Tobago,True,True,Trinidad and Tobago,TTO,Trinidad and Tobago,TTO.11_1,San Juan-Laventille,San Juan-Laventille Regional Corporation:San Juan-Laventille
3690,Kütahya Province,region,TR,Turkey,True,True,Turkey,TUR,Turkey,TUR.54_1,Kütahya,
5002,Keelung,region,TW,Taiwan,True,True,"Taiwan, Province of China",TWN,,,,
1640,Jász-Nagykun-Szolnok County,region,HU,Hungary,True,True,Hungary,HUN,Hungary,HUN.11_1,Jász-Nagykun-Szolnok,Jász-Nagykun-Szolnok County:Jász-Nagykun-Szolnok
1706,County Mayo,region,IE,Ireland,True,True,Ireland,IRL,Ireland,IRL.16_1,Mayo,County Mayo:Mayo
938,Khenchela Province,region,DZ,Algeria,True,True,Algeria,DZA,Algeria,DZA.24_1,Khenchela,Khenchela Province:Khenchela
4005,Sóc Trăng,region,VN,Vietnam,True,True,Viet Nam,VNM,Vietnam,VNM.51_1,Sóc Trăng,
1700,County Kilkenny,region,IE,Ireland,True,True,Ireland,IRL,Ireland,IRL.10_1,Kilkenny,County Kilkenny:Kilkenny
3253,Gävleborg County,region,SE,Sweden,True,True,Sweden,SWE,Sweden,SWE.3_1,Gävleborg,Gävleborg County:Gävleborg
3259,Kalmar County,region,SE,Sweden,True,True,Sweden,SWE,Sweden,SWE.8_1,Kalmar,Kalmar County:Kalmar
599,Uri,region,CH,Switzerland,True,True,Switzerland,CHE,Switzerland,CHE.22_1,Uri,
1642,Vas County,region,HU,Hungary,True,True,Hungary,HUN,,,,
954,Cotopaxi Province,region,EC,Ecuador,True,True,Ecuador,ECU,Ecuador,ECU.6_1,Cotopaxi,Cotopaxi Province:Cotopaxi
987,Tartu County,region,EE,Estonia,True,True,Estonia,EST,Estonia,EST.13_1,Tartu,
4007,Trà Vinh,region,VN,Vietnam,True,True,Viet Nam,VNM,Vietnam,VNM.59_1,Trà Vinh,
1576,Comayagua Department,region,HN,Honduras,True,True,Honduras,HND,Honduras,HND.4_1,Comayagua,Comayagua Department:Comayagua
3273,Västmanland County,region,SE,Sweden,True,True,Sweden,SWE,Sweden,SWE.20_1,Västmanland,Västmanland County:Västmanland
1709,County Offaly,region,IE,Ireland,True,True,Ireland,IRL,Ireland,IRL.19_1,Offaly,County Offaly:Offaly
589,Canton of Lucerne,region,CH,Switzerland,True,True,Switzerland,CHE,Switzerland,CHE.12_1,Lucerne,Canton of Lucerne:Lucerne
4168,Central Greece Region,region,GR,Greece,True,True,Greece,GRC,Greece,GRC.8_1,Thessaly and Central Greece,Central Greece Region:Thessaly and Central Greece
3575,Surin,region,TH,Thailand,True,True,Thailand,THA,Thailand,THA.68_1,Surin,
3895,Canelones Department,region,UY,Uruguay,True,True,Uruguay,URY,Uruguay,URY.2_2,Canelones,Canelones Department:Canelones
4988,Nantou County,region,TW,Taiwan,True,True,"Taiwan, Province of China",TWN,,,,
4992,Yilan County,region,TW,Taiwan,True,True,"Taiwan, Province of China",TWN,,,,
429,Chuquisaca Department,region,BO,Bolivia,True,True,"Bolivia, Plurinational State of",BOL,Bolivia,BOL.1_1,Chuquisaca,Chuquisaca Department:Chuquisaca
3939,Carabobo,region,VE,Venezuela,True,True,"Venezuela, Bolivarian Republic of",VEN,Venezuela,VEN.7_1,Carabobo,
3680,Hatay Province,region,TR,Turkey,True,True,Turkey,TUR,Turkey,TUR.37_1,Hatay,
598,Ticino,region,CH,Switzerland,True,True,Switzerland,CHE,Switzerland,CHE.21_1,Ticino,
1075,Corse,region,FR,France,True,True,France,FRA,France,FRA.5_1,Corse,
3260,Dalarna County,region,SE,Sweden,True,True,Sweden,SWE,Sweden,SWE.2_1,Dalarna,Dalarna County:Dalarna
122,Carinthia,region,AT,Austria,True,True,Austria,AUT,,,,
3609,Krabi Province,region,TH,Thailand,True,True,Thailand,THA,Thailand,THA.18_1,Krabi,Krabi Province:Krabi
1697,County Galway,region,IE,Ireland,True,True,Ireland,IRL,Ireland,IRL.7_1,Galway,County Galway:Galway
4681,Khomas Region,region,,Namibia,True,True,Namibia,NAM,Namibia,NAM.5_1,Khomas,Khomas Region:Khomas
4192,Caraga,region,PH,Philippines,True,True,Philippines,PHL,Philippines,PHL.67_1,Sarangani,Caraga:Sarangani
1931,Coast Province,region,KE,Kenya,True,True,Kenya,KEN,,,,
915,Djelfa Province,region,DZ,Algeria,True,True,Algeria,DZA,Algeria,DZA.16_1,Djelfa,Djelfa Province:Djelfa
2061,South Governorate,region,LB,Lebanon,True,True,Lebanon,LBN,,,,
1930,Central Province,region,KE,Kenya,True,True,Kenya,KEN,,,,Central Province:Central
3005,Świętokrzyskie Voivodeship,region,PL,Poland,True,True,Poland,POL,Poland,POL.13_1,Świętokrzyskie,Świętokrzyskie Voivodeship:Świętokrzyskie
3686,Kayseri Province,region,TR,Turkey,True,True,Turkey,TUR,Turkey,TUR.47_1,Kayseri,
936,Ghardaïa Province,region,DZ,Algeria,True,True,Algeria,DZA,Algeria,DZA.20_1,Ghardaïa,Ghardaïa Province:Ghardaïa
1886,Chiba Prefecture,region,JP,Japan,True,True,Japan,JPN,,,,
2010,Chungcheongnam-do,region,KR,South Korea,True,True,"Korea, Republic of",KOR,South Korea,KOR.3_1,Chungcheongnam-do,
3266,Östergötland County,region,SE,Sweden,True,True,Sweden,SWE,Sweden,SWE.12_1,Östergötland,Östergötland County:Östergötland
1703,County Limerick,region,IE,Ireland,True,True,Ireland,IRL,Ireland,IRL.13_1,Limerick,County Limerick:Limerick
597,Thurgau,region,CH,Switzerland,True,True,Switzerland,CHE,Switzerland,CHE.20_1,Thurgau,
4995,Yala,region,TH,Thailand,True,True,Thailand,THA,Thailand,THA.76_1,Yala,
1699,County Kildare,region,IE,Ireland,True,True,Ireland,IRL,Ireland,IRL.9_1,Kildare,County Kildare:Kildare
98,Catamarca Province,region,AR,Argentina,True,True,Argentina,ARG,Argentina,ARG.2_1,Catamarca,Catamarca Province:Catamarca
3996,Lào Cai,region,VN,Vietnam,True,True,Viet Nam,VNM,Vietnam,VNM.38_1,Lào Cai,
1680,Southeast Sulawesi,region,ID,Indonesia,True,True,Indonesia,IDN,Indonesia,IDN.31_1,Sumatera Selatan,Southeast Sulawesi:Sumatera Selatan
1715,County Wexford,region,IE,Ireland,True,True,Ireland,IRL,Ireland,IRL.25_1,Wexford,County Wexford:Wexford
3271,Västerbotten County,region,SE,Sweden,True,True,Sweden,SWE,Sweden,SWE.18_1,Västerbotten,Västerbotten County:Västerbotten
1629,Győr-Moson-Sopron County,region,HU,Hungary,True,True,Hungary,HUN,Hungary,HUN.8_1,Gyor-Moson-Sopron,Győr-Moson-Sopron County:Gyor-Moson-Sopron
3269,Uppsala County,region,SE,Sweden,True,True,Sweden,SWE,Sweden,SWE.16_1,Uppsala,Uppsala County:Uppsala
4984,Hualien County,region,TW,Taiwan,True,True,"Taiwan, Province of China",TWN,,,,
600,Valais,region,CH,Switzerland,True,True,Switzerland,CHE,Switzerland,CHE.23_1,Valais,
1643,Veszprém County,region,HU,Hungary,True,True,Hungary,HUN,Hungary,HUN.19_1,Veszprém,Veszprém County:Veszprém
1679,Central Sulawesi,region,ID,Indonesia,True,True,Indonesia,IDN,Indonesia,IDN.25_1,Sulawesi Barat,Central Sulawesi:Sulawesi Barat
1626,Csongrád County,region,HU,Hungary,True,True,Hungary,HUN,Hungary,HUN.6_1,Csongrád,Csongrád County:Csongrád
4993,Yunlin County,region,TW,Taiwan,True,True,"Taiwan, Province of China",TWN,,,,
4987,Miaoli County,region,TW,Taiwan,True,True,"Taiwan, Province of China",TWN,,,,
953,Chimborazo Province,region,EC,Ecuador,True,True,Ecuador,ECU,Ecuador,ECU.5_1,Chimborazo,Chimborazo Province:Chimborazo
4983,Hsinchu County,region,TW,Taiwan,True,True,"Taiwan, Province of China",TWN,,,,
3488,San Miguel Department,region,SV,El Salvador,True,True,El Salvador,SLV,El Salvador,SLV.9_1,San Miguel,San Miguel Department:San Miguel
1620,Sud-Est Department,region,HT,Haiti,True,True,Haiti,HTI,Haiti,HTI.9_1,Sud-Est,Sud-Est Department:Sud-Est
2497,Zomba District,region,MW,Malawi,True,True,Malawi,MWI,Malawi,MWI.28_1,Zomba,Zomba District:Zomba
4736,Kalangala District,region,UG,Uganda,True,True,Uganda,UGA,Uganda,UGA.15_1,Kalangala,Kalangala District:Kalangala
4626,Ialoveni District,region,MD,Moldova,True,True,"Moldova, Republic of",MDA,Moldova,MDA.22_1,Ialoveni,Ialoveni District:Ialoveni
2249,Orhei District,region,MD,Moldova,True,True,"Moldova, Republic of",MDA,Moldova,MDA.26_1,Orhei,Orhei District:Orhei
862,Saint George Parish,region,DM,Dominica,True,True,Dominica,DMA,Dominica,DMA.3_1,Saint George,Saint George Parish:Saint George
3899,Flores Department,region,UY,Uruguay,True,True,Uruguay,URY,Uruguay,URY.6_2,Flores,Flores Department:Flores
4041,Dhamar Governorate,region,YE,Yemen,True,True,Yemen,YEM,,,,
4452,Ghat District,region,LY,Libya,True,True,Libya,LBY,,,,
1961,Stung Treng Province,region,KH,Cambodia,True,True,Cambodia,KHM,Cambodia,KHM.22_1,Stœng Trêng,Stung Treng Province:Stœng Trêng
1619,Sud Department,region,HT,Haiti,True,True,Haiti,HTI,,,,
434,Pando Department,region,BO,Bolivia,True,True,"Bolivia, Plurinational State of",BOL,,,,
4741,Luwero District,region,UG,Uganda,True,True,Uganda,UGA,Uganda,UGA.34_1,Luwero,Luwero District:Luwero
5,Sant Julià de Lòria,region,AD,Andorra,True,True,Andorra,AND,Andorra,AND.7_1,Sant Julià de Lòria,
4747,Nakaseke District,region,UG,Uganda,True,True,Uganda,UGA,Uganda,UGA.32_1,Lake Victoria,Nakaseke District:Lake Victoria
2602,Dosso Region,region,NE,Niger,True,True,Niger,NER,Niger,NER.3_1,Dosso,Dosso Region:Dosso
2252,Ungheni District,region,MD,Moldova,True,True,"Moldova, Republic of",MDA,Moldova,MDA.37_1,Ungheni,Ungheni District:Ungheni
4784,Lamwo District,region,UG,Uganda,True,True,Uganda,UGA,Uganda,UGA.32_1,Lake Victoria,Lamwo District:Lake Victoria
4792,Nwoya District,region,UG,Uganda,True,True,Uganda,UGA,,,,
1617,Nord-Est Department,region,HT,Haiti,True,True,Haiti,HTI,Haiti,HTI.5_1,Nord-Est,Nord-Est Department:Nord-Est
4623,Hîncești District,region,MD,Moldova,True,True,"Moldova, Republic of",MDA,Moldova,MDA.21_1,Hîncesti,Hîncești District:Hîncesti
3837,Pader District,region,UG,Uganda,True,True,Uganda,UGA,Uganda,UGA.49_1,Pader,Pader District:Pader
2439,Dakhlet Nouadhibou,region,MR,Mauritania,True,True,Mauritania,MRT,Mauritania,MRT.4_1,Dakhlet Nouadhibou,
3823,Iganga District,region,UG,Uganda,True,True,Uganda,UGA,Uganda,UGA.10_1,Iganga,Iganga District:Iganga
2122,Mafeteng District,region,LS,Lesotho,True,True,Lesotho,LSO,Lesotho,LSO.4_1,Mafeteng,Mafeteng District:Mafeteng
4520,Panjshir,region,AF,Afghanistan,True,True,Afghanistan,AFG,Afghanistan,AFG.27_1,Panjshir,
4497,Denguélé District,region,CI,Côte d&#039;Ivoire,True,True,Côte d'Ivoire,CIV,Côte d'Ivoire,CIV.4_1,Denguélé,Denguélé District:Denguélé
4633,Strășeni District,region,MD,Moldova,True,True,"Moldova, Republic of",MDA,Moldova,MDA.33_1,Străşeni,Strășeni District:Străşeni
2124,Mohale's Hoek District,region,LS,Lesotho,True,True,Lesotho,LSO,Lesotho,LSO.6_1,Mohale's Hoek,Mohale's Hoek District:Mohale's Hoek
78,Vayots Dzor Province,region,AM,Armenia,True,True,Armenia,ARM,Armenia,ARM.11_1,Vayots Dzor,Vayots Dzor Province:Vayots Dzor
4634,Ștefan Vodă District,region,MD,Moldova,True,True,"Moldova, Republic of",MDA,Moldova,MDA.32_1,Ştefan Voda,Ștefan Vodă District:Ştefan Voda
166,Lankaran District,region,AZ,Azerbaijan,True,True,Azerbaijan,AZE,Azerbaijan,AZE.6_1,Lankaran,Lankaran District:Lankaran
873,Dajabón Province,region,DO,Dominican Republic,True,True,Dominican Republic,DOM,Dominican Republic,DOM.4_1,Dajabón,Dajabón Province:Dajabón
2245,Transnistria,region,MD,Moldova,True,True,"Moldova, Republic of",MDA,Moldova,MDA.36_1,Transnistria,
4339,Gobustan District,region,AZ,Azerbaijan,True,True,Azerbaijan,AZE,,,,
1582,Intibucá Department,region,HN,Honduras,True,True,Honduras,HND,Honduras,HND.10_1,Intibucá,Intibucá Department:Intibucá
1536,El Progreso Department,region,GT,Guatemala,True,True,Guatemala,GTM,Guatemala,GTM.5_1,El Progreso,El Progreso Department:El Progreso
3901,Lavalleja Department,region,UY,Uruguay,True,True,Uruguay,URY,Uruguay,URY.8_2,Lavalleja,Lavalleja Department:Lavalleja
2746,Dhofar Governorate,region,OM,Oman,True,True,Oman,OMN,,,,
3905,Río Negro Department,region,UY,Uruguay,True,True,Uruguay,URY,Uruguay,URY.12_2,Río Negro,Río Negro Department:Río Negro
1959,Ratanakiri Province,region,KH,Cambodia,True,True,Cambodia,KHM,,,,
1553,Zacapa Department,region,GT,Guatemala,True,True,Guatemala,GTM,Guatemala,GTM.22_1,Zacapa,Zacapa Department:Zacapa
2601,Diffa Region,region,NE,Niger,True,True,Niger,NER,Niger,NER.2_1,Diffa,Diffa Region:Diffa
3040,Ñeembucú Department,region,PY,Paraguay,True,True,Paraguay,PRY,Paraguay,PRY.15_1,Ñeembucú,Ñeembucú Department:Ñeembucú
4706,Ad Dali' Governorate,region,YE,Yemen,True,True,Yemen,YEM,,,,
875,Duarte Province,region,DO,Dominican Republic,True,True,Dominican Republic,DOM,Dominican Republic,DOM.6_1,Duarte,Duarte Province:Duarte
1953,Kratié Province,region,KH,Cambodia,True,True,Cambodia,KHM,,,,
2140,Grevenmacher District,region,LU,Luxembourg,True,True,Luxembourg,LUX,Luxembourg,LUX.2_1,Grevenmacher,Grevenmacher District:Grevenmacher
3486,La Unión Department,region,SV,El Salvador,True,True,El Salvador,SLV,El Salvador,SLV.7_1,La Unión,La Unión Department:La Unión
1956,Pursat Province,region,KH,Cambodia,True,True,Cambodia,KHM,,,,
2180,Sabha District,region,LY,Libya,True,True,Libya,LBY,Libya,LBY.18_1,Sabha,Sabha District:Sabha
3910,Soriano Department,region,UY,Uruguay,True,True,Uruguay,URY,Uruguay,URY.17_2,Soriano,Soriano Department:Soriano
2649,Granada Department,region,NI,Nicaragua,True,True,Nicaragua,NIC,Nicaragua,NIC.8_1,Granada,Granada Department:Granada
2139,Diekirch District,region,LU,Luxembourg,True,True,Luxembourg,LUX,Luxembourg,LUX.1_1,Diekirch,Diekirch District:Diekirch
4688,Dhaulagiri Zone,region,NP,Nepal,True,True,Nepal,NPL,,,,
1546,Retalhuleu Department,region,GT,Guatemala,True,True,Guatemala,GTM,Guatemala,GTM.15_1,Retalhuleu,Retalhuleu Department:Retalhuleu
1957,Preah Vihear Province,region,KH,Cambodia,True,True,Cambodia,KHM,Cambodia,KHM.18_1,Preah Vihéar,Preah Vihear Province:Preah Vihéar
3912,Treinta y Tres Department,region,UY,Uruguay,True,True,Uruguay,URY,Uruguay,URY.19_2,Treinta y Tres,Treinta y Tres Department:Treinta y Tres
3476,Sipaliwini District,region,SR,Suriname,True,True,Suriname,SUR,Suriname,SUR.9_1,Sipaliwini,Sipaliwini District:Sipaliwini
1584,La Paz Department,region,HN,Honduras,True,True,Honduras,HND,Honduras,HND.12_1,La Paz,La Paz Department:La Paz
1616,Nord Department,region,HT,Haiti,True,True,Haiti,HTI,,,,
948,Galápagos Province,region,EC,Ecuador,True,True,Ecuador,ECU,Ecuador,ECU.9_1,Galápagos,Galápagos Province:Galápagos
1586,Ocotepeque Department,region,HN,Honduras,True,True,Honduras,HND,Honduras,HND.14_1,Ocotepeque,Ocotepeque Department:Ocotepeque
23,Helmand,region,AF,Afghanistan,True,True,Afghanistan,AFG,Afghanistan,AFG.11_1,Hilmand,Helmand:Hilmand
4482,Savanes District,region,CI,Côte d&#039;Ivoire,True,True,Côte d'Ivoire,CIV,Côte d'Ivoire,CIV.10_1,Savanes,Savanes District:Savanes
3706,Tunceli Province,region,TR,Turkey,True,True,Turkey,TUR,Turkey,TUR.76_1,Tunceli,
1589,Valle Department,region,HN,Honduras,True,True,Honduras,HND,,,,
524,Orange Walk District,region,BZ,Belize,True,True,Belize,BLZ,Belize,BLZ.4_1,Orange Walk,Orange Walk District:Orange Walk
1585,Lempira Department,region,HN,Honduras,True,True,Honduras,HND,Honduras,HND.13_1,Lempira,Lempira Department:Lempira
1952,Koh Kong Province,region,KH,Cambodia,True,True,Cambodia,KHM,Cambodia,KHM.12_1,Krong Pailin,Koh Kong Province:Krong Pailin
3039,Misiones Department,region,PY,Paraguay,True,True,Paraguay,PRY,Paraguay,PRY.14_1,Misiones,Misiones Department:Misiones
4805,Mbarara District,region,UG,Uganda,True,True,Uganda,UGA,Uganda,UGA.39_1,Mbarara,Mbarara District:Mbarara
4228,Juana Díaz,region,PR,Puerto Rico,True,True,Puerto Rico,PRI,Puerto Rico,PRI.39_1,Juana Díaz,
4757,Jinja District,region,UG,Uganda,True,True,Uganda,UGA,Uganda,UGA.11_1,Jinja,Jinja District:Jinja
5071,Lagunes District,region,CI,Côte d&#039;Ivoire,True,True,Côte d'Ivoire,CIV,Côte d'Ivoire,CIV.7_1,Lagunes,Lagunes District:Lagunes
4167,Tasman District,region,NZ,New Zealand,True,True,New Zealand,NZL,New Zealand,NZL.16_1,Tasman,Tasman District:Tasman
1552,Lomas turbas,region,GT,Guatemala,True,True,Guatemala,GTM,,,,
5065,Gôh-Djiboua District,region,CI,Côte d&#039;Ivoire,True,True,Côte d'Ivoire,CIV,Côte d'Ivoire,CIV.5_1,Gôh-Djiboua,Gôh-Djiboua District:Gôh-Djiboua
3043,San Pedro Department,region,PY,Paraguay,True,True,Paraguay,PRY,Paraguay,PRY.18_1,San Pedro,San Pedro Department:San Pedro
868,Saint Paul Parish,region,DM,Dominica,True,True,Dominica,DMA,Dominica,DMA.9_1,Saint Paul,Saint Paul Parish:Saint Paul
4737,Kalungu District,region,UG,Uganda,True,True,Uganda,UGA,Uganda,UGA.19_1,Kanungu,Kalungu District:Kanungu
4763,Kween District,region,UG,Uganda,True,True,Uganda,UGA,,,,
200,Khizi District,region,AZ,Azerbaijan,True,True,Azerbaijan,AZE,,,,
4619,Dubăsari District,region,MD,Moldova,True,True,"Moldova, Republic of",MDA,Moldova,MDA.15_1,Dubăsari,Dubăsari District:Dubăsari
206,Zangilan District,region,AZ,Azerbaijan,True,True,Azerbaijan,AZE,,,,
4632,Șoldănești District,region,MD,Moldova,True,True,"Moldova, Republic of",MDA,Moldova,MDA.30_1,Şoldăneşti,Șoldănești District:Şoldăneşti
4788,Napak District,region,UG,Uganda,True,True,Uganda,UGA,Uganda,UGA.32_1,Lake Victoria,Napak District:Lake Victoria
4592,Neno District,region,MW,Malawi,True,True,Malawi,MWI,,,,
3825,Kaberamaido District,region,UG,Uganda,True,True,Uganda,UGA,Uganda,UGA.14_1,Kaberamaido,Kaberamaido District:Kaberamaido
189,Samukh District,region,AZ,Azerbaijan,True,True,Azerbaijan,AZE,,,,
4628,Ocnița District,region,MD,Moldova,True,True,"Moldova, Republic of",MDA,,,,
4770,Serere District,region,UG,Uganda,True,True,Uganda,UGA,,,,
4636,Taraclia District,region,MD,Moldova,True,True,"Moldova, Republic of",MDA,Moldova,MDA.34_1,Taraclia,Taraclia District:Taraclia
4743,Lyantonde District,region,UG,Uganda,True,True,Uganda,UGA,Uganda,UGA.32_1,Lake Victoria,Lyantonde District:Lake Victoria
4764,Luuka District,region,UG,Uganda,True,True,Uganda,UGA,Uganda,UGA.32_1,Lake Victoria,Luuka District:Lake Victoria
495,Pemagatshel District,region,BT,Bhutan,True,True,Bhutan,BTN,Bhutan,BTN.9_1,Pema Gatshel,Pemagatshel District:Pema Gatshel
2495,Rumphi District,region,MW,Malawi,True,True,Malawi,MWI,Malawi,MWI.25_1,Rumphi,Rumphi District:Rumphi
4621,Glodeni District,region,MD,Moldova,True,True,"Moldova, Republic of",MDA,Moldova,MDA.20_1,Glodeni,Glodeni District:Glodeni
163,Kalbajar District,region,AZ,Azerbaijan,True,True,Azerbaijan,AZE,Azerbaijan,AZE.5_1,Kalbajar-Lachin,Kalbajar District:Kalbajar-Lachin
4832,Gasa District,region,BT,Bhutan,True,True,Bhutan,BTN,,,,
3821,Sembabule District,region,UG,Uganda,True,True,Uganda,UGA,Uganda,UGA.53_1,Sembabule,Sembabule District:Sembabule
194,Tartar District,region,AZ,Azerbaijan,True,True,Azerbaijan,AZE,,,,
4809,Rubirizi District,region,UG,Uganda,True,True,Uganda,UGA,,,,
4624,Florești District,region,MD,Moldova,True,True,"Moldova, Republic of",MDA,Moldova,MDA.18_1,Floreşti,Florești District:Floreşti
4811,Kiryandongo District,region,UG,Uganda,True,True,Uganda,UGA,,,,
4648,Dondușeni District,region,MD,Moldova,True,True,"Moldova, Republic of",MDA,Moldova,MDA.13_1,Donduseni,Dondușeni District:Donduseni
4625,Leova District,region,MD,Moldova,True,True,"Moldova, Republic of",MDA,Moldova,MDA.23_1,Leova,Leova District:Leova
4758,Kaliro District,region,UG,Uganda,True,True,Uganda,UGA,,,,
4912,Meneng District,region,NR,Nauru,True,True,Nauru,NRU,Nauru,NRU.11_1,Meneng,Meneng District:Meneng
4782,Kole District,region,UG,Uganda,True,True,Uganda,UGA,,,,
869,Saint Peter Parish,region,DM,Dominica,True,True,Dominica,DMA,Dominica,DMA.10_1,Saint Peter,Saint Peter Parish:Saint Peter
4591,Likoma District,region,MW,Malawi,True,True,Malawi,MWI,Malawi,MWI.10_1,Likoma,Likoma District:Likoma
4519,Daykundi,region,AF,Afghanistan,True,True,Afghanistan,AFG,Afghanistan,AFG.6_1,Daykundi,
4917,Yaren District,region,NR,Nauru,True,True,Nauru,NRU,Nauru,NRU.14_1,Yaren,Yaren District:Yaren
4911,Ewa District,region,NR,Nauru,True,True,Nauru,NRU,,,,
4786,Maracha District,region,UG,Uganda,True,True,Uganda,UGA,,,,
4790,Otuke District,region,UG,Uganda,True,True,Uganda,UGA,Uganda,UGA.32_1,Lake Victoria,Otuke District:Lake Victoria
153,Dashkasan District,region,AZ,Azerbaijan,True,True,Azerbaijan,AZE,,,,
4874,Denigomodu District,region,NR,Nauru,True,True,Nauru,NRU,Nauru,NRU.8_1,Denigomodu,Denigomodu District:Denigomodu
4333,Lefkoşa District,region,CY,Cyprus,True,True,Cyprus,CYP,,,,
165,Lachin District,region,AZ,Azerbaijan,True,True,Azerbaijan,AZE,,,,
3955,Federal Dependencies of Venezuela,region,VE,Venezuela,True,True,"Venezuela, Bolivarian Republic of",VEN,Venezuela,VEN.10_1,Dependencias Federales,Federal Dependencies of Venezuela:Dependencias Federales
4914,Nibok District,region,NR,Nauru,True,True,Nauru,NRU,Nauru,NRU.12_1,Nibok,Nibok District:Nibok
4199,Kuna de Madugandí,region,PA,Panama,True,True,Panama,PAN,Panama,PAN.8_1,Kuna Yala,Kuna de Madugandí:Kuna Yala
4200,Kuna de Wargandí,region,PA,Panama,True,True,Panama,PAN,Panama,PAN.8_1,Kuna Yala,Kuna de Wargandí:Kuna Yala
492,Lhuntse District,region,BT,Bhutan,True,True,Bhutan,BTN,Bhutan,BTN.6_1,Lhuentse,Lhuntse District:Lhuentse
2504,Phalombe District,region,MW,Malawi,True,True,Malawi,MWI,Malawi,MWI.24_1,Phalombe,Phalombe District:Phalombe
3819,Katakwi District,region,UG,Uganda,True,True,Uganda,UGA,Uganda,UGA.22_1,Katakwi,Katakwi District:Katakwi
4796,Zombo District,region,UG,Uganda,True,True,Uganda,UGA,,,,
3836,Nakapiripirit District,region,UG,Uganda,True,True,Uganda,UGA,Uganda,UGA.45_1,Nakapiripirit,Nakapiripirit District:Nakapiripirit
4807,Ntoroko District,region,UG,Uganda,True,True,Uganda,UGA,,,,
4783,Kotido District,region,UG,Uganda,True,True,Uganda,UGA,Uganda,UGA.28_1,Kotido,Kotido District:Kotido
867,Saint Patrick Parish,region,DM,Dominica,True,True,Dominica,DMA,Dominica,DMA.8_1,Saint Patrick,Saint Patrick Parish:Saint Patrick
4766,Namayingo District,region,UG,Uganda,True,True,Uganda,UGA,Uganda,UGA.45_1,Nakapiripirit,Namayingo District:Nakapiripirit
866,Saint Mark Parish,region,DM,Dominica,True,True,Dominica,DMA,Dominica,DMA.7_1,Saint Mark,Saint Mark Parish:Saint Mark
4761,Kibuku District,region,UG,Uganda,True,True,Uganda,UGA,,,,
865,Saint Luke Parish,region,DM,Dominica,True,True,Dominica,DMA,Dominica,DMA.6_1,Saint Luke,Saint Luke Parish:Saint Luke
2493,Nsanje District,region,MW,Malawi,True,True,Malawi,MWI,Malawi,MWI.21_1,Nsanje,Nsanje District:Nsanje
3471,Marowijne District,region,SR,Suriname,True,True,Suriname,SUR,Suriname,SUR.4_1,Marowijne,Marowijne District:Marowijne
181,Qusar District,region,AZ,Azerbaijan,True,True,Azerbaijan,AZE,,,,
502,Trongsa District,region,BT,Bhutan,True,True,Bhutan,BTN,Bhutan,BTN.16_1,Trongsa,Trongsa District:Trongsa
4802,Kiruhura District,region,UG,Uganda,True,True,Uganda,UGA,,,,
4794,Kibale District,region,UG,Uganda,True,True,Uganda,UGA,Uganda,UGA.24_1,Kibale,Kibale District:Kibale
490,Sarpang District,region,BT,Bhutan,True,True,Bhutan,BTN,Bhutan,BTN.13_1,Sarpang,Sarpang District:Sarpang
491,Haa District,region,BT,Bhutan,True,True,Bhutan,BTN,,,,
4631,Sîngerei District,region,MD,Moldova,True,True,"Moldova, Republic of",MDA,Moldova,MDA.29_1,Sîngerei,Sîngerei District:Sîngerei
4803,Kisoro District,region,UG,Uganda,True,True,Uganda,UGA,Uganda,UGA.26_1,Kisoro,Kisoro District:Kisoro
208,Zardab District,region,AZ,Azerbaijan,True,True,Azerbaijan,AZE,,,,
2751,Darién Province,region,PA,Panama,True,True,Panama,PAN,Panama,PAN.5_1,Darién,Darién Province:Darién
4771,Tororo District,region,UG,Uganda,True,True,Uganda,UGA,Uganda,UGA.56_1,Tororo,Tororo District:Tororo
4627,Nisporeni District,region,MD,Moldova,True,True,"Moldova, Republic of",MDA,Moldova,MDA.24_1,Nisporeni,Nisporeni District:Nisporeni
2125,Mokhotlong District,region,LS,Lesotho,True,True,Lesotho,LSO,Lesotho,LSO.7_1,Mokhotlong,Mokhotlong District:Mokhotlong
2250,Soroca District,region,MD,Moldova,True,True,"Moldova, Republic of",MDA,Moldova,MDA.31_1,Soroca,Soroca District:Soroca
3831,Mayuge District,region,UG,Uganda,True,True,Uganda,UGA,Uganda,UGA.37_1,Mayuge,Mayuge District:Mayuge
3626,Daşoguz Region,region,TM,Turkmenistan,True,True,Turkmenistan,TKM,Turkmenistan,TKM.6_1,Daşoguz,Daşoguz Region:Daşoguz
187,Shamakhi District,region,AZ,Azerbaijan,True,True,Azerbaijan,AZE,,,,
158,Goranboy District,region,AZ,Azerbaijan,True,True,Azerbaijan,AZE,,,,
1612,Nord-Ouest Department,region,HT,Haiti,True,True,Haiti,HTI,Haiti,HTI.6_1,Nord-Ouest,Nord-Ouest Department:Nord-Ouest
201,Khojaly District,region,AZ,Azerbaijan,True,True,Azerbaijan,AZE,,,,
2484,Karonga District,region,MW,Malawi,True,True,Malawi,MWI,Malawi,MWI.8_1,Karonga,Karonga District:Karonga
1060,Eastern Division,region,FJ,Fiji,True,True,Fiji,FJI,Fiji,FJI.2_1,Eastern,Eastern Division:Eastern
2483,Dowa District,region,MW,Malawi,True,True,Malawi,MWI,,,,
1352,Saint David Parish,region,GD,Grenada,True,True,Grenada,GRD,Grenada,GRD.3_1,Saint David,Saint David Parish:Saint David
4635,Telenești District,region,MD,Moldova,True,True,"Moldova, Republic of",MDA,Moldova,MDA.35_1,Teleneşti,Telenești District:Teleneşti
183,Sabirabad District,region,AZ,Azerbaijan,True,True,Azerbaijan,AZE,,,,
4629,Rezina District,region,MD,Moldova,True,True,"Moldova, Republic of",MDA,Moldova,MDA.27_1,Rezina,Rezina District:Rezina
160,Hajigabul District,region,AZ,Azerbaijan,True,True,Azerbaijan,AZE,,,,
4742,Lwengo District,region,UG,Uganda,True,True,Uganda,UGA,,,,
864,Saint Joseph Parish,region,DM,Dominica,True,True,Dominica,DMA,Dominica,DMA.5_1,Saint Joseph,Saint Joseph Parish:Saint Joseph
861,Saint David Parish,region,DM,Dominica,True,True,Dominica,DMA,Dominica,DMA.2_1,Saint David,Saint David Parish:Saint David
204,Yevlakh District,region,AZ,Azerbaijan,True,True,Azerbaijan,AZE,,,,
2246,Edineț District,region,MD,Moldova,True,True,"Moldova, Republic of",MDA,,,,
3833,Moroto District,region,UG,Uganda,True,True,Uganda,UGA,Uganda,UGA.40_1,Moroto,Moroto District:Moroto
4791,Oyam District,region,UG,Uganda,True,True,Uganda,UGA,,,,
4833,Trashiyangtse District,region,BT,Bhutan,True,True,Bhutan,BTN,Bhutan,BTN.19_1,Trashi Yangtse,Trashiyangtse District:Trashi Yangtse
2481,Thyolo District,region,MW,Malawi,True,True,Malawi,MWI,Malawi,MWI.27_1,Thyolo,Thyolo District:Thyolo
4630,Rîșcani District,region,MD,Moldova,True,True,"Moldova, Republic of",MDA,Moldova,MDA.28_1,Rîşcani,Rîșcani District:Rîşcani
2494,Ntchisi District,region,MW,Malawi,True,True,Malawi,MWI,Malawi,MWI.23_1,Ntchisi,Ntchisi District:Ntchisi
4762,Kumi District,region,UG,Uganda,True,True,Uganda,UGA,,,,
4564,Nippes Department,region,HT,Haiti,True,True,Haiti,HTI,Haiti,HTI.4_1,Nippes,Nippes Department:Nippes
4620,Drochia District,region,MD,Moldova,True,True,"Moldova, Republic of",MDA,Moldova,MDA.14_1,Drochia,Drochia District:Drochia
4760,Kapchorwa District,region,UG,Uganda,True,True,Uganda,UGA,Uganda,UGA.20_1,Kapchorwa,Kapchorwa District:Kapchorwa
196,Ujar District,region,AZ,Azerbaijan,True,True,Azerbaijan,AZE,,,,
4622,Fălești District,region,MD,Moldova,True,True,"Moldova, Republic of",MDA,Moldova,MDA.17_1,Făleşti,Fălești District:Făleşti
199,Goygol District,region,AZ,Azerbaijan,True,True,Azerbaijan,AZE,,,,
863,Saint John Parish,region,DM,Dominica,True,True,Dominica,DMA,Dominica,DMA.4_1,Saint John,Saint John Parish:Saint John
3041,Paraguarí Department,region,PY,Paraguay,True,True,Paraguay,PRY,Paraguay,PRY.16_1,Paraguarí,Paraguarí Department:Paraguarí
1010,Damietta Governorate,region,EG,Egypt,True,True,Egypt,EGY,,,,
1687,South Sumatra,region,ID,Indonesia,True,True,Indonesia,IDN,Indonesia,IDN.31_1,Sumatera Selatan,South Sumatra:Sumatera Selatan
4006,Thừa Thiên-Huế,region,VN,Vietnam,True,True,Viet Nam,VNM,Vietnam,VNM.54_1,Thừa Thiên Huế,Thừa Thiên-Huế:Thừa Thiên Huế
2141,Luxembourg District,region,LU,Luxembourg,True,True,Luxembourg,LUX,Luxembourg,LUX.3_1,Luxembourg,Luxembourg District:Luxembourg
113,Salta Province,region,AR,Argentina,True,True,Argentina,ARG,Argentina,ARG.21_1,Santa Fe,Salta Province:Santa Fe
1769,Karbala Governorate,region,IQ,Iraq,True,True,Iraq,IRQ,Iraq,IRQ.14_1,Karbala',Karbala Governorate:Karbala'
1014,Sohag Governorate,region,EG,Egypt,True,True,Egypt,EGY,,,,
2744,Muscat Governorate,region,OM,Oman,True,True,Oman,OMN,,,,
3976,Đắk Lắk,region,VN,Vietnam,True,True,Viet Nam,VNM,Vietnam,VNM.15_1,Đắk Lắk,
4284,Santo Domingo Province,region,DO,Dominican Republic,True,True,Dominican Republic,DOM,Dominican Republic,DOM.31_1,Santo Domingo,Santo Domingo Province:Santo Domingo
2006,Gyeonggi-do,region,KR,South Korea,True,True,"Korea, Republic of",KOR,South Korea,KOR.8_1,Gyeonggi-do,
2514,Durango,region,MX,Mexico,True,True,Mexico,MEX,México,MEX.10_1,Durango,
3638,Nabeul Governorate,region,TN,Tunisia,True,True,Tunisia,TUN,,,,
2453,Port Louis District,region,MU,Mauritius,True,True,Mauritius,MUS,Mauritius,MUS.8_1,Port Louis,Port Louis District:Port Louis
3965,Lâm Đồng,region,VN,Vietnam,True,True,Viet Nam,VNM,Vietnam,VNM.37_1,Lâm Đồng,
3977,Đồng Nai,region,VN,Vietnam,True,True,Viet Nam,VNM,Vietnam,VNM.17_1,Đồng Nai,
1618,Ouest Department,region,HT,Haiti,True,True,Haiti,HTI,,,,
754,Guanacaste Province,region,CR,Costa Rica,True,True,Costa Rica,CRI,Costa Rica,CRI.3_1,Guanacaste,Guanacaste Province:Guanacaste
2002,Gangwon-do,region,KR,South Korea,True,True,"Korea, Republic of",KOR,South Korea,KOR.6_1,Gangwon-do,
4149,Nam Định,region,VN,Vietnam,True,True,Viet Nam,VNM,Vietnam,VNM.40_1,Nam Định,
3642,Medenine Governorate,region,TN,Tunisia,True,True,Tunisia,TUN,,,,
965,Tungurahua Province,region,EC,Ecuador,True,True,Ecuador,ECU,Ecuador,ECU.23_1,Tungurahua,Tungurahua Province:Tungurahua
910,Tlemcen Province,region,DZ,Algeria,True,True,Algeria,DZA,Algeria,DZA.48_1,Tlemcen,Tlemcen Province:Tlemcen
3967,Quảng Nam,region,VN,Vietnam,True,True,Viet Nam,VNM,Vietnam,VNM.47_1,Quảng Nam,
1565,Demerara-Mahaica,region,GY,Guyana,True,True,Guyana,GUY,Guyana,GUY.3_1,Demerara-Mahaica,
946,Tipasa Province,region,DZ,Algeria,True,True,Algeria,DZA,,,,
961,Manabí Province,region,EC,Ecuador,True,True,Ecuador,ECU,Ecuador,ECU.14_1,Manabi,Manabí Province:Manabi
944,Tamanrasset Province,region,DZ,Algeria,True,True,Algeria,DZA,Algeria,DZA.41_1,Tamanghasset,Tamanrasset Province:Tamanghasset
3968,Quảng Ninh,region,VN,Vietnam,True,True,Viet Nam,VNM,Vietnam,VNM.49_1,Quảng Ninh,
3694,Muğla Province,region,TR,Turkey,True,True,Turkey,TUR,,,,
1951,Kandal Province,region,KH,Cambodia,True,True,Cambodia,KHM,,,,
2195,Misrata District,region,LY,Libya,True,True,Libya,LBY,Libya,LBY.15_1,Misratah,Misrata District:Misratah
3726,Gaziantep Province,region,TR,Turkey,True,True,Turkey,TUR,Turkey,TUR.33_1,Gaziantep,
3982,Vĩnh Phúc,region,VN,Vietnam,True,True,Viet Nam,VNM,Vietnam,VNM.62_1,Vĩnh Phúc,
1538,Guatemala Department,region,GT,Guatemala,True,True,Guatemala,GTM,Guatemala,GTM.7_1,Guatemala,Guatemala Department:Guatemala
2534,Veracruz,region,MX,Mexico,True,True,Mexico,MEX,México,MEX.30_1,Veracruz,
4155,Da Nang,region,VN,Vietnam,True,True,Viet Nam,VNM,Vietnam,VNM.19_1,Đà Nẵng,Da Nang:Đà Nẵng
2939,Punjab,region,PK,Pakistan,True,True,Pakistan,PAK,Pakistan,PAK.7_1,Punjab,
831,North Rhine-Westphalia,region,DE,Germany,True,True,Germany,DEU,Germany,DEU.10_1,Nordrhein-Westfalen,North Rhine-Westphalia:Nordrhein-Westfalen
3903,Montevideo Department,region,UY,Uruguay,True,True,Uruguay,URY,Uruguay,URY.10_2,Montevideo,Montevideo Department:Montevideo
1580,Francisco Morazán Department,region,HN,Honduras,True,True,Honduras,HND,Honduras,HND.8_1,Francisco Morazán,Francisco Morazán Department:Francisco Morazán
3640,Sousse Governorate,region,TN,Tunisia,True,True,Tunisia,TUN,,,,
109,Mendoza,region,AR,Argentina,True,True,Argentina,ARG,Argentina,ARG.13_1,Mendoza,
4388,Souss-Massa-Drâa,region,MA,Morocco,True,True,Morocco,MAR,Morocco,MAR.12_1,Souss - Massa - Draâ,Souss-Massa-Drâa:Souss - Massa - Draâ
874,Distrito Nacional,region,DO,Dominican Republic,True,True,Dominican Republic,DOM,Dominican Republic,DOM.5_1,Distrito Nacional,
2520,Michoacán de Ocampo,region,MX,Mexico,True,True,Mexico,MEX,México,MEX.16_1,Michoacán,Michoacán de Ocampo:Michoacán
3442,Dakar,region,SN,Senegal,True,True,Senegal,SEN,Senegal,SEN.1_1,Dakar,
3684,İzmir Province,region,TR,Turkey,True,True,Turkey,TUR,Turkey,TUR.41_1,Izmir,
4147,Hưng Yên,region,VN,Vietnam,True,True,Viet Nam,VNM,Vietnam,VNM.31_1,Hưng Yên,
906,Saïda Province,region,DZ,Algeria,True,True,Algeria,DZA,Algeria,DZA.36_1,Saïda,Saïda Province:Saïda
3898,Durazno Department,region,UY,Uruguay,True,True,Uruguay,URY,Uruguay,URY.5_2,Durazno,Durazno Department:Durazno
2651,León Department,region,NI,Nicaragua,True,True,Nicaragua,NIC,,,,
1590,Yoro Department,region,HN,Honduras,True,True,Honduras,HND,,,,
1539,Huehuetenango Department,region,GT,Guatemala,True,True,Guatemala,GTM,Guatemala,GTM.8_1,Huehuetenango,Huehuetenango Department:Huehuetenango
1545,Quiché Department,region,GT,Guatemala,True,True,Guatemala,GTM,Guatemala,GTM.14_1,Quiché,Quiché Department:Quiché
501,Thimphu District,region,BT,Bhutan,True,True,Bhutan,BTN,Bhutan,BTN.14_1,Thimphu,Thimphu District:Thimphu
4000,Ninh Thuận,region,VN,Vietnam,True,True,Viet Nam,VNM,Vietnam,VNM.43_1,Ninh Thuận,
3900,Florida Department,region,UY,Uruguay,True,True,Uruguay,URY,Uruguay,URY.7_2,Florida,Florida Department:Florida
3691,Malatya Province,region,TR,Turkey,True,True,Turkey,TUR,Turkey,TUR.55_1,Malatya,
1948,Kampong Speu Province,region,KH,Cambodia,True,True,Cambodia,KHM,,,,
4142,Gorontalo,region,ID,Indonesia,True,True,Indonesia,IDN,Indonesia,IDN.6_1,Gorontalo,
1063,Western Division,region,FJ,Fiji,True,True,Fiji,FJI,Fiji,FJI.5_1,Western,Western Division:Western
1054,Lapland,region,FI,Finland,True,True,Finland,FIN,Finland,FIN.2_1,Lapland,
433,Oruro Department,region,BO,Bolivia,True,True,"Bolivia, Plurinational State of",BOL,,,,
1949,Kampong Thom Province,region,KH,Cambodia,True,True,Cambodia,KHM,Cambodia,KHM.6_1,Kâmpóng Thum,Kampong Thom Province:Kâmpóng Thum
939,Mila Province,region,DZ,Algeria,True,True,Algeria,DZA,,,,
2617,Imo,region,NG,Nigeria,True,True,Nigeria,NGA,Nigeria,NGA.17_1,Imo,
1954,Mondulkiri Province,region,KH,Cambodia,True,True,Cambodia,KHM,,,,
1587,Olancho Department,region,HN,Honduras,True,True,Honduras,HND,Honduras,HND.15_1,Olancho,Olancho Department:Olancho
4154,Đắk Nông,region,VN,Vietnam,True,True,Viet Nam,VNM,Vietnam,VNM.16_1,Đắk Nông,
890,San Pedro de Macorís,region,DO,Dominican Republic,True,True,Dominican Republic,DOM,Dominican Republic,DOM.27_1,San Pedro de Macorís,
4843,N'Djamena,region,TD,Chad,True,True,Chad,TCD,Chad,TCD.22_1,Ville de N'Djamena,N'Djamena:Ville de N'Djamena
3906,Rivera Department,region,UY,Uruguay,True,True,Uruguay,URY,Uruguay,URY.13_2,Rivera,Rivera Department:Rivera
3904,Paysandú Department,region,UY,Uruguay,True,True,Uruguay,URY,Uruguay,URY.11_2,Paysandú,Paysandú Department:Paysandú
2192,Derna District,region,LY,Libya,True,True,Libya,LBY,,,,
1551,Suchitepéquez Department,region,GT,Guatemala,True,True,Guatemala,GTM,Guatemala,GTM.20_1,Suchitepéquez,Suchitepéquez Department:Suchitepéquez
30,Nangarhar,region,AF,Afghanistan,True,True,Afghanistan,AFG,Afghanistan,AFG.22_1,Nangarhar,
880,La Romana Province,region,DO,Dominican Republic,True,True,Dominican Republic,DOM,Dominican Republic,DOM.13_1,La Romana,La Romana Province:La Romana
1540,Izabal Department,region,GT,Guatemala,True,True,Guatemala,GTM,Guatemala,GTM.9_1,Izabal,Izabal Department:Izabal
1549,Santa Rosa Department,region,GT,Guatemala,True,True,Guatemala,GTM,Guatemala,GTM.18_1,Santa Rosa,Santa Rosa Department:Santa Rosa
3908,Salto Department,region,UY,Uruguay,True,True,Uruguay,URY,,,,
2658,Rivas Department,region,NI,Nicaragua,True,True,Nicaragua,NIC,,,,
3675,Elazığ Province,region,TR,Turkey,True,True,Turkey,TUR,Turkey,TUR.29_1,Elazığ,
1550,Sololá Department,region,GT,Guatemala,True,True,Guatemala,GTM,Guatemala,GTM.19_1,Sololá,Sololá Department:Sololá
1950,Kampot Province,region,KH,Cambodia,True,True,Cambodia,KHM,,,,
3708,Uşak Province,region,TR,Turkey,True,True,Turkey,TUR,,,,
1548,San Marcos Department,region,GT,Guatemala,True,True,Guatemala,GTM,Guatemala,GTM.17_1,San Marcos,San Marcos Department:San Marcos
3485,La Paz Department,region,SV,El Salvador,True,True,El Salvador,SLV,El Salvador,SLV.6_1,La Paz,La Paz Department:La Paz
3907,Rocha Department,region,UY,Uruguay,True,True,Uruguay,URY,,,,
3037,Guairá Department,region,PY,Paraguay,True,True,Paraguay,PRY,Paraguay,PRY.12_1,Guairá,Guairá Department:Guairá
3677,Erzurum Province,region,TR,Turkey,True,True,Turkey,TUR,Turkey,TUR.31_1,Erzurum,
3038,Itapúa,region,PY,Paraguay,True,True,Paraguay,PRY,Paraguay,PRY.13_1,Itapúa,
1765,Dohuk Governorate,region,IQ,Iraq,True,True,Iraq,IRQ,,,,
4324,Drava Statistical Region,region,SI,Slovenia,True,True,Slovenia,SVN,,,,
4204,Santo Domingo de los Tsáchilas Province,region,EC,Ecuador,True,True,Ecuador,ECU,Ecuador,ECU.21_1,Santo Domingo de los Tsachilas,Santo Domingo de los Tsáchilas Province:Santo Domingo de los Tsachilas
3902,Maldonado Department,region,UY,Uruguay,True,True,Uruguay,URY,Uruguay,URY.9_2,Maldonado,Maldonado Department:Maldonado
904,Mostaganem Province,region,DZ,Algeria,True,True,Algeria,DZA,Algeria,DZA.30_1,Mostaganem,Mostaganem Province:Mostaganem
4153,Phú Thọ,region,VN,Vietnam,True,True,Viet Nam,VNM,Vietnam,VNM.44_1,Phú Thọ,
1547,Sacatepéquez Department,region,GT,Guatemala,True,True,Guatemala,GTM,Guatemala,GTM.16_1,Sacatepéquez,Sacatepéquez Department:Sacatepéquez
3973,Tiền Giang,region,VN,Vietnam,True,True,Viet Nam,VNM,Vietnam,VNM.58_1,Tiền Giang,
3979,Kiên Giang,region,VN,Vietnam,True,True,Viet Nam,VNM,Vietnam,VNM.33_1,Kiên Giang,
3692,Manisa Province,region,TR,Turkey,True,True,Turkey,TUR,Turkey,TUR.56_1,Manisa,
531,Newfoundland and Labrador,region,CA,Canada,True,True,Canada,CAN,Canada,CAN.5_1,Newfoundland and Labrador,
1665,Jambi,region,ID,Indonesia,True,True,Indonesia,IDN,Indonesia,IDN.8_1,Jambi,
1767,Diyala Governorate,region,IQ,Iraq,True,True,Iraq,IRQ,,,,
909,Tizi Ouzou Province,region,DZ,Algeria,True,True,Algeria,DZA,Algeria,DZA.47_1,Tizi Ouzou,Tizi Ouzou Province:Tizi Ouzou
955,El Oro Province,region,EC,Ecuador,True,True,Ecuador,ECU,Ecuador,ECU.7_1,El Oro,El Oro Province:El Oro
3672,Denizli Province,region,TR,Turkey,True,True,Turkey,TUR,Turkey,TUR.25_1,Denizli,
1544,Quetzaltenango Department,region,GT,Guatemala,True,True,Guatemala,GTM,Guatemala,GTM.13_1,Quezaltenango,Quetzaltenango Department:Quezaltenango
2660,Drenthe,region,NL,Netherlands,True,True,Netherlands,NLD,Netherlands,NLD.1_1,Drenthe,
1695,Donegal,region,IE,Ireland,True,True,Ireland,IRL,Ireland,IRL.5_1,Donegal,
2008,Daegu,region,KR,South Korea,True,True,"Korea, Republic of",KOR,South Korea,KOR.4_1,Daegu,
2197,Sirte District,region,LY,Libya,True,True,Libya,LBY,,,,
908,Tiaret Province,region,DZ,Algeria,True,True,Algeria,DZA,Algeria,DZA.43_1,Tiaret,Tiaret Province:Tiaret
2012,Daejeon,region,KR,South Korea,True,True,"Korea, Republic of",KOR,South Korea,KOR.5_1,Daejeon,
2179,Murzuq District,region,LY,Libya,True,True,Libya,LBY,Libya,LBY.16_1,Murzuq,Murzuq District:Murzuq
4293,Islands District,region,HK,Hong Kong,True,True,Hong Kong,HKG,,,,
2013,Gyeongsangnam-do,region,KR,South Korea,True,True,"Korea, Republic of",KOR,South Korea,KOR.10_1,Gyeongsangnam-do,
1537,Escuintla Department,region,GT,Guatemala,True,True,Guatemala,GTM,Guatemala,GTM.6_1,Escuintla,Escuintla Department:Escuintla
1579,El Paraíso Department,region,HN,Honduras,True,True,Honduras,HND,Honduras,HND.7_1,El Paraíso,El Paraíso Department:El Paraíso
4449,Nalut District,region,LY,Libya,True,True,Libya,LBY,Libya,LBY.17_1,Nalut,Nalut District:Nalut
1668,Papua,region,ID,Indonesia,True,True,Indonesia,IDN,Indonesia,IDN.23_1,Papua,
3026,Vila Real District,region,PT,Portugal,True,True,Portugal,PRT,Portugal,PRT.19_1,Vila Real,Vila Real District:Vila Real
923,Skikda Province,region,DZ,Algeria,True,True,Algeria,DZA,Algeria,DZA.39_1,Skikda,Skikda Province:Skikda
3673,Diyarbakır Province,region,TR,Turkey,True,True,Turkey,TUR,Turkey,TUR.26_1,Diyarbakir,
3015,Évora District,region,PT,Portugal,True,True,Portugal,PRT,Portugal,PRT.8_1,Évora,Évora District:Évora
916,Guelma Province,region,DZ,Algeria,True,True,Algeria,DZA,Algeria,DZA.21_1,Guelma,Guelma Province:Guelma
3707,Şanlıurfa Province,region,TR,Turkey,True,True,Turkey,TUR,Turkey,TUR.68_1,Sanliurfa,
3978,Đồng Tháp,region,VN,Vietnam,True,True,Viet Nam,VNM,Vietnam,VNM.18_1,Đồng Tháp,
4913,Ijuw District,region,NR,Nauru,True,True,Nauru,NRU,,,,
815,Karlovy Vary Region,region,CZ,Czech Republic,True,True,Czechia,CZE,Czechia,CZE.3_1,Karlovarský,Karlovy Vary Region:Karlovarský
3687,Kırklareli Province,region,TR,Turkey,True,True,Turkey,TUR,Turkey,TUR.50_1,Kirklareli,
4972,Satakunta,region,FI,Finland,True,True,Finland,FIN,,,,
3716,Niğde Province,region,TR,Turkey,True,True,Turkey,TUR,Turkey,TUR.62_1,Nigde,
2589,Erongo Region,region,,Namibia,True,True,Namibia,NAM,Namibia,NAM.2_1,Erongo,Erongo Region:Erongo
4973,Etelä-Savo,region,FI,Finland,True,True,Finland,FIN,,,,
4974,Pohjois-Savo,region,FI,Finland,True,True,Finland,FIN,,,,
2366,Vasilevo Municipality,region,MK,Macedonia,True,True,North Macedonia,MKD,North Macedonia,MKD.76_1,Vasilevo,Vasilevo Municipality:Vasilevo
2640,Ekiti,region,NG,Nigeria,True,True,Nigeria,NGA,Nigeria,NGA.13_1,Ekiti,
3734,Osmaniye Province,region,TR,Turkey,True,True,Turkey,TUR,Turkey,TUR.64_1,Osmaniye,
3947,Monagas,region,VE,Venezuela,True,True,"Venezuela, Bolivarian Republic of",VEN,Venezuela,VEN.17_1,Monagas,
2643,Zamfara,region,NG,Nigeria,True,True,Nigeria,NGA,Nigeria,NGA.37_1,Zamfara,
3688,Kırşehir Province,region,TR,Turkey,True,True,Turkey,TUR,Turkey,TUR.51_1,Kirsehir,
4969,Kymenlaakso,region,FI,Finland,True,True,Finland,FIN,,,,
1887,Ehime Prefecture,region,JP,Japan,True,True,Japan,JPN,,,,
3942,Falcón,region,VE,Venezuela,True,True,"Venezuela, Bolivarian Republic of",VEN,Venezuela,VEN.12_1,Falcón,
2345,Rosoman Municipality,region,MK,Macedonia,True,True,North Macedonia,MKD,North Macedonia,MKD.62_1,Rosoman,Rosoman Municipality:Rosoman
3950,Sucre,region,VE,Venezuela,True,True,"Venezuela, Bolivarian Republic of",VEN,Venezuela,VEN.20_1,Sucre,
4315,Southeast Slovenia Statistical Region,region,SI,Slovenia,True,True,Slovenia,SVN,,,,
4970,Tavastia Proper,region,FI,Finland,True,True,Finland,FIN,,,,
3710,Yozgat Province,region,TR,Turkey,True,True,Turkey,TUR,Turkey,TUR.80_1,Yozgat,
4129,Ostrobothnia,region,FI,Finland,True,True,Finland,FIN,,,,
2642,Nasarawa,region,NG,Nigeria,True,True,Nigeria,NGA,Nigeria,NGA.26_1,Nasarawa,
3733,Kilis Province,region,TR,Turkey,True,True,Turkey,TUR,Turkey,TUR.48_1,Kilis,
3948,Nueva Esparta,region,VE,Venezuela,True,True,"Venezuela, Bolivarian Republic of",VEN,Venezuela,VEN.18_1,Nueva Esparta,
4126,Southern Ostrobothnia,region,FI,Finland,True,True,Finland,FIN,Finland,FIN.4_1,Southern Finland,Southern Ostrobothnia:Southern Finland
2635,Plateau,region,NG,Nigeria,True,True,Nigeria,NGA,Nigeria,NGA.32_1,Plateau,
3697,Ordu Province,region,TR,Turkey,True,True,Turkey,TUR,Turkey,TUR.63_1,Ordu,
4203,Santa Elena Province,region,EC,Ecuador,True,True,Ecuador,ECU,Ecuador,ECU.20_1,Santa Elena,Santa Elena Province:Santa Elena
4438,Eastern Province,region,LK,Sri Lanka,True,True,Sri Lanka,LKA,,,,Eastern Province:Eastern
3693,Kahramanmaraş Province,region,TR,Turkey,True,True,Turkey,TUR,,,,
937,Illizi Province,region,DZ,Algeria,True,True,Algeria,DZA,Algeria,DZA.22_1,Illizi,Illizi Province:Illizi
3951,Táchira,region,VE,Venezuela,True,True,"Venezuela, Bolivarian Republic of",VEN,Venezuela,VEN.21_1,Táchira,
3698,Rize Province,region,TR,Turkey,True,True,Turkey,TUR,Turkey,TUR.65_1,Rize,
942,Relizane Province,region,DZ,Algeria,True,True,Algeria,DZA,Algeria,DZA.35_1,Relizane,Relizane Province:Relizane
3728,Zonguldak Province,region,TR,Turkey,True,True,Turkey,TUR,Turkey,TUR.81_1,Zinguldak,
2619,Kwara,region,NG,Nigeria,True,True,Nigeria,NGA,Nigeria,NGA.24_1,Kwara,
1934,North Eastern Province,region,KE,Kenya,True,True,Kenya,KEN,,,,
3943,Guárico,region,VE,Venezuela,True,True,"Venezuela, Bolivarian Republic of",VEN,Venezuela,VEN.13_1,Guárico,
2337,Petrovec Municipality,region,MK,Macedonia,True,True,North Macedonia,MKD,North Macedonia,MKD.55_1,Petrovec,Petrovec Municipality:Petrovec
590,Neuchatel,region,CH,Switzerland,True,True,Switzerland,CHE,Switzerland,CHE.13_1,Neuchâtel,Neuchatel:Neuchâtel
3735,Yalova Province,region,TR,Turkey,True,True,Turkey,TUR,Turkey,TUR.79_1,Yalova,
3704,Tokat Province,region,TR,Turkey,True,True,Turkey,TUR,Turkey,TUR.74_1,Tokat,
3674,Edirne Province,region,TR,Turkey,True,True,Turkey,TUR,Turkey,TUR.28_1,Edirne,
2329,Novaci Municipality,region,MK,Macedonia,True,True,North Macedonia,MKD,,,,
3721,Karaman Province,region,TR,Turkey,True,True,Turkey,TUR,Turkey,TUR.44_1,Karaman,
3702,Sivas Province,region,TR,Turkey,True,True,Turkey,TUR,Turkey,TUR.72_1,Sivas,
4675,Kavango East Region,region,,Namibia,True,True,Namibia,NAM,Namibia,NAM.4_1,Kavango,Kavango East Region:Kavango
1479,Litoral Province,region,GQ,Equatorial Guinea,True,True,Equatorial Guinea,GNQ,Equatorial Guinea,GNQ.6_1,Litoral,Litoral Province:Litoral
4721,Kaffrine,region,SN,Senegal,True,True,Senegal,SEN,Senegal,SEN.4_1,Kaffrine,
1868,Saint Elizabeth Parish,region,JM,Jamaica,True,True,Jamaica,JAM,Jamaica,JAM.9_1,Saint Elizabeth,Saint Elizabeth Parish:Saint Elizabeth
1572,Upper Takutu-Upper Essequibo,region,GY,Guyana,True,True,Guyana,GUY,Guyana,GUY.10_1,Upper Takutu-Upper Essequibo,
4862,Eastern Province,region,RW,Rwanda,True,True,Rwanda,RWA,,,,Eastern Province:Eastern
2325,Mogila Municipality,region,MK,Macedonia,True,True,North Macedonia,MKD,,,,
2433,Hodh El Gharbi Region,region,MR,Mauritania,True,True,Mauritania,MRT,Mauritania,MRT.8_1,Hodh el Gharbi,Hodh El Gharbi Region:Hodh el Gharbi
3431,Southern Province,region,SL,Sierra Leone,True,True,Sierra Leone,SLE,Sierra Leone,SLE.3_1,Southern,Southern Province:Southern
3522,Mayo-Kebbi Est Region,region,TD,Chad,True,True,Chad,TCD,Chad,TCD.14_1,Mayo-Kebbi Est,Mayo-Kebbi Est Region:Mayo-Kebbi Est
3448,Fatick,region,SN,Senegal,True,True,Senegal,SEN,Senegal,SEN.3_1,Fatick,
4535,Eysturoy,region,FO,Faroe Islands,True,True,Faroe Islands,FRO,Faroe Islands,FRO.1_1,Eysturoyar,Eysturoy:Eysturoyar
3429,Eastern Province,region,SL,Sierra Leone,True,True,Sierra Leone,SLE,Sierra Leone,SLE.1_1,Eastern,Eastern Province:Eastern
2075,Eschen,region,LI,Liechtenstein,True,True,Liechtenstein,LIE,Liechtenstein,LIE.2_1,Eschen,
4422,Outer Islands,region,SC,Seychelles,True,True,Seychelles,SYC,Seychelles,SYC.20_1,Outer Islands,
4935,ʻEua,region,TO,Tonga,True,True,Tonga,TON,Tonga,TON.1_1,'Eua,ʻEua:'Eua
4938,Equatoria,region,SS,South Sudan,True,True,South Sudan,SSD,South Sudan,SSD.10_1,West Equatoria,Equatoria:West Equatoria
4320,South Eastern Region,region,MT,Malta,True,True,Malta,MLT,,,,
4837,Ennedi Region,region,TD,Chad,True,True,Chad,TCD,Chad,TCD.6_1,Ennedi Ouest,Ennedi Region:Ennedi Ouest
4902,Debub Region,region,ER,Eritrea,True,True,Eritrea,ERI,Eritrea,ERI.5_1,Debub,Debub Region:Debub
4715,Matam,region,SN,Senegal,True,True,Senegal,SEN,Senegal,SEN.9_1,Matam,
3450,Kolda,region,SN,Senegal,True,True,Senegal,SEN,Senegal,SEN.7_1,Kolda,
4539,Norðoyar,region,FO,Faroe Islands,True,True,Faroe Islands,FRO,Faroe Islands,FRO.5_1,Suðuroyar,Norðoyar:Suðuroyar
2800,Enga Province,region,PG,Papua New Guinea,True,True,Papua New Guinea,PNG,,,,
4723,Sédhiou,region,SN,Senegal,True,True,Senegal,SEN,Senegal,SEN.11_1,Sédhiou,
879,Elías Piña Province,region,DO,Dominican Republic,True,True,Dominican Republic,DOM,,,,
2298,Karbinci,region,MK,Macedonia,True,True,North Macedonia,MKD,North Macedonia,MKD.30_1,Karbinci,
2035,Mangystau Region,region,KZ,Kazakhstan,True,True,Kazakhstan,KAZ,Kazakhstan,KAZ.6_1,Mangghystau,
11,Fujairah,region,AE,United Arab Emirates,True,True,United Arab Emirates,ARE,United Arab Emirates,ARE.4_1,Fujairah,
3953,Yaracuy,region,VE,Venezuela,True,True,"Venezuela, Bolivarian Republic of",VEN,Venezuela,VEN.24_1,Yaracuy,
2626,Kebbi,region,NG,Nigeria,True,True,Nigeria,NGA,Nigeria,NGA.22_1,Kebbi,
2639,Ebonyi,region,NG,Nigeria,True,True,Nigeria,NGA,Nigeria,NGA.11_1,Ebonyi,
947,Tissemsilt Province,region,DZ,Algeria,True,True,Algeria,DZA,Algeria,DZA.46_1,Tissemsilt,Tissemsilt Province:Tissemsilt
3957,Estado La Guaira,region,VE,Venezuela,True,True,"Venezuela, Bolivarian Republic of",VEN,,,,
7,Escaldes-Engordany,region,AD,Andorra,True,True,Andorra,AND,Andorra,AND.4_1,Escaldes-Engordany,
3695,Muş Province,region,TR,Turkey,True,True,Turkey,TUR,,,,
876,Espaillat Province,region,DO,Dominican Republic,True,True,Dominican Republic,DOM,Dominican Republic,DOM.8_1,Espaillat,Espaillat Province:Espaillat
4116,Kırıkkale Province,region,TR,Turkey,True,True,Turkey,TUR,Turkey,TUR.49_1,Kinkkale,
2629,Taraba,region,NG,Nigeria,True,True,Nigeria,NGA,Nigeria,NGA.35_1,Taraba,
3723,Şırnak Province,region,TR,Turkey,True,True,Turkey,TUR,,,,
3676,Erzincan Province,region,TR,Turkey,True,True,Turkey,TUR,Turkey,TUR.30_1,Erzincan,
3701,Sinop Province,region,TR,Turkey,True,True,Turkey,TUR,Turkey,TUR.70_1,Sinop,
2355,Staro Nagoričane Municipality,region,MK,Macedonia,True,True,North Macedonia,MKD,North Macedonia,MKD.66_1,Staro Nagoričane,Staro Nagoričane Municipality:Staro Nagoričane
2039,Kostanay Region,region,KZ,Kazakhstan,True,True,Kazakhstan,KAZ,Kazakhstan,KAZ.10_1,Qostanay,
4496,Yamoussoukro,region,CI,Côte d&#039;Ivoire,True,True,Côte d'Ivoire,CIV,Côte d'Ivoire,CIV.13_1,Yamoussoukro,
4854,Southern Province,region,RW,Rwanda,True,True,Rwanda,RWA,,,,Southern Province:Southern
3451,Ziguinchor,region,SN,Senegal,True,True,Senegal,SEN,Senegal,SEN.14_1,Ziguinchor,
3731,Iğdır Province,region,TR,Turkey,True,True,Turkey,TUR,Turkey,TUR.38_1,Iğdır,
2630,Yobe,region,NG,Nigeria,True,True,Nigeria,NGA,Nigeria,NGA.36_1,Yobe,
3444,Saint-Louis,region,SN,Senegal,True,True,Senegal,SEN,Senegal,SEN.10_1,Saint-Louis,
887,Samaná Province,region,DO,Dominican Republic,True,True,Dominican Republic,DOM,Dominican Republic,DOM.23_1,Samaná,Samaná Province:Samaná
4110,Siirt Province,region,TR,Turkey,True,True,Turkey,TUR,Turkey,TUR.69_1,Siirt,
2369,Vevčani Municipality,region,MK,Macedonia,True,True,North Macedonia,MKD,North Macedonia,MKD.78_1,Vevčani,Vevčani Municipality:Vevčani
3713,Hakkâri Province,region,TR,Turkey,True,True,Turkey,TUR,Turkey,TUR.36_1,Hakkari,
894,El Seibo Province,region,DO,Dominican Republic,True,True,Dominican Republic,DOM,Dominican Republic,DOM.7_1,El Seybo,El Seibo Province:El Seybo
3447,Louga,region,SN,Senegal,True,True,Senegal,SEN,Senegal,SEN.8_1,Louga,
3712,Gümüşhane Province,region,TR,Turkey,True,True,Turkey,TUR,Turkey,TUR.35_1,Gümüshane,
2625,Jigawa,region,NG,Nigeria,True,True,Nigeria,NGA,Nigeria,NGA.18_1,Jigawa,
3741,Port of Spain,region,TT,Trinidad and Tobago,True,True,Trinidad and Tobago,TTO,Trinidad and Tobago,TTO.8_1,Port of Spain,
1852,Piedmont,region,IT,Italy,True,True,Italy,ITA,Italy,ITA.13_1,Piemonte,Piedmont:Piemonte
79,Yerevan,region,AM,Armenia,True,True,Armenia,ARM,Armenia,ARM.4_1,Erevan,Yerevan:Erevan
4978,Uusimaa,region,FI,Finland,True,True,Finland,FIN,,,,
957,Guayas Province,region,EC,Ecuador,True,True,Ecuador,ECU,Ecuador,ECU.10_1,Guayas,Guayas Province:Guayas
2302,Kisela Voda Municipality,region,MK,Macedonia,True,True,North Macedonia,MKD,North Macedonia,MKD.34_1,Kisela Voda,Kisela Voda Municipality:Kisela Voda
104,Entre Rios,region,AR,Argentina,True,True,Argentina,ARG,Argentina,ARG.8_1,Entre Ríos,Entre Rios:Entre Ríos
1858,Umbria,region,IT,Italy,True,True,Italy,ITA,Italy,ITA.18_1,Umbria,
2367,Veles Municipality,region,MK,Macedonia,True,True,North Macedonia,MKD,,,,
1031,Galicia,region,ES,Spain,True,True,Spain,ESP,Spain,ESP.12_1,Galicia,
4652,Saint Roman,region,MC,Monaco,True,True,Monaco,MCO,,,,
3747,Tobago,region,TT,Trinidad and Tobago,True,True,Trinidad and Tobago,TTO,Trinidad and Tobago,TTO.14_1,Tobago,
3006,Warmian-Masurian Voivodeship,region,PL,Poland,True,True,Poland,POL,Poland,POL.14_1,Warmińsko-Mazurskie,Warmian-Masurian Voivodeship:Warmińsko-Mazurskie
44,Sar-e Pol,region,AF,Afghanistan,True,True,Afghanistan,AFG,Afghanistan,AFG.30_1,Sari Pul,Sar-e Pol:Sari Pul
1845,Emilia-Romagna,region,IT,Italy,True,True,Italy,ITA,Italy,ITA.6_1,Emilia-Romagna,
1847,Lazio,region,IT,Italy,True,True,Italy,ITA,Italy,ITA.8_1,Lazio,
2299,Karpoš Municipality,region,MK,Macedonia,True,True,North Macedonia,MKD,,,,
3146,Moscow,region,RU,Russia,True,True,Russian Federation,RUS,Russia,RUS.43_1,Moscow City,
4679,Maputo,region,MZ,Mozambique,True,True,Mozambique,MOZ,Mozambique,MOZ.6_1,Maputo,
1849,Lombardy,region,IT,Italy,True,True,Italy,ITA,Italy,ITA.10_1,Lombardia,Lombardy:Lombardia
3696,Nevşehir Province,region,TR,Turkey,True,True,Turkey,TUR,Turkey,TUR.61_1,Nevsehir,
4130,Southwest Finland,region,FI,Finland,True,True,Finland,FIN,Finland,FIN.4_1,Southern Finland,Southwest Finland:Southern Finland
3944,Lara,region,VE,Venezuela,True,True,"Venezuela, Bolivarian Republic of",VEN,Venezuela,VEN.14_1,Lara,
3954,Zulia,region,VE,Venezuela,True,True,"Venezuela, Bolivarian Republic of",VEN,Venezuela,VEN.25_1,Zulia,
3705,Trabzon Province,region,TR,Turkey,True,True,Turkey,TUR,Turkey,TUR.75_1,Trabzon,
105,Formosa Province,region,AR,Argentina,True,True,Argentina,ARG,Argentina,ARG.9_1,Formosa,Formosa Province:Formosa
3678,Eskişehir Province,region,TR,Turkey,True,True,Turkey,TUR,Turkey,TUR.32_1,Eskisehir,
4443,Southern Province,region,LK,Sri Lanka,True,True,Sri Lanka,LKA,,,,Southern Province:Southern
941,Ouargla Province,region,DZ,Algeria,True,True,Algeria,DZA,Algeria,DZA.33_1,Ouargla,Ouargla Province:Ouargla
3703,Tekirdağ Province,region,TR,Turkey,True,True,Turkey,TUR,Turkey,TUR.73_1,Tekirdag,
1090,Estuaire Province,region,GA,Gabon,True,True,Gabon,GAB,Gabon,GAB.1_1,Estuaire,Estuaire Province:Estuaire
945,Tindouf Province,region,DZ,Algeria,True,True,Algeria,DZA,Algeria,DZA.44_1,Tindouf,Tindouf Province:Tindouf
3949,Portuguesa,region,VE,Venezuela,True,True,"Venezuela, Bolivarian Republic of",VEN,Venezuela,VEN.19_1,Portuguesa,
4122,Northern Ostrobothnia,region,FI,Finland,True,True,Finland,FIN,,,,
3571,Roi Et,region,TH,Thailand,True,True,Thailand,THA,Thailand,THA.54_1,Roi Et,
4172,Epirus Region,region,GR,Greece,True,True,Greece,GRC,,,,
3714,Konya Province,region,TR,Turkey,True,True,Turkey,TUR,Turkey,TUR.53_1,Konya,
1030,Extremadura,region,ES,Spain,True,True,Spain,ESP,Spain,ESP.11_1,Extremadura,
1674,Lampung,region,ID,Indonesia,True,True,Indonesia,IDN,Indonesia,IDN.17_1,Lampung,
2674,Overijssel,region,NL,Netherlands,True,True,Netherlands,NLD,Netherlands,NLD.10_1,Overijssel,
1677,Riau,region,ID,Indonesia,True,True,Indonesia,IDN,Indonesia,IDN.24_1,Riau,
4473,Gjorče Petrov Municipality,region,MK,Macedonia,True,True,North Macedonia,MKD,North Macedonia,MKD.25_1,Gjorče Petrov,Gjorče Petrov Municipality:Gjorče Petrov
126,Styria,region,AT,Austria,True,True,Austria,AUT,,,,
3946,Miranda,region,VE,Venezuela,True,True,"Venezuela, Bolivarian Republic of",VEN,Venezuela,VEN.16_1,Miranda,
4112,Mersin Province,region,TR,Turkey,True,True,Turkey,TUR,Turkey,TUR.58_1,Mersin,
125,Salzburg,region,AT,Austria,True,True,Austria,AUT,Austria,AUT.5_1,Salzburg,
1932,Eastern Province,region,KE,Kenya,True,True,Kenya,KEN,,,,Eastern Province:Eastern
2348,Saraj Municipality,region,MK,Macedonia,True,True,North Macedonia,MKD,,,,
3699,Sakarya Province,region,TR,Turkey,True,True,Turkey,TUR,Turkey,TUR.66_1,Sakarya,
118,Santiago del Estero,region,AR,Argentina,True,True,Argentina,ARG,Argentina,ARG.22_1,Santiago del Estero,
115,San Luis Province,region,AR,Argentina,True,True,Argentina,ARG,Argentina,ARG.19_1,San Luis,San Luis Province:San Luis
4956,Saint Paul's,region,SH,Saint Helena,True,True,"Saint Helena, Ascension and Tristan da Cunha",SHN,"Saint Helena, Ascension and Tris",SHN.2_1,Saint Helena,Saint Paul's:Saint Helena
516,Grodno Region,region,BY,Belarus,True,True,Belarus,BLR,Belarus,BLR.3_1,Grodno,Grodno Region:Grodno
1888,Fukui Prefecture,region,JP,Japan,True,True,Japan,JPN,,,,
515,Gomel Region,region,BY,Belarus,True,True,Belarus,BLR,Belarus,BLR.2_1,Gomel,Gomel Region:Gomel
20,Faryab,region,AF,Afghanistan,True,True,Afghanistan,AFG,Afghanistan,AFG.8_1,Faryab,
4544,Streymoy,region,FO,Faroe Islands,True,True,Faroe Islands,FRO,Faroe Islands,FRO.4_1,Streymoyar,Streymoy:Streymoyar
4269,Fajardo,region,PR,Puerto Rico,True,True,Puerto Rico,PRI,Puerto Rico,PRI.27_1,Fajardo,
3179,Udmurt Republic,region,RU,Russia,True,True,Russian Federation,RUS,Russia,RUS.74_1,Udmurt,
520,Vitebsk Region,region,BY,Belarus,True,True,Belarus,BLR,Belarus,BLR.6_1,Vitebsk,Vitebsk Region:Vitebsk
2550,Labuan,region,MY,Malaysia,True,True,Malaysia,MYS,Malaysia,MYS.5_1,Labuan,
4971,Päijät-Häme,region,FI,Finland,True,True,Finland,FIN,,,,
2689,Sogn og Fjordane,region,NO,Norway,True,True,Norway,NOR,Norway,NOR.14_1,Sogn og Fjordane,
1890,Fukushima Prefecture,region,JP,Japan,True,True,Japan,JPN,Japan,JPN.8_1,Fukushima,Fukushima Prefecture:Fukushima
3184,Vologda Oblast,region,RU,Russia,True,True,Russian Federation,RUS,Russia,RUS.78_1,Vologda,
2679,Finnmark,region,NO,Norway,True,True,Norway,NOR,Norway,NOR.5_1,Finnmark,
4694,Fontvieille,region,MC,Monaco,True,True,Monaco,MCO,,,,
4412,Mont Fleuri,region,SC,Seychelles,True,True,Seychelles,SYC,Seychelles,SYC.19_1,Mont Fleuri,
4728,Fiorentino,region,SM,San Marino,True,True,San Marino,SMR,San Marino,SMR.6_1,Fiorentino,
4543,Suðuroy,region,FO,Faroe Islands,True,True,Faroe Islands,FRO,Faroe Islands,FRO.5_1,Suðuroyar,Suðuroy:Suðuroyar
3118,Ingushetia,region,RU,Russia,True,True,Russian Federation,RUS,Russia,RUS.17_1,Ingush,
4968,Funafuti,region,TV,Tuvalu,True,True,Tuvalu,TUV,Tuvalu,TUV.1_1,Funafuti,
2683,Nordland,region,NO,Norway,True,True,Norway,NOR,Norway,NOR.10_1,Nordland,
4533,Îles Tuamotu-Gambier,region,PF,French Polynesia,True,True,French Polynesia,PYF,French Polynesia,PYF.5_1,Îles Tuamotu-Gambier,
4952,Fakaofo,region,TK,Tokelau,True,True,Tokelau,TKL,Tokelau,TKL.2_1,Fakaofo,
4814,Faetano,region,SM,San Marino,True,True,San Marino,SMR,San Marino,SMR.5_1,Faetano,
4353,Forest,region,GG,Guernsey,True,True,Guernsey,GGY,Guernsey,GGY.4_1,Forest,
4542,Sandoy,region,FO,Faroe Islands,True,True,Faroe Islands,FRO,Faroe Islands,FRO.3_1,Sandoyar,Sandoy:Sandoyar
3140,Kursk Oblast,region,RU,Russia,True,True,Russian Federation,RUS,Russia,RUS.37_1,Kursk,
4586,Vatovavy-Fitovinany,region,MG,Madagascar,True,True,Madagascar,MDG,,,,
4583,Itasy,region,MG,Madagascar,True,True,Madagascar,MDG,,,,
519,Mogilev Region,region,BY,Belarus,True,True,Belarus,BLR,Belarus,BLR.4_1,Mogilev,Mogilev Region:Mogilev
2050,Phongsaly Province,region,LA,Laos,True,True,Lao People's Democratic Republic,LAO,Laos,LAO.10_1,Phôngsali,Phongsaly Province:Phôngsali
4221,Florida,region,PR,Puerto Rico,True,True,Puerto Rico,PRI,Puerto Rico,PRI.28_1,Florida,
4835,Wadi Fira Region,region,TD,Chad,True,True,Chad,TCD,Chad,TCD.23_1,Wadi Fira,Wadi Fira Region:Wadi Fira
4480,Point Fortin,region,TT,Trinidad and Tobago,True,True,Trinidad and Tobago,TTO,Trinidad and Tobago,TTO.7_1,Point Fortin,
2691,Telemark,region,NO,Norway,True,True,Norway,NOR,Norway,NOR.16_1,Telemark,
1084,Pays de la Loire,region,FR,France,True,True,France,FRA,France,FRA.12_1,Pays de la Loire,
2226,Tangier-Tetouan,region,MA,Morocco,True,True,Morocco,MAR,Morocco,MAR.14_1,Tanger - Tétouan,Tangier-Tetouan:Tanger - Tétouan
1068,Aquitaine,region,FR,France,True,True,France,FRA,France,FRA.10_1,Nouvelle-Aquitaine,Aquitaine:Nouvelle-Aquitaine
2223,Rabat-Salé-Zemmour-Zaer,region,MA,Morocco,True,True,Morocco,MAR,Morocco,MAR.11_1,Rabat - Salé - Zemmour - Zaer,Rabat-Salé-Zemmour-Zaer:Rabat - Salé - Zemmour - Zaer
1079,Languedoc-Roussillon,region,FR,France,True,True,France,FRA,,,,
1082,Midi-Pyrenees,region,FR,France,True,True,France,FRA,,,,
1083,Nord-Pas-de-Calais,region,FR,France,True,True,France,FRA,,,,
1069,Auvergne,region,FR,France,True,True,France,FRA,France,FRA.1_1,Auvergne-Rhône-Alpes,Auvergne:Auvergne-Rhône-Alpes
4191,Soccsksargen,region,PH,Philippines,True,True,Philippines,PHL,,,,
1074,Champagne-Ardenne,region,FR,France,True,True,France,FRA,,,,
1081,Lorraine,region,FR,France,True,True,France,FRA,France,FRA.9_1,Normandie,Lorraine:Normandie
4185,Mimaropa,region,PH,Philippines,True,True,Philippines,PHL,Philippines,PHL.32_1,Guimaras,Mimaropa:Guimaras
1085,Picardie,region,FR,France,True,True,France,FRA,,,,
517,Minsk,region,BY,Belarus,True,True,Belarus,BLR,Belarus,,Minsk,
1086,Poitou-Charentes,region,FR,France,True,True,France,FRA,,,,
1078,Ile-de-France,region,FR,France,True,True,France,FRA,France,FRA.8_1,Île-de-France,Ile-de-France:Île-de-France
1088,Rhône-Alpes,region,FR,France,True,True,France,FRA,France,FRA.1_1,Auvergne-Rhône-Alpes,Rhône-Alpes:Auvergne-Rhône-Alpes
2694,Vestfold,region,NO,Norway,True,True,Norway,NOR,Norway,NOR.19_1,Vestfold,
2692,Troms,region,NO,Norway,True,True,Norway,NOR,Norway,NOR.17_1,Troms,
2685,Oppland,region,NO,Norway,True,True,Norway,NOR,Norway,NOR.11_1,Oppland,
2680,Hedmark,region,NO,Norway,True,True,Norway,NOR,Norway,NOR.6_1,Hedmark,
4001,Phú Yên,region,VN,Vietnam,True,True,Viet Nam,VNM,Vietnam,VNM.45_1,Phú Yên,
2682,Møre og Romsdal,region,NO,Norway,True,True,Norway,NOR,Norway,NOR.8_1,Møre og Romsdal,
1076,Franche-Comte,region,FR,France,True,True,France,FRA,France,FRA.2_1,Bourgogne-Franche-Comté,Franche-Comte:Bourgogne-Franche-Comté
2661,Friesland,region,NL,Netherlands,True,True,Netherlands,NLD,Netherlands,NLD.2_1,Flevoland,Friesland:Flevoland
2681,Hordaland,region,NO,Norway,True,True,Norway,NOR,Norway,NOR.7_1,Hordaland,
2688,Rogaland,region,NO,Norway,True,True,Norway,NOR,Norway,NOR.13_1,Rogaland,
1077,Haute-Normandie,region,FR,France,True,True,France,FRA,France,FRA.9_1,Normandie,Haute-Normandie:Normandie
1070,Basse-Normandie,region,FR,France,True,True,France,FRA,France,FRA.9_1,Normandie,Basse-Normandie:Normandie
2219,Meknès-Tafilalet,region,MA,Morocco,True,True,Morocco,MAR,Morocco,MAR.9_1,Meknès - Tafilalet,Meknès-Tafilalet:Meknès - Tafilalet
1080,Limousin,region,FR,France,True,True,France,FRA,,,,
3746,San Fernando,region,TT,Trinidad and Tobago,True,True,Trinidad and Tobago,TTO,Trinidad and Tobago,TTO.10_1,San Fernando,
2675,Flevoland,region,NL,Netherlands,True,True,Netherlands,NLD,Netherlands,NLD.2_1,Flevoland,
1873,Westmoreland Parish,region,JM,Jamaica,True,True,Jamaica,JAM,Jamaica,JAM.14_1,Westmoreland,Westmoreland Parish:Westmoreland
4244,San Germán,region,PR,Puerto Rico,True,True,Puerto Rico,PRI,Puerto Rico,PRI.64_1,San Germán,
4816,Socotra Governorate,region,YE,Yemen,True,True,Yemen,YEM,,,,
1091,Haut-Ogooué Province,region,GA,Gabon,True,True,Gabon,GAB,Gabon,GAB.2_1,Haut-Ogooué,Haut-Ogooué Province:Haut-Ogooué
893,Valverde Province,region,DO,Dominican Republic,True,True,Dominican Republic,DOM,Dominican Republic,DOM.32_1,Valverde,Valverde Province:Valverde
4334,Halabja Governorate,region,IQ,Iraq,True,True,Iraq,IRQ,,,,
4356,Saint Peter Port,region,GG,Guernsey,True,True,Guernsey,GGY,Guernsey,GGY.9_1,Saint Peter Port,
884,Peravia Province,region,DO,Dominican Republic,True,True,Dominican Republic,DOM,Dominican Republic,DOM.20_1,Peravia,Peravia Province:Peravia
1918,Shimane Prefecture,region,JP,Japan,True,True,Japan,JPN,Japan,JPN.37_1,Shimane,Shimane Prefecture:Shimane
1923,Tottori Prefecture,region,JP,Japan,True,True,Japan,JPN,Japan,JPN.42_1,Tottori,Tottori Prefecture:Tottori
1353,Saint George Parish,region,GD,Grenada,True,True,Grenada,GRD,Grenada,GRD.4_1,Saint George,Saint George Parish:Saint George
1921,Tokushima Prefecture,region,JP,Japan,True,True,Japan,JPN,Japan,JPN.40_1,Tokushima,Tokushima Prefecture:Tokushima
2795,Morobe Province,region,PG,Papua New Guinea,True,True,Papua New Guinea,PNG,Papua New Guinea,PNG.14_1,Morobe,Morobe Province:Morobe
4609,Mahakali Zone,region,NP,Nepal,True,True,Nepal,NPL,,,,
4395,Guria,region,GE,Georgia,True,True,Georgia,GEO,Georgia,GEO.3_1,Guria,
1863,Manchester Parish,region,JM,Jamaica,True,True,Jamaica,JAM,Jamaica,JAM.4_1,Manchester,Manchester Parish:Manchester
4342,Western Region,region,IS,Iceland,True,True,Iceland,ISL,,,,Western Region:Western North
3456,Galguduud,region,SO,Somalia,True,True,Somalia,SOM,Somalia,SOM.6_1,Galguduud,
898,Monte Plata Province,region,DO,Dominican Republic,True,True,Dominican Republic,DOM,Dominican Republic,DOM.18_1,Monte Plata,Monte Plata Province:Monte Plata
4222,Guánica,region,PR,Puerto Rico,True,True,Puerto Rico,PRI,Puerto Rico,PRI.29_1,Guánica,
3457,Gedo,region,SO,Somalia,True,True,Somalia,SOM,Somalia,SOM.7_1,Gedo,
21,Ghazni,region,AF,Afghanistan,True,True,Afghanistan,AFG,Afghanistan,AFG.9_1,Ghazni,
4283,Hermanas Mirabal Province,region,DO,Dominican Republic,True,True,Dominican Republic,DOM,,,,
72,Gegharkunik Province,region,AM,Armenia,True,True,Armenia,ARM,Armenia,ARM.5_1,Gegharkunik,Gegharkunik Province:Gegharkunik
3517,Guéra Region,region,TD,Chad,True,True,Chad,TCD,Chad,TCD.7_1,Guéra,Guéra Region:Guéra
4235,Loíza,region,PR,Puerto Rico,True,True,Puerto Rico,PRI,Puerto Rico,PRI.45_1,Loíza,
1912,Ōita Prefecture,region,JP,Japan,True,True,Japan,JPN,,,,
1909,Nagasaki Prefecture,region,JP,Japan,True,True,Japan,JPN,Japan,JPN.27_1,Naoasaki,Nagasaki Prefecture:Naoasaki
1925,Wakayama Prefecture,region,JP,Japan,True,True,Japan,JPN,Japan,JPN.44_1,Wakayama,Wakayama Prefecture:Wakayama
4704,Ta'izz Governorate,region,YE,Yemen,True,True,Yemen,YEM,,,,
1928,Yamanashi Prefecture,region,JP,Japan,True,True,Japan,JPN,Japan,JPN.47_1,Yamanashi,Yamanashi Prefecture:Yamanashi
4550,Sermersooq,region,GL,Greenland,True,True,Greenland,GRL,Greenland,GRL.5_1,Sermersooq,
4336,Jerash Governorate,region,JO,Jordan,True,True,Jordan,JOR,,,,
4225,Hatillo,region,PR,Puerto Rico,True,True,Puerto Rico,PRI,Puerto Rico,PRI.34_1,Hatillo,
1910,Nara Prefecture,region,JP,Japan,True,True,Japan,JPN,,,,
4713,Sana'a Governorate,region,YE,Yemen,True,True,Yemen,YEM,,,,
1897,Ishikawa Prefecture,region,JP,Japan,True,True,Japan,JPN,Japan,JPN.15_1,Ishikawa,Ishikawa Prefecture:Ishikawa
1771,Maysan Governorate,region,IQ,Iraq,True,True,Iraq,IRQ,,,,
4162,Hậu Giang,region,VN,Vietnam,True,True,Viet Nam,VNM,Vietnam,VNM.24_1,Hậu Giang,
1900,Kagoshima Prefecture,region,JP,Japan,True,True,Japan,JPN,Japan,JPN.18_1,Kagoshima,Kagoshima Prefecture:Kagoshima
3648,Tozeur Governorate,region,TN,Tunisia,True,True,Tunisia,TUN,,,,
1899,Kagawa Prefecture,region,JP,Japan,True,True,Japan,JPN,Japan,JPN.17_1,Kagawa,Kagawa Prefecture:Kagawa
1915,Saga Prefecture,region,JP,Japan,True,True,Japan,JPN,,,,
1902,Kōchi Prefecture,region,JP,Japan,True,True,Japan,JPN,,,,
4243,Río Grande,region,PR,Puerto Rico,True,True,Puerto Rico,PRI,Puerto Rico,PRI.61_1,Río Grande,
2014,Ulsan,region,KR,South Korea,True,True,"Korea, Republic of",KOR,South Korea,KOR.17_1,Ulsan,
3639,Siliana Governorate,region,TN,Tunisia,True,True,Tunisia,TUN,Tunisia,TUN.19_1,Siliana,Siliana Governorate:Siliana
4341,Southern Peninsula Region,region,IS,Iceland,True,True,Iceland,ISL,,,,
4239,Orocovis,region,PR,Puerto Rico,True,True,Puerto Rico,PRI,Puerto Rico,PRI.55_1,Orocovis,
4710,Ibb Governorate,region,YE,Yemen,True,True,Yemen,YEM,,,,
4319,Gozo,region,MT,Malta,True,True,Malta,MLT,,,,
4691,Karnali Zone,region,NP,Nepal,True,True,Nepal,NPL,,,,
1927,Yamaguchi Prefecture,region,JP,Japan,True,True,Japan,JPN,Japan,JPN.46_1,Yamaguchi,Yamaguchi Prefecture:Yamaguchi
888,Sánchez Ramírez Province,region,DO,Dominican Republic,True,True,Dominican Republic,DOM,Dominican Republic,DOM.28_1,Sánchez Ramírez,Sánchez Ramírez Province:Sánchez Ramírez
1924,Toyama Prefecture,region,JP,Japan,True,True,Japan,JPN,Japan,JPN.43_1,Toyama,Toyama Prefecture:Toyama
4232,Manatí,region,PR,Puerto Rico,True,True,Puerto Rico,PRI,Puerto Rico,PRI.47_1,Manatí,
1907,Miyazaki Prefecture,region,JP,Japan,True,True,Japan,JPN,Japan,JPN.25_1,Miyazaki,Miyazaki Prefecture:Miyazaki
4227,Juncos,region,PR,Puerto Rico,True,True,Puerto Rico,PRI,Puerto Rico,PRI.40_1,Juncos,
4484,Grouville,region,JE,Jersey,True,True,Jersey,JEY,Jersey,JEY.1_1,Grouville,
4730,Hela,region,PG,Papua New Guinea,True,True,Papua New Guinea,PNG,Papua New Guinea,PNG.9_1,Hela,
2435,Gorgol Region,region,MR,Mauritania,True,True,Mauritania,MRT,Mauritania,MRT.5_1,Gorgol,Gorgol Region:Gorgol
4405,Glacis,region,SC,Seychelles,True,True,Seychelles,SYC,Seychelles,SYC.13_1,Glacis,
1942,Talas Region,region,KG,Kyrgyzstan,True,True,Kyrgyzstan,KGZ,Kyrgyzstan,KGZ.8_1,Talas,Talas Region:Talas
1560,Gabú Region,region,GW,Guinea-Bissau,True,True,Guinea-Bissau,GNB,Guinea-Bissau,GNB.6_1,Gabú,Gabú Region:Gabú
2785,Oro Province,region,PG,Papua New Guinea,True,True,Papua New Guinea,PNG,,,,
3655,Vavaʻu,region,TO,Tonga,True,True,Tonga,TON,Tonga,TON.5_1,Vava'u,Vavaʻu:Vava'u
883,Pedernales Province,region,DO,Dominican Republic,True,True,Dominican Republic,DOM,Dominican Republic,DOM.19_1,Pedernales,Pedernales Province:Pedernales
4712,Raymah Governorate,region,YE,Yemen,True,True,Yemen,YEM,,,,
4360,Torteval,region,GG,Guernsey,True,True,Guernsey,GGY,Guernsey,GGY.14_1,Torteval,
2755,San Blas,region,PA,Panama,True,True,Panama,PAN,,,,
409,Paget Parish,region,BM,Bermuda,True,True,Bermuda,BMU,Bermuda,BMU.4_1,Paget,Paget Parish:Paget
4965,Greater Upper Nile,region,SS,South Sudan,True,True,South Sudan,SSD,South Sudan,SSD.7_1,Upper Nile,Greater Upper Nile:Upper Nile
1354,Saint John Parish,region,GD,Grenada,True,True,Grenada,GRD,Grenada,GRD.5_1,Saint John,Saint John Parish:Saint John
2794,Manus Province,region,PG,Papua New Guinea,True,True,Papua New Guinea,PNG,Papua New Guinea,PNG.12_1,Manus,Manus Province:Manus
4731,Jiwaka Province,region,PG,Papua New Guinea,True,True,Papua New Guinea,PNG,Papua New Guinea,PNG.10_1,Jiwaka,Jiwaka Province:Jiwaka
1356,Saint Patrick Parish,region,GD,Grenada,True,True,Grenada,GRD,Grenada,GRD.7_1,Saint Patrick,Saint Patrick Parish:Saint Patrick
1355,Saint Mark Parish,region,GD,Grenada,True,True,Grenada,GRD,Grenada,GRD.6_1,Saint Mark,Saint Mark Parish:Saint Mark
2076,Gamprin,region,LI,Liechtenstein,True,True,Liechtenstein,LIE,Liechtenstein,LIE.3_1,Gamprin,
4359,Saint Saviour,region,GG,Guernsey,True,True,Guernsey,GGY,Guernsey,GGY.12_1,Saint Saviour,
4414,Port Glaud,region,SC,Seychelles,True,True,Seychelles,SYC,Seychelles,SYC.23_1,Port Glaud,
1864,Portland Parish,region,JM,Jamaica,True,True,Jamaica,JAM,Jamaica,JAM.5_1,Portland,Portland Parish:Portland
2793,Madang Province,region,PG,Papua New Guinea,True,True,Papua New Guinea,PNG,Papua New Guinea,PNG.11_1,Madang,Madang Province:Madang
1094,Nyanga Province,region,GA,Gabon,True,True,Gabon,GAB,Gabon,GAB.5_1,Nyanga,Nyanga Province:Nyanga
2247,Gagauzia,region,MD,Moldova,True,True,"Moldova, Republic of",MDA,Moldova,MDA.19_1,Găgăuzia,Gagauzia:Găgăuzia
1870,Saint Mary Parish,region,JM,Jamaica,True,True,Jamaica,JAM,Jamaica,JAM.11_1,Saint Mary,Saint Mary Parish:Saint Mary
4549,Qeqqata,region,GL,Greenland,True,True,Greenland,GRL,Greenland,GRL.4_1,Qeqqata,
892,Santiago Rodríguez Province,region,DO,Dominican Republic,True,True,Dominican Republic,DOM,Dominican Republic,DOM.29_1,Santiago Rodríguez,Santiago Rodríguez Province:Santiago Rodríguez
4355,Saint Martin,region,GG,Guernsey,True,True,Guernsey,GGY,Guernsey,GGY.8_1,Saint Martin,
4234,Maunabo,region,PR,Puerto Rico,True,True,Puerto Rico,PRI,Puerto Rico,PRI.49_1,Maunabo,
22,Ghōr,region,AF,Afghanistan,True,True,Afghanistan,AFG,Afghanistan,AFG.10_1,Ghor,Ghōr:Ghor
4226,Jayuya,region,PR,Puerto Rico,True,True,Puerto Rico,PRI,Puerto Rico,PRI.38_1,Jayuya,
2370,Vinica Municipality,region,MK,Macedonia,True,True,North Macedonia,MKD,,,,
1862,Hanover Parish,region,JM,Jamaica,True,True,Jamaica,JAM,Jamaica,JAM.2_1,Hanover,Hanover Parish:Hanover
4240,Patillas,region,PR,Puerto Rico,True,True,Puerto Rico,PRI,Puerto Rico,PRI.56_1,Patillas,
1872,Trelawny Parish,region,JM,Jamaica,True,True,Jamaica,JAM,Jamaica,JAM.13_1,Trelawny,Trelawny Parish:Trelawny
3459,Middle Juba,region,SO,Somalia,True,True,Somalia,SOM,,,,
4223,Guayanilla,region,PR,Puerto Rico,True,True,Puerto Rico,PRI,Puerto Rico,PRI.31_1,Guayanilla,
4358,Saint Sampson,region,GG,Guernsey,True,True,Guernsey,GGY,Guernsey,GGY.11_1,Saint Sampson,
2745,Musandam Governorate,region,OM,Oman,True,True,Oman,OMN,Oman,OMN.10_1,Musandam,Musandam Governorate:Musandam
2799,Sandaun Province,region,PG,Papua New Guinea,True,True,Papua New Guinea,PNG,Papua New Guinea,PNG.18_1,Sandaun,Sandaun Province:Sandaun
4709,Hajjah Governorate,region,YE,Yemen,True,True,Yemen,YEM,,,,
4196,Guna Yala,region,PA,Panama,True,True,Panama,PAN,Panama,PAN.8_1,Kuna Yala,Guna Yala:Kuna Yala
1871,Saint Thomas Parish,region,JM,Jamaica,True,True,Jamaica,JAM,Jamaica,JAM.12_1,Saint Thomas,Saint Thomas Parish:Saint Thomas
389,Gitega Province,region,BI,Burundi,True,True,Burundi,BDI,Burundi,BDI.7_1,Gitega,Gitega Province:Gitega
4224,Gurabo,region,PR,Puerto Rico,True,True,Puerto Rico,PRI,Puerto Rico,PRI.33_1,Gurabo,
4893,Guadalcanal Province,region,SB,Solomon Islands,True,True,Solomon Islands,SLB,Solomon Islands,SLB.3_1,Guadalcanal,Guadalcanal Province:Guadalcanal
4270,Guaynabo,region,PR,Puerto Rico,True,True,Puerto Rico,PRI,Puerto Rico,PRI.32_1,Guaynabo,
839,Thüringen,region,DE,Germany,True,True,Germany,DEU,Germany,DEU.16_1,Thüringen,
3635,Monastir Governorate,region,TN,Tunisia,True,True,Tunisia,TUN,Tunisia,TUN.15_1,Monastir,Monastir Governorate:Monastir
834,Schleswig-Holstein,region,DE,Germany,True,True,Germany,DEU,Germany,DEU.15_1,Schleswig-Holstein,
891,Santiago Province,region,DO,Dominican Republic,True,True,Dominican Republic,DOM,Dominican Republic,DOM.30_1,Santiago,Santiago Province:Santiago
4174,Peloponnese Region,region,GR,Greece,True,True,Greece,GRC,Greece,GRC.7_1,"Peloponnese, Western Greece and","Peloponnese Region:Peloponnese, Western Greece and"
2663,Groningen,region,NL,Netherlands,True,True,Netherlands,NLD,Netherlands,NLD.5_1,Groningen,
4689,Lumbini Zone,region,NP,Nepal,True,True,Nepal,NPL,,,,
1895,Hyōgo Prefecture,region,JP,Japan,True,True,Japan,JPN,,,,
4683,Kosi Zone,region,NP,Nepal,True,True,Nepal,NPL,,,,
4608,Gandaki Zone,region,NP,Nepal,True,True,Nepal,NPL,,,,
1012,Matrouh Governorate,region,EG,Egypt,True,True,Egypt,EGY,Egypt,EGY.24_1,Matrouh,Matrouh Governorate:Matrouh
1772,Nineveh Governorate,region,IQ,Iraq,True,True,Iraq,IRQ,,,,
727,Guaviare,region,CO,Colombia,True,True,Colombia,COL,Colombia,COL.17_2,Guaviare,
3649,Tunis Governorate,region,TN,Tunisia,True,True,Tunisia,TUN,,,,
2515,Guanajuato,region,MX,Mexico,True,True,Mexico,MEX,México,MEX.11_1,Guanajuato,
2549,Kuala Lumpur,region,MY,Malaysia,True,True,Malaysia,MYS,Malaysia,MYS.4_1,Kuala Lumpur,
1611,Zagreb,region,HR,Croatia,True,True,Croatia,HRV,Croatia,HRV.21_1,Zagrebačka,Zagreb:Zagrebačka
832,Rhineland-Palatinate,region,DE,Germany,True,True,Germany,DEU,Germany,DEU.11_1,Rheinland-Pfalz,Rhineland-Palatinate:Rheinland-Pfalz
3004,Silesian Voivodeship,region,PL,Poland,True,True,Poland,POL,,,,
2662,Gelderland,region,NL,Netherlands,True,True,Netherlands,NLD,Netherlands,NLD.4_1,Gelderland,
1901,Kanagawa Prefecture,region,JP,Japan,True,True,Japan,JPN,Japan,JPN.19_1,Kanagawa,Kanagawa Prefecture:Kanagawa
837,Saxony,region,DE,Germany,True,True,Germany,DEU,,,,
2995,Łódź Voivodeship,region,PL,Poland,True,True,Poland,POL,,,,
2516,Guerrero,region,MX,Mexico,True,True,Mexico,MEX,México,MEX.12_1,Guerrero,
1892,Gunma Prefecture,region,JP,Japan,True,True,Japan,JPN,,,,
1874,Kingston Parish,region,JM,Jamaica,True,True,Jamaica,JAM,Jamaica,JAM.3_1,Kingston,Kingston Parish:Kingston
4686,Janakpur Zone,region,NP,Nepal,True,True,Nepal,NPL,,,,
896,La Vega Province,region,DO,Dominican Republic,True,True,Dominican Republic,DOM,Dominican Republic,DOM.14_1,La Vega,La Vega Province:La Vega
1906,Miyagi Prefecture,region,JP,Japan,True,True,Japan,JPN,Japan,JPN.24_1,Miyagi,Miyagi Prefecture:Miyagi
1891,Gifu Prefecture,region,JP,Japan,True,True,Japan,JPN,,,,
1896,Ibaraki Prefecture,region,JP,Japan,True,True,Japan,JPN,Japan,JPN.14_1,Ibaraki,Ibaraki Prefecture:Ibaraki
897,Monseñor Nouel Province,region,DO,Dominican Republic,True,True,Dominican Republic,DOM,Dominican Republic,DOM.16_1,Monseñor Nouel,Monseñor Nouel Province:Monseñor Nouel
4692,Rapti Zone,region,NP,Nepal,True,True,Nepal,NPL,,,,
4379,Imereti,region,GE,Georgia,True,True,Georgia,GEO,Georgia,GEO.4_1,Imereti,
1920,Tochigi Prefecture,region,JP,Japan,True,True,Japan,JPN,Japan,JPN.39_1,Tochigi,Tochigi Prefecture:Tochigi
1911,Niigata Prefecture,region,JP,Japan,True,True,Japan,JPN,Japan,JPN.29_1,Niigata,Niigata Prefecture:Niigata
881,María Trinidad Sánchez Province,region,DO,Dominican Republic,True,True,Dominican Republic,DOM,Dominican Republic,DOM.15_1,María Trinidad Sánchez,María Trinidad Sánchez Province:María Trinidad Sánchez
4463,Gafsa Governorate,region,TN,Tunisia,True,True,Tunisia,TUN,,,,
4075,Matabeleland South Province,region,ZW,Zimbabwe,True,True,Zimbabwe,ZWE,Zimbabwe,ZWE.9_1,Matabeleland South,Matabeleland South Province:Matabeleland South
4037,Hadhramaut Governorate,region,YE,Yemen,True,True,Yemen,YEM,Yemen,YEM.12_1,Hadramawt,Hadhramaut Governorate:Hadramawt
1903,Kumamoto Prefecture,region,JP,Japan,True,True,Japan,JPN,Japan,JPN.21_1,Kumamoto,Kumamoto Prefecture:Kumamoto
3650,Zaghouan Governorate,region,TN,Tunisia,True,True,Tunisia,TUN,Tunisia,TUN.24_1,Zaghouan,Zaghouan Governorate:Zaghouan
4606,Sagarmatha Zone,region,NP,Nepal,True,True,Nepal,NPL,,,,
1913,Okayama Prefecture,region,JP,Japan,True,True,Japan,JPN,Japan,JPN.31_1,Okayama,Okayama Prefecture:Okayama
4332,Goriška Statistical Region,region,SI,Slovenia,True,True,Slovenia,SVN,,,,
2011,Gwangju,region,KR,South Korea,True,True,"Korea, Republic of",KOR,South Korea,KOR.7_1,Gwangju,
4693,Seti Zone,region,NP,Nepal,True,True,Nepal,NPL,,,,
4238,Naranjito,region,PR,Puerto Rico,True,True,Puerto Rico,PRI,Puerto Rico,PRI.54_1,Naranjito,
730,La Guajira,region,CO,Colombia,True,True,Colombia,COL,Colombia,COL.19_2,La Guajira,
4711,Lahij Governorate,region,YE,Yemen,True,True,Yemen,YEM,,,,
1905,Mie Prefecture,region,JP,Japan,True,True,Japan,JPN,,,,
1869,Saint James Parish,region,JM,Jamaica,True,True,Jamaica,JAM,Jamaica,JAM.10_1,Saint James,Saint James Parish:Saint James
4682,Nouakchott,region,MR,Mauritania,True,True,Mauritania,MRT,Mauritania,MRT.10_1,Nouakchott,
1919,Shizuoka Prefecture,region,JP,Japan,True,True,Japan,JPN,Japan,JPN.38_1,Shizuoka,Shizuoka Prefecture:Shizuoka
4042,Ma'rib Governorate,region,YE,Yemen,True,True,Yemen,YEM,,,,
2801,Port Moresby,region,PG,Papua New Guinea,True,True,Papua New Guinea,PNG,,,,
4607,Narayani Zone,region,NP,Nepal,True,True,Nepal,NPL,,,,
1916,Saitama Prefecture,region,JP,Japan,True,True,Japan,JPN,Japan,JPN.35_1,Saitama,Saitama Prefecture:Saitama
4365,Hawalli Governorate,region,KW,Kuwait,True,True,Kuwait,KWT,Kuwait,KWT.5_1,Hawalli,
833,Saarland,region,DE,Germany,True,True,Germany,DEU,Germany,DEU.12_1,Saarland,
1898,Iwate Prefecture,region,JP,Japan,True,True,Japan,JPN,,,,
1908,Nagano Prefecture,region,JP,Japan,True,True,Japan,JPN,Japan,JPN.26_1,Nagano,Nagano Prefecture:Nagano
4233,Mayagüez,region,PR,Puerto Rico,True,True,Puerto Rico,PRI,Puerto Rico,PRI.50_1,Mayagüez,
3644,Kebili Governorate,region,TN,Tunisia,True,True,Tunisia,TUN,,,,
4464,Manouba Governorate,region,TN,Tunisia,True,True,Tunisia,TUN,,,,
2005,Incheon,region,KR,South Korea,True,True,"Korea, Republic of",KOR,South Korea,KOR.11_1,Incheon,
1013,Qena Governorate,region,EG,Egypt,True,True,Egypt,EGY,,,,
4684,Mechi Zone,region,NP,Nepal,True,True,Nepal,NPL,,,,
3643,Gabès Governorate,region,TN,Tunisia,True,True,Tunisia,TUN,,,,
3630,Kairouan Governorate,region,TN,Tunisia,True,True,Tunisia,TUN,Tunisia,TUN.8_1,Kairouan,Kairouan Governorate:Kairouan
3647,Tataouine Governorate,region,TN,Tunisia,True,True,Tunisia,TUN,Tunisia,TUN.21_1,Tataouine,Tataouine Governorate:Tataouine
3467,Woqooyi Galbeed,region,SO,Somalia,True,True,Somalia,SOM,Somalia,SOM.18_1,Woqooyi Galbeed,
3548,Mae Hong Son,region,TH,Thailand,True,True,Thailand,THA,Thailand,THA.23_1,Mae Hong Son,
4487,Saint Helier,region,JE,Jersey,True,True,Jersey,JEY,Jersey,JEY.4_1,Saint Helier,
4274,Hormigueros,region,PR,Puerto Rico,True,True,Puerto Rico,PRI,Puerto Rico,PRI.35_1,Hormigueros,
3508,Hhohho District,region,SZ,Swaziland,True,True,Eswatini,SWZ,Swaziland,SWZ.1_1,Hhohho,Hhohho District:Hhohho
4582,Haute Matsiatra,region,MG,Madagascar,True,True,Madagascar,MDG,,,,
539,Nunavut,region,CA,Canada,True,True,Canada,CAN,Canada,CAN.8_1,Nunavut,
4383,Mtskheta-Mtianeti,region,GE,Georgia,True,True,Georgia,GEO,Georgia,GEO.7_1,Mtskheta-Mtianeti,
4272,Humacao,region,PR,Puerto Rico,True,True,Puerto Rico,PRI,Puerto Rico,PRI.36_1,Humacao,
4955,Half Tree Hollow,region,SH,Saint Helena,True,True,"Saint Helena, Ascension and Tristan da Cunha",SHN,,,,
4926,Levelwood,region,SH,Saint Helena,True,True,"Saint Helena, Ascension and Tristan da Cunha",SHN,,,,
2752,Herrera,region,PA,Panama,True,True,Panama,PAN,Panama,PAN.7_1,Herrera,
3458,Hiran,region,SO,Somalia,True,True,Somalia,SOM,Somalia,SOM.8_1,Hiiraan,Hiran:Hiiraan
4834,Hadjer-Lamis Region,region,TD,Chad,True,True,Chad,TCD,Chad,TCD.8_1,Hadjer-Lamis,Hadjer-Lamis Region:Hadjer-Lamis
2046,Houaphanh Province,region,LA,Laos,True,True,Lao People's Democratic Republic,LAO,Laos,LAO.5_1,Houaphan,Houaphanh Province:Houaphan
2517,Hidalgo,region,MX,Mexico,True,True,Mexico,MEX,México,MEX.13_1,Hidalgo,
2521,Morelos,region,MX,Mexico,True,True,Mexico,MEX,México,MEX.17_1,Morelos,
3003,Pomeranian Voivodeship,region,PL,Poland,True,True,Poland,POL,,,,
4698,Harare Province,region,ZW,Zimbabwe,True,True,Zimbabwe,ZWE,Zimbabwe,ZWE.2_1,Harare,Harare Province:Harare
3994,Khánh Hòa,region,VN,Vietnam,True,True,Viet Nam,VNM,Vietnam,VNM.32_1,Khánh Hòa,
4150,Haiphong,region,VN,Vietnam,True,True,Viet Nam,VNM,Vietnam,VNM.23_1,Hải Phòng,Haiphong:Hải Phòng
2670,Zuid-Holland,region,NL,Netherlands,True,True,Netherlands,NLD,Netherlands,NLD.14_1,Zuid-Holland,
4819,Pointe-Noire,region,CG,Republic of the Congo,True,True,Congo,COG,Republic of the Congo,COG.10_1,Pointe Noire,Pointe-Noire:Pointe Noire
2047,Khammouane Province,region,LA,Laos,True,True,Lao People's Democratic Republic,LAO,Laos,LAO.6_1,Khammouan,Khammouane Province:Khammouan
4903,Honiara,region,SB,Solomon Islands,True,True,Solomon Islands,SLB,Solomon Islands,SLB.4_1,Honiara,
3992,Hà Tĩnh,region,VN,Vietnam,True,True,Viet Nam,VNM,Vietnam,VNM.29_1,Hà Tĩnh,
4114,Karabük Province,region,TR,Turkey,True,True,Turkey,TUR,Turkey,TUR.43_1,Karabük,
4074,Matabeleland North Province,region,ZW,Zimbabwe,True,True,Zimbabwe,ZWE,Zimbabwe,ZWE.8_1,Matabeleland North,Matabeleland North Province:Matabeleland North
537,Yukon,region,CA,Canada,True,True,Canada,CAN,Canada,CAN.13_1,Yukon,
4925,Shefa,region,VU,Vanuatu,True,True,Vanuatu,VUT,Vanuatu,VUT.4_1,Shefa,
4111,Mardin Province,region,TR,Turkey,True,True,Turkey,TUR,Turkey,TUR.57_1,Mardin,
4076,Masvingo Province,region,ZW,Zimbabwe,True,True,Zimbabwe,ZWE,Zimbabwe,ZWE.7_1,Masvingo,Masvingo Province:Masvingo
1683,Maluku,region,ID,Indonesia,True,True,Indonesia,IDN,Indonesia,IDN.19_1,Maluku,
3682,Isparta Province,region,TR,Turkey,True,True,Turkey,TUR,Turkey,TUR.39_1,Isparta,
35,Kandahar,region,AF,Afghanistan,True,True,Afghanistan,AFG,Afghanistan,AFG.15_1,Kandahar,
3709,Van Province,region,TR,Turkey,True,True,Turkey,TUR,,,,
4920,Malampa,region,VU,Vanuatu,True,True,Vanuatu,VUT,Vanuatu,VUT.1_1,Malampa,
395,Ngozi Province,region,BI,Burundi,True,True,Burundi,BDI,Burundi,BDI.15_1,Ngozi,Ngozi Province:Ngozi
394,Muyinga Province,region,BI,Burundi,True,True,Burundi,BDI,Burundi,BDI.13_1,Muyinga,Muyinga Province:Muyinga
397,Ruyigi Province,region,BI,Burundi,True,True,Burundi,BDI,Burundi,BDI.17_1,Ruyigi,Ruyigi Province:Ruyigi
4727,Sirdaryo Region,region,UZ,Uzbekistan,True,True,Uzbekistan,UZB,Uzbekistan,UZB.11_1,Sirdaryo,Sirdaryo Region:Sirdaryo
392,Kirundo Province,region,BI,Burundi,True,True,Burundi,BDI,Burundi,BDI.10_1,Kirundo,Kirundo Province:Kirundo
393,Makamba Province,region,BI,Burundi,True,True,Burundi,BDI,Burundi,BDI.11_1,Makamba,Makamba Province:Makamba
4924,Torba,region,VU,Vanuatu,True,True,Vanuatu,VUT,Vanuatu,VUT.6_1,Torba,
3218,Makira-Ulawa Province,region,SB,Solomon Islands,True,True,Solomon Islands,SLB,Solomon Islands,SLB.6_1,Makira Ulawa,Makira-Ulawa Province:Makira Ulawa
4961,Vaitupu,region,TV,Tuvalu,True,True,Tuvalu,TUV,Tuvalu,TUV.9_1,Vaitupu,
4922,Penama,region,VU,Vanuatu,True,True,Vanuatu,VUT,Vanuatu,VUT.2_1,Penama,
4850,Swains Island,region,AS,American Samoa,True,True,American Samoa,ASM,,,,
4875,Kili Island,region,MH,Marshall Islands,True,True,Marshall Islands,MHL,,,,
4880,Mejit Island,region,MH,Marshall Islands,True,True,Marshall Islands,MHL,Marshall Islands,MHL.15_1,Mejit,Mejit Island:Mejit
4871,Jabat Island,region,MH,Marshall Islands,True,True,Marshall Islands,MHL,Marshall Islands,MHL.7_1,Jabat,Jabat Island:Jabat
4638,Loyalty Islands,region,NC,New Caledonia,True,True,New Caledonia,NCL,,,,
391,Kayanza Province,region,BI,Burundi,True,True,Burundi,BDI,Burundi,BDI.9_1,Kayanza,Kayanza Province:Kayanza
4844,Muramvya Province,region,BI,Burundi,True,True,Burundi,BDI,Burundi,BDI.12_1,Muramvya,Muramvya Province:Muramvya
4021,Tafea,region,VU,Vanuatu,True,True,Vanuatu,VUT,Vanuatu,VUT.5_1,Tafea,
396,Rutana Province,region,BI,Burundi,True,True,Burundi,BDI,Burundi,BDI.16_1,Rutana,Rutana Province:Rutana
4894,Isabel Province,region,SB,Solomon Islands,True,True,Solomon Islands,SLB,Solomon Islands,SLB.5_1,Isabel,Isabel Province:Isabel
4845,Mwaro Province,region,BI,Burundi,True,True,Burundi,BDI,Burundi,BDI.14_1,Mwaro,Mwaro Province:Mwaro
390,Karuzi Province,region,BI,Burundi,True,True,Burundi,BDI,Burundi,BDI.8_1,Karuzi,Karuzi Province:Karuzi
4895,Malaita Province,region,SB,Solomon Islands,True,True,Solomon Islands,SLB,Solomon Islands,SLB.7_1,Malaita,Malaita Province:Malaita
1095,Ogooué-Ivindo Province,region,GA,Gabon,True,True,Gabon,GAB,Gabon,GAB.6_1,Ogooué-Ivindo,Ogooué-Ivindo Province:Ogooué-Ivindo
4249,Santa Isabel,region,PR,Puerto Rico,True,True,Puerto Rico,PRI,Puerto Rico,PRI.68_1,Santa Isabel,
36,Kunduz Province,region,AF,Afghanistan,True,True,Afghanistan,AFG,Afghanistan,AFG.19_1,Kunduz,Kunduz Province:Kunduz
3919,Navoiy Region,region,UZ,Uzbekistan,True,True,Uzbekistan,UZB,Uzbekistan,UZB.9_1,Navoiy,Navoiy Region:Navoiy
43,Samangan,region,AF,Afghanistan,True,True,Afghanistan,AFG,Afghanistan,AFG.29_1,Samangan,
2598,Oshikoto Region,region,,Namibia,True,True,Namibia,NAM,Namibia,NAM.11_1,Oshikoto,Oshikoto Region:Oshikoto
76,Syunik Province,region,AM,Armenia,True,True,Armenia,ARM,Armenia,ARM.9_1,Syunik,Syunik Province:Syunik
1848,Liguria,region,IT,Italy,True,True,Italy,ITA,Italy,ITA.9_1,Liguria,
1855,Sicilia,region,IT,Italy,True,True,Italy,ITA,Italy,ITA.15_1,Sicily,Sicilia:Sicily
964,Pichincha Province,region,EC,Ecuador,True,True,Ecuador,ECU,Ecuador,ECU.19_1,Pichincha,Pichincha Province:Pichincha
958,Imbabura Province,region,EC,Ecuador,True,True,Ecuador,ECU,Ecuador,ECU.11_1,Imbabura,Imbabura Province:Imbabura
4090,Putrajaya,region,MY,Malaysia,True,True,Malaysia,MYS,Malaysia,MYS.12_1,Putrajaya,
1851,Molise,region,IT,Italy,True,True,Italy,ITA,Italy,ITA.12_1,Molise,
458,Roraima,region,BR,Brazil,True,True,Brazil,BRA,Brazil,BRA.23_1,Roraima,
3689,Kocaeli Province,region,TR,Turkey,True,True,Turkey,TUR,Turkey,TUR.52_1,Kocaeli,
3700,Samsun Province,region,TR,Turkey,True,True,Turkey,TUR,Turkey,TUR.67_1,Samsun,
756,Limón Province,region,CR,Costa Rica,True,True,Costa Rica,CRI,Costa Rica,CRI.5_1,Limón,Limón Province:Limón
4879,Lib Island,region,MH,Marshall Islands,True,True,Marshall Islands,MHL,,,,
2731,Nelson Province,region,NZ,New Zealand,True,True,New Zealand,NZL,New Zealand,NZL.9_1,Nelson,Nelson Province:Nelson
5072,Sassandra-Marahoué District,region,CI,Côte d&#039;Ivoire,True,True,Côte d'Ivoire,CIV,Côte d'Ivoire,CIV.9_1,Sassandra-Marahoué,Sassandra-Marahoué District:Sassandra-Marahoué
4503,Zanzan District,region,CI,Côte d&#039;Ivoire,True,True,Côte d'Ivoire,CIV,Côte d'Ivoire,CIV.14_1,Zanzan,Zanzan District:Zanzan
4490,Saint Martin,region,JE,Jersey,True,True,Jersey,JEY,Jersey,JEY.7_1,Saint Martin,
4491,Saint Ouen,region,JE,Jersey,True,True,Jersey,JEY,Jersey,JEY.9_1,Saint Ouen,
4966,Jamestown,region,SH,Saint Helena,True,True,"Saint Helena, Ascension and Tristan da Cunha",SHN,,,,
4495,Trinity,region,JE,Jersey,True,True,Jersey,JEY,Jersey,JEY.12_1,Trinity,
4489,Saint Lawrence,region,JE,Jersey,True,True,Jersey,JEY,Jersey,JEY.6_1,Saint Lawrence,
4488,Saint John,region,JE,Jersey,True,True,Jersey,JEY,Jersey,JEY.5_1,Saint John,
4493,Saint Mary,region,JE,Jersey,True,True,Jersey,JEY,Jersey,JEY.8_1,Saint Mary,
5070,Woroba District,region,CI,Côte d&#039;Ivoire,True,True,Côte d'Ivoire,CIV,Côte d'Ivoire,CIV.12_1,Woroba,Woroba District:Woroba
4492,Saint Peter,region,JE,Jersey,True,True,Jersey,JEY,Jersey,JEY.10_1,Saint Peter,Saint Peter:Saint Peter Port
4494,Saint Saviour,region,JE,Jersey,True,True,Jersey,JEY,Jersey,JEY.11_1,Saint Saviour,
2768,Junin,region,PE,Peru,True,True,Peru,PER,Peru,PER.12_1,Junín,Junin:Junín
2736,Waikato,region,NZ,New Zealand,True,True,New Zealand,NZL,New Zealand,NZL.17_1,Waikato,
2518,Jalisco,region,MX,Mexico,True,True,Mexico,MEX,México,MEX.14_1,Jalisco,
4281,San Juan,region,PR,Puerto Rico,True,True,Puerto Rico,PRI,Puerto Rico,PRI.65_1,San Juan,
106,Jujuy,region,AR,Argentina,True,True,Argentina,ARG,Argentina,ARG.10_1,Jujuy,
4460,Tbong Khmum Province,region,KH,Cambodia,True,True,Cambodia,KHM,Cambodia,KHM.25_1,Tbong Khmum,Tbong Khmum Province:Tbong Khmum
73,Kotayk Region,region,AM,Armenia,True,True,Armenia,ARM,Armenia,ARM.6_1,Kotayk,Kotayk Region:Kotayk
2055,Xiangkhouang Province,region,LA,Laos,True,True,Lao People's Democratic Republic,LAO,Laos,LAO.18_1,Xiangkhoang,Xiangkhouang Province:Xiangkhoang
3995,Kon Tum,region,VN,Vietnam,True,True,Viet Nam,VNM,Vietnam,VNM.34_1,Kon Tum,
1937,Western Province,region,KE,Kenya,True,True,Kenya,KEN,Kenya,KEN.47_1,West Pokot,Western Province:West Pokot
2606,Zinder Region,region,NE,Niger,True,True,Niger,NER,Niger,NER.8_1,Zinder,Zinder Region:Zinder
4889,Tillabéri Region,region,NE,Niger,True,True,Niger,NER,Niger,NER.7_1,Tillabéry,Tillabéri Region:Tillabéry
4547,Kujalleq,region,GL,Greenland,True,True,Greenland,GRL,Greenland,GRL.1_1,Kujalleq,
1478,Kié-Ntem Province,region,GQ,Equatorial Guinea,True,True,Equatorial Guinea,GNQ,Equatorial Guinea,GNQ.5_1,Kié-Ntem,Kié-Ntem Province:Kié-Ntem
2593,Ohangwena Region,region,,Namibia,True,True,Namibia,NAM,Namibia,NAM.7_1,Ohangwena,Ohangwena Region:Ohangwena
2596,Omusati Region,region,,Namibia,True,True,Namibia,NAM,Namibia,NAM.9_1,Omusati,Omusati Region:Omusati
4680,Kavango West Region,region,,Namibia,True,True,Namibia,NAM,Namibia,NAM.4_1,Kavango,Kavango West Region:Kavango
2603,Maradi Region,region,NE,Niger,True,True,Niger,NER,Niger,NER.4_1,Maradi,Maradi Region:Maradi
2605,Tahoua Region,region,NE,Niger,True,True,Niger,NER,Niger,NER.6_1,Tahoua,Tahoua Region:Tahoua
4584,Sava Region,region,MG,Madagascar,True,True,Madagascar,MDG,,,,
4458,Kep Province,region,KH,Cambodia,True,True,Cambodia,KHM,,,,
3518,Kanem Region,region,TD,Chad,True,True,Chad,TCD,Chad,TCD.9_1,Kanem,Kanem Region:Kanem
4930,Kara Region,region,TG,Togo,True,True,Togo,TGO,Togo,TGO.2_1,Kara,
27,Kunar,region,AF,Afghanistan,True,True,Afghanistan,AFG,Afghanistan,AFG.18_1,Kunar,
133,Queensland,region,AU,Australia,True,True,Australia,AUS,Australia,AUS.7_1,Queensland,
4290,Kyiv,region,UA,Ukraine,True,True,Ukraine,UKR,Ukraine,UKR.12_1,Kiev,Kyiv:Kiev
2539,Kelantan,region,MY,Malaysia,True,True,Malaysia,MYS,Malaysia,MYS.3_1,Kelantan,
4118,Tainan,region,TW,Taiwan,True,True,"Taiwan, Province of China",TWN,Taiwan,TWN.5_1,Tainan,
2538,Kedah,region,MY,Malaysia,True,True,Malaysia,MYS,Malaysia,MYS.2_1,Kedah,
1935,Nyanza Province,region,KE,Kenya,True,True,Kenya,KEN,,,,
4004,Quảng Trị,region,VN,Vietnam,True,True,Viet Nam,VNM,Vietnam,VNM.50_1,Quảng Trị,
4008,Tuyên Quang,region,VN,Vietnam,True,True,Viet Nam,VNM,Vietnam,VNM.60_1,Tuyên Quang,
4003,Quảng Ngãi,region,VN,Vietnam,True,True,Viet Nam,VNM,Vietnam,VNM.48_1,Quảng Ngãi,
3197,Kigali,region,RW,Rwanda,True,True,Rwanda,RWA,Rwanda,RWA.5_1,Umujyi wa Kigali,Kigali:Umujyi wa Kigali
4434,Semigallia,region,LV,Latvia,True,True,Latvia,LVA,Latvia,LVA.5_1,Zemgale,Semigallia:Zemgale
4432,Kurzeme Planning Region,region,LV,Latvia,True,True,Latvia,LVA,,,,
4436,Vidzeme,region,LV,Latvia,True,True,Latvia,LVA,Latvia,LVA.4_1,Vidzeme,
2051,Salavan Province,region,LA,Laos,True,True,Lao People's Democratic Republic,LAO,Laos,LAO.11_1,Saravan,Salavan Province:Saravan
4275,Las Piedras,region,PR,Puerto Rico,True,True,Puerto Rico,PRI,Puerto Rico,PRI.44_1,Las Piedras,
4433,Latgale,region,LV,Latvia,True,True,Latvia,LVA,Latvia,LVA.2_1,Latgale,
74,Lori Region,region,AM,Armenia,True,True,Armenia,ARM,Armenia,ARM.7_1,Lori,Lori Region:Lori
3969,Sơn La,region,VN,Vietnam,True,True,Viet Nam,VNM,Vietnam,VNM.52_1,Sơn La,
3974,Lạng Sơn,region,VN,Vietnam,True,True,Viet Nam,VNM,Vietnam,VNM.35_1,Lạng Sơn,
4697,La Condamine,region,MC,Monaco,True,True,Monaco,MCO,,,,
2756,Veraguas Province,region,PA,Panama,True,True,Panama,PAN,Panama,PAN.13_1,Veraguas,Veraguas Province:Veraguas
2056,Luang Prabang Province,region,LA,Laos,True,True,Lao People's Democratic Republic,LAO,Laos,LAO.8_1,Louangphrabang,Luang Prabang Province:Louangphrabang
4229,Las Marías,region,PR,Puerto Rico,True,True,Puerto Rico,PRI,Puerto Rico,PRI.43_1,Las Marías,
4413,Pointe La Rue,region,SC,Seychelles,True,True,Seychelles,SYC,Seychelles,SYC.22_1,Pointe La Rue,
2079,Ruggell,region,LI,Liechtenstein,True,True,Liechtenstein,LIE,Liechtenstein,LIE.6_1,Ruggell,
4415,Saint Louis,region,SC,Seychelles,True,True,Seychelles,SYC,Seychelles,SYC.25_1,Saint Louis,
2083,Triesenberg,region,LI,Liechtenstein,True,True,Liechtenstein,LIE,Liechtenstein,LIE.10_1,Triesenberg,
3520,Logone Occidental Region,region,TD,Chad,True,True,Chad,TCD,Chad,TCD.11_1,Logone Occidental,Logone Occidental Region:Logone Occidental
3509,Lubombo District,region,SZ,Swaziland,True,True,Eswatini,SWZ,Swaziland,SWZ.2_1,Lubombo,Lubombo District:Lubombo
4939,Savanes Region,region,TG,Togo,True,True,Togo,TGO,Togo,TGO.5_1,Savanes,
2078,Planken,region,LI,Liechtenstein,True,True,Liechtenstein,LIE,Liechtenstein,LIE.5_1,Planken,
4417,Les Mamelles,region,SC,Seychelles,True,True,Seychelles,SYC,Seychelles,SYC.17_1,Les Mamelles,
4877,Likiep Atoll,region,MH,Marshall Islands,True,True,Marshall Islands,MHL,Marshall Islands,MHL.12_1,Likiep,Likiep Atoll:Likiep
4658,Les Révoires,region,MC,Monaco,True,True,Monaco,MCO,,,,
4967,Longwood,region,SH,Saint Helena,True,True,"Saint Helena, Ascension and Tristan da Cunha",SHN,,,,
2077,Mauren,region,LI,Liechtenstein,True,True,Liechtenstein,LIE,Liechtenstein,LIE.4_1,Mauren,
2753,Los Santos Province,region,PA,Panama,True,True,Panama,PAN,Panama,PAN.9_1,Los Santos,Los Santos Province:Los Santos
4575,Sekong Province,region,LA,Laos,True,True,Lao People's Democratic Republic,LAO,,,,
4246,San Lorenzo,region,PR,Puerto Rico,True,True,Puerto Rico,PRI,Puerto Rico,PRI.66_1,San Lorenzo,
2054,Sainyabuli Province,region,LA,Laos,True,True,Lao People's Democratic Republic,LAO,Laos,LAO.15_1,Xaignabouri,Sainyabuli Province:Xaignabouri
4276,Luquillo,region,PR,Puerto Rico,True,True,Puerto Rico,PRI,Puerto Rico,PRI.46_1,Luquillo,
4230,Lajas,region,PR,Puerto Rico,True,True,Puerto Rico,PRI,Puerto Rico,PRI.41_1,Lajas,
1093,Ngounié Province,region,GA,Gabon,True,True,Gabon,GAB,Gabon,GAB.4_1,Ngounié,Ngounié Province:Ngounié
4231,Lares,region,PR,Puerto Rico,True,True,Puerto Rico,PRI,Puerto Rico,PRI.42_1,Lares,
46,Laghman,region,AF,Afghanistan,True,True,Afghanistan,AFG,Afghanistan,AFG.20_1,Laghman,
29,Logar,region,AF,Afghanistan,True,True,Afghanistan,AFG,Afghanistan,AFG.21_1,Logar,
3,La Massana,region,AD,Andorra,True,True,Andorra,AND,Andorra,AND.5_1,La Massana,
2049,Oudomxay Province,region,LA,Laos,True,True,Lao People's Democratic Republic,LAO,Laos,LAO.9_1,Oudômxai,Oudomxay Province:Oudômxai
3521,Logone Oriental Region,region,TD,Chad,True,True,Chad,TCD,Chad,TCD.12_1,Logone Oriental,Logone Oriental Region:Logone Oriental
2084,Vaduz,region,LI,Liechtenstein,True,True,Liechtenstein,LIE,Liechtenstein,LIE.11_1,Valduz,Vaduz:Valduz
3627,Lebap Region,region,TM,Turkmenistan,True,True,Turkmenistan,TKM,Turkmenistan,TKM.4_1,Lebap,Lebap Region:Lebap
4568,Luang Namtha Province,region,LA,Laos,True,True,Lao People's Democratic Republic,LAO,Laos,LAO.7_1,Louang Namtha,Luang Namtha Province:Louang Namtha
4653,Larvotto,region,MC,Monaco,True,True,Monaco,MCO,,,,
3519,Lac Region,region,TD,Chad,True,True,Chad,TCD,,,,
4444,Uva Province,region,LK,Sri Lanka,True,True,Sri Lanka,LKA,,,,
2052,Savannakhet Province,region,LA,Laos,True,True,Lao People's Democratic Republic,LAO,Laos,LAO.12_1,Savannakhét,Savannakhet Province:Savannakhét
2769,La Libertad Region,region,PE,Peru,True,True,Peru,PER,Peru,PER.13_1,La Libertad,La Libertad Region:La Libertad
2528,San Luis Potosí,region,MX,Mexico,True,True,Mexico,MEX,México,MEX.24_1,San Luis Potosí,
4574,Vientiane Prefecture,region,LA,Laos,True,True,Lao People's Democratic Republic,LAO,Laos,LAO.13_1,Vientiane [prefecture],Vientiane Prefecture:Vientiane [prefecture]
3559,Phitsanulok,region,TH,Thailand,True,True,Thailand,THA,Thailand,THA.45_1,Phitsanulok,
1096,Ogooué-Lolo Province,region,GA,Gabon,True,True,Gabon,GAB,Gabon,GAB.7_1,Ogooué-Lolo,Ogooué-Lolo Province:Ogooué-Lolo
1097,Ogooué-Maritime Province,region,GA,Gabon,True,True,Gabon,GAB,Gabon,GAB.8_1,Ogooué-Maritime,Ogooué-Maritime Province:Ogooué-Maritime
4135,Masovian Voivodeship,region,PL,Poland,True,True,Poland,POL,,,,
4391,Oriental,region,MA,Morocco,True,True,Morocco,MAR,Morocco,MAR.10_1,Oriental,
2166,Riga Planning Region,region,LV,Latvia,True,True,Latvia,LVA,,,,
4445,Tripoli District,region,LY,Libya,True,True,Libya,LBY,Libya,LBY.20_1,Tripoli,Tripoli District:Tripoli
3552,Lamphun,region,TH,Thailand,True,True,Thailand,THA,Thailand,THA.20_1,Lamphun,
4442,Sabaragamuwa Province,region,LK,Sri Lanka,True,True,Sri Lanka,LKA,,,,
960,Los Ríos Province,region,EC,Ecuador,True,True,Ecuador,ECU,Ecuador,ECU.13_1,Los Rios,Los Ríos Province:Los Rios
3565,Loei,region,TH,Thailand,True,True,Thailand,THA,Thailand,THA.21_1,Loei,
4009,Vĩnh Long,region,VN,Vietnam,True,True,Viet Nam,VNM,Vietnam,VNM.61_1,Vĩnh Long,
3580,Lop Buri,region,TH,Thailand,True,True,Thailand,THA,Thailand,THA.22_1,Lop Buri,
107,La Pampa,region,AR,Argentina,True,True,Argentina,ARG,Argentina,ARG.11_1,La Pampa,
2996,Lublin Voivodeship,region,PL,Poland,True,True,Poland,POL,,,,
3553,Lampang,region,TH,Thailand,True,True,Thailand,THA,Thailand,THA.19_1,Lampang,
3000,Opole Voivodeship,region,PL,Poland,True,True,Poland,POL,,,,
959,Loja Province,region,EC,Ecuador,True,True,Ecuador,ECU,,,,
3002,Podlaskie Voivodeship,region,PL,Poland,True,True,Poland,POL,Poland,POL.10_1,Podlaskie,Podlaskie Voivodeship:Podlaskie
2997,Lubusz Voivodeship,region,PL,Poland,True,True,Poland,POL,Poland,POL.5_1,Lubuskie,Lubusz Voivodeship:Lubuskie
4657,Le Portier,region,MC,Monaco,True,True,Monaco,MCO,,,,
3510,Manzini District,region,SZ,Swaziland,True,True,Eswatini,SWZ,Swaziland,SWZ.3_1,Manzini,Manzini District:Manzini
4323,Mura Statistical Region,region,SI,Slovenia,True,True,Slovenia,SVN,,,,
967,Sucumbíos Province,region,EC,Ecuador,True,True,Ecuador,ECU,Ecuador,ECU.22_1,Sucumbios,Sucumbíos Province:Sucumbios
5064,Montagnes District,region,CI,Côte d&#039;Ivoire,True,True,Côte d'Ivoire,CIV,Côte d'Ivoire,CIV.8_1,Montagnes,Montagnes District:Montagnes
4716,Manicaland,region,ZW,Zimbabwe,True,True,Zimbabwe,ZWE,Zimbabwe,ZWE.3_1,Manicaland,
34,Parwan,region,AF,Afghanistan,True,True,Afghanistan,AFG,Afghanistan,AFG.28_1,Parwan,
40,Paktika Province,region,AF,Afghanistan,True,True,Afghanistan,AFG,Afghanistan,AFG.25_1,Paktika,Paktika Province:Paktika
4236,Moca,region,PR,Puerto Rico,True,True,Puerto Rico,PRI,Puerto Rico,PRI.51_1,Moca,
38,Maidan Wardak,region,AF,Afghanistan,True,True,Afghanistan,AFG,Afghanistan,AFG.33_1,Wardak,Maidan Wardak:Wardak
969,Orellana Province,region,EC,Ecuador,True,True,Ecuador,ECU,Ecuador,ECU.17_1,Orellana,Orellana Province:Orellana
968,Napo Province,region,EC,Ecuador,True,True,Ecuador,ECU,,,,
4720,Midlands Province,region,ZW,Zimbabwe,True,True,Zimbabwe,ZWE,Zimbabwe,ZWE.10_1,Midlands,Midlands Province:Midlands
4578,Melaky,region,MG,Madagascar,True,True,Madagascar,MDG,,,,
169,Masally District,region,AZ,Azerbaijan,True,True,Azerbaijan,AZE,,,,
170,Mingachevir,region,AZ,Azerbaijan,True,True,Azerbaijan,AZE,,,,
4821,Mangaia,region,CK,Cook Islands,True,True,Cook Islands,COK,Cook Islands,COK.3_1,Mangaia,
4823,Manihiki,region,CK,Cook Islands,True,True,Cook Islands,COK,Cook Islands,COK.4_1,Manihiki,
4824,Mauke,region,CK,Cook Islands,True,True,Cook Islands,COK,Cook Islands,COK.5_1,Mauke,
4826,Mitiaro,region,CK,Cook Islands,True,True,Cook Islands,COK,Cook Islands,COK.6_1,Mitiaro,
4597,Petite Martinique,region,GD,Grenada,True,True,Grenada,GRD,,,,
1971,Mohéli,region,KM,Comoros,True,True,Comoros,COM,Comoros,COM.3_1,Mwali,Mohéli:Mwali
4729,Montegiardino,region,SM,San Marino,True,True,San Marino,SMR,San Marino,SMR.7_1,Montegiardino,
3464,Middle Shebelle,region,SO,Somalia,True,True,Somalia,SOM,,,,
1092,Moyen-Ogooué Province,region,GA,Gabon,True,True,Gabon,GAB,Gabon,GAB.3_1,Moyen-Ogooué,Moyen-Ogooué Province:Moyen-Ogooué
3461,Mudug,region,SO,Somalia,True,True,Somalia,SOM,Somalia,SOM.11_1,Mudug,
4237,Morovis,region,PR,Puerto Rico,True,True,Puerto Rico,PRI,Puerto Rico,PRI.52_1,Morovis,
37,Takhar,region,AF,Afghanistan,True,True,Afghanistan,AFG,Afghanistan,AFG.31_1,Takhar,
49,Nuristan,region,AF,Afghanistan,True,True,Afghanistan,AFG,Afghanistan,AFG.24_1,Nuristan,
39,Zabul,region,AF,Afghanistan,True,True,Afghanistan,AFG,Afghanistan,AFG.34_1,Zabul,
3054,Umm Salal,region,QA,Qatar,True,True,Qatar,QAT,Qatar,QAT.7_1,Umm Salal,
4588,Menabe,region,MG,Madagascar,True,True,Madagascar,MDG,,,,
33,Paktia,region,AF,Afghanistan,True,True,Afghanistan,AFG,Afghanistan,AFG.25_1,Paktika,Paktia:Paktika
3628,Mary Region,region,TM,Turkmenistan,True,True,Turkmenistan,TKM,Turkmenistan,TKM.5_1,Mary,Mary Region:Mary
529,Manitoba,region,CA,Canada,True,True,Canada,CAN,Canada,CAN.3_1,Manitoba,
2531,Tabasco,region,MX,Mexico,True,True,Mexico,MEX,México,MEX.27_1,Tabasco,
2522,Nayarit,region,MX,Mexico,True,True,Mexico,MEX,México,MEX.18_1,Nayarit,
2542,Pahang,region,MY,Malaysia,True,True,Malaysia,MYS,Malaysia,MYS.8_1,Pahang,
2551,Sabah,region,MY,Malaysia,True,True,Malaysia,MYS,Malaysia,MYS.13_1,Sabah,
2533,Tlaxcala,region,MX,Mexico,True,True,Mexico,MEX,México,MEX.29_1,Tlaxcala,
4156,Thái Nguyên,region,VN,Vietnam,True,True,Viet Nam,VNM,Vietnam,VNM.56_1,Thái Nguyên,
2536,Zacatecas,region,MX,Mexico,True,True,Mexico,MEX,México,MEX.32_1,Zacatecas,
2525,Puebla,region,MX,Mexico,True,True,Mexico,MEX,México,MEX.21_1,Puebla,
2532,Tamaulipas,region,MX,Mexico,True,True,Mexico,MEX,México,MEX.28_1,Tamaulipas,
2527,Quintana Roo,region,MX,Mexico,True,True,Mexico,MEX,México,MEX.23_1,Quintana Roo,
2529,Sinaloa,region,MX,Mexico,True,True,Mexico,MEX,México,MEX.25_1,Sinaloa,
2543,Perak,region,MY,Malaysia,True,True,Malaysia,MYS,Malaysia,MYS.9_1,Perak,
2535,Yucatán,region,MX,Mexico,True,True,Mexico,MEX,México,MEX.31_1,Yucatán,
2524,Oaxaca,region,MX,Mexico,True,True,Mexico,MEX,México,MEX.20_1,Oaxaca,
4931,Maritime Region,region,TG,Togo,True,True,Togo,TGO,Togo,TGO.3_1,Maritime,
962,Morona-Santiago Province,region,EC,Ecuador,True,True,Ecuador,ECU,Ecuador,ECU.15_1,Morona Santiago,Morona-Santiago Province:Morona Santiago
3970,Tây Ninh,region,VN,Vietnam,True,True,Viet Nam,VNM,Vietnam,VNM.53_1,Tây Ninh,
4654,Saint Michel,region,MC,Monaco,True,True,Monaco,MCO,,,,
3462,Nugal,region,SO,Somalia,True,True,Somalia,SOM,Somalia,SOM.12_1,Nugaal,Nugal:Nugaal
2599,Otjozondjupa Region,region,,Namibia,True,True,Namibia,NAM,Namibia,NAM.12_1,Otjozondjupa,Otjozondjupa Region:Otjozondjupa
1098,Woleu-Ntem Province,region,GA,Gabon,True,True,Gabon,GAB,Gabon,GAB.9_1,Wouleu-Ntem,Woleu-Ntem Province:Wouleu-Ntem
1480,Wele-Nzas Province,region,GQ,Equatorial Guinea,True,True,Equatorial Guinea,GNQ,Equatorial Guinea,GNQ.7_1,Wele-Nzas,Wele-Nzas Province:Wele-Nzas
4937,Niuas,region,TO,Tonga,True,True,Tonga,TON,Tonga,TON.3_1,Niuas,
4958,Nukufetau,region,TV,Tuvalu,True,True,Tuvalu,TUV,Tuvalu,TUV.7_1,Nukufetau,
4960,Nui,region,TV,Tuvalu,True,True,Tuvalu,TUV,Tuvalu,TUV.6_1,Nui,
4957,Nanumea,region,TV,Tuvalu,True,True,Tuvalu,TUV,Tuvalu,TUV.3_1,Nanumea,
4964,Niutao,region,TV,Tuvalu,True,True,Tuvalu,TUV,Tuvalu,TUV.5_1,Niutao,
4959,Nukulaelae,region,TV,Tuvalu,True,True,Tuvalu,TUV,Tuvalu,TUV.8_1,Nukulaelae,
4885,Namdrik Atoll,region,MH,Marshall Islands,True,True,Marshall Islands,MHL,Marshall Islands,MHL.17_1,Namorik,Namdrik Atoll:Namorik
4962,Nanumanga,region,TV,Tuvalu,True,True,Tuvalu,TUV,Tuvalu,TUV.2_1,Nanumanga,
2597,Oshana Region,region,,Namibia,True,True,Namibia,NAM,Namibia,NAM.10_1,Oshana,Oshana Region:Oshana
2591,Karas Region,region,,Namibia,True,True,Namibia,NAM,Namibia,NAM.1_1,!Karas,Karas Region:!Karas
4278,Naguabo,region,PR,Puerto Rico,True,True,Puerto Rico,PRI,Puerto Rico,PRI.53_1,Naguabo,
4551,Qaasuitsup,region,GL,Greenland,True,True,Greenland,GRL,Greenland,GRL.3_1,Qaasuitsup,
2595,Omaheke Region,region,,Namibia,True,True,Namibia,NAM,Namibia,NAM.8_1,Omaheke,Omaheke Region:Omaheke
31,Nimruz,region,AF,Afghanistan,True,True,Afghanistan,AFG,Afghanistan,AFG.23_1,Nimroz,Nimruz:Nimroz
2541,Negeri Sembilan,region,MY,Malaysia,True,True,Malaysia,MYS,Malaysia,MYS.7_1,Negeri Sembilan,
112,Rio Negro,region,AR,Argentina,True,True,Argentina,ARG,Argentina,ARG.16_1,Río Negro,Rio Negro:Río Negro
3599,Nakhon Pathom,region,TH,Thailand,True,True,Thailand,THA,Thailand,THA.27_1,Nakhon Pathom,
3563,Nakhon Sawan,region,TH,Thailand,True,True,Thailand,THA,Thailand,THA.30_1,Nakhon Sawan,
734,Norte de Santander,region,CO,Colombia,True,True,Colombia,COL,Colombia,COL.23_2,Norte de Santander,
3610,Nakhon Si Thammarat,region,TH,Thailand,True,True,Thailand,THA,Thailand,THA.31_1,Nakhon Si Thammarat,
3573,Nakhon Ratchasima,region,TH,Thailand,True,True,Thailand,THA,Thailand,THA.29_1,Nakhon Ratchasima,
3584,Nonthaburi,region,TH,Thailand,True,True,Thailand,THA,Thailand,THA.36_1,Nonthaburi,
2686,Oslo,region,NO,Norway,True,True,Norway,NOR,Norway,NOR.12_1,Oslo,
3564,Nong Khai,region,TH,Thailand,True,True,Thailand,THA,Thailand,THA.35_1,Nong Khai,
4084,Nakhon Phanom,region,TH,Thailand,True,True,Thailand,THA,Thailand,THA.28_1,Nakhon Phanom,
3577,Narathiwat,region,TH,Thailand,True,True,Thailand,THA,Thailand,THA.33_1,Narathiwat,
2604,Niamey,region,NE,Niger,True,True,Niger,NER,Niger,NER.5_1,Niamey,
3578,Chai Nat,region,TH,Thailand,True,True,Thailand,THA,Thailand,THA.7_1,Chai Nat,
733,Narino,region,CO,Colombia,True,True,Colombia,COL,Colombia,COL.22_2,Nariño,Narino:Nariño
3566,Sakon Nakhon,region,TH,Thailand,True,True,Thailand,THA,Thailand,THA.56_1,Sakon Nakhon,
3589,Nakhon Nayok,region,TH,Thailand,True,True,Thailand,THA,Thailand,THA.26_1,Nakhon Nayok,
4316,Northern Region,region,MT,Malta,True,True,Malta,MLT,,,,Northern Region:Northern
4963,Niulakita,region,TV,Tuvalu,True,True,Tuvalu,TUV,Tuvalu,TUV.4_1,Niulakita,
77,Tavush Region,region,AM,Armenia,True,True,Armenia,ARM,Armenia,ARM.10_1,Tavush,Tavush Region:Tavush
3920,Qashqadaryo Region,region,UZ,Uzbekistan,True,True,Uzbekistan,UZB,Uzbekistan,UZB.6_1,Qashqadaryo,Qashqadaryo Region:Qashqadaryo
2429,Orkhon Province,region,MN,Mongolia,True,True,Mongolia,MNG,,,,
191,Sumqayit,region,AZ,Azerbaijan,True,True,Azerbaijan,AZE,,,,
4825,Penrhyn,region,CK,Cook Islands,True,True,Cook Islands,COK,Cook Islands,COK.8_1,Penhryn,Penrhyn:Penhryn
32,Urozgan,region,AF,Afghanistan,True,True,Afghanistan,AFG,Afghanistan,AFG.32_1,Uruzgan,Urozgan:Uruzgan
4,Ordino,region,AD,Andorra,True,True,Andorra,AND,Andorra,AND.6_1,Ordino,
2548,Terengganu,region,MY,Malaysia,True,True,Malaysia,MYS,Malaysia,MYS.16_1,Trengganu,Terengganu:Trengganu
4245,Salinas,region,PR,Puerto Rico,True,True,Puerto Rico,PRI,Puerto Rico,PRI.63_1,Salinas,
4258,Rincón,region,PR,Puerto Rico,True,True,Puerto Rico,PRI,Puerto Rico,PRI.60_1,Rincón,
1958,Prey Veng Province,region,KH,Cambodia,True,True,Cambodia,KHM,Cambodia,KHM.19_1,Prey Vêng,Prey Veng Province:Prey Vêng
1962,Svay Rieng Province,region,KH,Cambodia,True,True,Cambodia,KHM,Cambodia,KHM.23_1,Svay Rieng,Svay Rieng Province:Svay Rieng
4247,San Sebastián,region,PR,Puerto Rico,True,True,Puerto Rico,PRI,Puerto Rico,PRI.67_1,San Sebastián,
4923,Sanma Province,region,VU,Vanuatu,True,True,Vanuatu,VUT,Vanuatu,VUT.3_1,Sanma,Sanma Province:Sanma
1570,Potaro-Siparuni,region,GY,Guyana,True,True,Guyana,GUY,Guyana,GUY.8_1,Potaro-Siparuni,
1569,Pomeroon-Supenaam,region,GY,Guyana,True,True,Guyana,GUY,Guyana,GUY.7_1,Pomeroon-Supenaam,
4396,Plaisance,region,SC,Seychelles,True,True,Seychelles,SYC,Seychelles,SYC.21_1,Plaisance,
4898,Temotu Province,region,SB,Solomon Islands,True,True,Solomon Islands,SLB,Solomon Islands,SLB.9_1,Temotu,Temotu Province:Temotu
4257,Vieques,region,PR,Puerto Rico,True,True,Puerto Rico,PRI,Puerto Rico,PRI.75_1,Vieques,
4242,Quebradillas,region,PR,Puerto Rico,True,True,Puerto Rico,PRI,Puerto Rico,PRI.59_1,Quebradillas,
4255,Villalba,region,PR,Puerto Rico,True,True,Puerto Rico,PRI,Puerto Rico,PRI.76_1,Villalba,
4256,Yabucoa,region,PR,Puerto Rico,True,True,Puerto Rico,PRI,Puerto Rico,PRI.77_1,Yabucoa,
4481,Pailin,region,KH,Cambodia,True,True,Cambodia,KHM,Cambodia,KHM.12_1,Krong Pailin,Pailin:Krong Pailin
4241,Peñuelas,region,PR,Puerto Rico,True,True,Puerto Rico,PRI,Puerto Rico,PRI.57_1,Peñuelas,
2545,Penang,region,MY,Malaysia,True,True,Malaysia,MYS,Malaysia,MYS.8_1,Pahang,Penang:Pahang
963,Pastaza Province,region,EC,Ecuador,True,True,Ecuador,ECU,Ecuador,ECU.18_1,Pastaza,Pastaza Province:Pastaza
2544,Perlis,region,MY,Malaysia,True,True,Malaysia,MYS,Malaysia,MYS.10_1,Perlis,
924,Tébessa Province,region,DZ,Algeria,True,True,Algeria,DZA,Algeria,DZA.42_1,Tébessa,Tébessa Province:Tébessa
3511,Shiselweni District,region,SZ,Swaziland,True,True,Eswatini,SWZ,Swaziland,SWZ.4_1,Shiselweni,Shiselweni District:Shiselweni
4827,Rakahanga,region,CK,Cook Islands,True,True,Cook Islands,COK,Cook Islands,COK.10_1,Rakahanga,
2526,Querétaro Arteaga,region,MX,Mexico,True,True,Mexico,MEX,México,MEX.22_1,Querétaro,Querétaro Arteaga:Querétaro
736,Quindio,region,CO,Colombia,True,True,Colombia,COL,Colombia,COL.25_2,Quindío,Quindio:Quindío
4254,Utuado,region,PR,Puerto Rico,True,True,Puerto Rico,PRI,Puerto Rico,PRI.72_1,Utuado,
3623,Sughd Province,region,TJ,Tajikistan,True,True,Tajikistan,TJK,Tajikistan,TJK.4_1,Sughd,Sughd Province:Sughd
3525,Salamat Region,region,TD,Chad,True,True,Chad,TCD,Chad,TCD.18_1,Salamat,Salamat Region:Salamat
3466,Togdheer Region,region,SO,Somalia,True,True,Somalia,SOM,Somalia,SOM.17_1,Togdheer,Togdheer Region:Togdheer
3526,Tandjilé Region,region,TD,Chad,True,True,Chad,TCD,Chad,TCD.20_1,Tandjilé,Tandjilé Region:Tandjilé
4327,Savinja Statistical Region,region,SI,Slovenia,True,True,Slovenia,SVN,,,,
4571,Vakinankaratra,region,MG,Madagascar,True,True,Madagascar,MDG,Madagascar,MDG.3_1,Fianarantsoa,Vakinankaratra:Fianarantsoa
3463,Sanaag Region,region,SO,Somalia,True,True,Somalia,SOM,Somalia,SOM.13_1,Sanaag,Sanaag Region:Sanaag
4318,Southern Region,region,MT,Malta,True,True,Malta,MLT,,,,
3441,Serravalle,region,SM,San Marino,True,True,San Marino,SMR,San Marino,SMR.9_1,Serravalle,
4928,Sool,region,SO,Somalia,True,True,Somalia,SOM,Somalia,SOM.16_1,Sool,
144,Shirvan,region,AZ,Azerbaijan,True,True,Azerbaijan,AZE,Azerbaijan,AZE.3_1,Daglig-Shirvan,Shirvan:Daglig-Shirvan
2546,Sarawak,region,MY,Malaysia,True,True,Malaysia,MYS,Malaysia,MYS.14_1,Sarawak,
536,Saskatchewan,region,CA,Canada,True,True,Canada,CAN,Canada,CAN.12_1,Saskatchewan,
2547,Selangor,region,MY,Malaysia,True,True,Malaysia,MYS,Malaysia,MYS.15_1,Selangor,
3654,Tongatapu,region,TO,Tonga,True,True,Tonga,TON,Tonga,TON.4_1,Tongatapu,
4915,Uaboe District,region,NR,Nauru,True,True,Nauru,NRU,Nauru,NRU.13_1,Uaboe,Uaboe District:Uaboe
3619,Udon Thani,region,TH,Thailand,True,True,Thailand,THA,Thailand,THA.73_1,Udon Thani,
3618,Ubon Ratchathani,region,TH,Thailand,True,True,Thailand,THA,Thailand,THA.72_1,Ubon Ratchathani,
3562,Uthai Thani,region,TH,Thailand,True,True,Thailand,THA,Thailand,THA.74_1,Uthai Thani,
3557,Uttaradit,region,TH,Thailand,True,True,Thailand,THA,Thailand,THA.75_1,Uttaradit,
742,Valle del Cauca,region,CO,Colombia,True,True,Colombia,COL,Colombia,COL.31_2,Valle del Cauca,
4282,Yauco,region,PR,Puerto Rico,True,True,Puerto Rico,PRI,Puerto Rico,PRI.78_1,Yauco,
3617,Yasothon,region,TH,Thailand,True,True,Thailand,THA,Thailand,THA.77_1,Yasothon,
