,support_below_18,region_name,area_type,region_level,parent_id,region_id,country_code
0,True,Vitoria,ADMIN,DISTRICT,3130717,3104499,ES
1,True,Cartagena,ADMIN,DISTRICT,6355234,2520058,ES
2,True,Forcalquier,ADMIN,DISTRICT,3038050,3017798,FR
3,True,Reims,ADMIN,DISTRICT,2995603,2984114,FR
4,True,Palermo,ADMIN,DISTRICT,2523918,2523920,IT
5,True,Palma,ADMIN,DISTRICT,6424360,2512989,ES
6,True,Brest,ADMIN,DISTRICT,3018471,3030300,FR
7,True,Madrid,ADMIN,DISTRICT,6355233,3117735,ES
8,True,Saint-Etienne,ADMIN,DISTRICT,2997870,2980291,FR
9,True,Rennes,ADMIN,DISTRICT,3012849,2983990,FR
10,True,Turin,ADMIN,DISTRICT,3165523,3165524,IT
11,True,Coventry,ADMIN,DISTRICT,2634343,2652221,GB
12,True,Rouen,ADMIN,DISTRICT,2975248,2982652,FR
13,True,Sevilla,ADMIN,DISTRICT,2510910,2510911,ES
14,True,Zaragoza,ADMIN,DISTRICT,3104323,3104324,ES
15,True,Elche,ADMIN,DISTRICT,2521976,2518559,ES
16,True,Valencia,ADMIN,DISTRICT,2509951,2509954,ES
17,True,Strasbourg,ADMIN,DISTRICT,3034720,2973783,FR
18,True,Le Havre,ADMIN,DISTRICT,2975248,3003796,FR
19,True,Jerez de la Frontera,ADMIN,DISTRICT,2520597,2516326,ES
20,True,Bordeaux,ADMIN,DISTRICT,3015948,3031582,FR
21,True,Barcelona,ADMIN,DISTRICT,3128759,3128760,ES
22,True,Bilbao,ADMIN,DISTRICT,3104469,3128026,ES
23,True,Dijon,ADMIN,DISTRICT,3023423,3021372,FR
24,True,Terrassa,ADMIN,DISTRICT,3128759,3108286,ES
25,True,Kirklees,ADMIN,DISTRICT,2634219,3333161,GB
26,True,Toulouse,ADMIN,DISTRICT,3013767,2972315,FR
27,True,Angers,ADMIN,DISTRICT,2996663,3037656,FR
28,True,Marseille,ADMIN,DISTRICT,3031359,2995469,FR
29,True,Tours,ADMIN,DISTRICT,3012804,2972191,FR
30,True,Montpellier,ADMIN,DISTRICT,3013500,2992166,FR
31,True,Badalona,ADMIN,DISTRICT,3128759,3129028,ES
32,True,Birmingham,ADMIN,DISTRICT,2634343,2655603,GB
33,True,Naples,ADMIN,DISTRICT,3172391,3172394,IT
34,True,Liverpool,ADMIN,DISTRICT,2642713,3333167,GB
35,True,Mantes-la-Jolie,ADMIN,DISTRICT,2967196,2996148,FR
36,True,Les Andelys,ADMIN,DISTRICT,3019317,6456799,FR
37,True,Murcia,ADMIN,DISTRICT,6355234,2513416,ES
38,True,Vichy,ADMIN,DISTRICT,3038111,2969392,FR
39,True,Las Palmas,ADMIN,DISTRICT,2515271,2515270,ES
40,True,Córdoba,ADMIN,DISTRICT,2519239,2519240,ES
41,True,Beauvais,ADMIN,DISTRICT,2989663,3034006,FR
42,True,Nantes,ADMIN,DISTRICT,2997861,2990969,FR
43,True,Leeds,ADMIN,DISTRICT,2634219,2644688,GB
44,True,La Rochelle,ADMIN,DISTRICT,3026644,3006787,FR
45,True,Besançon,ADMIN,DISTRICT,3020989,3033123,FR
46,True,Orléans,ADMIN,DISTRICT,2997857,2989317,FR
47,True,Sunderland,ADMIN,DISTRICT,2635274,2636531,GB
48,True,Manchester,ADMIN,DISTRICT,3333169,2643123,GB
49,True,Vigo,ADMIN,DISTRICT,3113208,3105976,ES
50,True,Alicante,ADMIN,DISTRICT,2521976,2521978,ES
51,True,Sheffield,ADMIN,DISTRICT,2637273,2638077,GB
52,True,Amiens,ADMIN,DISTRICT,2974304,3037854,FR
53,True,Grasse,ADMIN,DISTRICT,3038049,3014856,FR
54,True,Norwich,ADMIN,DISTRICT,2641455,2641181,GB
55,True,A Coruña,ADMIN,DISTRICT,3119840,3119841,ES
56,True,Milan,ADMIN,DISTRICT,3173434,3173435,IT
57,True,Gijón,ADMIN,DISTRICT,6355236,3121424,ES
58,True,Lyon,ADMIN,DISTRICT,2987410,2996944,FR
59,True,Lille,ADMIN,DISTRICT,2990129,2998324,FR
60,True,Grenoble,ADMIN,DISTRICT,3012715,3014728,FR
61,True,Málaga,ADMIN,DISTRICT,2514254,2514256,ES
62,True,Rome,ADMIN,DISTRICT,3169069,3169070,IT
63,True,Nice,ADMIN,DISTRICT,3038049,2990440,FR
64,True,Bolton,ADMIN,DISTRICT,3333169,2655237,GB
65,True,Newcastle upon Tyne,ADMIN,DISTRICT,2635274,2641673,GB
66,True,Romania,ADMIN,COUNTRY,,798549,RO
67,True,Hungary,ADMIN,COUNTRY,,719819,HU
68,True,Finland,ADMIN,COUNTRY,,660013,FI
69,True,Kuwait,ADMIN,COUNTRY,,285570,KW
70,True,Spain,ADMIN,COUNTRY,,2510769,ES
71,True,Portugal,ADMIN,COUNTRY,,2264397,PT
72,True,South Africa,ADMIN,COUNTRY,,953987,ZA
73,True,France,ADMIN,COUNTRY,,3017382,FR
74,True,Czech Republic,ADMIN,COUNTRY,,3077311,CZ
75,True,United Kingdom,ADMIN,COUNTRY,,2635167,GB
76,True,Greece,ADMIN,COUNTRY,,390903,GR
77,True,Ireland,ADMIN,COUNTRY,,2963597,IE
78,True,Denmark,ADMIN,COUNTRY,,2623032,DK
79,True,Saudi Arabia,ADMIN,COUNTRY,,102358,SA
80,True,Belgium,ADMIN,COUNTRY,,2802361,BE
81,True,Turkey,ADMIN,COUNTRY,,298795,TR
82,True,Norway,ADMIN,COUNTRY,,3144096,NO
83,True,Switzerland,ADMIN,COUNTRY,,2658434,CH
84,True,Morocco,ADMIN,COUNTRY,,2542007,MA
85,True,Egypt,ADMIN,COUNTRY,,357994,EG
86,True,Austria,ADMIN,COUNTRY,,2782113,AT
87,True,Germany,ADMIN,COUNTRY,,2921044,DE
88,True,Poland,ADMIN,COUNTRY,,798544,PL
89,True,South Korea,ADMIN,COUNTRY,,1835841,KR
90,True,Sweden,ADMIN,COUNTRY,,2661886,SE
91,True,Qatar,ADMIN,COUNTRY,,289688,QA
92,True,Netherlands,ADMIN,COUNTRY,,2750405,NL
93,True,Italy,ADMIN,COUNTRY,,3175395,IT
94,True,United Arab Emirates,ADMIN,COUNTRY,,290557,AE
95,True,Groningen,ADMIN,PROVINCE,2750405,2755249,NL
96,True,Louth,ADMIN,PROVINCE,2963597,2962793,IE
97,True,Umbria,ADMIN,PROVINCE,3175395,3165048,IT
98,True,Extremadura,ADMIN,PROVINCE,2510769,2593112,ES
99,True,Yalova,ADMIN,PROVINCE,298795,862469,TR
100,True,Alexandria,ADMIN,PROVINCE,357994,361059,EG
101,True,Asyut,ADMIN,PROVINCE,357994,359781,EG
102,True,Vorarlberg,ADMIN,PROVINCE,2782113,2762300,AT
103,True,South Savo,ADMIN,PROVINCE,660013,830695,FI
104,True,Lucerne,ADMIN,PROVINCE,2658434,2659810,CH
105,True,Sinop,ADMIN,PROVINCE,298795,739598,TR
106,True,Sirnak,ADMIN,PROVINCE,298795,443189,TR
107,True,North Gyeongsang,ADMIN,PROVINCE,1835841,1841597,KR
108,True,Thuringia,ADMIN,PROVINCE,2921044,2822542,DE
109,True,Kutahya,ADMIN,PROVINCE,298795,305267,TR
110,True,Longford,ADMIN,PROVINCE,2963597,2962840,IE
111,True,Ostrobothnia,ADMIN,PROVINCE,660013,830676,FI
112,True,Basilicata,ADMIN,PROVINCE,3175395,3182306,IT
113,True,Adana,ADMIN,PROVINCE,298795,325361,TR
114,True,Bucuresti,ADMIN,PROVINCE,798549,683504,RO
115,True,Galati,ADMIN,PROVINCE,798549,677697,RO
116,True,Cantabria,ADMIN,PROVINCE,2510769,3336898,ES
117,True,Uri,ADMIN,PROVINCE,2658434,2658226,CH
118,True,Zeeland,ADMIN,PROVINCE,2750405,2744011,NL
119,True,Lublin,ADMIN,PROVINCE,798544,858785,PL
120,True,Marche,ADMIN,PROVINCE,3175395,3174004,IT
121,True,Jonkoping,ADMIN,PROVINCE,2661886,2702976,SE
122,True,Al Bahah,ADMIN,PROVINCE,102358,109954,SA
123,True,Limpopo,ADMIN,PROVINCE,953987,1085597,ZA
124,True,Beni Suef,ADMIN,PROVINCE,357994,359171,EG
125,True,Covasna,ADMIN,PROVINCE,798549,680428,RO
126,True,Fujairah,ADMIN,PROVINCE,290557,292879,AE
127,True,Caras-Severin,ADMIN,PROVINCE,798549,682714,RO
128,True,Cluj-Napoca,ADMIN,PROVINCE,798549,681290,RO
129,True,Salaj,ADMIN,PROVINCE,798549,668248,RO
130,True,Tuscany,ADMIN,PROVINCE,3175395,3165361,IT
131,True,Sejong,ADMIN,PROVINCE,1835841,8394437,KR
132,True,Ostergotland,ADMIN,PROVINCE,2661886,2685867,SE
133,True,Neuchatel,ADMIN,PROVINCE,2658434,2659495,CH
134,True,North Holland,ADMIN,PROVINCE,2750405,2749879,NL
135,True,Manisa,ADMIN,PROVINCE,298795,304825,TR
136,True,Mus,ADMIN,PROVINCE,298795,304041,TR
137,True,Roscommon,ADMIN,PROVINCE,2963597,2961731,IE
138,True,Mardin,ADMIN,PROVINCE,298795,304794,TR
139,True,North Sinai,ADMIN,PROVINCE,357994,349401,EG
140,True,Ceuta,ADMIN,PROVINCE,2510769,2519582,ES
141,True,Adiyaman,ADMIN,PROVINCE,298795,325329,TR
142,True,Aydin,ADMIN,PROVINCE,298795,322819,TR
143,True,Aosta Valley,ADMIN,PROVINCE,3175395,3164857,IT
144,True,Lazio,ADMIN,PROVINCE,3175395,3174976,IT
145,True,Castile and Leon,ADMIN,PROVINCE,2510769,3336900,ES
146,True,Ajman,ADMIN,PROVINCE,290557,292933,AE
147,True,Ardahan,ADMIN,PROVINCE,298795,862470,TR
148,True,More og Romsdal,ADMIN,PROVINCE,3144096,3145495,NO
149,True,Oslo,ADMIN,PROVINCE,3144096,3143242,NO
150,True,Abruzzo,ADMIN,PROVINCE,3175395,3183560,IT
151,True,Trentino South Tyrol,ADMIN,PROVINCE,3175395,3165244,IT
152,True,Umm Al Quwain,ADMIN,PROVINCE,290557,290595,AE
153,True,Dambovita,ADMIN,PROVINCE,798549,679385,RO
154,True,Flanders,ADMIN,PROVINCE,2802361,3337388,BE
155,True,Amasya,ADMIN,PROVINCE,298795,752014,TR
156,True,Istanbul,ADMIN,PROVINCE,298795,745042,TR
157,True,Nevsehir,ADMIN,PROVINCE,298795,303830,TR
158,True,Mayo,ADMIN,PROVINCE,2963597,2962667,IE
159,True,Kymenlaakso,ADMIN,PROVINCE,660013,830703,FI
160,True,Melilla,ADMIN,PROVINCE,2510769,6362988,ES
161,True,Tekirdag,ADMIN,PROVINCE,298795,738926,TR
162,True,Piedmont,ADMIN,PROVINCE,3175395,3170831,IT
163,True,Brussels-Capital Region,ADMIN,PROVINCE,2802361,2800867,BE
164,True,Swietokrzyskie,ADMIN,PROVINCE,798544,858790,PL
165,True,North Jeolla,ADMIN,PROVINCE,1835841,1845789,KR
166,True,Vastmanland,ADMIN,PROVINCE,2661886,2664179,SE
167,True,Mehedinti,ADMIN,PROVINCE,798549,673612,RO
168,True,Mures,ADMIN,PROVINCE,798549,672628,RO
169,True,La Rioja,ADMIN,PROVINCE,2510769,3336897,ES
170,True,Mugla,ADMIN,PROVINCE,298795,304183,TR
171,True,Igdir,ADMIN,PROVINCE,298795,443184,TR
172,True,Kirsehir,ADMIN,PROVINCE,298795,307513,TR
173,True,Sicily,ADMIN,PROVINCE,3175395,2523119,IT
174,True,Hunedoara,ADMIN,PROVINCE,798549,675917,RO
175,True,Valcea,ADMIN,PROVINCE,798549,662893,RO
176,True,Appenzell Innerrhoden,ADMIN,PROVINCE,2658434,2661741,CH
177,True,Bacau,ADMIN,PROVINCE,798549,685948,RO
178,True,Neamt,ADMIN,PROVINCE,798549,672460,RO
179,True,Corum,ADMIN,PROVINCE,298795,748877,TR
180,True,Tokat,ADMIN,PROVINCE,298795,738742,TR
181,True,Region of Southern Denmark,ADMIN,PROVINCE,2623032,6418542,DK
182,True,Skane,ADMIN,PROVINCE,2661886,3337385,SE
183,True,Mecklenburg Vorpommern,ADMIN,PROVINCE,2921044,2872567,DE
184,True,Obwalden,ADMIN,PROVINCE,2658434,2659315,CH
185,True,Podlaskie,ADMIN,PROVINCE,798544,858789,PL
186,True,El Beheira,ADMIN,PROVINCE,357994,361370,EG
187,True,Westmeath,ADMIN,PROVINCE,2963597,2960972,IE
188,True,Batman,ADMIN,PROVINCE,298795,443186,TR
189,True,Masovian,ADMIN,PROVINCE,798544,858787,PL
190,True,Apulia,ADMIN,PROVINCE,3175395,3169778,IT
191,True,Tyrol,ADMIN,PROVINCE,2782113,2763586,AT
192,True,Provence Alpes Cote d'Azur,ADMIN,PROVINCE,3017382,2985244,FR
193,True,Cork County,ADMIN,PROVINCE,2963597,2965140,IE
194,True,Friesland,ADMIN,PROVINCE,2750405,2755812,NL
195,True,Giza,ADMIN,PROVINCE,357994,360997,EG
196,True,Basel Landschaft,ADMIN,PROVINCE,2658434,2661603,CH
197,True,Schwyz,ADMIN,PROVINCE,2658434,2658664,CH
198,True,Constanta,ADMIN,PROVINCE,798549,680962,RO
199,True,Ankara,ADMIN,PROVINCE,298795,323784,TR
200,True,Bursa,ADMIN,PROVINCE,298795,750268,TR
201,True,Karabuk,ADMIN,PROVINCE,298795,862468,TR
202,True,Gwangju,ADMIN,PROVINCE,1835841,1841808,KR
203,True,Jeju,ADMIN,PROVINCE,1835841,1846265,KR
204,True,Veneto,ADMIN,PROVINCE,3175395,3164604,IT
205,True,Bingol,ADMIN,PROVINCE,298795,321079,TR
206,True,Dakahlia,ADMIN,PROVINCE,357994,361849,EG
207,True,Trondelag,ADMIN,PROVINCE,3144096,11862827,NO
208,True,Orebro,ADMIN,PROVINCE,2661886,2686655,SE
209,True,Aargau,ADMIN,PROVINCE,2658434,2661876,CH
210,True,Occitania,ADMIN,PROVINCE,3017382,11071623,FR
211,True,Gumushane,ADMIN,PROVINCE,298795,746423,TR
212,True,Kafr El Sheikh,ADMIN,PROVINCE,357994,354500,EG
213,True,Satakunta,ADMIN,PROVINCE,660013,831041,FI
214,True,Isparta,ADMIN,PROVINCE,298795,311071,TR
215,True,Cavan,ADMIN,PROVINCE,2963597,2965534,IE
216,True,Stockholm,ADMIN,PROVINCE,2661886,2673722,SE
217,True,Suceava,ADMIN,PROVINCE,798549,665849,RO
218,True,Hakkari,ADMIN,PROVINCE,298795,312888,TR
219,True,Greater Poland,ADMIN,PROVINCE,798544,3337498,PL
220,True,Artvin,ADMIN,PROVINCE,298795,751816,TR
221,True,Gaziantep,ADMIN,PROVINCE,298795,314829,TR
222,True,Malatya,ADMIN,PROVINCE,298795,304919,TR
223,True,Vasterbotten,ADMIN,PROVINCE,2661886,2664415,SE
224,True,South Karelia,ADMIN,PROVINCE,660013,830699,FI
225,True,Agri,ADMIN,PROVINCE,298795,325163,TR
226,True,Sibiu,ADMIN,PROVINCE,798549,667267,RO
227,True,Central Finland,ADMIN,PROVINCE,660013,830685,FI
228,True,Cairo,ADMIN,PROVINCE,357994,360631,EG
229,True,Faiyum,ADMIN,PROVINCE,357994,361323,EG
230,True,Nouvelle Aquitaine,ADMIN,PROVINCE,3017382,11071620,FR
231,True,Kastamonu,ADMIN,PROVINCE,298795,743881,TR
232,True,Trabzon,ADMIN,PROVINCE,298795,738647,TR
233,True,Kildare,ADMIN,PROVINCE,2963597,2963435,IE
234,True,Centre Val de Loire,ADMIN,PROVINCE,3017382,3027939,FR
235,True,Flevoland,ADMIN,PROVINCE,2750405,3319179,NL
236,True,Dublin City,ADMIN,PROVINCE,2963597,2964574,IE
237,True,Lombardy,ADMIN,PROVINCE,3175395,3174618,IT
238,True,Sardinia,ADMIN,PROVINCE,3175395,2523228,IT
239,True,Prahova,ADMIN,PROVINCE,798549,669737,RO
240,True,Teleorman,ADMIN,PROVINCE,798549,665283,RO
241,True,Lapland,ADMIN,PROVINCE,660013,830603,FI
242,True,Antalya,ADMIN,PROVINCE,298795,323776,TR
243,True,Sanliurfa,ADMIN,PROVINCE,298795,298332,TR
244,True,Kuyavian Pomeranian,ADMIN,PROVINCE,798544,3337500,PL
245,True,Lower Silesian,ADMIN,PROVINCE,798544,3337492,PL
246,True,South Sinai,ADMIN,PROVINCE,357994,355182,EG
247,True,Saxony,ADMIN,PROVINCE,2921044,2842566,DE
248,True,Makkah Al Mukarramah,ADMIN,PROVINCE,102358,104514,SA
249,True,KwaZulu Natal,ADMIN,PROVINCE,953987,972062,ZA
250,True,Ile de France,ADMIN,PROVINCE,3017382,3012874,FR
251,True,Kahramanmaras,ADMIN,PROVINCE,298795,310858,TR
252,True,Nordland,ADMIN,PROVINCE,3144096,3144301,NO
253,True,Vestfold og Telemark,ADMIN,PROVINCE,3144096,3132015,NO
254,True,Vestland,ADMIN,PROVINCE,3144096,3151864,NO
255,True,Vasternorrland,ADMIN,PROVINCE,2661886,2664292,SE
256,True,Al Madinah Al Munawwarah,ADMIN,PROVINCE,102358,109224,SA
257,True,Glarus,ADMIN,PROVINCE,2658434,2660593,CH
258,True,Brittany,ADMIN,PROVINCE,3017382,3030293,FR
259,True,South Holland,ADMIN,PROVINCE,2750405,2743698,NL
260,True,Aksaray,ADMIN,PROVINCE,298795,443185,TR
261,True,Burdur,ADMIN,PROVINCE,298795,320390,TR
262,True,Elazig,ADMIN,PROVINCE,298795,315807,TR
263,True,Galway County,ADMIN,PROVINCE,2963597,2964180,IE
264,True,Wexford,ADMIN,PROVINCE,2963597,2960964,IE
265,True,Calabria,ADMIN,PROVINCE,3175395,2525468,IT
266,True,Friuli Venezia Giulia,ADMIN,PROVINCE,3175395,3176525,IT
267,True,Free State,ADMIN,PROVINCE,953987,967573,ZA
268,True,Northern Cape,ADMIN,PROVINCE,953987,1085596,ZA
269,True,Van,ADMIN,PROVINCE,298795,298113,TR
270,True,Rhineland Palatinate,ADMIN,PROVINCE,2921044,2847618,DE
271,True,Solothurn,ADMIN,PROVINCE,2658434,2658563,CH
272,True,Utrecht,ADMIN,PROVINCE,2750405,2745909,NL
273,True,Afyonkarahisar,ADMIN,PROVINCE,298795,325302,TR
274,True,Abu Dhabi,ADMIN,PROVINCE,290557,292969,AE
275,True,Cankiri,ADMIN,PROVINCE,298795,749747,TR
276,True,Zurich,ADMIN,PROVINCE,2658434,2657895,CH
277,True,Maramures,ADMIN,PROVINCE,798549,673887,RO
278,True,Bayburt,ADMIN,PROVINCE,298795,862471,TR
279,True,Kocaeli,ADMIN,PROVINCE,298795,742865,TR
280,True,North Rhine Westphalia,ADMIN,PROVINCE,2921044,2861876,DE
281,True,Al Jawf,ADMIN,PROVINCE,102358,109470,SA
282,True,Satu Mare,ADMIN,PROVINCE,798549,667869,RO
283,True,Catalonia,ADMIN,PROVINCE,2510769,3336901,ES
284,True,Hatay,ADMIN,PROVINCE,298795,312394,TR
285,True,Silesian,ADMIN,PROVINCE,798544,3337497,PL
286,True,New Valley,ADMIN,PROVINCE,357994,360483,EG
287,True,Port Said,ADMIN,PROVINCE,357994,358617,EG
288,True,Carlow,ADMIN,PROVINCE,2963597,2965768,IE
289,True,Rogaland,ADMIN,PROVINCE,3144096,3141558,NO
290,True,Jamtland,ADMIN,PROVINCE,2661886,2703330,SE
291,True,Uusimaa,ADMIN,PROVINCE,660013,830709,FI
292,True,Iasi,ADMIN,PROVINCE,798549,675810,RO
293,True,Qalyubiyya,ADMIN,PROVINCE,357994,360621,EG
294,True,Ulsan,ADMIN,PROVINCE,1835841,1833742,KR
295,True,Hai'l Region,ADMIN,PROVINCE,102358,106280,SA
296,True,Zug,ADMIN,PROVINCE,2658434,2657907,CH
297,True,Murcia,ADMIN,PROVINCE,2510769,2513413,ES
298,True,Grand Est,ADMIN,PROVINCE,3017382,11071622,FR
299,True,Navarre,ADMIN,PROVINCE,2510769,3115609,ES
300,True,Ismailia,ADMIN,PROVINCE,357994,361056,EG
301,True,Schleswig Holstein,ADMIN,PROVINCE,2921044,2838632,DE
302,True,St Gallen,ADMIN,PROVINCE,2658434,2658821,CH
303,True,Ticino,ADMIN,PROVINCE,2658434,2658370,CH
304,True,Vaslui,ADMIN,PROVINCE,798549,663116,RO
305,True,Canary,ADMIN,PROVINCE,2510769,2593110,ES
306,True,Denizli,ADMIN,PROVINCE,298795,317106,TR
307,True,Duzce,ADMIN,PROVINCE,298795,865521,TR
308,True,Siirt,ADMIN,PROVINCE,298795,300821,TR
309,True,Subcarpathian,ADMIN,PROVINCE,798544,858788,PL
310,True,Geneva,ADMIN,PROVINCE,2658434,2660645,CH
311,True,Harghita,ADMIN,PROVINCE,798549,676309,RO
312,True,Samsun,ADMIN,PROVINCE,298795,740263,TR
313,True,Usak,ADMIN,PROVINCE,298795,298298,TR
314,True,Yozgat,ADMIN,PROVINCE,298795,296560,TR
315,True,Uppsala,ADMIN,PROVINCE,2661886,2666218,SE
316,True,Kainuu,ADMIN,PROVINCE,660013,830664,FI
317,True,Gorj,ADMIN,PROVINCE,798549,676898,RO
318,True,Limburg,ADMIN,PROVINCE,2750405,2751596,NL
319,True,Sharjah,ADMIN,PROVINCE,290557,292673,AE
320,True,Galicia,ADMIN,PROVINCE,2510769,3336902,ES
321,True,Capital Region of Denmark,ADMIN,PROVINCE,2623032,6418538,DK
322,True,Kalmar,ADMIN,PROVINCE,2661886,2702259,SE
323,True,Arges,ADMIN,PROVINCE,798549,686192,RO
324,True,Normandy,ADMIN,PROVINCE,3017382,11071621,FR
325,True,Osmaniye,ADMIN,PROVINCE,298795,443183,TR
326,True,Kilkenny,ADMIN,PROVINCE,2963597,2963397,IE
327,True,Vastra Gotaland,ADMIN,PROVINCE,2661886,3337386,SE
328,True,Overijssel,ADMIN,PROVINCE,2750405,2748838,NL
329,True,Bolu,ADMIN,PROVINCE,298795,750510,TR
330,True,Konya,ADMIN,PROVINCE,298795,306569,TR
331,True,Gyeonggi,ADMIN,PROVINCE,1835841,1841610,KR
332,True,Bern,ADMIN,PROVINCE,2658434,2661551,CH
333,True,Castilla La Mancha,ADMIN,PROVINCE,2510769,2593111,ES
334,True,Dun Laoghaire Rathdown,ADMIN,PROVINCE,2963597,2964506,IE
335,True,Bihor,ADMIN,PROVINCE,798549,684878,RO
336,True,Buzau,ADMIN,PROVINCE,798549,683123,RO
337,True,Vrancea,ADMIN,PROVINCE,798549,662447,RO
338,True,Auvergne Rhone Alpes,ADMIN,PROVINCE,3017382,11071625,FR
339,True,Bartin,ADMIN,PROVINCE,298795,862467,TR
340,True,Kars,ADMIN,PROVINCE,298795,743942,TR
341,True,Warmian Masurian,ADMIN,PROVINCE,798544,858791,PL
342,True,Troms og Finnmark,ADMIN,PROVINCE,3144096,3133897,NO
343,True,Busan,ADMIN,PROVINCE,1835841,1838519,KR
344,True,South Gyeongsang,ADMIN,PROVINCE,1835841,1902028,KR
345,True,Dubai,ADMIN,PROVINCE,290557,292224,AE
346,True,Hesse,ADMIN,PROVINCE,2921044,2905330,DE
347,True,Zonguldak,ADMIN,PROVINCE,298795,737021,TR
348,True,Donegal,ADMIN,PROVINCE,2963597,2964752,IE
349,True,Monaghan,ADMIN,PROVINCE,2963597,2962568,IE
350,True,Offaly,ADMIN,PROVINCE,2963597,2962187,IE
351,True,Eskisehir,ADMIN,PROVINCE,298795,315201,TR
352,True,Fingal,ADMIN,PROVINCE,2963597,6693220,IE
353,True,Northern Savonia,ADMIN,PROVINCE,660013,830690,FI
354,True,Basel Stadt,ADMIN,PROVINCE,2658434,2661602,CH
355,True,Bourgogne Franche Comte,ADMIN,PROVINCE,3017382,11071619,FR
356,True,Drenthe,ADMIN,PROVINCE,2750405,2756631,NL
357,True,Clare,ADMIN,PROVINCE,2963597,2965479,IE
358,True,Eastern Region,ADMIN,PROVINCE,102358,108241,SA
359,True,Wicklow,ADMIN,PROVINCE,2963597,2960935,IE
360,True,North Chungcheong,ADMIN,PROVINCE,1835841,1845106,KR
361,True,South Chungcheong,ADMIN,PROVINCE,1835841,1845105,KR
362,True,Carinthia,ADMIN,PROVINCE,2782113,2774686,AT
363,True,Ar Riyad,ADMIN,PROVINCE,102358,108411,SA
364,True,Lesser Poland,ADMIN,PROVINCE,798544,858786,PL
365,True,Leitrim,ADMIN,PROVINCE,2963597,2962976,IE
366,True,Molise,ADMIN,PROVINCE,3175395,3173222,IT
367,True,Bremen,ADMIN,PROVINCE,2921044,2944387,DE
368,True,North Karelia,ADMIN,PROVINCE,660013,830686,FI
369,True,Hail,ADMIN,PROVINCE,102358,106281,SA
370,True,Incheon,ADMIN,PROVINCE,1835841,1843561,KR
371,True,South Jeolla,ADMIN,PROVINCE,1835841,1845788,KR
372,True,Blekinge,ADMIN,PROVINCE,2661886,2721357,SE
373,True,Izmir,ADMIN,PROVINCE,298795,311044,TR
374,True,Kayseri,ADMIN,PROVINCE,298795,308463,TR
375,True,Kirikkale,ADMIN,PROVINCE,298795,443188,TR
376,True,Lodz,ADMIN,PROVINCE,798544,3337493,PL
377,True,Lower Saxony,ADMIN,PROVINCE,2921044,2862926,DE
378,True,Aragon,ADMIN,PROVINCE,2510769,3336899,ES
379,True,Luxor,ADMIN,PROVINCE,357994,7603259,EG
380,True,Central Denmark Region,ADMIN,PROVINCE,2623032,6418539,DK
381,True,Mpumalanga,ADMIN,PROVINCE,953987,1085595,ZA
382,True,Olt,ADMIN,PROVINCE,798549,671857,RO
383,True,Botosani,ADMIN,PROVINCE,798549,684039,RO
384,True,Ordu,ADMIN,PROVINCE,298795,741098,TR
385,True,Saxony Anhalt,ADMIN,PROVINCE,2921044,2842565,DE
386,True,Bitlis,ADMIN,PROVINCE,298795,321022,TR
387,True,Gharbia,ADMIN,PROVINCE,357994,361294,EG
388,True,Campania,ADMIN,PROVINCE,3175395,3181042,IT
389,True,Sodermanland,ADMIN,PROVINCE,2661886,2676207,SE
390,True,Salzburg,ADMIN,PROVINCE,2782113,2766823,AT
391,True,Daegu,ADMIN,PROVINCE,1835841,1835327,KR
392,True,Kronoberg,ADMIN,PROVINCE,2661886,2699050,SE
393,True,Norrbotten,ADMIN,PROVINCE,2661886,604010,SE
394,True,Jazan,ADMIN,PROVINCE,102358,105298,SA
395,True,Erzincan,ADMIN,PROVINCE,298795,315372,TR
396,True,Giurgiu,ADMIN,PROVINCE,798549,677104,RO
397,True,Sakarya,ADMIN,PROVINCE,298795,740352,TR
398,True,Tipperary,ADMIN,PROVINCE,2963597,2961191,IE
399,True,Gavleborg,ADMIN,PROVINCE,2661886,2712411,SE
400,True,Asturias,ADMIN,PROVINCE,2510769,3114710,ES
401,True,Nigde,ADMIN,PROVINCE,298795,303826,TR
402,True,Laois,ADMIN,PROVINCE,2963597,2963031,IE
403,True,Meath,ADMIN,PROVINCE,2963597,2962661,IE
404,True,Dalarna,ADMIN,PROVINCE,2661886,2699767,SE
405,True,Gotland,ADMIN,PROVINCE,2661886,2711508,SE
406,True,Balearic,ADMIN,PROVINCE,2510769,2521383,ES
407,True,Opole,ADMIN,PROVINCE,798544,3337495,PL
408,True,Sharqia,ADMIN,PROVINCE,357994,360016,EG
409,True,Daejeon,ADMIN,PROVINCE,1835841,1835224,KR
410,True,Paijat Hame,ADMIN,PROVINCE,660013,831040,FI
411,True,Vaud,ADMIN,PROVINCE,2658434,2658182,CH
412,True,Braila,ADMIN,PROVINCE,798549,683902,RO
413,True,Brasov,ADMIN,PROVINCE,798549,683844,RO
414,True,Matrouh,ADMIN,PROVINCE,357994,352603,EG
415,True,Burgenland,ADMIN,PROVINCE,2782113,2781194,AT
416,True,Edirne,ADMIN,PROVINCE,298795,747711,TR
417,True,South Ostrobothnia,ADMIN,PROVINCE,660013,52300009,FI
418,True,Brandenburg,ADMIN,PROVINCE,2921044,2945356,DE
419,True,West Pomeranian,ADMIN,PROVINCE,798544,3337499,PL
420,True,Ilfov,ADMIN,PROVINCE,798549,865518,RO
421,True,Sohag,ADMIN,PROVINCE,357994,347794,EG
422,True,North Jutland Region,ADMIN,PROVINCE,2623032,6418540,DK
423,True,Central Ostrobothnia,ADMIN,PROVINCE,660013,830675,FI
424,True,Balikesir,ADMIN,PROVINCE,298795,322164,TR
425,True,Tunceli,ADMIN,PROVINCE,298795,298845,TR
426,True,Upper Austria,ADMIN,PROVINCE,2782113,2769848,AT
427,True,Arad,ADMIN,PROVINCE,798549,686253,RO
428,True,Ialomita,ADMIN,PROVINCE,798549,675848,RO
429,True,Bilecik,ADMIN,PROVINCE,298795,321122,TR
430,True,Diyarbakir,ADMIN,PROVINCE,298795,316540,TR
431,True,Kilis,ADMIN,PROVINCE,298795,443213,TR
432,True,Qena,ADMIN,PROVINCE,357994,350546,EG
433,True,Gangwon,ADMIN,PROVINCE,1835841,1843125,KR
434,True,Pays de la Loire,ADMIN,PROVINCE,3017382,2988289,FR
435,True,Gauteng,ADMIN,PROVINCE,953987,1085594,ZA
436,True,Dolj,ADMIN,PROVINCE,798549,679134,RO
437,True,Basque,ADMIN,PROVINCE,2510769,3336903,ES
438,True,Ras Al Khaimah,ADMIN,PROVINCE,290557,291075,AE
439,True,Region Zealand,ADMIN,PROVINCE,2623032,6418541,DK
440,True,Fribourg,ADMIN,PROVINCE,2658434,2660717,CH
441,True,Wales,ADMIN,PROVINCE,2635167,2634895,GB
442,True,Southwest Finland,ADMIN,PROVINCE,660013,830708,FI
443,True,Grisons,ADMIN,PROVINCE,2658434,2660522,CH
444,True,Baden Wurttemberg,ADMIN,PROVINCE,2921044,2953481,DE
445,True,Valais,ADMIN,PROVINCE,2658434,2658205,CH
446,True,Giresun,ADMIN,PROVINCE,298795,746878,TR
447,True,Karaman,ADMIN,PROVINCE,298795,443187,TR
448,True,Minya,ADMIN,PROVINCE,357994,360688,EG
449,True,Hamburg,ADMIN,PROVINCE,2921044,2911297,DE
450,True,Aseer,ADMIN,PROVINCE,102358,108179,SA
451,True,Northern Borders,ADMIN,PROVINCE,102358,109579,SA
452,True,Gelderland,ADMIN,PROVINCE,2750405,2755634,NL
453,True,Suez,ADMIN,PROVINCE,357994,359797,EG
454,True,Tavastia Proper,ADMIN,PROVINCE,660013,830705,FI
455,True,Appenzell Ausserrhoden,ADMIN,PROVINCE,2658434,2661739,CH
456,True,Thurgau,ADMIN,PROVINCE,2658434,2658372,CH
457,True,Canakkale,ADMIN,PROVINCE,298795,749778,TR
458,True,South Dublin,ADMIN,PROVINCE,2963597,6697759,IE
459,True,Hauts de France,ADMIN,PROVINCE,3017382,11071624,FR
460,True,Monufia,ADMIN,PROVINCE,357994,360689,EG
461,True,Limerick City and County,ADMIN,PROVINCE,2963597,2962943,IE
462,True,North Brabant,ADMIN,PROVINCE,2750405,2749990,NL
463,True,Valencian,ADMIN,PROVINCE,2510769,2593113,ES
464,True,Lower Austria,ADMIN,PROVINCE,2782113,2770542,AT
465,True,Lubusz,ADMIN,PROVINCE,798544,3337494,PL
466,True,Damietta,ADMIN,PROVINCE,357994,358044,EG
467,True,England,ADMIN,PROVINCE,2635167,6269131,GB
468,True,Kirklareli,ADMIN,PROVINCE,298795,743165,TR
469,True,Bavaria,ADMIN,PROVINCE,2921044,2951839,DE
470,True,Madrid,ADMIN,PROVINCE,2510769,3117732,ES
471,True,Alba,ADMIN,PROVINCE,798549,686583,RO
472,True,Bistrita-Nasaud,ADMIN,PROVINCE,798549,684647,RO
473,True,Corsica,ADMIN,PROVINCE,3017382,3023519,FR
474,True,Sivas,ADMIN,PROVINCE,298795,300617,TR
475,True,Pomeranian,ADMIN,PROVINCE,798544,3337496,PL
476,True,Red Sea,ADMIN,PROVINCE,357994,361468,EG
477,True,Scotland,ADMIN,PROVINCE,2635167,2638360,GB
478,True,Jura,ADMIN,PROVINCE,2658434,2660207,CH
479,True,Tulcea,ADMIN,PROVINCE,798549,664517,RO
480,True,Pirkanmaa,ADMIN,PROVINCE,660013,830704,FI
481,True,Tabuk,ADMIN,PROVINCE,102358,101627,SA
482,True,Sligo,ADMIN,PROVINCE,2963597,2961422,IE
483,True,Erzurum,ADMIN,PROVINCE,298795,315367,TR
484,True,North West,ADMIN,PROVINCE,953987,1085598,ZA
485,True,Aswan,ADMIN,PROVINCE,357994,359787,EG
486,True,Kerry,ADMIN,PROVINCE,2963597,2963517,IE
487,True,Waterford City and County,ADMIN,PROVINCE,2963597,2960992,IE
488,True,Innlandet,ADMIN,PROVINCE,3144096,9304281,NO
489,True,Emilia Romagna,ADMIN,PROVINCE,3175395,3177401,IT
490,True,Halland,ADMIN,PROVINCE,2661886,2708794,SE
491,True,Berlin,ADMIN,PROVINCE,2921044,2950157,DE
492,True,Najran,ADMIN,PROVINCE,102358,103628,SA
493,True,Schaffhausen,ADMIN,PROVINCE,2658434,2658760,CH
494,True,Timis,ADMIN,PROVINCE,798549,665091,RO
495,True,Wallonia,ADMIN,PROVINCE,2802361,3337387,BE
496,True,Rize,ADMIN,PROVINCE,298795,740481,TR
497,True,Styria,ADMIN,PROVINCE,2782113,2764581,AT
498,True,Vienna,ADMIN,PROVINCE,2782113,2761367,AT
499,True,Andalusia,ADMIN,PROVINCE,2510769,2593109,ES
500,True,Agder,ADMIN,PROVINCE,3144096,3132064,NO
501,True,Liguria,ADMIN,PROVINCE,3175395,3174725,IT
502,True,Seoul,ADMIN,PROVINCE,1835841,1835847,KR
503,True,Al Qaseem,ADMIN,PROVINCE,102358,108933,SA
504,True,Viken,ADMIN,PROVINCE,3144096,3159665,NO
505,True,Saarland,ADMIN,PROVINCE,2921044,2842635,DE
506,True,Eastern Cape,ADMIN,PROVINCE,953987,1085593,ZA
507,True,Western Cape,ADMIN,PROVINCE,953987,1085599,ZA
508,True,Calarasi,ADMIN,PROVINCE,798549,673150,RO
509,True,Mersin,ADMIN,PROVINCE,298795,311728,TR
510,True,Vrmland,ADMIN,PROVINCE,2661886,2664870,SE
511,True,Northern Ireland,ADMIN,PROVINCE,2635167,2641364,GB
512,True,North Ostrobothnia,ADMIN,PROVINCE,660013,830667,FI
513,True,Nidwalden,ADMIN,PROVINCE,2658434,2659471,CH
514,True,Khamis Mushayt,ADMIN,CITY,108179,105072,SA
515,True,Baysh,ADMIN,CITY,105298,10972353,SA
516,True,Karaman,ADMIN,CITY,443187,309527,TR
517,True,Tubingen,ADMIN,CITY,2953481,2820860,DE
518,True,Matera,ADMIN,CITY,3182306,3173721,IT
519,True,Zaragoza,ADMIN,CITY,3336899,3104323,ES
520,True,Suleymanpasa,ADMIN,CITY,738926,9549878,TR
521,True,Nuoro,ADMIN,CITY,2523228,3172153,IT
522,True,Damad,ADMIN,CITY,105298,10972354,SA
523,True,Kiraz,ADMIN,CITY,311044,307727,TR
524,True,Sorgun,ADMIN,CITY,296560,300352,TR
525,True,Latina,ADMIN,CITY,3174976,3175057,IT
526,True,Kyffhauser,ADMIN,CITY,2822542,6547390,DE
527,True,Peterborough,ADMIN,CITY,6269131,3333180,GB
528,True,Augsburg,ADMIN,CITY,2951839,2954172,DE
529,True,Mus,ADMIN,CITY,304041,304081,TR
530,True,Oristano,ADMIN,CITY,2523228,2523964,IT
531,True,Amberg,ADMIN,CITY,2951839,2956656,DE
532,True,Worms,ADMIN,CITY,2847618,6554822,DE
533,True,Limburg,ADMIN,CITY,3337388,2792347,BE
534,True,Usak,ADMIN,CITY,298298,298299,TR
535,True,Trapani,ADMIN,CITY,2523119,2522875,IT
536,True,Fulda,ADMIN,CITY,2905330,6557808,DE
537,True,Ammerland,ADMIN,CITY,2862926,3221058,DE
538,True,Gipuzkoa,ADMIN,CITY,3336903,3120935,ES
539,True,Dosemealti,ADMIN,CITY,323776,316262,TR
540,True,Mut,ADMIN,CITY,311728,304013,TR
541,True,Ludwigshafen,ADMIN,CITY,2847618,6554817,DE
542,True,Stormarn,ADMIN,CITY,2838632,3249078,DE
543,True,Palandoken,ADMIN,CITY,315367,9565016,TR
544,True,Pesaro and Urbino,ADMIN,CITY,3174004,3171172,IT
545,True,Kuopio,ADMIN,CITY,830690,650224,FI
546,True,Unstrut Hainich,ADMIN,CITY,2822542,6547389,DE
547,True,Como,ADMIN,CITY,3174618,3178227,IT
548,True,Varese,ADMIN,CITY,3174618,3164697,IT
549,True,Almere,ADMIN,CITY,3319179,2759879,NL
550,True,Messina,ADMIN,CITY,2523119,2524169,IT
551,True,Stirling,ADMIN,CITY,2638360,2636909,GB
552,True,Hameln Pyrmont,ADMIN,CITY,2862926,3221027,DE
553,True,Altenkirchen,ADMIN,CITY,2847618,2957567,DE
554,True,Cantabria,ADMIN,CITY,3336898,3109716,ES
555,True,Lisburn and Castlereagh,ADMIN,CITY,2641364,11353072,GB
556,True,Buqayq,ADMIN,CITY,108241,107312,SA
557,True,Pyrenees Atlantiques,ADMIN,CITY,11071620,2984887,FR
558,True,Sincan,ADMIN,CITY,323784,300748,TR
559,True,Halden,ADMIN,CITY,3159665,3154209,NO
560,True,Vorpommern Greifswald,ADMIN,CITY,2872567,8648415,DE
561,True,Jazan,ADMIN,CITY,105298,105299,SA
562,True,Haymana,ADMIN,CITY,323784,312289,TR
563,True,Kaman,ADMIN,CITY,307513,310641,TR
564,True,Herefordshire,ADMIN,CITY,6269131,2647071,GB
565,True,Seinajoki,ADMIN,CITY,52300009,52300002,FI
566,True,Zonguldak,ADMIN,CITY,737021,737022,TR
567,True,Elbistan,ADMIN,CITY,310858,315795,TR
568,True,Goppingen,ADMIN,CITY,2953481,2919054,DE
569,True,Burhaniye,ADMIN,CITY,322164,320369,TR
570,True,Dicle,ADMIN,CITY,316540,316746,TR
571,True,Wunsiedel,ADMIN,CITY,2951839,2805762,DE
572,True,Vibo Valentia,ADMIN,CITY,2525468,6457405,IT
573,True,York,ADMIN,CITY,6269131,2633351,GB
574,True,Waldeck Frankenberg,ADMIN,CITY,2905330,3220997,DE
575,True,Makkah,ADMIN,CITY,104514,32000000286,SA
576,True,Yvelines,ADMIN,CITY,3012874,2967196,FR
577,True,Nord,ADMIN,CITY,11071624,2990129,FR
578,True,Pursaklar,ADMIN,CITY,323784,740511,TR
579,True,Elbeyli,ADMIN,CITY,443213,315800,TR
580,True,Sarkoy,ADMIN,CITY,738926,740000,TR
581,True,Gutersloh,ADMIN,CITY,2861876,6557613,DE
582,True,Cizre,ADMIN,CITY,443189,318253,TR
583,True,Angus,ADMIN,CITY,2638360,2657306,GB
584,True,Pforzheim,ADMIN,CITY,2953481,6547441,DE
585,True,Varto,ADMIN,CITY,304041,298088,TR
586,True,Vercelli,ADMIN,CITY,3170831,3164564,IT
587,True,Yanbu,ADMIN,CITY,109224,32000000294,SA
588,True,Cayeli,ADMIN,CITY,740481,749502,TR
589,True,Naas,ADMIN,CITY,2963435,2962334,IE
590,True,Krefeld,ADMIN,CITY,2861876,6553025,DE
591,True,Tarragona,ADMIN,CITY,3336901,3108287,ES
592,True,Tatvan,ADMIN,CITY,321022,299582,TR
593,True,Samtah,ADMIN,CITY,105298,54500023,SA
594,True,Walloon Brabant,ADMIN,CITY,3337387,3333251,BE
595,True,Ahad Al Masarihah,ADMIN,CITY,105298,54500024,SA
596,True,Reyhanli,ADMIN,CITY,312394,302355,TR
597,True,Ennepe Ruhr,ADMIN,CITY,2861876,2930044,DE
598,True,Odemis,ADMIN,CITY,311044,303700,TR
599,True,Gulsehir,ADMIN,CITY,303830,313658,TR
600,True,Weissenburg Gunzenhausen,ADMIN,CITY,2951839,3220797,DE
601,True,Guzelbahce,ADMIN,CITY,311044,313249,TR
602,True,Darmstadt,ADMIN,CITY,2905330,2938913,DE
603,True,Heinsberg,ADMIN,CITY,2861876,2907201,DE
604,True,Al Ahsa,ADMIN,CITY,108241,10972331,SA
605,True,Sahinbey,ADMIN,CITY,314829,7619146,TR
606,True,Novara,ADMIN,CITY,3170831,3172188,IT
607,True,Gumi,ADMIN,CITY,1841597,1842225,KR
608,True,Altotting,ADMIN,CITY,2951839,2956940,DE
609,True,Merkezefendi,ADMIN,CITY,317106,11238838,TR
610,True,Samandag,ADMIN,CITY,312394,301975,TR
611,True,Falkirk,ADMIN,CITY,2638360,3333230,GB
612,True,Ilgaz,ADMIN,CITY,749747,745344,TR
613,True,Acipayam,ADMIN,CITY,317106,325426,TR
614,True,Derbyshire,ADMIN,CITY,6269131,52440001,GB
615,True,Kosk,ADMIN,CITY,322819,306285,TR
616,True,North Yorkshire,ADMIN,CITY,6269131,2641209,GB
617,True,Odenwald,ADMIN,CITY,2905330,3220971,DE
618,True,Recklinghausen,ADMIN,CITY,2861876,6557591,DE
619,True,Schagen,ADMIN,CITY,2749879,2747720,NL
620,True,Osmaneli,ADMIN,CITY,321122,740881,TR
621,True,Derince,ADMIN,CITY,742865,748208,TR
622,True,Wadi Ad Dawasir,ADMIN,CITY,108411,54500003,SA
623,True,Nijmegen,ADMIN,CITY,2755634,2750053,NL
624,True,Biga,ADMIN,CITY,749778,750605,TR
625,True,Suwon,ADMIN,CITY,1841610,8659239,KR
626,True,Aschaffenburg,ADMIN,CITY,2951839,2955272,DE
627,True,Serdivan,ADMIN,CITY,740352,739788,TR
628,True,Cosenza,ADMIN,CITY,2525468,2524907,IT
629,True,Wiltshire,ADMIN,CITY,6269131,2633868,GB
630,True,Amstelveen,ADMIN,CITY,2749879,2759798,NL
631,True,Essen,ADMIN,CITY,2861876,2928810,DE
632,True,Akyurt,ADMIN,CITY,323784,752284,TR
633,True,Turkeli,ADMIN,CITY,739598,738614,TR
634,True,Ardee,ADMIN,CITY,2962793,2966925,IE
635,True,Utrecht,ADMIN,CITY,2745909,2745912,NL
636,True,Havza,ADMIN,CITY,740263,745714,TR
637,True,Ergene,ADMIN,CITY,738926,9564781,TR
638,True,Carlow,ADMIN,CITY,2965768,52900010,IE
639,True,At Tuwal,ADMIN,CITY,105298,32000000293,SA
640,True,Herford,ADMIN,CITY,2861876,6557621,DE
641,True,Drome,ADMIN,CITY,11071625,3020781,FR
642,True,Gerze,ADMIN,CITY,739598,746913,TR
643,True,Klepp,ADMIN,CITY,3141558,3149879,NO
644,True,Pavia,ADMIN,CITY,3174618,3171364,IT
645,True,Ancona,ADMIN,CITY,3174004,3183087,IT
646,True,Farasan,ADMIN,CITY,105298,10972355,SA
647,True,Mamak,ADMIN,CITY,323784,304885,TR
648,True,Lahn Dill,ADMIN,CITY,2905330,3220991,DE
649,True,Pontevedra,ADMIN,CITY,3336902,3113208,ES
650,True,Elmadag,ADMIN,CITY,323784,315720,TR
651,True,Blaenau Gwent,ADMIN,CITY,2634895,3333238,GB
652,True,Rems Murr,ADMIN,CITY,2953481,3220783,DE
653,True,Hampshire,ADMIN,CITY,6269131,2647554,GB
654,True,Armagh Banbridge and Craigavon,ADMIN,CITY,2641364,2657060,GB
655,True,Cumra,ADMIN,CITY,306569,317844,TR
656,True,Oberwart,ADMIN,CITY,2781194,2769623,AT
657,True,Nordsachsen,ADMIN,CITY,2842566,2821806,DE
658,True,Huelva,ADMIN,CITY,2593109,2516547,ES
659,True,Wartburg,ADMIN,CITY,2822542,6547388,DE
660,True,Meram,ADMIN,CITY,306569,304582,TR
661,True,Sivas,ADMIN,CITY,300617,300619,TR
662,True,Rieti,ADMIN,CITY,3174976,3169412,IT
663,True,Cordoba,ADMIN,CITY,2593109,2519239,ES
664,True,Dahme Spreewald,ADMIN,CITY,2945356,3249080,DE
665,True,Haute Loire,ADMIN,CITY,11071625,3013760,FR
666,True,Highland,ADMIN,CITY,2638360,2646944,GB
667,True,Bozyazi,ADMIN,CITY,311728,320552,TR
668,True,Vale of Glamorgan,ADMIN,CITY,2634895,2635028,GB
669,True,Catak,ADMIN,CITY,298113,9807307,TR
670,True,Urgup,ADMIN,CITY,303830,298326,TR
671,True,Sabya,ADMIN,CITY,105298,102651,SA
672,True,Salihli,ADMIN,CITY,304825,302043,TR
673,True,Odense,ADMIN,CITY,6418542,2615876,DK
674,True,Wuppertal,ADMIN,CITY,2861876,6553031,DE
675,True,Gemlik,ADMIN,CITY,750268,746958,TR
676,True,Pas de Calais,ADMIN,CITY,11071624,2988430,FR
677,True,Zile,ADMIN,CITY,738742,737054,TR
678,True,Bari,ADMIN,CITY,3169778,3182350,IT
679,True,Shetland,ADMIN,CITY,2638360,2638010,GB
680,True,Rendsburg Eckernforde,ADMIN,CITY,2838632,3249075,DE
681,True,Susurluk,ADMIN,CITY,322164,300058,TR
682,True,Menderes,ADMIN,CITY,311044,317851,TR
683,True,Delmenhorst,ADMIN,CITY,2862926,6552848,DE
684,True,Loire Atlantique,ADMIN,CITY,2988289,2997861,FR
685,True,Kusadasi,ADMIN,CITY,322819,305359,TR
686,True,Saruhanli,ADMIN,CITY,304825,301492,TR
687,True,Lecce,ADMIN,CITY,3169778,3174953,IT
688,True,Murcia,ADMIN,CITY,2513413,6355234,ES
689,True,Gazipasa,ADMIN,CITY,323776,314812,TR
690,True,Viborg,ADMIN,CITY,6418539,2610319,DK
691,True,Lodz,ADMIN,CITY,3337493,3093133,PL
692,True,Bath and North East Somerset,ADMIN,CITY,6269131,3333123,GB
693,True,Plymouth,ADMIN,CITY,6269131,3333181,GB
694,True,Vendee,ADMIN,CITY,2988289,2970140,FR
695,True,Gilze en Rijen,ADMIN,CITY,2749990,2755506,NL
696,True,Hakkari,ADMIN,CITY,312888,318137,TR
697,True,Main Taunus,ADMIN,CITY,2905330,2874229,DE
698,True,Bochum,ADMIN,CITY,2861876,6553132,DE
699,True,Hochsauerland,ADMIN,CITY,2861876,3221121,DE
700,True,Anglesey,ADMIN,CITY,2634895,2657311,GB
701,True,Stendal,ADMIN,CITY,2842565,6550942,DE
702,True,Demre,ADMIN,CITY,323776,295781,TR
703,True,Vasteras,ADMIN,CITY,2664179,2664454,SE
704,True,Jena,ADMIN,CITY,2822542,6549748,DE
705,True,Ceyhan,ADMIN,CITY,325361,318675,TR
706,True,Silifke,ADMIN,CITY,311728,300808,TR
707,True,Korfez,ADMIN,CITY,742865,737961,TR
708,True,Bismil,ADMIN,CITY,316540,321031,TR
709,True,Artuklu,ADMIN,CITY,304794,9552222,TR
710,True,Brindisi,ADMIN,CITY,3169778,3181526,IT
711,True,Copenhagen,ADMIN,CITY,6418538,2618425,DK
712,True,Poole,ADMIN,CITY,6269131,3333182,GB
713,True,Meissen,ADMIN,CITY,2842566,6550801,DE
714,True,Schmalkalden Meiningen,ADMIN,CITY,2822542,3302169,DE
715,True,Darmstadt Dieburg,ADMIN,CITY,2905330,3220966,DE
716,True,Buldan,ADMIN,CITY,317106,320437,TR
717,True,Warrington,ADMIN,CITY,6269131,3333216,GB
718,True,Kulu,ADMIN,CITY,306569,305742,TR
719,True,Alapli,ADMIN,CITY,737021,752184,TR
720,True,Gottingen,ADMIN,CITY,2862926,6557373,DE
721,True,Aksu,ADMIN,CITY,323776,324476,TR
722,True,Sefaatli,ADMIN,CITY,296560,301353,TR
723,True,Gumushacikoy,ADMIN,CITY,752014,746426,TR
724,True,Develi,ADMIN,CITY,308463,7732925,TR
725,True,Sirnak,ADMIN,CITY,443189,300640,TR
726,True,Mantua,ADMIN,CITY,3174618,3174050,IT
727,True,Balearic Islands,ADMIN,CITY,2521383,6424360,ES
728,True,Monza and Brianza,ADMIN,CITY,3174618,6955700,IT
729,True,Munster,ADMIN,CITY,2861876,6553087,DE
730,True,Midlothian,ADMIN,CITY,2638360,2642559,GB
731,True,Mannheim,ADMIN,CITY,2953481,6559162,DE
732,True,Vulkaneifel,ADMIN,CITY,2847618,3247914,DE
733,True,Catanzaro,ADMIN,CITY,2525468,2525059,IT
734,True,Jeonju,ADMIN,CITY,1845789,8659217,KR
735,True,Sapanca,ADMIN,CITY,740352,740230,TR
736,True,Mainz Bingen,ADMIN,CITY,2847618,3247466,DE
737,True,Fredericia,ADMIN,CITY,6418542,2621951,DK
738,True,Aralik,ADMIN,CITY,443184,323735,TR
739,True,Rimini,ADMIN,CITY,3177401,3169361,IT
740,True,Bakirkoy,ADMIN,CITY,745042,751214,TR
741,True,Somme,ADMIN,CITY,11071624,2974304,FR
742,True,Val d'Oise,ADMIN,CITY,3012874,2971071,FR
743,True,Cheshire East,ADMIN,CITY,6269131,7290536,GB
744,True,Berchtesgadener Land,ADMIN,CITY,2951839,2950877,DE
745,True,Gunzburg,ADMIN,CITY,2951839,2913555,DE
746,True,Aksaray,ADMIN,CITY,443185,324496,TR
747,True,Ahmetli,ADMIN,CITY,304825,325066,TR
748,True,Altinordu,ADMIN,CITY,741098,9548904,TR
749,True,Rastatt,ADMIN,CITY,2953481,6558045,DE
750,True,Amberg Sulzbach,ADMIN,CITY,2951839,3220855,DE
751,True,Osterholz,ADMIN,CITY,2862926,2856505,DE
752,True,Bodrum,ADMIN,CITY,304183,320995,TR
753,True,Bogazliyan,ADMIN,CITY,296560,320946,TR
754,True,Ennis,ADMIN,CITY,2965479,2964405,IE
755,True,Coburg,ADMIN,CITY,2951839,2939951,DE
756,True,Wilhelmshaven,ADMIN,CITY,2862926,6552852,DE
757,True,Wageningen,ADMIN,CITY,2755634,2745088,NL
758,True,Kleve,ADMIN,CITY,2861876,6557494,DE
759,True,Ilic,ADMIN,CITY,315372,311547,TR
760,True,Rize,ADMIN,CITY,740481,740483,TR
761,True,Orhangazi,ADMIN,CITY,750268,741045,TR
762,True,Kirsehir,ADMIN,CITY,307513,307515,TR
763,True,Al Khafji,ADMIN,CITY,108241,102912,SA
764,True,Bas Rhin,ADMIN,CITY,11071622,3034720,FR
765,True,Bilecik,ADMIN,CITY,321122,750598,TR
766,True,Kargi,ADMIN,CITY,748877,744006,TR
767,True,Malaga,ADMIN,CITY,2593109,2514254,ES
768,True,Bolu,ADMIN,CITY,750510,750516,TR
769,True,Hof,ADMIN,CITY,2951839,52060014,DE
770,True,Neu Ulm,ADMIN,CITY,2951839,2863941,DE
771,True,Oberhavel,ADMIN,CITY,2945356,3249084,DE
772,True,Suhl,ADMIN,CITY,2822542,2824948,DE
773,True,Derby,ADMIN,CITY,6269131,2651346,GB
774,True,Conwy,ADMIN,CITY,2634895,3333242,GB
775,True,Luleburgaz,ADMIN,CITY,743165,741855,TR
776,True,Lappeenranta,ADMIN,CITY,830699,648900,FI
777,True,Bamberg,ADMIN,CITY,2951839,2952984,DE
778,True,Cologne,ADMIN,CITY,2861876,2886242,DE
779,True,Altinozu,ADMIN,CITY,312394,323906,TR
780,True,Kepez,ADMIN,CITY,323776,8069984,TR
781,True,Yatagan,ADMIN,CITY,304183,297564,TR
782,True,Oberbergischer,ADMIN,CITY,2861876,3247445,DE
783,True,Flemish Brabant,ADMIN,CITY,3337388,3333250,BE
784,True,Ortakoy,ADMIN,CITY,443185,303290,TR
785,True,West Dunbartonshire,ADMIN,CITY,2638360,3333237,GB
786,True,Liege,ADMIN,CITY,3337387,2792413,BE
787,True,Luxembourg,ADMIN,CITY,3337387,2791993,BE
788,True,Rheingau Taunus,ADMIN,CITY,2905330,3220989,DE
789,True,Lot et Garonne,ADMIN,CITY,11071620,2997523,FR
790,True,Essex,ADMIN,CITY,6269131,2649889,GB
791,True,Ilkadim,ADMIN,CITY,740263,9549630,TR
792,True,Rhondda Cynon Taf,ADMIN,CITY,2634895,3333247,GB
793,True,Al Aqiq,ADMIN,CITY,109954,10972271,SA
794,True,Gaziemir,ADMIN,CITY,311044,314826,TR
795,True,Canik,ADMIN,CITY,740263,9549574,TR
796,True,Florence,ADMIN,CITY,3165361,3176958,IT
797,True,Aveyron,ADMIN,CITY,11071623,3035691,FR
798,True,Dithmarschen,ADMIN,CITY,2838632,3249069,DE
799,True,Tirebolu,ADMIN,CITY,746878,9540843,TR
800,True,Dikmen,ADMIN,CITY,739598,743230,TR
801,True,Kalecik,ADMIN,CITY,323784,744814,TR
802,True,Buckinghamshire,ADMIN,CITY,6269131,2654408,GB
803,True,Luton,ADMIN,CITY,6269131,3333168,GB
804,True,East Dunbartonshire,ADMIN,CITY,2638360,3333227,GB
805,True,South Ayrshire,ADMIN,CITY,2638360,3333235,GB
806,True,Landau,ADMIN,CITY,2847618,2881646,DE
807,True,Malmo,ADMIN,CITY,3337385,2692969,SE
808,True,Hohenlohe,ADMIN,CITY,2953481,3220748,DE
809,True,Bad Kissingen,ADMIN,CITY,2951839,2953424,DE
810,True,Birkenfeld,ADMIN,CITY,2847618,6558491,DE
811,True,Honaz,ADMIN,CITY,317106,7732360,TR
812,True,Mentese,ADMIN,CITY,304183,9548851,TR
813,True,Hisarcik,ADMIN,CITY,305267,312051,TR
814,True,Golmarmara,ADMIN,CITY,304825,314038,TR
815,True,Isle of Wight,ADMIN,CITY,6269131,2646007,GB
816,True,Freiburg im Breisgau,ADMIN,CITY,2953481,3214107,DE
817,True,Guzelyurt,ADMIN,CITY,443185,313199,TR
818,True,Wels,ADMIN,CITY,2769848,2761524,AT
819,True,Solhan,ADMIN,CITY,321079,300377,TR
820,True,Inegol,ADMIN,CITY,750268,745169,TR
821,True,Pordenone,ADMIN,CITY,3176525,3170146,IT
822,True,Bitburg Prum,ADMIN,CITY,2847618,3247913,DE
823,True,Castlebar,ADMIN,CITY,2962667,2965654,IE
824,True,Hamm,ADMIN,CITY,2861876,6553135,DE
825,True,Segeberg,ADMIN,CITY,2838632,3249076,DE
826,True,Cotes d'Armor,ADMIN,CITY,3030293,3023414,FR
827,True,Esme,ADMIN,CITY,298298,315183,TR
828,True,Mid and East Antrim,ADMIN,CITY,2641364,11353078,GB
829,True,Sachsische Schweiz Osterzgebirge,ADMIN,CITY,2842566,3305812,DE
830,True,Barletta Andria Trani,ADMIN,CITY,3169778,6955699,IT
831,True,Roth,ADMIN,CITY,2951839,2844265,DE
832,True,Bartin,ADMIN,CITY,862467,751057,TR
833,True,Kocasinan,ADMIN,CITY,308463,315972,TR
834,True,Jaen,ADMIN,CITY,2593109,2516394,ES
835,True,Arpacay,ADMIN,CITY,743942,751864,TR
836,True,Pembrokeshire,ADMIN,CITY,2634895,2640500,GB
837,True,Rostock,ADMIN,CITY,2872567,2844588,DE
838,True,Gard,ADMIN,CITY,11071623,3016670,FR
839,True,Tepebasi,ADMIN,CITY,315201,9538820,TR
840,True,Tonsberg,ADMIN,CITY,3132015,3134331,NO
841,True,Schaumburg,ADMIN,CITY,2862926,2840134,DE
842,True,Saale Holzland,ADMIN,CITY,2822542,6547393,DE
843,True,Rhone,ADMIN,CITY,11071625,2987410,FR
844,True,Mettmann,ADMIN,CITY,2861876,6557501,DE
845,True,Ravensburg,ADMIN,CITY,2953481,3220791,DE
846,True,Kerkrade,ADMIN,CITY,2751596,2752923,NL
847,True,Silvan,ADMIN,CITY,316540,300796,TR
848,True,Enna,ADMIN,CITY,2523119,2524818,IT
849,True,Muhldorf,ADMIN,CITY,2951839,2868506,DE
850,True,Lot,ADMIN,CITY,11071623,2997524,FR
851,True,Kurtalan,ADMIN,CITY,300821,305532,TR
852,True,Arakli,ADMIN,CITY,738647,7910998,TR
853,True,Tirschenreuth,ADMIN,CITY,2951839,2822100,DE
854,True,Limburg Weilburg,ADMIN,CITY,2905330,2877648,DE
855,True,Iskilip,ADMIN,CITY,748877,745076,TR
856,True,Albacete,ADMIN,CITY,2593111,2522257,ES
857,True,Kempten,ADMIN,CITY,2951839,2891621,DE
858,True,Munich,ADMIN,CITY,2951839,52060006,DE
859,True,Magdeburg,ADMIN,CITY,2842565,2874544,DE
860,True,Raalte,ADMIN,CITY,2748838,2748371,NL
861,True,Dresden,ADMIN,CITY,2842566,6551127,DE
862,True,Freyung Grafenau,ADMIN,CITY,2951839,2918364,DE
863,True,Saale,ADMIN,CITY,2842565,2842671,DE
864,True,Ad Darb,ADMIN,CITY,105298,10972347,SA
865,True,Savoie,ADMIN,CITY,11071625,2975517,FR
866,True,Leipzig,ADMIN,CITY,2842566,2879139,DE
867,True,Portsmouth,ADMIN,CITY,6269131,3333183,GB
868,True,Sassari,ADMIN,CITY,2523228,3167096,IT
869,True,Greve Municipality,ADMIN,CITY,6418541,2621215,DK
870,True,South Gloucestershire,ADMIN,CITY,6269131,3333198,GB
871,True,Ahrweiler,ADMIN,CITY,2847618,2959047,DE
872,True,Southend-on-Sea,ADMIN,CITY,6269131,3333197,GB
873,True,Valladolid,ADMIN,CITY,3336900,3106671,ES
874,True,Duzce,ADMIN,CITY,865521,747764,TR
875,True,Wittenberg,ADMIN,CITY,2842565,7303020,DE
876,True,Leicestershire,ADMIN,CITY,6269131,2644667,GB
877,True,Beykoz,ADMIN,CITY,745042,750662,TR
878,True,Ortaca,ADMIN,CITY,304183,303354,TR
879,True,Uzumlu,ADMIN,CITY,315372,298230,TR
880,True,Saray,ADMIN,CITY,738926,740205,TR
881,True,"Bournemouth, Christchurch and Poole",ADMIN,CITY,6269131,3333129,GB
882,True,Isere,ADMIN,CITY,11071625,3012715,FR
883,True,Duzici,ADMIN,CITY,443183,312523,TR
884,True,Cerkes,ADMIN,CITY,749747,749279,TR
885,True,Araban,ADMIN,CITY,314829,323750,TR
886,True,Fatsa,ADMIN,CITY,741098,747155,TR
887,True,Tyne and Wear,ADMIN,CITY,6269131,2635274,GB
888,True,Ortenaukreis,ADMIN,CITY,2953481,3214109,DE
889,True,Groningen,ADMIN,CITY,2755249,2755251,NL
890,True,Beypazari,ADMIN,CITY,323784,750637,TR
891,True,Dogubayazit,ADMIN,CITY,325163,316411,TR
892,True,Tavas,ADMIN,CITY,317106,299575,TR
893,True,Kutahya,ADMIN,CITY,305267,305268,TR
894,True,Yalova,ADMIN,CITY,862469,738025,TR
895,True,Yongin,ADMIN,CITY,1841610,6573743,KR
896,True,Torbay,ADMIN,CITY,6269131,3333210,GB
897,True,Salzgitter,ADMIN,CITY,2862926,6558431,DE
898,True,Tuzla,ADMIN,CITY,745042,738549,TR
899,True,Carrickmacross-Castleblayney,ADMIN,CITY,2962568,52900030,IE
900,True,Stockton on Tees,ADMIN,CITY,6269131,3333203,GB
901,True,Polatli,ADMIN,CITY,323784,302525,TR
902,True,Tasova,ADMIN,CITY,752014,739015,TR
903,True,Sariyer,ADMIN,CITY,745042,740006,TR
904,True,Porvoo,ADMIN,CITY,830709,660561,FI
905,True,Burgenland,ADMIN,CITY,2842565,3302156,DE
906,True,Badajoz,ADMIN,CITY,2593112,2521419,ES
907,True,Tuzluca,ADMIN,CITY,443184,738541,TR
908,True,Seydisehir,ADMIN,CITY,306569,301010,TR
909,True,Cornwall,ADMIN,CITY,6269131,2652355,GB
910,True,Ansbach,ADMIN,CITY,2951839,2955936,DE
911,True,Donau Ries,ADMIN,CITY,2951839,2936260,DE
912,True,Braunschweig,ADMIN,CITY,2862926,6552297,DE
913,True,Puy de Dome,ADMIN,CITY,11071625,2984986,FR
914,True,Oise,ADMIN,CITY,11071624,2989663,FR
915,True,Erzincan,ADMIN,CITY,315372,315373,TR
916,True,Ciftlik,ADMIN,CITY,303826,318581,TR
917,True,Foggia,ADMIN,CITY,3169778,3176884,IT
918,True,Sondrio,ADMIN,CITY,3174618,3166396,IT
919,True,Pisa,ADMIN,CITY,3165361,3170646,IT
920,True,County Durham,ADMIN,CITY,6269131,2650629,GB
921,True,Kufstein,ADMIN,CITY,2763586,2773300,AT
922,True,Peine,ADMIN,CITY,2862926,6557392,DE
923,True,Selim,ADMIN,CITY,743942,739847,TR
924,True,Gross Gerau,ADMIN,CITY,2905330,2915613,DE
925,True,Rottal Inn,ADMIN,CITY,2951839,2843774,DE
926,True,Bayindir,ADMIN,CITY,311044,321786,TR
927,True,Kars,ADMIN,CITY,743942,743952,TR
928,True,Weilheim Schongau,ADMIN,CITY,2951839,3220842,DE
929,True,Al Qurayyat,ADMIN,CITY,109470,32000000274,SA
930,True,Eyupsultan,ADMIN,CITY,745042,747184,TR
931,True,Sile,ADMIN,CITY,745042,739636,TR
932,True,Navarre,ADMIN,CITY,3115609,6355235,ES
933,True,Tabuk,ADMIN,CITY,101627,101628,SA
934,True,Eindhoven,ADMIN,CITY,2749990,2756253,NL
935,True,Thurles,ADMIN,CITY,2961191,2961214,IE
936,True,Derry City and Strabane,ADMIN,CITY,2641364,11353073,GB
937,True,Ludwigsburg,ADMIN,CITY,2953481,6557960,DE
938,True,Main Kinzig,ADMIN,CITY,2905330,2874242,DE
939,True,Leon,ADMIN,CITY,3336900,3118528,ES
940,True,Urla,ADMIN,CITY,311044,298316,TR
941,True,Bregenz,ADMIN,CITY,2762300,2781503,AT
942,True,Eichstatt,ADMIN,CITY,2951839,2932069,DE
943,True,Caltanissetta,ADMIN,CITY,2523119,2525447,IT
944,True,Havsa,ADMIN,CITY,747711,745719,TR
945,True,Ingolstadt,ADMIN,CITY,2951839,2895992,DE
946,True,Sarikamis,ADMIN,CITY,743942,740088,TR
947,True,Diemen,ADMIN,CITY,2749879,2756888,NL
948,True,Surrey,ADMIN,CITY,6269131,2636512,GB
949,True,Greater Manchester,ADMIN,CITY,6269131,3333169,GB
950,True,Alacam,ADMIN,CITY,740263,752259,TR
951,True,Milan,ADMIN,CITY,3174618,3173434,IT
952,True,Havelland,ADMIN,CITY,2945356,3249082,DE
953,True,Hanover,ADMIN,CITY,2862926,2910830,DE
954,True,Salzland,ADMIN,CITY,2842565,2950072,DE
955,True,Parma,ADMIN,CITY,3177401,3171456,IT
956,True,Biscay,ADMIN,CITY,3336903,3104469,ES
957,True,Hof,ADMIN,CITY,2951839,2902768,DE
958,True,Verden,ADMIN,CITY,2862926,2817599,DE
959,True,Pyeongtaek,ADMIN,CITY,1841610,1838343,KR
960,True,Anamur,ADMIN,CITY,311728,323828,TR
961,True,Northumberland,ADMIN,CITY,6269131,2641235,GB
962,True,Gmunden,ADMIN,CITY,2769848,2778436,AT
963,True,Friesland,ADMIN,CITY,2862926,2924362,DE
964,True,Kayapinar,ADMIN,CITY,316540,308569,TR
965,True,Derik,ADMIN,CITY,304794,316899,TR
966,True,Kizilirmak,ADMIN,CITY,749747,742987,TR
967,True,Warendorf,ADMIN,CITY,2861876,3247444,DE
968,True,Marne,ADMIN,CITY,11071622,2995603,FR
969,True,Sereflikochisar,ADMIN,CITY,323784,301116,TR
970,True,Brondbyvester,ADMIN,CITY,6418538,2623340,DK
971,True,East Renfrewshire,ADMIN,CITY,2638360,3333228,GB
972,True,Rhein Sieg,ADMIN,CITY,2861876,2847604,DE
973,True,Sehitkamil,ADMIN,CITY,314829,7619145,TR
974,True,Haderslev,ADMIN,CITY,6418542,2620964,DK
975,True,Mittelsachsen,ADMIN,CITY,2842566,2925190,DE
976,True,Allier,ADMIN,CITY,11071625,3038111,FR
977,True,Derinkuyu,ADMIN,CITY,303830,316877,TR
978,True,Belluno,ADMIN,CITY,3164604,3182209,IT
979,True,Campobasso,ADMIN,CITY,3173222,3180990,IT
980,True,Agrigento,ADMIN,CITY,2523119,2525763,IT
981,True,Al Nuayriyah,ADMIN,CITY,108241,32000000273,SA
982,True,Unterallgau,ADMIN,CITY,2951839,3220889,DE
983,True,Wittmund,ADMIN,CITY,2862926,2807218,DE
984,True,Keciborlu,ADMIN,CITY,311071,308365,TR
985,True,Zollernalb,ADMIN,CITY,2953481,3220794,DE
986,True,Lancashire,ADMIN,CITY,6269131,2644974,GB
987,True,Al Mukhwah,ADMIN,CITY,109954,10972274,SA
988,True,Mazidagi,ADMIN,CITY,304794,8630815,TR
989,True,Hørsholm,ADMIN,CITY,6418538,2619856,DK
990,True,Worcestershire,ADMIN,CITY,6269131,2633560,GB
991,True,Rovaniemi,ADMIN,CITY,830603,638936,FI
992,True,Sharurah,ADMIN,CITY,103628,10972376,SA
993,True,Halfeti,ADMIN,CITY,298332,312862,TR
994,True,Trier Saarburg,ADMIN,CITY,2847618,2821160,DE
995,True,Greystones,ADMIN,CITY,2960935,2963848,IE
996,True,Riihimaki,ADMIN,CITY,830705,639406,FI
997,True,Neuburg Schrobenhausen,ADMIN,CITY,2951839,2866064,DE
998,True,Payas,ADMIN,CITY,312394,297899,TR
999,True,Sancaktepe,ADMIN,CITY,745042,8521534,TR
1000,True,Madrid,ADMIN,CITY,3117732,6355233,ES
1001,True,Ceylanpinar,ADMIN,CITY,298332,318668,TR
1002,True,Doubs,ADMIN,CITY,11071619,3020989,FR
1003,True,Rotterdam,ADMIN,CITY,2743698,2747891,NL
1004,True,Sønderborg,ADMIN,CITY,6418542,2613102,DK
1005,True,Outer Hebrides,ADMIN,CITY,2638360,2634428,GB
1006,True,Forli Cesena,ADMIN,CITY,3177401,3176745,IT
1007,True,Lucca,ADMIN,CITY,3165361,3174529,IT
1008,True,Papendrecht,ADMIN,CITY,2743698,2748729,NL
1009,True,Ayvacik,ADMIN,CITY,749778,322692,TR
1010,True,West Lothian,ADMIN,CITY,2638360,2634354,GB
1011,True,Inonu,ADMIN,CITY,315201,311261,TR
1012,True,Iskenderun,ADMIN,CITY,312394,311111,TR
1013,True,Yenisehir,ADMIN,CITY,311728,9542118,TR
1014,True,Diyadin,ADMIN,CITY,325163,316542,TR
1015,True,East Riding of Yorkshire,ADMIN,CITY,6269131,2650345,GB
1016,True,Ostalbkreis,ADMIN,CITY,2953481,2856827,DE
1017,True,Padua,ADMIN,CITY,3164604,3171727,IT
1018,True,Deggendorf,ADMIN,CITY,2951839,2938540,DE
1019,True,Dargecit,ADMIN,CITY,304794,317587,TR
1020,True,Tromso,ADMIN,CITY,3133897,3133895,NO
1021,True,Elmali,ADMIN,CITY,323776,315697,TR
1022,True,North East Lincolnshire,ADMIN,CITY,6269131,3333175,GB
1023,True,Tampere,ADMIN,CITY,830704,634963,FI
1024,True,Castricum,ADMIN,CITY,2749879,2757991,NL
1025,True,Forchheim,ADMIN,CITY,2951839,2925910,DE
1026,True,Longford,ADMIN,CITY,2962840,2962841,IE
1027,True,Bulancak,ADMIN,CITY,746878,750317,TR
1028,True,Doganhisar,ADMIN,CITY,306569,316475,TR
1029,True,Bergamo,ADMIN,CITY,3174618,3182163,IT
1030,True,Bayreuth,ADMIN,CITY,2951839,52060012,DE
1031,True,Passau,ADMIN,CITY,2951839,52060009,DE
1032,True,Hautes Pyrenees,ADMIN,CITY,11071623,3013726,FR
1033,True,Passau,ADMIN,CITY,2951839,2855328,DE
1034,True,Shropshire,ADMIN,CITY,6269131,2638655,GB
1035,True,Trondheim,ADMIN,CITY,11862827,3133880,NO
1036,True,Villach,ADMIN,CITY,2774686,2762372,AT
1037,True,Saale Orla,ADMIN,CITY,2822542,6547394,DE
1038,True,Akcakale,ADMIN,CITY,298332,324944,TR
1039,True,Bergama,ADMIN,CITY,311044,321426,TR
1040,True,Miesbach,ADMIN,CITY,2951839,2871198,DE
1041,True,Ostholstein,ADMIN,CITY,2838632,3249074,DE
1042,True,Correze,ADMIN,CITY,11071620,3023532,FR
1043,True,Ardanuc,ADMIN,CITY,751816,751950,TR
1044,True,Ardeche,ADMIN,CITY,11071625,3037147,FR
1045,True,Zundert,ADMIN,CITY,2749990,2743619,NL
1046,True,Gole,ADMIN,CITY,862470,746643,TR
1047,True,Sola,ADMIN,CITY,3141558,3137942,NO
1048,True,Kitzingen,ADMIN,CITY,2951839,2890158,DE
1049,True,Antwerp,ADMIN,CITY,3337388,2803138,BE
1050,True,Eichsfeld,ADMIN,CITY,2822542,6547387,DE
1051,True,Ostallgau,ADMIN,CITY,2951839,3220888,DE
1052,True,Bautzen,ADMIN,CITY,2842566,2951881,DE
1053,True,Idil,ADMIN,CITY,443189,311704,TR
1054,True,Denbighshire,ADMIN,CITY,2634895,2651385,GB
1055,True,Dorset,ADMIN,CITY,6269131,2651079,GB
1056,True,Reading,ADMIN,CITY,6269131,3333184,GB
1057,True,Cal,ADMIN,CITY,317106,319857,TR
1058,True,Refahiye,ADMIN,CITY,315372,302401,TR
1059,True,Sivasli,ADMIN,CITY,298298,300616,TR
1060,True,Trentino,ADMIN,CITY,3165244,3165241,IT
1061,True,Gelibolu,ADMIN,CITY,749778,746983,TR
1062,True,Sabanozu,ADMIN,CITY,749747,7733226,TR
1063,True,Orebro,ADMIN,CITY,2686655,2686657,SE
1064,True,Osnabruck,ADMIN,CITY,2862926,2856883,DE
1065,True,Reggio Emilia,ADMIN,CITY,3177401,3169524,IT
1066,True,Brighton and Hove,ADMIN,CITY,6269131,3333133,GB
1067,True,Wrexham,ADMIN,CITY,2634895,2633484,GB
1068,True,Neustadt an der Weinstrasse,ADMIN,CITY,2847618,2864054,DE
1069,True,Nizip,ADMIN,CITY,314829,303798,TR
1070,True,Indre,ADMIN,CITY,3027939,3012805,FR
1071,True,Noordoostpolder,ADMIN,CITY,3319179,2749851,NL
1072,True,Burgos,ADMIN,CITY,3336900,3127460,ES
1073,True,Finike,ADMIN,CITY,323776,314923,TR
1074,True,Anhalt Bitterfeld,ADMIN,CITY,2842565,2948163,DE
1075,True,Boblingen,ADMIN,CITY,2953481,2947444,DE
1076,True,Schwerin,ADMIN,CITY,2872567,2834282,DE
1077,True,Ipekyolu,ADMIN,CITY,298113,9550938,TR
1078,True,Dachau,ADMIN,CITY,2951839,2939623,DE
1079,True,Celle,ADMIN,CITY,2862926,6557432,DE
1080,True,Turhal,ADMIN,CITY,738742,738618,TR
1081,True,Yozgat,ADMIN,CITY,296560,296562,TR
1082,True,Orne,ADMIN,CITY,11071621,2989247,FR
1083,True,Battalgazi,ADMIN,CITY,304919,7732936,TR
1084,True,Brescia,ADMIN,CITY,3174618,3181553,IT
1085,True,Munich,ADMIN,CITY,2951839,3220838,DE
1086,True,Civril,ADMIN,CITY,317106,318264,TR
1087,True,Seferihisar,ADMIN,CITY,311044,301350,TR
1088,True,North Lincolnshire,ADMIN,CITY,6269131,3333176,GB
1089,True,Palermo,ADMIN,CITY,2523119,2523918,IT
1090,True,Sankt Wendel,ADMIN,CITY,2842635,2841464,DE
1091,True,Heerhugowaard,ADMIN,CITY,2749879,2754659,NL
1092,True,Silivri,ADMIN,CITY,745042,739634,TR
1093,True,Toroslar,ADMIN,CITY,311728,9542263,TR
1094,True,Lorrach,ADMIN,CITY,2953481,6558142,DE
1095,True,Emden,ADMIN,CITY,2862926,2930596,DE
1096,True,Karapinar,ADMIN,CITY,306569,309415,TR
1097,True,Eisenach,ADMIN,CITY,2822542,2931574,DE
1098,True,Bracknell Forest,ADMIN,CITY,6269131,3333130,GB
1099,True,Savona,ADMIN,CITY,3174725,3167021,IT
1100,True,Renfrewshire,ADMIN,CITY,2638360,2639494,GB
1101,True,Shannon,ADMIN,CITY,2965479,3310247,IE
1102,True,Warwickshire,ADMIN,CITY,6269131,2634723,GB
1103,True,Freising,ADMIN,CITY,2951839,2925034,DE
1104,True,Avila,ADMIN,CITY,3336900,3129138,ES
1105,True,Kas,ADMIN,CITY,323776,308948,TR
1106,True,Mayenne,ADMIN,CITY,2988289,2994932,FR
1107,True,Kristiansand,ADMIN,CITY,3132064,3149318,NO
1108,True,Carmarthenshire,ADMIN,CITY,2634895,2653753,GB
1109,True,Dusseldorf,ADMIN,CITY,2861876,2934246,DE
1110,True,Weimar,ADMIN,CITY,2822542,6549750,DE
1111,True,Ludwigslust Parchim,ADMIN,CITY,2872567,8648412,DE
1112,True,Herne,ADMIN,CITY,2861876,6553136,DE
1113,True,Saarpfalz,ADMIN,CITY,2842635,3249067,DE
1114,True,Beysehir,ADMIN,CITY,306569,321191,TR
1115,True,Eisenstadt Umgebung,ADMIN,CITY,2781194,2780189,AT
1116,True,Brielle,ADMIN,CITY,2743698,2758326,NL
1117,True,Middlesbrough,ADMIN,CITY,6269131,3333172,GB
1118,True,Northeim,ADMIN,CITY,2862926,6557386,DE
1119,True,Gediz,ADMIN,CITY,305267,314716,TR
1120,True,Trieste,ADMIN,CITY,3176525,3165184,IT
1121,True,Deurne,ADMIN,CITY,2749990,2757009,NL
1122,True,Memmingen,ADMIN,CITY,2951839,2871992,DE
1123,True,Wetterau,ADMIN,CITY,2905330,2809976,DE
1124,True,Vienne,ADMIN,CITY,11071620,2969280,FR
1125,True,Hartlepool,ADMIN,CITY,6269131,3333152,GB
1126,True,Genoa,ADMIN,CITY,3174725,3176217,IT
1127,True,Neumarkt,ADMIN,CITY,2951839,2864549,DE
1128,True,Erzin,ADMIN,CITY,312394,296852,TR
1129,True,Ferrara,ADMIN,CITY,3177401,3177088,IT
1130,True,Stade,ADMIN,CITY,2862926,6557453,DE
1131,True,Houten,ADMIN,CITY,2745909,2753557,NL
1132,True,Serik,ADMIN,CITY,323776,301101,TR
1133,True,Schwalm Eder,ADMIN,CITY,2905330,3220996,DE
1134,True,Cinarcik,ADMIN,CITY,862469,749075,TR
1135,True,Leoben,ADMIN,CITY,2764581,2772649,AT
1136,True,Hämeenlinna,ADMIN,CITY,830705,659180,FI
1137,True,Furth,ADMIN,CITY,2951839,2923544,DE
1138,True,Cantal,ADMIN,CITY,11071625,3028791,FR
1139,True,Huesca,ADMIN,CITY,3336899,3120513,ES
1140,True,Mecklenburgische Seenplatte,ADMIN,CITY,2872567,8648413,DE
1141,True,Kaiserslautern,ADMIN,CITY,2847618,51000001,DE
1142,True,Altieylul,ADMIN,CITY,322164,50300001,TR
1143,True,Kozluk,ADMIN,CITY,443186,306041,TR
1144,True,Cheonan,ADMIN,CITY,1845105,8659219,KR
1145,True,Mustafakemalpasa,ADMIN,CITY,750268,741385,TR
1146,True,Torbali,ADMIN,CITY,311044,298935,TR
1147,True,Babaeski,ADMIN,CITY,743165,751371,TR
1148,True,Cloppenburg,ADMIN,CITY,2862926,6557461,DE
1149,True,Mansfeld Sudharz,ADMIN,CITY,2842565,3302155,DE
1150,True,Melk,ADMIN,CITY,2770542,2771682,AT
1151,True,Linz,ADMIN,CITY,2769848,2772400,AT
1152,True,Rottweil,ADMIN,CITY,2953481,6558118,DE
1153,True,Lugo,ADMIN,CITY,3336902,3117813,ES
1154,True,Basiskele,ADMIN,CITY,742865,9548074,TR
1155,True,Aube,ADMIN,CITY,11071622,3036420,FR
1156,True,Germencik,ADMIN,CITY,322819,314573,TR
1157,True,Cigli,ADMIN,CITY,311044,7732714,TR
1158,True,Rosenheim,ADMIN,CITY,2951839,2844988,DE
1159,True,Perth and Kinross,ADMIN,CITY,2638360,3333234,GB
1160,True,Hafar Al Batin,ADMIN,CITY,108241,106297,SA
1161,True,Ergani,ADMIN,CITY,316540,315468,TR
1162,True,Bafra,ADMIN,CITY,740263,751335,TR
1163,True,Elazig,ADMIN,CITY,315807,315808,TR
1164,True,Meric,ADMIN,CITY,747711,741628,TR
1165,True,Patnos,ADMIN,CITY,325163,302819,TR
1166,True,Goslar,ADMIN,CITY,2862926,10942643,DE
1167,True,Osnabruck,ADMIN,CITY,2862926,52060002,DE
1168,True,Viersen,ADMIN,CITY,2861876,6557513,DE
1169,True,Pinarhisar,ADMIN,CITY,743165,740570,TR
1170,True,Azdavay,ADMIN,CITY,743881,751388,TR
1171,True,Akdagmadeni,ADMIN,CITY,296560,324768,TR
1172,True,Kildare-Newbridge,ADMIN,CITY,2963435,2962290,IE
1173,True,Bremer,ADMIN,CITY,2944387,6553021,DE
1174,True,Vaucluse,ADMIN,CITY,2985244,2970554,FR
1175,True,Calw,ADMIN,CITY,2953481,6558077,DE
1176,True,Harz,ADMIN,CITY,2842565,2911664,DE
1177,True,Turayf,ADMIN,CITY,109579,10972288,SA
1178,True,Sinop,ADMIN,CITY,739598,739600,TR
1179,True,Gdansk,ADMIN,CITY,3337496,3099434,PL
1180,True,Kelheim,ADMIN,CITY,2951839,2891834,DE
1181,True,Charente,ADMIN,CITY,11071620,3026646,FR
1182,True,Almeria,ADMIN,CITY,2593109,2521883,ES
1183,True,Diepholz,ADMIN,CITY,2862926,2937317,DE
1184,True,Dawamat Al Jandal,ADMIN,CITY,109470,32000000267,SA
1185,True,As Sulayyil,ADMIN,CITY,108411,10972321,SA
1186,True,Bigadic,ADMIN,CITY,322164,321136,TR
1187,True,Kirkagac,ADMIN,CITY,304825,307623,TR
1188,True,Namur,ADMIN,CITY,3337387,2790469,BE
1189,True,Cardiff,ADMIN,CITY,2634895,3333241,GB
1190,True,Seine Maritime,ADMIN,CITY,11071621,2975248,FR
1191,True,Kecioren,ADMIN,CITY,323784,308335,TR
1192,True,Sarikaya,ADMIN,CITY,296560,7733004,TR
1193,True,Hallein,ADMIN,CITY,2766823,2776951,AT
1194,True,Al Aridah,ADMIN,CITY,105298,54500026,SA
1195,True,Oberspreewald Lausitz,ADMIN,CITY,2945356,3249085,DE
1196,True,Cesme,ADMIN,CITY,311044,318755,TR
1197,True,West Yorkshire,ADMIN,CITY,6269131,2634219,GB
1198,True,Harburg,ADMIN,CITY,2862926,2910684,DE
1199,True,Mulheim,ADMIN,CITY,2861876,6553027,DE
1200,True,Lozere,ADMIN,CITY,11071623,2997288,FR
1201,True,Neuwied,ADMIN,CITY,2847618,6557317,DE
1202,True,Blackburn with Darwen,ADMIN,CITY,6269131,3333126,GB
1203,True,West Berkshire,ADMIN,CITY,6269131,3333217,GB
1204,True,Furth,ADMIN,CITY,2951839,52060016,DE
1205,True,Saricam,ADMIN,CITY,325361,301770,TR
1206,True,Wesermarsch,ADMIN,CITY,2862926,3221099,DE
1207,True,Halle,ADMIN,CITY,2842565,2911522,DE
1208,True,Helmstedt,ADMIN,CITY,2862926,2906676,DE
1209,True,Herault,ADMIN,CITY,11071623,3013500,FR
1210,True,Helsingborg,ADMIN,CITY,3337385,2706767,SE
1211,True,Schwaz,ADMIN,CITY,2763586,2765390,AT
1212,True,Antrim and Newtownabbey,ADMIN,CITY,2641364,11353069,GB
1213,True,Kula,ADMIN,CITY,304825,7910589,TR
1214,True,Suruc,ADMIN,CITY,298332,300075,TR
1215,True,Prato,ADMIN,CITY,3165361,3169921,IT
1216,True,Cumberland,ADMIN,CITY,6269131,2651712,GB
1217,True,Kassel,ADMIN,CITY,2905330,2892518,DE
1218,True,Bonn,ADMIN,CITY,2861876,6553048,DE
1219,True,Balqarn,ADMIN,CITY,108179,54500018,SA
1220,True,Yuksekova,ADMIN,CITY,312888,7733232,TR
1221,True,Selcuklu,ADMIN,CITY,306569,312001,TR
1222,True,Eregli,ADMIN,CITY,737021,747471,TR
1223,True,Hjørring,ADMIN,CITY,6418540,2620214,DK
1224,True,Bridgend,ADMIN,CITY,2634895,3333239,GB
1225,True,Al Khubar,ADMIN,CITY,108241,109323,SA
1226,True,Kadinhani,ADMIN,CITY,306569,310907,TR
1227,True,Duren,ADMIN,CITY,2861876,6557528,DE
1228,True,Meuse,ADMIN,CITY,11071622,2994106,FR
1229,True,Køge,ADMIN,CITY,6418541,2618415,DK
1230,True,Afyonkarahisar,ADMIN,CITY,325302,325303,TR
1231,True,Guadalajara,ADMIN,CITY,2593111,3121069,ES
1232,True,Creuse,ADMIN,CITY,11071620,3022516,FR
1233,True,Salerno,ADMIN,CITY,3181042,3168670,IT
1234,True,Corse du Sud,ADMIN,CITY,3023519,3023514,FR
1235,True,Giresun,ADMIN,CITY,746878,746881,TR
1236,True,Biberach,ADMIN,CITY,2953481,3220790,DE
1237,True,Kusel,ADMIN,CITY,2847618,2882265,DE
1238,True,Lausanne,ADMIN,CITY,2658182,2659994,CH
1239,True,Nievre,ADMIN,CITY,11071619,2990371,FR
1240,True,Bandirma,ADMIN,CITY,322164,751077,TR
1241,True,Ravenna,ADMIN,CITY,3177401,3169560,IT
1242,True,Somerset,ADMIN,CITY,6269131,2637532,GB
1243,True,Reutte,ADMIN,CITY,2763586,2767511,AT
1244,True,Horsens,ADMIN,CITY,6418539,2619771,DK
1245,True,East Flanders,ADMIN,CITY,3337388,2789733,BE
1246,True,Noordwijk,ADMIN,CITY,2743698,2749812,NL
1247,True,Dammam,ADMIN,CITY,108241,110336,SA
1248,True,Emmen,ADMIN,CITY,2756631,2756136,NL
1249,True,Haute Marne,ADMIN,CITY,11071622,3013757,FR
1250,True,Inverclyde,ADMIN,CITY,2638360,2646127,GB
1251,True,Erding,ADMIN,CITY,2951839,2929716,DE
1252,True,Regen,ADMIN,CITY,2951839,2849495,DE
1253,True,Hilvan,ADMIN,CITY,298332,312134,TR
1254,True,Herning,ADMIN,CITY,6418539,2620425,DK
1255,True,Erfurt,ADMIN,CITY,2822542,6549746,DE
1256,True,Semdinli,ADMIN,CITY,312888,301209,TR
1257,True,Akyazi,ADMIN,CITY,740352,752288,TR
1258,True,Arsuz,ADMIN,CITY,312394,298435,TR
1259,True,Boyabat,ADMIN,CITY,739598,750468,TR
1260,True,Darlington,ADMIN,CITY,6269131,3333141,GB
1261,True,Winterswijk,ADMIN,CITY,2755634,2744332,NL
1262,True,Adiyaman,ADMIN,CITY,325329,325330,TR
1263,True,Karasu,ADMIN,CITY,740352,744093,TR
1264,True,Corlu,ADMIN,CITY,738926,748893,TR
1265,True,Kumluca,ADMIN,CITY,323776,305681,TR
1266,True,Unye,ADMIN,CITY,741098,738349,TR
1267,True,Garmisch Partenkirchen,ADMIN,CITY,2951839,2922530,DE
1268,True,Hildburghausen,ADMIN,CITY,2822542,2904804,DE
1269,True,Ilm,ADMIN,CITY,2822542,6547391,DE
1270,True,Jura,ADMIN,CITY,11071619,3012051,FR
1271,True,Arnhem,ADMIN,CITY,2755634,2759661,NL
1272,True,Alava,ADMIN,CITY,3336903,3130717,ES
1273,True,Aydincik,ADMIN,CITY,311728,322826,TR
1274,True,Laytown-Bettystown,ADMIN,CITY,2962661,52900028,IE
1275,True,South Tyrol,ADMIN,CITY,3165244,3181912,IT
1276,True,Almelo,ADMIN,CITY,2748838,2759887,NL
1277,True,Soria,ADMIN,CITY,3336900,3108680,ES
1278,True,Oltu,ADMIN,CITY,315367,741160,TR
1279,True,Inebolu,ADMIN,CITY,743881,745175,TR
1280,True,Purmerend,ADMIN,CITY,2749879,2748413,NL
1281,True,Kahramankazan,ADMIN,CITY,323784,743615,TR
1282,True,Verona,ADMIN,CITY,3164604,3164526,IT
1283,True,Territoire de Belfort,ADMIN,CITY,11071619,3033789,FR
1284,True,Haarlemmermeer,ADMIN,CITY,2749879,2753801,NL
1285,True,Rotenburg,ADMIN,CITY,2862926,3221044,DE
1286,True,Sudwestpfalz,ADMIN,CITY,2847618,3247904,DE
1287,True,Heidenheim,ADMIN,CITY,2953481,3220738,DE
1288,True,Holzminden,ADMIN,CITY,2862926,2899601,DE
1289,True,Straubing Bogen,ADMIN,CITY,2951839,3220816,DE
1290,True,Pasinler,ADMIN,CITY,315367,302824,TR
1291,True,Chieti,ADMIN,CITY,3183560,3178796,IT
1292,True,Mucur,ADMIN,CITY,307513,304196,TR
1293,True,Simav,ADMIN,CITY,305267,300791,TR
1294,True,Manyas,ADMIN,CITY,322164,741737,TR
1295,True,Oberallgau,ADMIN,CITY,2951839,2861443,DE
1296,True,Reggio Calabria,ADMIN,CITY,2525468,2523630,IT
1297,True,Pistoia,ADMIN,CITY,3165361,3170620,IT
1298,True,Heilbronn,ADMIN,CITY,2953481,2907669,DE
1299,True,Werra Meissner,ADMIN,CITY,2905330,3220999,DE
1300,True,Oberhausen,ADMIN,CITY,2861876,6553028,DE
1301,True,Paderborn,ADMIN,CITY,2861876,6557655,DE
1302,True,Karatay,ADMIN,CITY,306569,6692058,TR
1303,True,Baerum,ADMIN,CITY,3159665,3153795,NO
1304,True,Imamoglu,ADMIN,CITY,325361,311453,TR
1305,True,Arendal,ADMIN,CITY,3132064,3162955,NO
1306,True,La Rioja,ADMIN,CITY,3336897,6355232,ES
1307,True,Ardahan,ADMIN,CITY,862470,751952,TR
1308,True,Erlangen Hochstadt,ADMIN,CITY,2951839,3220799,DE
1309,True,Changwon,ADMIN,CITY,1902028,8659213,KR
1310,True,Nordwestmecklenburg,ADMIN,CITY,2872567,3302143,DE
1311,True,Zaanstad,ADMIN,CITY,2749879,2744114,NL
1312,True,Zurich,ADMIN,CITY,2657895,2657896,CH
1313,True,Ciftlikkoy,ADMIN,CITY,862469,749163,TR
1314,True,Indre et Loire,ADMIN,CITY,3027939,3012804,FR
1315,True,Palencia,ADMIN,CITY,3336900,3114530,ES
1316,True,Ercis,ADMIN,CITY,298113,315530,TR
1317,True,Southampton,ADMIN,CITY,6269131,3333196,GB
1318,True,Powys,ADMIN,CITY,2634895,2639944,GB
1319,True,Alzey Worms,ADMIN,CITY,2847618,2956708,DE
1320,True,Lubeck,ADMIN,CITY,2838632,2875601,DE
1321,True,Siegen Wittgenstein,ADMIN,CITY,2861876,3221123,DE
1322,True,Vosges,ADMIN,CITY,11071622,2967681,FR
1323,True,Igdir,ADMIN,CITY,443184,311665,TR
1324,True,Skien,ADMIN,CITY,3132015,3139075,NO
1325,True,Frosinone,ADMIN,CITY,3174976,3176513,IT
1326,True,Essonne,ADMIN,CITY,3012874,3019599,FR
1327,True,Belen,ADMIN,CITY,312394,321572,TR
1328,True,Hertfordshire,ADMIN,CITY,6269131,2647043,GB
1329,True,Breisgau Hochschwarzwald,ADMIN,CITY,2953481,2944796,DE
1330,True,Furstenfeldbruck,ADMIN,CITY,2951839,2923625,DE
1331,True,Biljurashi,ADMIN,CITY,109954,107692,SA
1332,True,Karamursel,ADMIN,CITY,742865,744168,TR
1333,True,Segovia,ADMIN,CITY,3336900,3109254,ES
1334,True,Malazgirt,ADMIN,CITY,304041,304916,TR
1335,True,Caycuma,ADMIN,CITY,737021,749508,TR
1336,True,Schwabisch Hall,ADMIN,CITY,2953481,3220784,DE
1337,True,Luchow Dannenberg,ADMIN,CITY,2862926,3221038,DE
1338,True,Afif,ADMIN,CITY,108411,10972312,SA
1339,True,Loire,ADMIN,CITY,11071625,2997870,FR
1340,True,Merthyr Tydfil,ADMIN,CITY,2634895,3333243,GB
1341,True,Pervari,ADMIN,CITY,300821,302720,TR
1342,True,Dikili,ADMIN,CITY,311044,316726,TR
1343,True,Rafha,ADMIN,CITY,109579,103012,SA
1344,True,Zoetermeer,ADMIN,CITY,2743698,2743856,NL
1345,True,Duba,ADMIN,CITY,101627,10972380,SA
1346,True,Gwynedd,ADMIN,CITY,2634895,2647716,GB
1347,True,Stockholm,ADMIN,CITY,2673722,2673730,SE
1348,True,Sudliche Weinstrasse,ADMIN,CITY,2847618,2825001,DE
1349,True,Cankiri,ADMIN,CITY,749747,749748,TR
1350,True,Uskudar,ADMIN,CITY,745042,738329,TR
1351,True,Haskoy,ADMIN,CITY,304041,312416,TR
1352,True,Haut Rhin,ADMIN,CITY,11071622,3013663,FR
1353,True,Zamora,ADMIN,CITY,3336900,3104341,ES
1354,True,Ayancik,ADMIN,CITY,739598,7911054,TR
1355,True,Zwickau,ADMIN,CITY,2842566,2803558,DE
1356,True,Sungurlu,ADMIN,CITY,748877,7732351,TR
1357,True,Tullamore,ADMIN,CITY,2962187,2961086,IE
1358,True,Heide,ADMIN,CITY,2862926,2831482,DE
1359,True,Granada,ADMIN,CITY,2593109,2517115,ES
1360,True,Alkmaar,ADMIN,CITY,2749879,2759899,NL
1361,True,Altinova,ADMIN,CITY,862469,752042,TR
1362,True,Naples,ADMIN,CITY,3181042,3172391,IT
1363,True,Veendam,ADMIN,CITY,2755249,2745783,NL
1364,True,Sigmaringen,ADMIN,CITY,2953481,3220793,DE
1365,True,Lippe,ADMIN,CITY,2861876,2876927,DE
1366,True,Arar,ADMIN,CITY,109579,108512,SA
1367,True,Venlo,ADMIN,CITY,2751596,2745641,NL
1368,True,Eregli,ADMIN,CITY,306569,315498,TR
1369,True,Aosta,ADMIN,CITY,3164857,3182996,IT
1370,True,Unayzah,ADMIN,CITY,108933,54500011,SA
1371,True,Edirne,ADMIN,CITY,747711,747712,TR
1372,True,Arnavutkoy,ADMIN,CITY,745042,751869,TR
1373,True,Cuxhaven,ADMIN,CITY,2862926,6557433,DE
1374,True,Buraydah,ADMIN,CITY,108933,107304,SA
1375,True,Manavgat,ADMIN,CITY,323776,304854,TR
1376,True,Markischer,ADMIN,CITY,2861876,2803460,DE
1377,True,Stjordal,ADMIN,CITY,11862827,6951004,NO
1378,True,Koycegiz,ADMIN,CITY,304183,306194,TR
1379,True,Reutlingen,ADMIN,CITY,2953481,6558157,DE
1380,True,Traunstein,ADMIN,CITY,2951839,2821515,DE
1381,True,Saalfeld Rudolstadt,ADMIN,CITY,2822542,6547392,DE
1382,True,Weimarer Land,ADMIN,CITY,2822542,2812480,DE
1383,True,Batman,ADMIN,CITY,443186,321836,TR
1384,True,Basaksehir,ADMIN,CITY,745042,6947639,TR
1385,True,Tokat,ADMIN,CITY,738742,738743,TR
1386,True,Spree Neisse,ADMIN,CITY,2945356,3249089,DE
1387,True,Duisburg,ADMIN,CITY,2861876,2934691,DE
1388,True,Nieuwegein,ADMIN,CITY,2745909,2750325,NL
1389,True,Saraykoy,ADMIN,CITY,317106,301827,TR
1390,True,La Spezia,ADMIN,CITY,3174725,3175080,IT
1391,True,Unna,ADMIN,CITY,2861876,6557708,DE
1392,True,Castellon,ADMIN,CITY,2593113,3125881,ES
1393,True,Leiden,ADMIN,CITY,2743698,2751773,NL
1394,True,Yenimahalle,ADMIN,CITY,323784,296954,TR
1395,True,Bedford,ADMIN,CITY,6269131,7290534,GB
1396,True,Saone et Loire,ADMIN,CITY,11071619,2976082,FR
1397,True,Val de Marne,ADMIN,CITY,3012874,2971090,FR
1398,True,Eure,ADMIN,CITY,11071621,3019317,FR
1399,True,Kizilcahamam,ADMIN,CITY,323784,743051,TR
1400,True,Kingston upon Hull,ADMIN,CITY,6269131,3333159,GB
1401,True,Menemen,ADMIN,CITY,311044,304612,TR
1402,True,Miltenberg,ADMIN,CITY,2951839,2871079,DE
1403,True,Can,ADMIN,CITY,749778,749795,TR
1404,True,Suluova,ADMIN,CITY,752014,739251,TR
1405,True,Acigol,ADMIN,CITY,303830,325449,TR
1406,True,Banaz,ADMIN,CITY,298298,322051,TR
1407,True,Nottinghamshire,ADMIN,CITY,6269131,2641169,GB
1408,True,Staffordshire,ADMIN,CITY,6269131,2637141,GB
1409,True,Al Taif,ADMIN,CITY,104514,32000000282,SA
1410,True,Mid Ulster,ADMIN,CITY,2641364,11353068,GB
1411,True,Hochtaunus,ADMIN,CITY,2905330,3220970,DE
1412,True,Sarpsborg,ADMIN,CITY,3159665,3140084,NO
1413,True,Gloucestershire,ADMIN,CITY,6269131,2648402,GB
1414,True,Tiel,ADMIN,CITY,2755634,2746331,NL
1415,True,Osmancik,ADMIN,CITY,748877,7732349,TR
1416,True,Euskirchen,ADMIN,CITY,2861876,6557541,DE
1417,True,Aude,ADMIN,CITY,11071623,3036264,FR
1418,True,Gorele,ADMIN,CITY,746878,746565,TR
1419,True,Bornova,ADMIN,CITY,311044,320857,TR
1420,True,Karakopru,ADMIN,CITY,298332,309653,TR
1421,True,Limerick City,ADMIN,CITY,2962943,7778675,IE
1422,True,Torfaen,ADMIN,CITY,2634895,3333249,GB
1423,True,Markisch Oderland,ADMIN,CITY,2945356,3249083,DE
1424,True,Turgutlu,ADMIN,CITY,304825,298806,TR
1425,True,Najran,ADMIN,CITY,103628,103630,SA
1426,True,Siirt,ADMIN,CITY,300821,300822,TR
1427,True,Mayen Koblenz,ADMIN,CITY,2847618,3247461,DE
1428,True,Steyr Land,ADMIN,CITY,2769848,2764357,AT
1429,True,Lichtenfels,ADMIN,CITY,2951839,2878074,DE
1430,True,Kartepe,ADMIN,CITY,742865,11282178,TR
1431,True,Dumfries and Galloway,ADMIN,CITY,2638360,2650797,GB
1432,True,Massa Carrara,ADMIN,CITY,3165361,3173767,IT
1433,True,Cambridgeshire,ADMIN,CITY,6269131,2653940,GB
1434,True,Sarthe,ADMIN,CITY,2988289,2975926,FR
1435,True,Kaiserslautern,ADMIN,CITY,2847618,2894003,DE
1436,True,Wiener Neustadt,ADMIN,CITY,2770542,2761353,AT
1437,True,Newry Mourne and Down,ADMIN,CITY,2641364,2641581,GB
1438,True,North Lanarkshire,ADMIN,CITY,2638360,3333233,GB
1439,True,Main Tauber,ADMIN,CITY,2953481,3220782,DE
1440,True,Middelburg,ADMIN,CITY,2744011,2750896,NL
1441,True,Bouches du Rhone,ADMIN,CITY,2985244,3031359,FR
1442,True,Las Palmas,ADMIN,CITY,2593110,2515271,ES
1443,True,Warsaw,ADMIN,CITY,858787,756135,PL
1444,True,Luneburg,ADMIN,CITY,2862926,2875115,DE
1445,True,Kronach,ADMIN,CITY,2951839,2883784,DE
1446,True,Dillingen,ADMIN,CITY,2951839,2936974,DE
1447,True,East Lothian,ADMIN,CITY,2638360,2650386,GB
1448,True,Canakkale,ADMIN,CITY,749778,749780,TR
1449,True,Aliaga,ADMIN,CITY,311044,7732712,TR
1450,True,Dalaman,ADMIN,CITY,304183,447273,TR
1451,True,Porsgrunn,ADMIN,CITY,3132015,3142657,NO
1452,True,Turin,ADMIN,CITY,3170831,3165523,IT
1453,True,Bozdogan,ADMIN,CITY,322819,8632395,TR
1454,True,Zell am See,ADMIN,CITY,2766823,2760634,AT
1455,True,Merzifon,ADMIN,CITY,752014,741609,TR
1456,True,Emmendingen,ADMIN,CITY,2953481,2930523,DE
1457,True,Rostock,ADMIN,CITY,2872567,52060021,DE
1458,True,Enschede,ADMIN,CITY,2748838,2756071,NL
1459,True,Asturias,ADMIN,CITY,3114710,6355236,ES
1460,True,Golbasi,ADMIN,CITY,323784,314133,TR
1461,True,Hendrik Ido Ambacht,ADMIN,CITY,2743698,2754408,NL
1462,True,Beylikduzu,ADMIN,CITY,745042,8521531,TR
1463,True,Harran,ADMIN,CITY,298332,312531,TR
1464,True,Modena,ADMIN,CITY,3177401,3173330,IT
1465,True,Fife,ADMIN,CITY,2638360,2649469,GB
1466,True,Cote d'Or,ADMIN,CITY,11071619,3023423,FR
1467,True,Var,ADMIN,CITY,2985244,2970749,FR
1468,True,Alaca,ADMIN,CITY,748877,752278,TR
1469,True,Sultangazi,ADMIN,CITY,745042,7628416,TR
1470,True,Tralee,ADMIN,CITY,2963517,2961123,IE
1471,True,Karlsruhe,ADMIN,CITY,2953481,51000000,DE
1472,True,Nurnberger Land,ADMIN,CITY,2951839,3220804,DE
1473,True,Uludere,ADMIN,CITY,443189,298433,TR
1474,True,Clane-Maynooth,ADMIN,CITY,2963435,2962668,IE
1475,True,Yildirim,ADMIN,CITY,750268,737500,TR
1476,True,Pamukkale,ADMIN,CITY,317106,302903,TR
1477,True,Mattersburg,ADMIN,CITY,2781194,2771817,AT
1478,True,Cagliari,ADMIN,CITY,2523228,2525471,IT
1479,True,Nordhausen,ADMIN,CITY,2822542,6550961,DE
1480,True,Pendik,ADMIN,CITY,745042,740616,TR
1481,True,Iznik,ADMIN,CITY,750268,745026,TR
1482,True,Kirklareli,ADMIN,CITY,743165,743166,TR
1483,True,Braunau am Inn,ADMIN,CITY,2769848,2781520,AT
1484,True,Ebersberg,ADMIN,CITY,2951839,2933945,DE
1485,True,Gelsenkirchen,ADMIN,CITY,2861876,6553086,DE
1486,True,Hilversum,ADMIN,CITY,2749879,2754064,NL
1487,True,Yakutiye,ADMIN,CITY,315367,10332081,TR
1488,True,Nazilli,ADMIN,CITY,322819,303873,TR
1489,True,West Midlands,ADMIN,CITY,6269131,2634343,GB
1490,True,Salamanca,ADMIN,CITY,3336900,3111107,ES
1491,True,Cheshire West and Chester,ADMIN,CITY,6269131,7290537,GB
1492,True,Ansbach,ADMIN,CITY,2951839,52060015,DE
1493,True,Hardenberg,ADMIN,CITY,2748838,2754861,NL
1494,True,Kagizman,ADMIN,CITY,743942,744873,TR
1495,True,Alpes Maritimes,ADMIN,CITY,2985244,3038049,FR
1496,True,Karacasu,ADMIN,CITY,322819,8632396,TR
1497,True,Minden Lubbecke,ADMIN,CITY,2861876,2871034,DE
1498,True,Bernkastel Wittlich,ADMIN,CITY,2847618,3247912,DE
1499,True,Pinneberg,ADMIN,CITY,2838632,6557346,DE
1500,True,Prignitz,ADMIN,CITY,2945356,3249088,DE
1501,True,Enez,ADMIN,CITY,747711,747503,TR
1502,True,Uppsala,ADMIN,CITY,2666218,2666199,SE
1503,True,Oxfordshire,ADMIN,CITY,6269131,2640726,GB
1504,True,Monchengladbach,ADMIN,CITY,2861876,6553026,DE
1505,True,Midyat,ADMIN,CITY,304794,304382,TR
1506,True,Solingen,ADMIN,CITY,2861876,6553030,DE
1507,True,Mainz,ADMIN,CITY,2847618,6554818,DE
1508,True,Merzig Wadern,ADMIN,CITY,2842635,2871673,DE
1509,True,Marmaris,ADMIN,CITY,304183,304782,TR
1510,True,Orkney,ADMIN,CITY,2638360,2640923,GB
1511,True,Pamukova,ADMIN,CITY,740352,740729,TR
1512,True,Sarigol,ADMIN,CITY,304825,301731,TR
1513,True,Main Spessart,ADMIN,CITY,2951839,3220893,DE
1514,True,Zweibrucken,ADMIN,CITY,2847618,2803620,DE
1515,True,Altmarkkreis Salzwedel,ADMIN,CITY,2842565,2842111,DE
1516,True,Muhayil,ADMIN,CITY,108179,103947,SA
1517,True,Caserta,ADMIN,CITY,3181042,3179865,IT
1518,True,Augsburg,ADMIN,CITY,2951839,52060020,DE
1519,True,Santa Cruz de Tenerife,ADMIN,CITY,2593110,2511173,ES
1520,True,Neustadt an der Waldnaab,ADMIN,CITY,2951839,2864055,DE
1521,True,Hoorn,ADMIN,CITY,2749879,2753638,NL
1522,True,Scottish Borders,ADMIN,CITY,2638360,2655192,GB
1523,True,Mudanya,ADMIN,CITY,750268,741487,TR
1524,True,Tilburg,ADMIN,CITY,2749990,2746301,NL
1525,True,Vezirkopru,ADMIN,CITY,740263,738167,TR
1526,True,Freudenstadt,ADMIN,CITY,2953481,2924894,DE
1527,True,Aisne,ADMIN,CITY,11071624,3038375,FR
1528,True,Kozan,ADMIN,CITY,325361,306112,TR
1529,True,Bergen,ADMIN,CITY,3151864,3161732,NO
1530,True,Finistere,ADMIN,CITY,3030293,3018471,FR
1531,True,Sur,ADMIN,CITY,316540,9565377,TR
1532,True,Aksehir,ADMIN,CITY,306569,324490,TR
1533,True,Benevento,ADMIN,CITY,3181042,3182178,IT
1534,True,Al Midhnab,ADMIN,CITY,108933,10972302,SA
1535,True,Findikli,ADMIN,CITY,740481,9549311,TR
1536,True,Lincolnshire,ADMIN,CITY,6269131,2644486,GB
1537,True,Bamberg,ADMIN,CITY,2951839,52060011,DE
1538,True,Vogelsberg,ADMIN,CITY,2905330,2816883,DE
1539,True,Schwarzwald Baar,ADMIN,CITY,2953481,2834685,DE
1540,True,Karabaglar,ADMIN,CITY,311044,7701384,TR
1541,True,Siheung,ADMIN,CITY,1841610,1837364,KR
1542,True,Steinburg,ADMIN,CITY,2838632,3213722,DE
1543,True,A Coruna,ADMIN,CITY,3336902,3119840,ES
1544,True,Arezzo,ADMIN,CITY,3165361,3182882,IT
1545,True,Gothenburg,ADMIN,CITY,3337386,2711537,SE
1546,True,Bristol,ADMIN,CITY,6269131,3333134,GB
1547,True,Edinburgh,ADMIN,CITY,2638360,3333229,GB
1548,True,Tarn et Garonne,ADMIN,CITY,11071623,2973357,FR
1549,True,Yerkoy,ADMIN,CITY,296560,296895,TR
1550,True,Rhon Grabfeld,ADMIN,CITY,2951839,2847553,DE
1551,True,Aschaffenburg,ADMIN,CITY,2951839,52060017,DE
1552,True,Livorno,ADMIN,CITY,3165361,3174658,IT
1553,True,Neath Port Talbot,ADMIN,CITY,2634895,3333245,GB
1554,True,Al Kharj,ADMIN,CITY,108411,109353,SA
1555,True,Morbihan,ADMIN,CITY,3030293,2991879,FR
1556,True,Chemnitz,ADMIN,CITY,2842566,6548487,DE
1557,True,Burdur,ADMIN,CITY,320390,320392,TR
1558,True,Korkuteli,ADMIN,CITY,323776,306474,TR
1559,True,Cine,ADMIN,CITY,322819,318372,TR
1560,True,Karacabey,ADMIN,CITY,750268,744537,TR
1561,True,Seville,ADMIN,CITY,2593109,2510910,ES
1562,True,Allerød Municipality,ADMIN,CITY,6418538,2624843,DK
1563,True,Besni,ADMIN,CITY,325329,321337,TR
1564,True,Landshut,ADMIN,CITY,2951839,2881485,DE
1565,True,Al Majmaah,ADMIN,CITY,108411,109194,SA
1566,True,Frankfurt am Main,ADMIN,CITY,2905330,2925533,DE
1567,True,Borde,ADMIN,CITY,2842565,3302159,DE
1568,True,Suffolk,ADMIN,CITY,6269131,2636561,GB
1569,True,Dordogne,ADMIN,CITY,11071620,3021042,FR
1570,True,Cankaya,ADMIN,CITY,323784,6955677,TR
1571,True,Gerede,ADMIN,CITY,750510,746940,TR
1572,True,Datca,ADMIN,CITY,304183,317543,TR
1573,True,Dundalk,ADMIN,CITY,2962793,2964540,IE
1574,True,Lindau,ADMIN,CITY,2951839,2877550,DE
1575,True,Nusaybin,ADMIN,CITY,304794,303750,TR
1576,True,Konstanz,ADMIN,CITY,2953481,6559164,DE
1577,True,Odunpazari,ADMIN,CITY,315201,10345207,TR
1578,True,Ansan,ADMIN,CITY,1841610,8659229,KR
1579,True,Dundee,ADMIN,CITY,2638360,3333225,GB
1580,True,Wolfsburg,ADMIN,CITY,2862926,6552298,DE
1581,True,Ar Riyad,ADMIN,CITY,108411,108410,SA
1582,True,Tarn,ADMIN,CITY,11071623,2973362,FR
1583,True,Atakum,ADMIN,CITY,740263,9549747,TR
1584,True,Medway,ADMIN,CITY,6269131,3333170,GB
1585,True,Waldshut,ADMIN,CITY,2953481,2814791,DE
1586,True,Weiden in der Oberpfalz,ADMIN,CITY,2951839,2813040,DE
1587,True,Buca,ADMIN,CITY,311044,320528,TR
1588,True,Krakow,ADMIN,CITY,858786,3094802,PL
1589,True,Kouvola,ADMIN,CITY,830703,650859,FI
1590,True,Coburg,ADMIN,CITY,2951839,52060013,DE
1591,True,Lleida,ADMIN,CITY,3336901,6355231,ES
1592,True,Nilufer,ADMIN,CITY,750268,10346824,TR
1593,True,Kinik,ADMIN,CITY,311044,307786,TR
1594,True,Newport,ADMIN,CITY,2634895,3333246,GB
1595,True,Tubarjal,ADMIN,CITY,109470,32000000291,SA
1596,True,Akcakoca,ADMIN,CITY,865521,752584,TR
1597,True,Cuneo,ADMIN,CITY,3170831,3177699,IT
1598,True,Dortmund,ADMIN,CITY,2861876,2935517,DE
1599,True,Gironde,ADMIN,CITY,11071620,3015948,FR
1600,True,Bucak,ADMIN,CITY,320390,320533,TR
1601,True,Kemalpasa,ADMIN,CITY,311044,308224,TR
1602,True,Pescara,ADMIN,CITY,3183560,3171168,IT
1603,True,Barcelona,ADMIN,CITY,3336901,3128759,ES
1604,True,Fethiye,ADMIN,CITY,304183,314967,TR
1605,True,Avanos,ADMIN,CITY,303830,322965,TR
1606,True,Vejle,ADMIN,CITY,6418542,2610613,DK
1607,True,Milton Keynes,ADMIN,CITY,6269131,3333173,GB
1608,True,Havran,ADMIN,CITY,322164,312355,TR
1609,True,Cihanbeyli,ADMIN,CITY,306569,318506,TR
1610,True,Uckermark,ADMIN,CITY,2945356,3249091,DE
1611,True,Cubuk,ADMIN,CITY,323784,748870,TR
1612,True,Konyaalti,ADMIN,CITY,323776,306570,TR
1613,True,Kure,ADMIN,CITY,743881,742189,TR
1614,True,Eskilstuna,ADMIN,CITY,2676207,2715953,SE
1615,True,Feldkirch,ADMIN,CITY,2762300,2779674,AT
1616,True,Birecik,ADMIN,CITY,298332,321062,TR
1617,True,Cerkezkoy,ADMIN,CITY,738926,749274,TR
1618,True,Ragusa,ADMIN,CITY,2523119,2523649,IT
1619,True,Soest,ADMIN,CITY,2861876,6557701,DE
1620,True,Herzogtum Lauenburg,ADMIN,CITY,2838632,2905434,DE
1621,True,Deventer,ADMIN,CITY,2748838,2756987,NL
1622,True,East Ayrshire,ADMIN,CITY,2638360,3333226,GB
1623,True,Marburg Biedenkopf,ADMIN,CITY,2905330,2873758,DE
1624,True,Umraniye,ADMIN,CITY,745042,7732588,TR
1625,True,Muratli,ADMIN,CITY,738926,741438,TR
1626,True,Ardennes,ADMIN,CITY,11071622,3037136,FR
1627,True,Dulkadiroglu,ADMIN,CITY,310858,9548545,TR
1628,True,Siverek,ADMIN,CITY,298332,300614,TR
1629,True,Lahti,ADMIN,CITY,831040,649360,FI
1630,True,Neumunster,ADMIN,CITY,2838632,6551296,DE
1631,True,Roskilde,ADMIN,CITY,6418541,2614481,DK
1632,True,Edremit,ADMIN,CITY,322164,315985,TR
1633,True,Kadirli,ADMIN,CITY,443183,310892,TR
1634,True,Melikgazi,ADMIN,CITY,308463,304642,TR
1635,True,Soma,ADMIN,CITY,304825,300371,TR
1636,True,Jeju,ADMIN,CITY,1846265,1846266,KR
1637,True,Merseyside,ADMIN,CITY,6269131,2642713,GB
1638,True,Hainaut,ADMIN,CITY,3337387,2796741,BE
1639,True,Thurrock,ADMIN,CITY,6269131,2635885,GB
1640,True,Sakaka,ADMIN,CITY,109470,102527,SA
1641,True,Stadskanaal,ADMIN,CITY,2755249,2746860,NL
1642,True,Valkenswaard,ADMIN,CITY,2749990,2745860,NL
1643,True,Siena,ADMIN,CITY,3165361,3166546,IT
1644,True,Blackpool,ADMIN,CITY,6269131,3333127,GB
1645,True,Yayladagi,ADMIN,CITY,312394,297466,TR
1646,True,Haliliye,ADMIN,CITY,298332,9550541,TR
1647,True,Golcuk,ADMIN,CITY,742865,746666,TR
1648,True,Cochem Zell,ADMIN,CITY,2847618,3247464,DE
1649,True,Kandira,ADMIN,CITY,742865,744716,TR
1650,True,Kulmbach,ADMIN,CITY,2951839,2882588,DE
1651,True,Starnberg,ADMIN,CITY,2951839,2829457,DE
1652,True,Hendek,ADMIN,CITY,740352,745664,TR
1653,True,Incirliova,ADMIN,CITY,322819,311314,TR
1654,True,Bludenz,ADMIN,CITY,2762300,2781680,AT
1655,True,Gotha,ADMIN,CITY,2822542,2918752,DE
1656,True,Venice,ADMIN,CITY,3164604,3164600,IT
1657,True,Alanya,ADMIN,CITY,323776,324190,TR
1658,True,Glasgow,ADMIN,CITY,2638360,3333231,GB
1659,True,Hautes Alpes,ADMIN,CITY,2985244,3013738,FR
1660,True,Frederikssund,ADMIN,CITY,6418538,2621912,DK
1661,True,Saarlouis,ADMIN,CITY,2842635,2842632,DE
1662,True,Harub,ADMIN,CITY,105298,32000000276,SA
1663,True,Landes,ADMIN,CITY,11071620,3007866,FR
1664,True,Belfast,ADMIN,CITY,2641364,3333223,GB
1665,True,Heidelberg,ADMIN,CITY,2953481,6555638,DE
1666,True,Rhein-Kreis Neuss,ADMIN,CITY,2861876,2864118,DE
1667,True,Assen,ADMIN,CITY,2756631,2759633,NL
1668,True,Kastamonu,ADMIN,CITY,743881,743882,TR
1669,True,Monmouthshire,ADMIN,CITY,2634895,3333244,GB
1670,True,Schwandorf,ADMIN,CITY,2951839,6558284,DE
1671,True,Al Bahah,ADMIN,CITY,109954,109953,SA
1672,True,Valencia,ADMIN,CITY,2593113,2509951,ES
1673,True,Silopi,ADMIN,CITY,443189,300797,TR
1674,True,Kajaani,ADMIN,CITY,830664,654899,FI
1675,True,Roermond,ADMIN,CITY,2751596,2748000,NL
1676,True,Baykan,ADMIN,CITY,300821,321750,TR
1677,True,Armutlu,ADMIN,CITY,862469,751881,TR
1678,True,Leeuwarden,ADMIN,CITY,2755812,2751792,NL
1679,True,Sarayonu,ADMIN,CITY,306569,301824,TR
1680,True,Teruel,ADMIN,CITY,3336899,3108125,ES
1681,True,Swindon,ADMIN,CITY,6269131,3333207,GB
1682,True,Cher,ADMIN,CITY,3027939,3025480,FR
1683,True,Bergen,ADMIN,CITY,2749879,2759154,NL
1684,True,Umluj,ADMIN,CITY,101627,54500020,SA
1685,True,Kirikkale,ADMIN,CITY,443188,307654,TR
1686,True,Of,ADMIN,CITY,738647,741240,TR
1687,True,Apeldoorn,ADMIN,CITY,2755634,2759706,NL
1688,True,Bozova,ADMIN,CITY,298332,320581,TR
1689,True,Wexford,ADMIN,CITY,2960964,52900042,IE
1690,True,Aachen,ADMIN,CITY,2861876,3247449,DE
1691,True,Manche,ADMIN,CITY,11071621,2996268,FR
1692,True,Sindirgi,ADMIN,CITY,322164,300732,TR
1693,True,Bologna,ADMIN,CITY,3177401,3181927,IT
1694,True,Haute Corse,ADMIN,CITY,3023519,3013793,FR
1695,True,Vogtland,ADMIN,CITY,2842566,6547384,DE
1696,True,Argyll and Bute,ADMIN,CITY,2638360,6457407,GB
1697,True,Paris,ADMIN,CITY,3012874,2968815,FR
1698,True,Serinhisar,ADMIN,CITY,317106,307211,TR
1699,True,Ar Rass,ADMIN,CITY,108933,108435,SA
1700,True,Rhein Lahn,ADMIN,CITY,2847618,3247462,DE
1701,True,Trim,ADMIN,CITY,2962661,2961107,IE
1702,True,Kiel,ADMIN,CITY,2838632,2891121,DE
1703,True,Amsterdam,ADMIN,CITY,2749879,2759794,NL
1704,True,Didim,ADMIN,CITY,322819,297090,TR
1705,True,Charente Maritime,ADMIN,CITY,11071620,3026644,FR
1706,True,Leverkusen,ADMIN,CITY,2861876,6553050,DE
1707,True,Karabuk,ADMIN,CITY,862468,744562,TR
1708,True,Akdeniz,ADMIN,CITY,311728,9542422,TR
1709,True,Izmit,ADMIN,CITY,742865,745028,TR
1710,True,Telford and Wrekin,ADMIN,CITY,6269131,3333209,GB
1711,True,Aberdeen,ADMIN,CITY,2638360,2657830,GB
1712,True,Nallihan,ADMIN,CITY,323784,741347,TR
1713,True,Cinar,ADMIN,CITY,316540,318404,TR
1714,True,South Yorkshire,ADMIN,CITY,6269131,2637273,GB
1715,True,Ceredigion,ADMIN,CITY,2634895,2653814,GB
1716,True,Kent,ADMIN,CITY,6269131,3333158,GB
1717,True,Macerata,ADMIN,CITY,3174004,3174379,IT
1718,True,Agri,ADMIN,CITY,325163,309647,TR
1719,True,Fredensborg,ADMIN,CITY,6418538,2621956,DK
1720,True,Devon,ADMIN,CITY,6269131,2651292,GB
1721,True,Carsamba,ADMIN,CITY,740263,749704,TR
1722,True,Tuttlingen,ADMIN,CITY,2953481,52060005,DE
1723,True,Oldenburg,ADMIN,CITY,2862926,2857458,DE
1724,True,Maltepe,ADMIN,CITY,745042,741763,TR
1725,True,Bad Kreuznach,ADMIN,CITY,2847618,2953416,DE
1726,True,Haute Garonne,ADMIN,CITY,11071623,3013767,FR
1727,True,Yenisehir,ADMIN,CITY,750268,737611,TR
1728,True,Ortahisar,ADMIN,CITY,738647,9549891,TR
1729,True,Crotone,ADMIN,CITY,2525468,2524881,IT
1730,True,Cremona,ADMIN,CITY,3174618,3177837,IT
1731,True,Rutland,ADMIN,CITY,6269131,2638918,GB
1732,True,Sonneberg,ADMIN,CITY,2822542,2831250,DE
1733,True,Cekmekoy,ADMIN,CITY,745042,749387,TR
1734,True,L'Aquila,ADMIN,CITY,3183560,3175120,IT
1735,True,Baden,ADMIN,CITY,2770542,2782067,AT
1736,True,Turku,ADMIN,CITY,830708,633679,FI
1737,True,Cadiz,ADMIN,CITY,2593109,2520597,ES
1738,True,Flintshire,ADMIN,CITY,2634895,2649298,GB
1739,True,Hersfeld Rotenburg,ADMIN,CITY,2905330,3220994,DE
1740,True,Athy,ADMIN,CITY,2963435,2966837,IE
1741,True,Perugia,ADMIN,CITY,3165048,3171179,IT
1742,True,Malkara,ADMIN,CITY,738926,741771,TR
1743,True,Karkamis,ADMIN,CITY,314829,309134,TR
1744,True,South Lanarkshire,ADMIN,CITY,2638360,3333236,GB
1745,True,Uelzen,ADMIN,CITY,2862926,2820456,DE
1746,True,Pyrenees Orientales,ADMIN,CITY,11071623,2984885,FR
1747,True,Al Qatif,ADMIN,CITY,108241,108927,SA
1748,True,Beverwijk,ADMIN,CITY,2749879,2758998,NL
1749,True,Lillehammer,ADMIN,CITY,9304281,3147474,NO
1750,True,Eleskirt,ADMIN,CITY,325163,315758,TR
1751,True,Nevsehir,ADMIN,CITY,303830,303831,TR
1752,True,Ostprignitz Ruppin,ADMIN,CITY,2945356,3249087,DE
1753,True,Eskil,ADMIN,CITY,443185,315218,TR
1754,True,Verbano Cusio Ossola,ADMIN,CITY,3170831,3164567,IT
1755,True,Stuttgart,ADMIN,CITY,2953481,2825297,DE
1756,True,Loiret,ADMIN,CITY,3027939,2997857,FR
1757,True,Bayreuth,ADMIN,CITY,2951839,2951825,DE
1758,True,Rome,ADMIN,CITY,3174976,3169069,IT
1759,True,Westerwald,ADMIN,CITY,2847618,3247457,DE
1760,True,Schleswig Flensburg,ADMIN,CITY,2838632,2838633,DE
1761,True,Yuregir,ADMIN,CITY,325361,323716,TR
1762,True,Erbaa,ADMIN,CITY,738742,747489,TR
1763,True,Aichach Friedberg,ADMIN,CITY,2951839,2803463,DE
1764,True,Ourense,ADMIN,CITY,3336902,3114964,ES
1765,True,Syracuse,ADMIN,CITY,2523119,2523082,IT
1766,True,Asti,ADMIN,CITY,3170831,3182712,IT
1767,True,Terni,ADMIN,CITY,3165048,3165770,IT
1768,True,Goyang,ADMIN,CITY,1841610,8659226,KR
1769,True,Bentheim,ADMIN,CITY,2862926,3221075,DE
1770,True,Hoxter,ADMIN,CITY,2861876,2898321,DE
1771,True,Dordrecht,ADMIN,CITY,2743698,2756669,NL
1772,True,Regensburg,ADMIN,CITY,2951839,2849483,DE
1773,True,Cottbus,ADMIN,CITY,2945356,6547541,DE
1774,True,Teramo,ADMIN,CITY,3183560,3165803,IT
1775,True,Lecco,ADMIN,CITY,3174618,3174945,IT
1776,True,Rhein Erft,ADMIN,CITY,2861876,3247454,DE
1777,True,Jeddah,ADMIN,CITY,104514,105343,SA
1778,True,Lelystad,ADMIN,CITY,3319179,2751738,NL
1779,True,Terme,ADMIN,CITY,740263,738803,TR
1780,True,Arhavi,ADMIN,CITY,751816,751931,TR
1781,True,Jyvaskyla,ADMIN,CITY,830685,655194,FI
1782,True,Bodensee,ADMIN,CITY,2953481,2947109,DE
1783,True,Soke,ADMIN,CITY,322819,300399,TR
1784,True,Esenyurt,ADMIN,CITY,745042,747323,TR
1785,True,Cham,ADMIN,CITY,2951839,2940204,DE
1786,True,Borcka,ADMIN,CITY,751816,750496,TR
1787,True,Kirikhan,ADMIN,CITY,312394,307657,TR
1788,True,Bayramic,ADMIN,CITY,749778,321733,TR
1789,True,Sebinkarahisar,ADMIN,CITY,746878,739914,TR
1790,True,Nunspeet,ADMIN,CITY,2755634,2749756,NL
1791,True,Cukurova,ADMIN,CITY,325361,9552840,TR
1792,True,Kozakli,ADMIN,CITY,303830,306115,TR
1793,True,North Somerset,ADMIN,CITY,6269131,3333177,GB
1794,True,Trier,ADMIN,CITY,2847618,6554291,DE
1795,True,Al Jubayl,ADMIN,CITY,108241,109435,SA
1796,True,Swansea,ADMIN,CITY,2634895,3333248,GB
1797,True,Lapseki,ADMIN,CITY,749778,741878,TR
1798,True,Demirci,ADMIN,CITY,304825,317241,TR
1799,True,Biella,ADMIN,CITY,3170831,3182043,IT
1800,True,Sommerda,ADMIN,CITY,2822542,2831403,DE
1801,True,Abha,ADMIN,CITY,108179,110690,SA
1802,True,Aarhus N,ADMIN,CITY,6418539,11746890,DK
1803,True,Nurnberg,ADMIN,CITY,2951839,2861650,DE
1804,True,Leer,ADMIN,CITY,2862926,2879697,DE
1805,True,Ain,ADMIN,CITY,11071625,3038422,FR
1806,True,Yangsan,ADMIN,CITY,1902028,1832828,KR
1807,True,Hagen,ADMIN,CITY,2861876,6553134,DE
1808,True,Leipzig,ADMIN,CITY,2842566,52060022,DE
1809,True,Caceres,ADMIN,CITY,2593112,2520610,ES
1810,True,Udine,ADMIN,CITY,3176525,3165072,IT
1811,True,19 Mayis,ADMIN,CITY,740263,751103,TR
1812,True,Tunceli,ADMIN,CITY,298845,298846,TR
1813,True,Uzunkopru,ADMIN,CITY,747711,738251,TR
1814,True,Safranbolu,ADMIN,CITY,862468,740430,TR
1815,True,Golyaka,ADMIN,CITY,865521,746590,TR
1816,True,Oguzeli,ADMIN,CITY,314829,303642,TR
1817,True,Kesan,ADMIN,CITY,747711,743439,TR
1818,True,Vorpommern Rugen,ADMIN,CITY,2872567,2843324,DE
1819,True,Ariege,ADMIN,CITY,11071623,3036965,FR
1820,True,Sogut,ADMIN,CITY,321122,300468,TR
1821,True,Dingolfing Landau,ADMIN,CITY,2951839,3220808,DE
1822,True,Isernia,ADMIN,CITY,3173222,3175444,IT
1823,True,Grosseto,ADMIN,CITY,3165361,3175784,IT
1824,True,Ad Duwadimi,ADMIN,CITY,108411,54500001,SA
1825,True,Vicenza,ADMIN,CITY,3164604,3164418,IT
1826,True,Kemer,ADMIN,CITY,323776,7732191,TR
1827,True,Onikisubat,ADMIN,CITY,310858,9548652,TR
1828,True,Rovigo,ADMIN,CITY,3164604,3168842,IT
1829,True,Baden Baden,ADMIN,CITY,2953481,2953504,DE
1830,True,Brandenburg an der Havel,ADMIN,CITY,2945356,2945358,DE
1831,True,Ille et Vilaine,ADMIN,CITY,3030293,3012849,FR
1832,True,Den Helder,ADMIN,CITY,2749879,2757220,NL
1833,True,Efeler,ADMIN,CITY,322819,9564466,TR
1834,True,Nordfriesland,ADMIN,CITY,2838632,6620352,DE
1835,True,Tavsanli,ADMIN,CITY,305267,299545,TR
1836,True,Gifhorn,ADMIN,CITY,2862926,6557369,DE
1837,True,Taskopru,ADMIN,CITY,743881,739061,TR
1838,True,Espiye,ADMIN,CITY,746878,831432,TR
1839,True,Taranto,ADMIN,CITY,3169778,3165924,IT
1840,True,Jonkoping,ADMIN,CITY,2702976,2702979,SE
1841,True,Rhein Neckar,ADMIN,CITY,2953481,2847614,DE
1842,True,Dinar,ADMIN,CITY,325302,316634,TR
1843,True,Hildesheim,ADMIN,CITY,2862926,6557424,DE
1844,True,Ula,ADMIN,CITY,304183,298485,TR
1845,True,Viransehir,ADMIN,CITY,298332,298033,TR
1846,True,Gorlitz,ADMIN,CITY,2842566,2918987,DE
1847,True,Gulnar,ADMIN,CITY,311728,313669,TR
1848,True,Ayvalik,ADMIN,CITY,322164,322673,TR
1849,True,Lillestrom,ADMIN,CITY,3159665,54040029,NO
1850,True,Borken,ADMIN,CITY,2861876,2946230,DE
1851,True,Meurthe et Moselle,ADMIN,CITY,11071622,2994111,FR
1852,True,Toledo,ADMIN,CITY,2593111,2510407,ES
1853,True,Pori,ADMIN,CITY,831041,640999,FI
1854,True,Rosenheim,ADMIN,CITY,2951839,52060007,DE
1855,True,Alpes de Haute Provence,ADMIN,CITY,2985244,3038050,FR
1856,True,Mezitli,ADMIN,CITY,311728,304418,TR
1857,True,Haute Savoie,ADMIN,CITY,11071625,3013736,FR
1858,True,Nigde,ADMIN,CITY,303826,303827,TR
1859,True,Bishah,ADMIN,CITY,108179,103369,SA
1860,True,Leicester,ADMIN,CITY,6269131,3333165,GB
1861,True,Alessandria,ADMIN,CITY,3170831,3183298,IT
1862,True,Central Bedfordshire,ADMIN,CITY,6269131,7290535,GB
1863,True,Adapazari,ADMIN,CITY,740352,752850,TR
1864,True,Asan,ADMIN,CITY,1845105,1839726,KR
1865,True,North Northamptonshire,ADMIN,CITY,6269131,2641429,GB
1866,True,Straubing,ADMIN,CITY,2951839,2826099,DE
1867,True,Wiesbaden,ADMIN,CITY,2905330,6559111,DE
1868,True,Ezine,ADMIN,CITY,749778,315061,TR
1869,True,Arac,ADMIN,CITY,743881,751976,TR
1870,True,Aurich,ADMIN,CITY,2862926,6557459,DE
1871,True,Cermik,ADMIN,CITY,316540,318766,TR
1872,True,Haute Saone,ADMIN,CITY,11071619,3013737,FR
1873,True,Cide,ADMIN,CITY,743881,7732736,TR
1874,True,Osmaniye,ADMIN,CITY,443183,303195,TR
1875,True,Rhein Hunsruck,ADMIN,CITY,2847618,3247463,DE
1876,True,Abu Arish,ADMIN,CITY,105298,54500022,SA
1877,True,Neustadt  Aisch Bad Windsheim,ADMIN,CITY,2951839,3220802,DE
1878,True,Girona,ADMIN,CITY,3336901,6355230,ES
1879,True,Gebze,ADMIN,CITY,742865,747014,TR
1880,True,Gjovik,ADMIN,CITY,9304281,54040057,NO
1881,True,Yonne,ADMIN,CITY,11071619,2967222,FR
1882,True,Emsland,ADMIN,CITY,2862926,3221073,DE
1883,True,Yenice,ADMIN,CITY,862468,737723,TR
1884,True,Imst,ADMIN,CITY,2763586,2775307,AT
1885,True,Bad Tolz Wolfratshausen,ADMIN,CITY,2951839,2953323,DE
1886,True,Loir et Cher,ADMIN,CITY,3027939,2997856,FR
1887,True,Catalca,ADMIN,CITY,745042,749644,TR
1888,True,Medina,ADMIN,CITY,109224,32000000300,SA
1889,True,West Flanders,ADMIN,CITY,3337388,2783770,BE
1890,True,Horasan,ADMIN,CITY,315367,745527,TR
1891,True,Seine Saint Denis,ADMIN,CITY,3012874,2975246,FR
1892,True,Seine et Marne,ADMIN,CITY,3012874,2975249,FR
1893,True,Bayburt,ADMIN,CITY,862471,750938,TR
1894,True,Gumushane,ADMIN,CITY,746423,746425,TR
1895,True,Poznan,ADMIN,CITY,3337498,54240034,PL
1896,True,Aalborg,ADMIN,CITY,6418540,2624886,DK
1897,True,Maine et Loire,ADMIN,CITY,2988289,2996663,FR
1898,True,Vize,ADMIN,CITY,743165,738154,TR
1899,True,Egirdir,ADMIN,CITY,311071,315905,TR
1900,True,Gonen,ADMIN,CITY,322164,746574,TR
1901,True,Redcar and Cleveland,ADMIN,CITY,6269131,3333186,GB
1902,True,Losser,ADMIN,CITY,2748838,2751424,NL
1903,True,Capelle aan den IJssel,ADMIN,CITY,2743698,2758012,NL
1904,True,Vaasa,ADMIN,CITY,830676,632978,FI
1905,True,Narvik,ADMIN,CITY,3144301,3144987,NO
1906,True,Al Qunfudhah,ADMIN,CITY,104514,32000000301,SA
1907,True,Mudurnu,ADMIN,CITY,750510,741484,TR
1908,True,Golhisar,ADMIN,CITY,320390,314072,TR
1909,True,Hellevoetsluis,ADMIN,CITY,2743698,2754454,NL
1910,True,Stoke on Trent,ADMIN,CITY,6269131,3333204,GB
1911,True,Navan,ADMIN,CITY,2962661,2962308,IE
1912,True,Norfolk,ADMIN,CITY,6269131,2641455,GB
1913,True,Buyukcekmece,ADMIN,CITY,745042,6947641,TR
1914,True,Eskipazar,ADMIN,CITY,862468,747262,TR
1915,True,Athlone - Moate,ADMIN,CITY,2960972,2966839,IE
1916,True,Treviso,ADMIN,CITY,3164604,3165200,IT
1917,True,Bergstrasse,ADMIN,CITY,2905330,2950257,DE
1918,True,The Hague,ADMIN,CITY,2743698,2747373,NL
1919,True,Macroom,ADMIN,CITY,2965140,2962745,IE
1920,True,Aberdeenshire,ADMIN,CITY,2638360,52440002,GB
1921,True,North Ayrshire,ADMIN,CITY,2638360,3333232,GB
1922,True,Voss,ADMIN,CITY,3151864,3131329,NO
1923,True,Karlsruhe,ADMIN,CITY,2953481,2892794,DE
1924,True,Hassberge,ADMIN,CITY,2951839,2909461,DE
1925,True,Alesund,ADMIN,CITY,3145495,3163392,NO
1926,True,Ards and North Down,ADMIN,CITY,2641364,11353074,GB
1927,True,Tulln,ADMIN,CITY,2770542,2763266,AT
1928,True,Tarsus,ADMIN,CITY,311728,299817,TR
1929,True,East Sussex,ADMIN,CITY,6269131,2650328,GB
1930,True,Erzgebirgs,ADMIN,CITY,2842566,3305808,DE
1931,True,Elbe Elster,ADMIN,CITY,2945356,3249081,DE
1932,True,Ciudad Real,ADMIN,CITY,2593111,2519401,ES
1933,True,Cuenca,ADMIN,CITY,2593111,2519034,ES
1934,True,Sandikli,ADMIN,CITY,325302,301911,TR
1935,True,Yahyali,ADMIN,CITY,308463,7932395,TR
1936,True,Neckar Odenwald,ADMIN,CITY,2953481,3220723,DE
1937,True,Dessau Rosslau,ADMIN,CITY,2842565,2937959,DE
1938,True,Kaynasli,ADMIN,CITY,865521,743624,TR
1939,True,Bulanik,ADMIN,CITY,304041,320448,TR
1940,True,Viterbo,ADMIN,CITY,3174976,3164038,IT
1941,True,Salzburg,ADMIN,CITY,2766823,2766824,AT
1942,True,Amasya,ADMIN,CITY,752014,752015,TR
1943,True,Tire,ADMIN,CITY,311044,299137,TR
1944,True,Bozuyuk,ADMIN,CITY,321122,320557,TR
1945,True,Eyyubiye,ADMIN,CITY,298332,9550246,TR
1946,True,Potenza,ADMIN,CITY,3182306,3170027,IT
1947,True,Moray,ADMIN,CITY,2638360,2642240,GB
1948,True,Rauma,ADMIN,CITY,831041,639734,FI
1949,True,Nienburg,ADMIN,CITY,2862926,2862620,DE
1950,True,Vechta,ADMIN,CITY,2862926,6557486,DE
1951,True,Erlangen,ADMIN,CITY,2951839,2929567,DE
1952,True,Yenipazar,ADMIN,CITY,322819,296950,TR
1953,True,Kilis,ADMIN,CITY,443213,307864,TR
1954,True,Gers,ADMIN,CITY,11071623,3016194,FR
1955,True,Seyhan,ADMIN,CITY,325361,300997,TR
1956,True,Pfaffenhofen,ADMIN,CITY,2951839,2854384,DE
1957,True,West Sussex,ADMIN,CITY,6269131,2634258,GB
1958,True,Yenisehir,ADMIN,CITY,316540,9565316,TR
1959,True,Alb Donau,ADMIN,CITY,2953481,3220786,DE
1960,True,Esslingen,ADMIN,CITY,2953481,2928751,DE
1961,True,Skanderborg,ADMIN,CITY,6418539,2613887,DK
1962,True,Randers,ADMIN,CITY,6418539,2615006,DK
1963,True,Imperia,ADMIN,CITY,3174725,3175531,IT
1964,True,Steinfurt,ADMIN,CITY,2861876,6557601,DE
1965,True,Yenice,ADMIN,CITY,749778,297144,TR
1966,True,Akhisar,ADMIN,CITY,304825,324698,TR
1967,True,Catania,ADMIN,CITY,2523119,2525065,IT
1968,True,Avellino,ADMIN,CITY,3181042,3182650,IT
1969,True,Ulm,ADMIN,CITY,2953481,2820253,DE
1970,True,Flensburg,ADMIN,CITY,2838632,2926271,DE
1971,True,Maastricht,ADMIN,CITY,2751596,2751283,NL
1972,True,Afsin,ADMIN,CITY,310858,325304,TR
1973,True,Geyve,ADMIN,CITY,740352,746898,TR
1974,True,Eruh,ADMIN,CITY,300821,315378,TR
1975,True,Roscommon,ADMIN,CITY,2961731,2961732,IE
1976,True,Gera,ADMIN,CITY,2822542,6549747,DE
1977,True,Ilgin,ADMIN,CITY,306569,311553,TR
1978,True,Bielefeld,ADMIN,CITY,2861876,2949188,DE
1979,True,Hauts de Seine,ADMIN,CITY,3012874,3013657,FR
1980,True,Oulu,ADMIN,CITY,830667,643492,FI
1981,True,Heilbronn,ADMIN,CITY,2953481,52060004,DE
1982,True,Oder Spree,ADMIN,CITY,2945356,3249086,DE
1983,True,Donnersberg,ADMIN,CITY,2847618,2936213,DE
1984,True,Alicante,ADMIN,CITY,2593113,2521976,ES
1985,True,Corum,ADMIN,CITY,748877,748879,TR
1986,True,Rhein Pfalz,ADMIN,CITY,2847618,3247909,DE
1987,True,Pazar,ADMIN,CITY,740481,740675,TR
1988,True,Terneuzen,ADMIN,CITY,2744011,2746420,NL
1989,True,Osmangazi,ADMIN,CITY,750268,7732338,TR
1990,True,Causeway Coast and Glens,ADMIN,CITY,2641364,11353070,GB
1991,True,Hengelo,ADMIN,CITY,2748838,2754394,NL
1992,True,Bingol,ADMIN,CITY,321079,321082,TR
1993,True,Deutschlandsberg,ADMIN,CITY,2764581,2781023,AT
1994,True,Moselle,ADMIN,CITY,11071622,2991627,FR
1995,True,Schweinfurt,ADMIN,CITY,2951839,52060018,DE
1996,True,Olpe,ADMIN,CITY,2861876,2857306,DE
1997,True,Plon,ADMIN,CITY,2838632,2853162,DE
1998,True,Milas,ADMIN,CITY,304183,304355,TR
1999,True,Dilovasi,ADMIN,CITY,742865,7732931,TR
2000,True,Saarbrucken,ADMIN,CITY,2842635,2842647,DE
2001,True,Cheongju,ADMIN,CITY,1845106,8659221,KR
2002,True,Wolfenbuttel,ADMIN,CITY,2862926,2806914,DE
2003,True,Yunusemre,ADMIN,CITY,304825,9548477,TR
2004,True,Calvados,ADMIN,CITY,11071621,3029094,FR
2005,True,Deux Sevres,ADMIN,CITY,11071620,3021501,FR
2006,True,Cekerek,ADMIN,CITY,296560,749392,TR
2007,True,Kaufbeuren,ADMIN,CITY,2951839,2892080,DE
2008,True,Marmara Ereglisi,ADMIN,CITY,738926,50300003,TR
2009,True,Steenwijkerland,ADMIN,CITY,2748838,2746766,NL
2010,True,Ipsala,ADMIN,CITY,747711,745148,TR
2011,True,Isparta,ADMIN,CITY,311071,311073,TR
2012,True,Yesilyurt,ADMIN,CITY,304919,296791,TR
2013,True,Niksar,ADMIN,CITY,738742,741304,TR
2014,True,Devrek,ADMIN,CITY,737021,748167,TR
2015,True,Nottingham,ADMIN,CITY,6269131,3333178,GB
2016,True,Etten Leur,ADMIN,CITY,2749990,2755996,NL
2017,True,Ascoli Piceno,ADMIN,CITY,3174004,3182748,IT
2018,True,Helsinki,ADMIN,CITY,830709,658225,FI
2019,True,Hail,ADMIN,CITY,106281,10972344,SA
2020,True,Hopa,ADMIN,CITY,751816,745530,TR
2021,True,Tosya,ADMIN,CITY,743881,738662,TR
2022,True,Kahta,ADMIN,CITY,325329,310855,TR
2023,True,Koblenz,ADMIN,CITY,2847618,6553290,DE
2024,True,Delft,ADMIN,CITY,2743698,2757345,NL
2025,True,Erdemli,ADMIN,CITY,311728,315515,TR
2026,True,Clackmannanshire,ADMIN,CITY,2638360,2652975,GB
2027,True,Caerphilly,ADMIN,CITY,2634895,3333240,GB
2028,True,Selendi,ADMIN,CITY,304825,301251,TR
2029,True,Pirmasens,ADMIN,CITY,2847618,6554820,DE
2030,True,Giessen,ADMIN,CITY,2905330,3305827,DE
2031,True,Rheinisch Bergischer,ADMIN,CITY,2861876,3247446,DE
2032,True,Greater London,ADMIN,CITY,6269131,2648110,GB
2033,True,Landsberg,ADMIN,CITY,2951839,2881509,DE
2034,True,Kiziltepe,ADMIN,CITY,304794,307084,TR
2035,True,Gorizia,ADMIN,CITY,3176525,3175985,IT
2036,True,Gimhae,ADMIN,CITY,1902028,1842943,KR
2037,True,Fermanagh and Omagh,ADMIN,CITY,2641364,11353071,GB
2038,True,Ermenek,ADMIN,CITY,443187,315401,TR
2039,True,Wurzburg,ADMIN,CITY,2951839,2805615,DE
2040,True,Dortyol,ADMIN,CITY,312394,316284,TR
2041,True,Devrekani,ADMIN,CITY,743881,748166,TR
2042,True,Alasehir,ADMIN,CITY,304825,324172,TR
2043,True,Sehzadeler,ADMIN,CITY,304825,9548503,TR
2044,True,Neunkirchen,ADMIN,CITY,2842635,2864435,DE
2045,True,Ermelo,ADMIN,CITY,2755634,2756039,NL
2046,True,Etimesgut,ADMIN,CITY,323784,315155,TR
2047,True,Jerichower Land,ADMIN,CITY,2842565,3302158,DE
2048,True,Al Wajh,ADMIN,CITY,101627,10972379,SA
2049,True,Artvin,ADMIN,CITY,751816,751817,TR
2050,True,Windsor and Maidenhead,ADMIN,CITY,6269131,2633840,GB
2051,True,Germersheim,ADMIN,CITY,2847618,2921034,DE
2052,True,Muratpasa,ADMIN,CITY,323776,8074174,TR
2053,True,Eure et Loir,ADMIN,CITY,3027939,3019316,FR
2054,True,Haute Vienne,ADMIN,CITY,11071620,3013719,FR
