,key,name,type,country_code,country_name,supports_region,supports_city,kml
0,528,British Columbia,region,CA,Canada,True,True,Polygons not found.
1,527,Alberta,region,CA,Canada,True,True,Polygons not found.
2,534,Prince Edward Island,region,CA,Canada,True,True,Polygons not found.
3,532,Nova Scotia,region,CA,Canada,True,True,Polygons not found.
4,536,Saskatchewan,region,CA,Canada,True,True,Polygons not found.
5,539,Nunavut,region,CA,Canada,True,True,Polygons not found.
6,530,New Brunswick,region,CA,Canada,True,True,Polygons not found.
7,537,Yukon,region,CA,Canada,True,True,Polygons not found.
8,529,Manitoba,region,CA,Canada,True,True,Polygons not found.
9,531,Newfoundland and Labrador,region,CA,Canada,True,True,Polygons not found.
10,538,Northwest Territories,region,CA,Canada,True,True,Polygons not found.
11,535,Quebec,region,CA,Canada,True,True,"<Polygon><outerBoundaryIs><LinearRing><coordinates> -62.5178,49.1285 -62.5099,49.127 -62.5026,49.1246 -62.4956,49.1205 -62.4919,49.119 -62.4877,49.1188 -62.4776,49.1202 -62.4737,49.1192 -62.4639,49.1158 -62.457,49.1147 -62.4339,49.1069 -62.4216,49.1043 -62.4132,49.1031 -62.4007,49.1034 -62.3951,49.1001 -62.3834,49.0962 -62.3757,49.0951 -62.361,49.0948 -62.3489,49.0918 -62.3354,49.0874 -62.3153,49.0799 -62.3077,49.0764 -62.2949,49.0745 -62.2771,49.0693 -62.273,49.0676 -62.27,49.0657 -62.2664,49.0644 -62.2568,49.0598 -62.2517,49.0581 -62.2485,49.0573 -62.2402,49.0587 -62.2273,49.0617 -62.2215,49.0626 -62.2156,49.0646 -62.2017,49.0678 -62.1946,49.0676 -62.1886,49.0682 -62.183,49.0681 -62.1742,49.0674 -62.1638,49.0689 -62.1501,49.0693 -62.133,49.0707 -62.126,49.0702 -62.1216,49.069 -62.1175,49.0688 -62.1131,49.0702 -62.1039,49.0701 -62.0971,49.0708 -62.0908,49.0722 -62.0831,49.072 -62.0787,49.0715 -62.0693,49.0687 -62.0673,49.0668 -62.0643,49.066 -62.0556,49.0688 -62.0496,49.0697 -62.043,49.0692 -62.0377,49.0672 -62.0323,49.0659 -62.0265,49.0652 -62.0131,49.0651 -62.0087,49.0673 -62.0047,49.0717 -62.0014,49.0743 -61.9947,49.0757 -61.9843,49.0725 -61.9777,49.0718 -61.9623,49.0677 -61.9512,49.0701 -61.943,49.0709 -61.9307,49.0733 -61.9231,49.0766 -61.9206,49.0773 -61.9085,49.0771 -61.9008,49.0757 -61.893,49.0752 -61.8852,49.0753 -61.8702,49.0699 -61.8509,49.0702 -61.8422,49.0674 -61.8335,49.0631 -61.822,49.0652 -61.8168,49.0715 -61.8151,49.0764 -61.8115,49.0773 -61.791,49.0775 -61.7864,49.0781 -61.7787,49.0833 -61.7706,49.0856 -61.7511,49.0871 -61.7358,49.0874 -61.7189,49.082 -61.7085,49.0817 -61.6986,49.0867 -61.7002,49.0905 -61.7053,49.0952 -61.7073,49.0994 -61.7082,49.1029 -61.7032,49.109 -61.6962,49.1139 -61.6851,49.1195 -61.6743,49.1292 -61.6713,49.1325 -61.6697,49.1382 -61.671,49.1419 -61.6749,49.1474 -61.6808,49.1514 -61.6829,49.1519 -61.6889,49.1515 -61.6952,49.1549 -61.6996,49.1596 -61.7084,49.1727 -61.7098,49.1772 -61.713,49.1847 -61.7133,49.1913 -61.7153,49.1961 -61.7226,49.204 -61.7253,49.2065 -61.7347,49.2104 -61.7411,49.2103 -61.7475,49.2097 -61.7512,49.2121 -61.7555,49.2178 -61.7589,49.2236 -61.7611,49.2292 -61.7619,49.2339 -61.7632,49.2365 -61.7678,49.24 -61.7726,49.2426 -61.7903,49.2479 -61.7973,49.2518 -61.8034,49.2575 -61.803,49.2615 -61.8007,49.2659 -61.8006,49.2698 -61.8031,49.2771 -61.8059,49.2804 -61.8087,49.2821 -61.8156,49.2836 -61.8237,49.2833 -61.834,49.2822 -61.8368,49.283 -61.8385,49.2846 -61.8367,49.2887 -61.8355,49.2898 -61.8296,49.2932 -61.8275,49.296 -61.8284,49.2998 -61.8308,49.304 -61.8305,49.3116 -61.8328,49.3174 -61.8353,49.3181 -61.8416,49.319 -61.8593,49.3267 -61.8663,49.3281 -61.8762,49.3292 -61.8813,49.3307 -61.8844,49.333 -61.8972,49.3527 -61.9001,49.3546 -61.9044,49.355 -61.9183,49.354 -61.927,49.3508 -61.9305,49.3503 -61.9363,49.3512 -61.9498,49.3503 -61.9589,49.3478 -61.9617,49.3475 -61.9687,49.3479 -61.9722,49.3506 -61.9745,49.3552 -61.9752,49.3594 -61.9747,49.3617 -61.9733,49.364 -61.9733,49.3678 -61.9766,49.3695 -61.9925,49.3703 -62.0011,49.3712 -62.0021,49.3706 -62.0055,49.3705 -62.0109,49.3714 -62.0148,49.3728 -62.0172,49.3742 -62.0236,49.3781 -62.0287,49.3819 -62.0338,49.3851 -62.0403,49.3877 -62.0488,49.3887 -62.0577,49.3891 -62.0667,49.386 -62.0712,49.3834 -62.0748,49.3819 -62.0822,49.3795 -62.0921,49.3793 -62.0984,49.3813 -62.1032,49.3833 -62.1088,49.3841 -62.1129,49.3862 -62.1175,49.3898 -62.1217,49.3937 -62.1293,49.3977 -62.131,49.4003 -62.1374,49.4045 -62.1439,49.4065 -62.1501,49.4061 -62.1572,49.4012 -62.1625,49.3988 -62.1671,49.3974 -62.1793,49.399 -62.1881,49.4049 -62.2092,49.4109 -62.2141,49.4134 -62.2209,49.4187 -62.2308,49.4208 -62.2405,49.4209 -62.2457,49.4227 -62.2474,49.4243 -62.2479,49.4325 -62.2469,49.4384 -62.251,49.4472 -62.252,49.4516 -62.2563,49.4547 -62.2616,49.4569 -62.266,49.4575 -62.2737,49.4597 -62.2794,49.4619 -62.2885,49.4672 -62.2912,49.4674 -62.2996,49.4662 -62.3061,49.4642 -62.3137,49.4658 -62.3257,49.4744 -62.325,49.4805 -62.3229,49.4827 -62.3446,49.4909 -62.3542,49.493 -62.3616,49.4937 -62.3855,49.4898 -62.3997,49.4916 -62.4084,49.4981 -62.4103,49.5049 -62.4084,49.5086 -62.4106,49.5106 -62.4181,49.5107 -62.4336,49.5144 -62.4354,49.5189 -62.4339,49.5221 -62.4362,49.5269 -62.4396,49.5273 -62.4436,49.5268 -62.4497,49.5285 -62.4549,49.5346 -62.4526,49.5367 -62.4408,49.5424 -62.4398,49.5438 -62.4455,49.5496 -62.4551,49.5545 -62.462,49.5569 -62.4683,49.5583 -62.4763,49.5613 -62.4766,49.5615 -62.4767,49.5655 -62.4771,49.5675 -62.4869,49.5734 -62.4937,49.5764 -62.502,49.5786 -62.5058,49.582 -62.5118,49.5882 -62.5203,49.591 -62.5249,49.5911 -62.5377,49.5935 -62.5456,49.597 -62.5538,49.6046 -62.558,49.6069 -62.5633,49.6084 -62.5706,49.6082 -62.5797,49.6086 -62.5944,49.6159 -62.6019,49.618 -62.6092,49.619 -62.618,49.6181 -62.6233,49.6194 -62.6402,49.6213 -62.644,49.6259 -62.6498,49.6305 -62.6521,49.6319 -62.66,49.6336 -62.6675,49.6423 -62.6748,49.6444 -62.6841,49.6456 -62.6863,49.6479 -62.6915,49.6551 -62.6957,49.6588 -62.6991,49.661 -62.7107,49.6615 -62.7515,49.662 -62.7645,49.6625 -62.7701,49.6677 -62.7739,49.6721 -62.778,49.6749 -62.7839,49.6764 -62.7947,49.68 -62.8051,49.6845 -62.8086,49.6854 -62.8299,49.6879 -62.8423,49.69 -62.8487,49.6944 -62.8505,49.6969 -62.8527,49.7018 -62.8564,49.7027 -62.8807,49.703 -62.8882,49.7035 -62.9008,49.7053 -62.9113,49.706 -62.9219,49.7091 -62.9288,49.7144 -62.9319,49.7228 -62.937,49.731 -62.9425,49.7336 -62.9535,49.7363 -62.9644,49.7349 -62.974,49.735 -62.9924,49.7365 -63.0012,49.7377 -63.0051,49.7393 -63.0043,49.7436 -63.0079,49.7485 -63.0089,49.7507 -63.0133,49.7526 -63.0188,49.7559 -63.0254,49.7573 -63.0363,49.7573 -63.0414,49.758 -63.0492,49.7573 -63.0574,49.7613 -63.0625,49.7631 -63.0737,49.7652 -63.0798,49.7674 -63.102,49.7696 -63.1225,49.7735 -63.1317,49.7747 -63.1535,49.7823 -63.161,49.7842 -63.1687,49.7851 -63.1843,49.7876 -63.202,49.7917 -63.2118,49.7922 -63.2226,49.7948 -63.2292,49.7968 -63.2383,49.798 -63.2508,49.8021 -63.2654,49.804 -63.2734,49.8056 -63.2906,49.8095 -63.2991,49.8118 -63.3084,49.8137 -63.3224,49.8155 -63.3354,49.8176 -63.3524,49.8222 -63.3608,49.8239 -63.3777,49.8291 -63.3889,49.8294 -63.4172,49.8326 -63.4254,49.833 -63.44,49.8348 -63.4635,49.8386 -63.4732,49.8397 -63.5005,49.8411 -63.5114,49.8411 -63.5185,49.8416 -63.5286,49.8415 -63.5432,49.8435 -63.5587,49.8466 -63.5819,49.8485 -63.5958,49.851 -63.6076,49.8506 -63.6139,49.85 -63.6213,49.8504 -63.6278,49.8512 -63.6435,49.8545 -63.6571,49.8551 -63.6653,49.8559 -63.6763,49.8576 -63.6979,49.8638 -63.7027,49.8666 -63.7432,49.8747 -63.7597,49.875 -63.7685,49.8755 -63.7787,49.8753 -63.7866,49.8757 -63.8035,49.879 -63.8074,49.8802 -63.8306,49.8839 -63.8536,49.8821 -63.8665,49.8798 -63.8715,49.8799 -63.8812,49.8835 -63.8914,49.8864 -63.9004,49.8882 -63.9138,49.8879 -63.9189,49.8883 -63.9231,49.8909 -63.9323,49.8957 -63.9447,49.9011 -63.9512,49.9033 -63.9568,49.9066 -63.9631,49.9112 -63.9682,49.9142 -63.9736,49.9151 -63.9827,49.9179 -63.991,49.9195 -63.9988,49.9192 -64.0002,49.9185 -64.0042,49.9183 -64.0117,49.9196 -64.0188,49.9228 -64.0269,49.9258 -64.0342,49.9273 -64.0453,49.929 -64.0509,49.9297 -64.07,49.9287 -64.0783,49.9286 -64.084,49.9299 -64.096,49.9347 -64.1026,49.9384 -64.1128,49.9416 -64.1192,49.944 -64.1249,49.9457 -64.1285,49.9461 -64.1346,49.9476 -64.1485,49.9517 -64.1538,49.9505 -64.166,49.9489 -64.1751,49.9471 -64.1864,49.9464 -64.2066,49.9474 -64.2164,49.9471 -64.226,49.9457 -64.2377,49.9445 -64.251,49.9414 -64.2582,49.9389 -64.2613,49.9371 -64.2783,49.9377 -64.2895,49.939 -64.3004,49.9391 -64.3083,49.9384 -64.3204,49.9365 -64.3279,49.9349 -64.3348,49.9328 -64.3436,49.9296 -64.3492,49.9292 -64.3556,49.9265 -64.367,49.9254 -64.3907,49.9248 -64.4096,49.9205 -64.4209,49.919 -64.4309,49.9183 -64.4505,49.9149 -64.4627,49.9133 -64.4705,49.9104 -64.4716,49.9065 -64.4834,49.9041 -64.4923,49.9011 -64.4975,49.8941 -64.5025,49.8906 -64.5076,49.8894 -64.5155,49.8854 -64.5211,49.88 -64.524,49.875 -64.5249,49.8703 -64.5277,49.8645 -64.5286,49.8634 -64.5199,49.8563 -64.5153,49.8538 -64.5005,49.8476 -64.4841,49.8436 -64.4764,49.8413 -64.4652,49.8391 -64.4576,49.8366 -64.4533,49.8325 -64.4493,49.8279 -64.4473,49.824 -64.4346,49.811 -64.4311,49.808 -64.4256,49.8006 -64.416,49.795 -64.4068,49.7924 -64.3981,49.7909 -64.387,49.7894 -64.3808,49.7901 -64.3783,49.7952 -64.3853,49.8038 -64.389,49.8091 -64.3923,49.8148 -64.3928,49.8195 -64.3911,49.8236 -64.3836,49.8248 -64.377,49.822 -64.3652,49.8186 -64.3615,49.8166 -64.3615,49.8156 -64.3663,49.8121 -64.3665,49.8116 -64.3662,49.8114 -64.3639,49.8121 -64.3584,49.8149 -64.3515,49.8109 -64.3463,49.8088 -64.3402,49.8075 -64.3355,49.8032 -64.3338,49.7988 -64.3323,49.7907 -64.33,49.7852 -64.325,49.7795 -64.3197,49.7755 -64.3145,49.7731 -64.3052,49.7701 -64.2965,49.7666 -64.2856,49.7616 -64.2786,49.7557 -64.2623,49.7532 -64.256,49.7507 -64.2427,49.747 -64.2324,49.7454 -64.2226,49.7422 -64.2079,49.7363 -64.1997,49.7344 -64.1934,49.7338 -64.1882,49.7323 -64.1817,49.7321 -64.1639,49.7301 -64.1552,49.7269 -64.1406,49.7232 -64.1312,49.7219 -64.1182,49.7167 -64.1088,49.7156 -64.1038,49.7134 -64.0912,49.7101 -64.0844,49.7094 -64.0721,49.7073 -64.0661,49.7075 -64.0617,49.7099 -64.0577,49.7134 -64.0547,49.7095 -64.0512,49.7061 -64.0483,49.7042 -64.0431,49.702 -64.0364,49.7014 -64.0277,49.7011 -64.0121,49.6988 -63.9991,49.6977 -63.9971,49.6968 -63.9906,49.695 -63.9849,49.6942 -63.9687,49.6842 -63.9591,49.6793 -63.941,49.6745 -63.9274,49.6729 -63.917,49.6671 -63.907,49.6621 -63.8888,49.6549 -63.8844,49.6536 -63.8729,49.6485 -63.8623,49.6452 -63.8578,49.6442 -63.8526,49.6424 -63.8445,49.6404 -63.836,49.6373 -63.8311,49.6346 -63.8246,49.6298 -63.8175,49.6251 -63.8087,49.6177 -63.8003,49.6122 -63.7968,49.608 -63.7816,49.5981 -63.7779,49.594 -63.7716,49.5891 -63.7662,49.586 -63.7562,49.5814 -63.7487,49.5785 -63.7378,49.5708 -63.7264,49.5655 -63.7213,49.5625 -63.7123,49.559 -63.7026,49.556 -63.6973,49.5532 -63.6924,49.5494 -63.6817,49.5427 -63.669,49.5372 -63.6619,49.532 -63.6514,49.5202 -63.6429,49.5137 -63.6374,49.5058 -63.6354,49.5015 -63.6309,49.4979 -63.627,49.4958 -63.6216,49.4845 -63.6184,49.4792 -63.617,49.4739 -63.619,49.4675 -63.6263,49.4615 -63.6258,49.4572 -63.6231,49.4529 -63.6201,49.4467 -63.615,49.441 -63.6057,49.4323 -63.6025,49.4276 -63.5945,49.4216 -63.5877,49.4154 -63.5814,49.4079 -63.5804,49.4029 -63.5826,49.3999 -63.5893,49.3951 -63.5919,49.3939 -63.5996,49.3942 -63.6011,49.3932 -63.5984,49.3899 -63.5944,49.387 -63.5909,49.385 -63.5861,49.3835 -63.5815,49.3833 -63.5658,49.3857 -63.545,49.381 -63.5335,49.3769 -63.5154,49.3731 -63.5047,49.3717 -63.4953,49.3696 -63.4898,49.3677 -63.4826,49.3657 -63.4684,49.3622 -63.4613,49.3596 -63.4547,49.3579 -63.4451,49.3563 -63.4328,49.3554 -63.4205,49.3523 -63.3887,49.3421 -63.3771,49.338 -63.3675,49.3343 -63.3449,49.3229 -63.3366,49.3205 -63.3293,49.321 -63.3199,49.3234 -63.3117,49.3233 -63.296,49.321 -63.2859,49.3146 -63.2709,49.2996 -63.2526,49.2904 -63.2446,49.284 -63.2402,49.2798 -63.2369,49.2778 -63.2276,49.2738 -63.2187,49.2711 -63.2086,49.2685 -63.1911,49.2628 -63.1876,49.2602 -63.1821,49.2575 -63.174,49.256 -63.1642,49.2536 -63.1551,49.2494 -63.1442,49.2459 -63.1367,49.2438 -63.1266,49.2416 -63.1171,49.2389 -63.1132,49.2358 -63.1062,49.2322 -63.0947,49.2282 -63.0871,49.2261 -63.0811,49.2239 -63.0562,49.2221 -63.0485,49.22 -63.0446,49.2183 -63.0243,49.2131 -63.0118,49.2094 -63.0019,49.2074 -62.983,49.2021 -62.9598,49.198 -62.947,49.1942 -62.9366,49.1905 -62.9265,49.1874 -62.9011,49.1865 -62.8904,49.1855 -62.8729,49.1835 -62.8638,49.1828 -62.8494,49.1801 -62.8393,49.1757 -62.8308,49.1735 -62.8198,49.1714 -62.8027,49.1657 -62.7881,49.1627 -62.7547,49.1547 -62.7394,49.1526 -62.7186,49.1512 -62.6957,49.1478 -62.6815,49.1446 -62.6607,49.141 -62.6502,49.1409 -62.6372,49.1396 -62.6138,49.1395 -62.6053,49.1371 -62.5957,49.1351 -62.5758,49.1332 -62.5651,49.1311 -62.5561,49.1306 -62.5451,49.1311 -62.5389,49.13 -62.5319,49.1294 -62.5231,49.1299 -62.5178,49.1285</coordinates></LinearRing></outerBoundaryIs></Polygon><Polygon><outerBoundaryIs><LinearRing><coordinates> -66.9646,47.9407 -66.9625,47.945 -66.9581,47.9483 -66.9524,47.9503 -66.9479,47.9539 -66.9454,47.957 -66.9437,47.9619 -66.9419,47.971 -66.9371,47.9736 -66.9289,47.9767 -66.9254,47.98 -66.9224,47.9839 -66.9213,47.9846 -66.9035,47.9888 -66.9002,47.9905 -66.8964,47.9912 -66.8942,47.992 -66.8906,47.9927 -66.887,47.9925 -66.8764,47.9936 -66.871,47.9961 -66.8638,47.9988 -66.8602,47.9995 -66.8563,48.0007 -66.8478,48.0014 -66.8441,48.0015 -66.8347,48.0008 -66.8313,47.9998 -66.822,47.9982 -66.8084,47.9947 -66.8049,47.9952 -66.8017,47.9951 -66.8012,47.9945 -66.8013,47.9938 -66.8007,47.9925 -66.7995,47.9916 -66.7908,47.9916 -66.787,47.9919 -66.7836,47.9937 -66.7817,47.9942 -66.7815,47.9948 -66.783,47.9958 -66.7824,47.9962 -66.7788,47.9958 -66.7746,47.9977 -66.7694,47.9993 -66.7656,48.0027 -66.7617,48.0037 -66.7606,48.0036 -66.7583,48.0041 -66.7582,48.0045 -66.7545,48.0068 -66.7493,48.0076 -66.7469,48.0082 -66.7454,48.009 -66.7421,48.0092 -66.738,48.0101 -66.7377,48.0108 -66.7353,48.0115 -66.7258,48.0172 -66.7222,48.0174 -66.7165,48.016 -66.7142,48.0145 -66.7091,48.0101 -66.7053,48.0089 -66.7006,48.0094 -66.6959,48.0115 -66.6854,48.0141 -66.6833,48.0138 -66.6828,48.0134 -66.6814,48.0136 -66.6808,48.0141 -66.6813,48.0152 -66.6755,48.0166 -66.6739,48.0177 -66.6766,48.0212 -66.6759,48.0236 -66.6741,48.0261 -66.6674,48.0278 -66.6627,48.0281 -66.6597,48.0289 -66.6542,48.0324 -66.6517,48.0369 -66.6488,48.0445 -66.6467,48.0473 -66.6435,48.0492 -66.6338,48.0499 -66.6219,48.0478 -66.6177,48.0451 -66.6167,48.0439 -66.6156,48.0411 -66.6123,48.0388 -66.6063,48.0414 -66.5931,48.0436 -66.587,48.0442 -66.5825,48.0456 -66.578,48.0504 -66.5712,48.0538 -66.5675,48.0547 -66.5641,48.0547 -66.5539,48.0534 -66.5478,48.0534 -66.5424,48.055 -66.537,48.0571 -66.5329,48.0603 -66.5322,48.0681 -66.5316,48.0699 -66.5364,48.074 -66.5425,48.0767 -66.5402,48.0786 -66.5358,48.0802 -66.5262,48.0848 -66.5233,48.0878 -66.5201,48.0902 -66.5174,48.0928 -66.5152,48.096 -66.5081,48.101 -66.5033,48.1038 -66.4952,48.1106 -66.491,48.1108 -66.4863,48.1119 -66.48,48.1152 -66.4767,48.1204 -66.4699,48.1223 -66.468,48.121 -66.4664,48.1194 -66.4653,48.1169 -66.4664,48.1147 -66.4699,48.1125 -66.4636,48.1073 -66.4513,48.1144 -66.4418,48.1204 -66.4377,48.1202 -66.433,48.1207 -66.4275,48.1194 -66.4234,48.118 -66.418,48.115 -66.4131,48.1087 -66.4027,48.1073 -66.3945,48.1038 -66.3809,48.1098 -66.3748,48.1087 -66.374,48.1079 -66.368,48.109 -66.3546,48.1065 -66.3505,48.1038 -66.3466,48.0983 -66.3436,48.0961 -66.3395,48.0898 -66.3363,48.0828 -66.3324,48.0773 -66.3248,48.0722 -66.316,48.0686 -66.31,48.0672 -66.304,48.0667 -66.298,48.067 -66.2931,48.0697 -66.2905,48.0724 -66.2837,48.0733 -66.2789,48.076 -66.2755,48.0802 -66.2744,48.0838 -66.2716,48.0896 -66.27,48.0945 -66.2701,48.0961 -66.2698,48.0975 -66.2708,48.0985 -66.2707,48.098 -66.2711,48.098 -66.2713,48.0985 -66.2715,48.097 -66.2705,48.0946 -66.2725,48.0892 -66.2731,48.0896 -66.2732,48.0905 -66.2743,48.0911 -66.2742,48.0919 -66.2753,48.0931 -66.2769,48.0942 -66.2797,48.0954 -66.2837,48.0964 -66.2887,48.097 -66.29,48.0968 -66.2916,48.0975 -66.2919,48.0982 -66.2926,48.0986 -66.2947,48.0986 -66.2981,48.0994 -66.3009,48.102 -66.3017,48.1044 -66.3013,48.1058 -66.3023,48.1073 -66.3047,48.1088 -66.3054,48.1096 -66.3044,48.1128 -66.3011,48.1145 -66.2982,48.1136 -66.2974,48.1136 -66.2971,48.114 -66.2915,48.1144 -66.2895,48.1138 -66.2826,48.1132 -66.2822,48.1135 -66.2828,48.1146 -66.2825,48.1151 -66.2804,48.1154 -66.279,48.1151 -66.2766,48.114 -66.2744,48.111 -66.2731,48.1104 -66.2704,48.1101 -66.2686,48.1111 -66.2676,48.1111 -66.2667,48.1106 -66.2661,48.1098 -66.2634,48.1086 -66.2561,48.1069 -66.2493,48.107 -66.2423,48.1079 -66.2355,48.1094 -66.2331,48.1103 -66.2291,48.1107 -66.2275,48.1075 -66.2211,48.1059 -66.2149,48.1068 -66.206,48.1062 -66.1992,48.1053 -66.1969,48.1069 -66.1939,48.1084 -66.1854,48.1115 -66.1824,48.1129 -66.1765,48.1137 -66.1708,48.1135 -66.1649,48.112 -66.1582,48.1114 -66.1493,48.1088 -66.1361,48.1013 -66.1322,48.0964 -66.1365,48.0926 -66.1381,48.0886 -66.1318,48.0852 -66.126,48.0855 -66.1178,48.0886 -66.1172,48.0879 -66.1064,48.0897 -66.1022,48.0916 -66.0947,48.0931 -66.0915,48.0941 -66.0874,48.0961 -66.087,48.0968 -66.0762,48.0978 -66.067,48.1 -66.0584,48.1028 -66.0536,48.1071 -66.0479,48.1106 -66.0424,48.1161 -66.0404,48.1229 -66.0356,48.1257 -66.0337,48.1303 -66.0305,48.1346 -66.0266,48.1379 -66.0216,48.1429 -66.0189,48.1462 -66.0155,48.1491 -66.01,48.1549 -66.0028,48.158 -65.9858,48.1643 -65.968,48.1738 -65.9626,48.1775 -65.9578,48.1825 -65.9523,48.1911 -65.9494,48.1939 -65.9454,48.195 -65.9441,48.1963 -65.9415,48.1963 -65.9378,48.1969 -65.9325,48.1941 -65.9267,48.1921 -65.921,48.1914 -65.916,48.1919 -65.9104,48.1943 -65.9066,48.1951 -65.9045,48.1985 -65.9039,48.1991 -65.9026,48.1993 -65.9,48.1951 -65.8971,48.1932 -65.9024,48.1904 -65.9026,48.187 -65.9013,48.1844 -65.8996,48.1827 -65.8988,48.1813 -65.9013,48.1719 -65.8891,48.1673 -65.8843,48.1684 -65.8815,48.1687 -65.878,48.1698 -65.8745,48.1699 -65.8734,48.1693 -65.8718,48.1673 -65.8669,48.163 -65.8663,48.1617 -65.8592,48.1581 -65.8571,48.1577 -65.8562,48.1564 -65.8547,48.1551 -65.8555,48.1526 -65.8546,48.1493 -65.8488,48.1509 -65.8435,48.1491 -65.8428,48.1463 -65.8387,48.1376 -65.8357,48.1381 -65.8351,48.1393 -65.8313,48.1403 -65.8261,48.1358 -65.8217,48.1308 -65.8181,48.1286 -65.8159,48.1258 -65.8129,48.123 -65.8074,48.1211 -65.8001,48.1192 -65.7955,48.1186 -65.7925,48.1195 -65.779,48.1175 -65.7779,48.1171 -65.7639,48.1164 -65.7602,48.1158 -65.7571,48.1164 -65.7476,48.1156 -65.7427,48.1142 -65.7319,48.1132 -65.7215,48.1111 -65.7161,48.111 -65.7052,48.1073 -65.6974,48.1052 -65.6869,48.1011 -65.6839,48.1014 -65.6727,48.0971 -65.6657,48.0954 -65.6553,48.092 -65.6449,48.0901 -65.6363,48.0871 -65.6235,48.0814 -65.618,48.0801 -65.6162,48.0789 -65.6142,48.0783 -65.6121,48.0782 -65.6034,48.076 -65.6019,48.0753 -65.5971,48.075 -65.5963,48.0753 -65.5848,48.0716 -65.5844,48.0719 -65.5708,48.0686 -65.5655,48.0686 -65.5529,48.064 -65.546,48.0628 -65.5382,48.0663 -65.5365,48.0676 -65.5304,48.0647 -65.5236,48.0606 -65.5193,48.0585 -65.515,48.056 -65.5071,48.0502 -65.5012,48.0465 -65.4981,48.0454 -65.4971,48.0438 -65.4947,48.0432 -65.4929,48.042 -65.4916,48.0401 -65.4882,48.0365 -65.4853,48.0351 -65.4841,48.0348 -65.4798,48.0356 -65.4782,48.0364 -65.4734,48.0374 -65.4726,48.0373 -65.4727,48.0365 -65.4721,48.0358 -65.4716,48.0336 -65.471,48.0329 -65.4713,48.0311 -65.4702,48.0297 -65.4704,48.0282 -65.4735,48.0268 -65.4725,48.0245 -65.4718,48.0187 -65.4677,48.0135 -65.4636,48.0099 -65.4557,48.0047 -65.4493,48.0032 -65.438,48.0047 -65.4271,48.0051 -65.4151,48.0018 -65.4062,48.0007 -65.3995,48.0015 -65.3935,48.0016 -65.3899,48.0011 -65.3791,48.001 -65.362,48.0023 -65.3539,48.0026 -65.3444,48.0017 -65.3315,48.0011 -65.3227,48.0037 -65.3138,48.0073 -65.309,48.01 -65.3001,48.0136 -65.2946,48.0149 -65.2776,48.017 -65.2667,48.0187 -65.2603,48.0207 -65.2594,48.0205 -65.2585,48.0194 -65.2582,48.0183 -65.2569,48.0178 -65.2556,48.0179 -65.2538,48.0193 -65.2522,48.019 -65.2487,48.0161 -65.2489,48.0149 -65.2496,48.0144 -65.251,48.0142 -65.2518,48.0133 -65.2509,48.0132 -65.2467,48.016 -65.2418,48.023 -65.2391,48.0258 -65.2367,48.0272 -65.2342,48.0279 -65.2316,48.0282 -65.2308,48.0277 -65.2306,48.0283 -65.2278,48.0302 -65.2236,48.0322 -65.2152,48.0348 -65.2135,48.0349 -65.2118,48.0345 -65.206,48.0351 -65.2041,48.0359 -65.2021,48.0363 -65.1995,48.0361 -65.1952,48.038 -65.1878,48.0395 -65.1851,48.0396 -65.1821,48.0406 -65.1785,48.0411 -65.1765,48.0407 -65.1744,48.0409 -65.173,48.0417 -65.1724,48.0416 -65.1682,48.0427 -65.1645,48.045 -65.1626,48.0456 -65.1519,48.051 -65.1449,48.0536 -65.1416,48.0542 -65.1389,48.0556 -65.1354,48.058 -65.1341,48.0584 -65.1326,48.0607 -65.1313,48.0618 -65.1313,48.0623 -65.1325,48.0632 -65.1334,48.0634 -65.1335,48.0631 -65.1341,48.0631 -65.1366,48.0639 -65.1375,48.0639 -65.1396,48.0638 -65.1414,48.0628 -65.1471,48.062 -65.1477,48.0622 -65.1502,48.0647 -65.1468,48.0657 -65.1442,48.0658 -65.142,48.0665 -65.1368,48.0669 -65.135,48.0667 -65.1336,48.0672 -65.132,48.0673 -65.1306,48.067 -65.1303,48.0666 -65.1327,48.0644 -65.1318,48.0637 -65.1315,48.0628 -65.131,48.0625 -65.1307,48.0646 -65.1281,48.0676 -65.1266,48.0688 -65.1253,48.0706 -65.1209,48.0719 -65.1148,48.0718 -65.1039,48.0744 -65.0949,48.0789 -65.0899,48.0807 -65.086,48.0829 -65.0804,48.0887 -65.0742,48.0909 -65.064,48.0908 -65.0578,48.0935 -65.0516,48.097 -65.0489,48.0993 -65.0399,48.1039 -65.0331,48.105 -65.0151,48.1149 -65.0069,48.1188 -65.0027,48.1215 -64.9855,48.13 -64.971,48.1366 -64.9634,48.1397 -64.9531,48.1423 -64.9483,48.1459 -64.9475,48.15 -64.9508,48.1541 -64.9576,48.1542 -64.9644,48.1548 -64.9677,48.1566 -64.9704,48.1598 -64.9689,48.1639 -64.9668,48.1671 -64.9646,48.1698 -64.9611,48.173 -64.9552,48.175 -64.948,48.1762 -64.9277,48.1762 -64.9215,48.1774 -64.916,48.1778 -64.9057,48.1827 -64.9016,48.1831 -64.8975,48.1844 -64.8691,48.1856 -64.8674,48.1862 -64.8668,48.1868 -64.8665,48.1879 -64.8645,48.1889 -64.8575,48.1908 -64.854,48.1913 -64.8488,48.1906 -64.8429,48.1917 -64.8405,48.1934 -64.8358,48.1954 -64.8262,48.198 -64.8152,48.2015 -64.8104,48.2024 -64.8042,48.2027 -64.7974,48.2022 -64.7927,48.2007 -64.7859,48.2011 -64.7783,48.2028 -64.7748,48.2051 -64.7684,48.2127 -64.7683,48.2163 -64.7689,48.2202 -64.7679,48.2229 -64.7604,48.2261 -64.7613,48.2282 -64.7606,48.2294 -64.7588,48.231 -64.7606,48.233 -64.7601,48.2376 -64.7605,48.2399 -64.7582,48.2434 -64.7552,48.2454 -64.7523,48.2496 -64.7489,48.2517 -64.7441,48.2564 -64.7416,48.2604 -64.7403,48.2611 -64.7323,48.2737 -64.7268,48.2773 -64.7219,48.279 -64.7143,48.283 -64.7087,48.2875 -64.7065,48.2906 -64.7029,48.2947 -64.7008,48.2978 -64.6938,48.3037 -64.6929,48.3069 -64.6928,48.3099 -64.6937,48.3174 -64.6965,48.3208 -64.6987,48.3227 -64.7031,48.3227 -64.7087,48.3211 -64.7129,48.3216 -64.7176,48.3211 -64.7198,48.3218 -64.723,48.3283 -64.7205,48.3294 -64.7223,48.334 -64.7207,48.3346 -64.716,48.3337 -64.705,48.3353 -64.7001,48.3375 -64.6966,48.3402 -64.6931,48.342 -64.6894,48.3409 -64.6883,48.3379 -64.6932,48.329 -64.6919,48.3277 -64.6874,48.3287 -64.6826,48.329 -64.6798,48.3322 -64.6769,48.3376 -64.6733,48.3417 -64.6623,48.3447 -64.658,48.3453 -64.6572,48.3446 -64.6578,48.3419 -64.6585,48.341 -64.6574,48.341 -64.655,48.3425 -64.6513,48.3477 -64.6456,48.3481 -64.6394,48.3494 -64.6273,48.3509 -64.6224,48.3527 -64.6183,48.3552 -64.6117,48.3599 -64.6083,48.3614 -64.6057,48.3619 -64.6016,48.3641 -64.5987,48.3644 -64.5957,48.3664 -64.5897,48.3713 -64.5815,48.3754 -64.5746,48.3771 -64.5695,48.3778 -64.5645,48.3776 -64.5603,48.3784 -64.558,48.3786 -64.5567,48.3783 -64.5501,48.3804 -64.5465,48.3811 -64.5415,48.3835 -64.5398,48.3834 -64.538,48.3841 -64.5339,48.3849 -64.5257,48.3853 -64.5229,48.3859 -64.5159,48.3783 -64.505,48.3808 -64.4896,48.3864 -64.4772,48.3922 -64.4666,48.3948 -64.4565,48.3964 -64.4517,48.3959 -64.444,48.3962 -64.4376,48.3972 -64.4183,48.4026 -64.3983,48.4077 -64.3881,48.4093 -64.377,48.4091 -64.3685,48.4044 -64.3677,48.4044 -64.3643,48.4047 -64.356,48.4068 -64.3421,48.4116 -64.3351,48.412 -64.3207,48.4117 -64.3093,48.4096 -64.3047,48.4095 -64.301,48.4113 -64.3001,48.4159 -64.3033,48.4186 -64.3122,48.423 -64.318,48.4285 -64.3204,48.4362 -64.3208,48.4433 -64.3193,48.4476 -64.3169,48.4523 -64.3149,48.4553 -64.3118,48.4586 -64.3084,48.4616 -64.304,48.4643 -64.2993,48.466 -64.2902,48.4681 -64.2811,48.4712 -64.2707,48.4732 -64.2652,48.4754 -64.2497,48.4788 -64.2373,48.484 -64.2309,48.4894 -64.2233,48.4928 -64.217,48.495 -64.2134,48.4977 -64.2111,48.5022 -64.2108,48.51 -64.2099,48.5136 -64.2049,48.5162 -64.2014,48.5203 -64.2019,48.5253 -64.2106,48.5269 -64.2165,48.5303 -64.2217,48.5347 -64.2297,48.5357 -64.234,48.5376 -64.2534,48.5418 -64.2576,48.541 -64.26,48.5422 -64.2634,48.5456 -64.2685,48.5479 -64.2736,48.5482 -64.2762,48.5508 -64.2769,48.5537 -64.276,48.5581 -64.2744,48.5636 -64.2721,48.5674 -64.2706,48.5726 -64.2674,48.5791 -64.2628,48.5909 -64.2627,48.5937 -64.2632,48.5991 -64.2671,48.6014 -64.2725,48.602 -64.2776,48.6002 -64.2798,48.5965 -64.2806,48.5936 -64.2801,48.5899 -64.2778,48.5789 -64.28,48.5761 -64.2858,48.5751 -64.2884,48.5768 -64.2896,48.5793 -64.2868,48.5896 -64.2877,48.5951 -64.2935,48.5971 -64.2975,48.598 -64.3033,48.6001 -64.3092,48.6007 -64.3131,48.6017 -64.3152,48.6044 -64.3173,48.6085 -64.3162,48.6116 -64.3121,48.6115 -64.3065,48.6126 -64.2937,48.6122 -64.2883,48.6126 -64.2849,48.6113 -64.2803,48.6116 -64.2771,48.611 -64.2564,48.6126 -64.2468,48.612 -64.2406,48.6123 -64.23,48.6122 -64.2218,48.6128 -64.213,48.614 -64.1972,48.615 -64.1722,48.6141 -64.1681,48.6136 -64.1599,48.6152 -64.1562,48.617 -64.1541,48.6198 -64.1546,48.6228 -64.1599,48.6261 -64.1662,48.6291 -64.1769,48.6353 -64.1813,48.6398 -64.1939,48.6506 -64.1987,48.6544 -64.204,48.6577 -64.2102,48.6597 -64.2162,48.6607 -64.2217,48.6612 -64.2304,48.664 -64.2347,48.6673 -64.24,48.6723 -64.2443,48.6771 -64.247,48.6792 -64.2534,48.6859 -64.254,48.6868 -64.2552,48.6917 -64.2557,48.6924 -64.2595,48.7048 -64.2665,48.7115 -64.2709,48.7165 -64.2751,48.7204 -64.2796,48.7235 -64.2859,48.7265 -64.2898,48.7274 -64.2958,48.7298 -64.3047,48.7327 -64.3095,48.7346 -64.3142,48.7375 -64.3205,48.74 -64.3263,48.7436 -64.3337,48.7498 -64.3463,48.7577 -64.3519,48.7606 -64.3566,48.7639 -64.3586,48.7681 -64.3598,48.7718 -64.3597,48.7745 -64.3623,48.7783 -64.3639,48.7877 -64.3637,48.7929 -64.3663,48.798 -64.3688,48.8011 -64.3785,48.8055 -64.3857,48.811 -64.3861,48.8183 -64.386,48.8226 -64.3872,48.8256 -64.3906,48.829 -64.3945,48.8313 -64.3995,48.8313 -64.4031,48.8278 -64.4038,48.8252 -64.4036,48.8244 -64.4051,48.8218 -64.4077,48.8189 -64.4188,48.8233 -64.4361,48.8264 -64.447,48.8277 -64.4585,48.8302 -64.4637,48.8294 -64.4717,48.8269 -64.4748,48.8281 -64.4793,48.8286 -64.4798,48.8282 -64.4799,48.8273 -64.4791,48.8256 -64.4793,48.8243 -64.4809,48.8224 -64.4882,48.8202 -64.5002,48.8153 -64.5135,48.8153 -64.5245,48.8157 -64.5378,48.8148 -64.5432,48.8151 -64.5486,48.8142 -64.5624,48.8147 -64.5719,48.8174 -64.5731,48.8182 -64.5744,48.8203 -64.5474,48.8198 -64.5374,48.8202 -64.5364,48.8206 -64.5348,48.822 -64.5347,48.8238 -64.5336,48.8241 -64.5307,48.8239 -64.5288,48.8226 -64.5262,48.8224 -64.5217,48.8228 -64.5206,48.8231 -64.5201,48.8239 -64.5146,48.8243 -64.5103,48.8233 -64.5072,48.8223 -64.5064,48.8217 -64.5041,48.8215 -64.5017,48.8221 -64.4993,48.8221 -64.495,48.8229 -64.4804,48.8288 -64.4779,48.8325 -64.4743,48.8362 -64.4745,48.8368 -64.4756,48.8377 -64.4803,48.8396 -64.491,48.8426 -64.4979,48.845 -64.5026,48.8474 -64.5078,48.8495 -64.5099,48.8537 -64.5127,48.8576 -64.5246,48.865 -64.538,48.87 -64.548,48.8732 -64.5516,48.8748 -64.5548,48.8767 -64.5553,48.8787 -64.5556,48.878 -64.5564,48.878 -64.5577,48.8774 -64.5592,48.8776 -64.5624,48.8769 -64.5658,48.8782 -64.5678,48.881 -64.5691,48.8846 -64.5683,48.8874 -64.562,48.8868 -64.5579,48.8858 -64.5541,48.8847 -64.554,48.8843 -64.5555,48.882 -64.5554,48.8815 -64.5545,48.8816 -64.5535,48.8841 -64.5527,48.8843 -64.5424,48.8809 -64.5295,48.8761 -64.5199,48.8736 -64.5109,48.8721 -64.4965,48.8691 -64.4811,48.8621 -64.4733,48.8605 -64.4605,48.8586 -64.4408,48.8581 -64.4264,48.8571 -64.4229,48.8566 -64.4204,48.8557 -64.4235,48.8534 -64.4264,48.8535 -64.4288,48.8532 -64.4381,48.8557 -64.4384,48.8555 -64.436,48.8499 -64.4162,48.8471 -64.4076,48.8473 -64.401,48.847 -64.3936,48.8458 -64.3866,48.8461 -64.3729,48.8445 -64.3674,48.8426 -64.3518,48.8354 -64.3293,48.8272 -64.3219,48.8239 -64.315,48.8219 -64.3041,48.8194 -64.2976,48.8185 -64.2908,48.8166 -64.278,48.8144 -64.2691,48.811 -64.2617,48.8067 -64.256,48.8027 -64.2537,48.8006 -64.2483,48.7973 -64.2354,48.792 -64.2234,48.784 -64.2068,48.7691 -64.2027,48.7667 -64.1973,48.7639 -64.1932,48.7624 -64.1858,48.7581 -64.1791,48.7548 -64.1736,48.7533 -64.1689,48.7514 -64.1592,48.7467 -64.155,48.7462 -64.1549,48.7489 -64.1582,48.7531 -64.1628,48.7582 -64.1749,48.7703 -64.1821,48.7795 -64.1854,48.7828 -64.1948,48.7885 -64.2046,48.7938 -64.2086,48.7971 -64.2159,48.805 -64.217,48.811 -64.2167,48.8169 -64.2136,48.8242 -64.2084,48.8332 -64.2055,48.8354 -64.2025,48.8395 -64.2003,48.8435 -64.1974,48.8462 -64.197,48.8535 -64.1996,48.8572 -64.2022,48.8623 -64.2113,48.8725 -64.2151,48.8772 -64.2221,48.8817 -64.2287,48.888 -64.2414,48.8974 -64.2481,48.904 -64.2583,48.9082 -64.2643,48.9125 -64.2663,48.9203 -64.2788,48.9267 -64.2929,48.9318 -64.2946,48.9337 -64.2937,48.9404 -64.2968,48.9485 -64.3062,48.9559 -64.3131,48.9631 -64.3441,48.9753 -64.3573,48.9837 -64.3637,48.9894 -64.3717,49.0001 -64.3774,49.0063 -64.3833,49.0105 -64.3885,49.0134 -64.3976,49.0168 -64.4069,49.0214 -64.4093,49.0231 -64.4231,49.0287 -64.4416,49.0343 -64.4517,49.0421 -64.4653,49.051 -64.4818,49.0601 -64.4989,49.0703 -64.5158,49.0785 -64.5321,49.0828 -64.5431,49.0878 -64.5525,49.0895 -64.5546,49.0909 -64.5683,49.0976 -64.5918,49.1053 -64.5996,49.1094 -64.6185,49.114 -64.6306,49.1149 -64.6386,49.1179 -64.6603,49.1212 -64.669,49.1229 -64.6794,49.1268 -64.6911,49.1301 -64.7105,49.1336 -64.7195,49.1356 -64.7298,49.1394 -64.7428,49.1451 -64.7675,49.1578 -64.7874,49.1672 -64.7992,49.1711 -64.8151,49.1754 -64.8351,49.1821 -64.8571,49.192 -64.8647,49.1944 -64.8782,49.1969 -64.8859,49.1989 -64.8943,49.199 -64.9172,49.203 -64.9283,49.2059 -64.9326,49.2067 -64.9465,49.208 -64.9666,49.211 -64.9776,49.2134 -64.9963,49.2169 -65.0082,49.2185 -65.0258,49.2202 -65.0426,49.2231 -65.0648,49.225 -65.0757,49.2265 -65.0861,49.2275 -65.0989,49.2284 -65.1118,49.2284 -65.1274,49.2272 -65.1316,49.2276 -65.1352,49.2303 -65.175,49.2296 -65.2006,49.2306 -65.2084,49.2312 -65.228,49.2342 -65.2373,49.2351 -65.2708,49.235 -65.282,49.2369 -65.2856,49.2385 -65.2931,49.2411 -65.3002,49.242 -65.3075,49.2409 -65.3169,49.2401 -65.32,49.2413 -65.3247,49.2507 -65.3286,49.2512 -65.3416,49.2514 -65.3535,49.2505 -65.3674,49.2522 -65.39,49.2525 -65.4138,49.2535 -65.4401,49.2531 -65.4551,49.2542 -65.4729,49.2538 -65.4805,49.2543 -65.4994,49.2534 -65.5045,49.2535 -65.5104,49.2538 -65.525,49.2558 -65.5404,49.2565 -65.5557,49.2582 -65.5633,49.2577 -65.5781,49.2561 -65.6033,49.2553 -65.6153,49.2546 -65.6264,49.2534 -65.6368,49.2503 -65.6437,49.2467 -65.6549,49.2443 -65.6639,49.249 -65.6679,49.25 -65.6755,49.2494 -65.6867,49.2474 -65.7028,49.2426 -65.7095,49.24 -65.7165,49.239 -65.7238,49.239 -65.7264,49.2367 -65.7273,49.2354 -65.7276,49.2343 -65.7362,49.2335 -65.7377,49.2351 -65.7433,49.2391 -65.7477,49.2404 -65.7537,49.2407 -65.7688,49.2397 -65.7779,49.2382 -65.7877,49.2355 -65.7948,49.2325 -65.7992,49.2296 -65.8036,49.2275 -65.8117,49.2268 -65.8157,49.2287 -65.8182,49.2318 -65.8236,49.2344 -65.8268,49.235 -65.8339,49.2352 -65.8614,49.2302 -65.8892,49.2243 -65.8954,49.2245 -65.9011,49.2266 -65.9076,49.2298 -65.9104,49.2304 -65.9169,49.2308 -65.9363,49.2297 -65.9503,49.2305 -65.9647,49.2305 -65.9741,49.2297 -65.9962,49.2267 -66.0037,49.2267 -66.0138,49.2261 -66.0195,49.2239 -66.0233,49.2243 -66.0293,49.2256 -66.0357,49.2261 -66.0472,49.2287 -66.0553,49.2288 -66.0606,49.2285 -66.0782,49.2209 -66.0864,49.2208 -66.0945,49.2194 -66.1108,49.2173 -66.1358,49.2135 -66.1513,49.2116 -66.1569,49.2111 -66.1657,49.212 -66.1741,49.2114 -66.1856,49.2062 -66.2155,49.2008 -66.2266,49.1997 -66.2386,49.1994 -66.2463,49.1975 -66.2522,49.1956 -66.2622,49.1948 -66.2665,49.1936 -66.2782,49.189 -66.2846,49.1877 -66.2902,49.1869 -66.3107,49.1829 -66.3224,49.1821 -66.3534,49.1777 -66.3793,49.1723 -66.3859,49.1696 -66.3955,49.1675 -66.406,49.1658 -66.4122,49.1641 -66.4211,49.1626 -66.4247,49.1591 -66.4288,49.1582 -66.4361,49.1582 -66.4449,49.1513 -66.4514,49.1455 -66.4715,49.1373 -66.4745,49.1347 -66.4826,49.1322 -66.4891,49.1323 -66.4937,49.1318 -66.4994,49.1295 -66.5052,49.1282 -66.512,49.1276 -66.5211,49.1254 -66.5291,49.1262 -66.5346,49.1272 -66.5435,49.1292 -66.5486,49.131 -66.56,49.1311 -66.5692,49.1279 -66.5729,49.1271 -66.581,49.1225 -66.5942,49.1184 -66.6038,49.1147 -66.6129,49.1129 -66.6204,49.1119 -66.6301,49.1117 -66.6403,49.1133 -66.6502,49.1154 -66.6551,49.1146 -66.6623,49.1086 -66.6789,49.1017 -66.6858,49.101 -66.6978,49.0984 -66.716,49.0956 -66.7305,49.0927 -66.7435,49.0925 -66.7498,49.09 -66.7531,49.0868 -66.7552,49.0827 -66.7667,49.0764 -66.7814,49.071 -66.7899,49.0687 -66.798,49.0658 -66.8066,49.0596 -66.812,49.0562 -66.8219,49.0537 -66.8392,49.0532 -66.8479,49.0505 -66.8485,49.0447 -66.8528,49.0433 -66.8573,49.043 -66.859,49.0439 -66.8557,49.0457 -66.8547,49.0483 -66.8592,49.0498 -66.8683,49.0483 -66.8784,49.0447 -66.8864,49.0407 -66.8912,49.0388 -66.8988,49.0363 -66.905,49.0347 -66.9099,49.0341 -66.9157,49.0328 -66.9538,49.0171 -66.9607,49.0128 -66.9698,49.0082 -66.9839,49.0042 -66.988,49.0017 -67.0063,48.9965 -67.0131,48.9941 -67.0198,48.9926 -67.0465,48.9826 -67.0553,48.981 -67.0571,48.9804 -67.0638,48.9796 -67.0663,48.9787 -67.072,48.9764 -67.0796,48.9711 -67.084,48.9688 -67.0903,48.9678 -67.0996,48.965 -67.105,48.9638 -67.1196,48.9617 -67.127,48.9602 -67.1471,48.9531 -67.1548,48.9496 -67.1611,48.9474 -67.1774,48.9442 -67.2585,49.0979 -67.3749,49.3174 -67.3496,49.3282 -67.2938,49.3866 -67.2876,49.4146 -67.257,49.4264 -67.2148,49.4744 -67.2099,49.5867 -67.1708,49.6549 -67.148,49.6758 -67.1524,49.7556 -67.1529,49.7691 -67.1293,49.8103 -67.1034,49.821 -67.0854,49.8409 -67.0679,49.8484 -67.0515,49.8435 -67.0453,49.8207 -67.0298,49.8245 -66.9599,49.9076 -66.9659,49.9214 -66.9674,49.9219 -66.9692,49.9247 -66.9699,49.9307 -66.9654,49.9319 -66.9643,49.9369 -66.9687,49.9508 -66.9696,49.958 -66.967,49.9616 -66.9643,49.9599 -66.9596,49.9644 -66.9603,49.9707 -66.957,49.9772 -66.9521,49.9811 -66.9496,49.9816 -66.944,49.9807 -66.9396,49.983 -66.94,49.9867 -66.9365,49.9882 -66.9325,49.9917 -66.9317,49.9939 -66.9284,49.9969 -66.9271,49.9998 -66.9242,50.0022 -66.9185,50.0012 -66.9123,50.0024 -66.9096,50.0041 -66.9068,50.0052 -66.9027,50.0051 -66.8913,50.0088 -66.8913,50.011 -66.894,50.0145 -66.8945,50.0172 -66.8909,50.0172 -66.8868,50.0156 -66.8763,50.0129 -66.8734,50.0141 -66.8672,50.0177 -66.8626,50.019 -66.8425,50.0229 -66.8419,50.0221 -66.8408,50.0192 -66.8383,50.0185 -66.8325,50.0192 -66.8288,50.0179 -66.8194,50.0162 -66.8116,50.0162 -66.8136,50.0224 -66.8122,50.024 -66.8126,50.0271 -66.8046,50.0251 -66.7968,50.0254 -66.783,50.0293 -66.7718,50.0304 -66.7669,50.0324 -66.7572,50.0348 -66.7441,50.0372 -66.7391,50.0387 -66.7382,50.0396 -66.734,50.0422 -66.7286,50.0481 -66.7255,50.0534 -66.7282,50.056 -66.7268,50.0608 -66.7269,50.0642 -66.7264,50.073 -66.72,50.0825 -66.7166,50.087 -66.7106,50.0963 -66.704,50.1027 -66.6937,50.1101 -66.6838,50.1156 -66.6776,50.1177 -66.6586,50.1233 -66.6462,50.1259 -66.6202,50.1306 -66.6134,50.1351 -66.6085,50.1407 -66.6085,50.1458 -66.6134,50.1562 -66.6203,50.1609 -66.6241,50.1625 -66.6282,50.1633 -66.6332,50.1656 -66.6374,50.1696 -66.6398,50.1746 -66.6378,50.1776 -66.6374,50.1769 -66.635,50.1761 -66.6317,50.1732 -66.6261,50.1697 -66.6205,50.1676 -66.6151,50.1664 -66.6073,50.1639 -66.6016,50.1617 -66.5984,50.158 -66.5969,50.1529 -66.594,50.1475 -66.5915,50.1462 -66.5903,50.1459 -66.592,50.1445 -66.5967,50.1437 -66.6008,50.1413 -66.5834,50.1434 -66.5716,50.1463 -66.5378,50.1486 -66.5282,50.1485 -66.5225,50.148 -66.5243,50.1451 -66.5248,50.1412 -66.5217,50.1401 -66.5182,50.14 -66.5065,50.1437 -66.5051,50.1433 -66.5025,50.1402 -66.4908,50.1354 -66.4849,50.1321 -66.4786,50.1278 -66.4689,50.1246 -66.4564,50.125 -66.4537,50.1265 -66.4538,50.1282 -66.4561,50.131 -66.458,50.1322 -66.4576,50.1348 -66.4527,50.1408 -66.4491,50.1443 -66.4428,50.1481 -66.4377,50.1494 -66.4268,50.1484 -66.4235,50.1496 -66.4228,50.1547 -66.4253,50.1579 -66.4236,50.1618 -66.4264,50.1631 -66.437,50.1631 -66.4597,50.1608 -66.4678,50.1608 -66.4744,50.1615 -66.4767,50.1612 -66.4765,50.1638 -66.4839,50.1644 -66.4929,50.1632 -66.4965,50.1619 -66.5106,50.1603 -66.5155,50.1613 -66.5204,50.1649 -66.524,50.1713 -66.5267,50.1772 -66.5291,50.1837 -66.5327,50.1918 -66.534,50.2002 -66.5365,50.2074 -66.536,50.2131 -66.5336,50.2147 -66.5307,50.2219 -66.5275,50.2274 -66.5199,50.2311 -66.5003,50.2431 -66.4922,50.2475 -66.4877,50.2482 -66.4788,50.2509 -66.47,50.254 -66.4668,50.2578 -66.4624,50.2651 -66.4601,50.2658 -66.4554,50.2646 -66.4523,50.2664 -66.4513,50.2661 -66.4508,50.2656 -66.4487,50.2656 -66.4471,50.2662 -66.4462,50.2662 -66.4401,50.2642 -66.4361,50.2638 -66.4355,50.2634 -66.4346,50.2635 -66.431,50.2651 -66.4271,50.2654 -66.4244,50.2646 -66.4223,50.2646 -66.4199,50.2639 -66.4181,50.2639 -66.4166,50.2649 -66.4156,50.264 -66.4132,50.263 -66.4123,50.2628 -66.4099,50.2633 -66.4071,50.2622 -66.4053,50.2621 -66.4049,50.2632 -66.4044,50.2631 -66.4041,50.2627 -66.4043,50.2622 -66.4052,50.2617 -66.4096,50.2621 -66.4104,50.2612 -66.4111,50.2596 -66.4107,50.2575 -66.4075,50.2535 -66.4063,50.2512 -66.4051,50.25 -66.4039,50.2496 -66.4038,50.2487 -66.4033,50.2479 -66.401,50.2459 -66.3992,50.2436 -66.3986,50.2393 -66.3983,50.2382 -66.3974,50.2369 -66.3978,50.2348 -66.3948,50.2301 -66.3985,50.2278 -66.4019,50.2272 -66.4048,50.2257 -66.4074,50.2252 -66.4108,50.2259 -66.4112,50.2274 -66.4115,50.2274 -66.412,50.2261 -66.412,50.2236 -66.4099,50.2196 -66.4097,50.2171 -66.4064,50.2153 -66.4008,50.2132 -66.3922,50.2081 -66.3912,50.2072 -66.3913,50.2066 -66.3919,50.2061 -66.3918,50.2058 -66.3877,50.2039 -66.3855,50.202 -66.386,50.2016 -66.3831,50.1993 -66.3816,50.1995 -66.3836,50.1979 -66.3831,50.1975 -66.3813,50.1984 -66.3799,50.1985 -66.3791,50.1981 -66.3791,50.1976 -66.3782,50.1968 -66.3816,50.1963 -66.3816,50.1959 -66.3798,50.1957 -66.3759,50.1917 -66.3709,50.1887 -66.3688,50.1878 -66.3677,50.1868 -66.3667,50.1852 -66.366,50.1851 -66.3652,50.1856 -66.3634,50.1852 -66.3625,50.186 -66.3589,50.1877 -66.3555,50.1886 -66.3453,50.1925 -66.3429,50.1937 -66.3385,50.1951 -66.3335,50.1975 -66.3291,50.2001 -66.3224,50.203 -66.3097,50.2045 -66.3087,50.2034 -66.2988,50.2039 -66.2879,50.2035 -66.2822,50.2039 -66.2577,50.2105 -66.2484,50.2118 -66.2377,50.2119 -66.2196,50.2105 -66.2117,50.2084 -66.1862,50.1997 -66.16,50.192 -66.1415,50.1856 -66.1309,50.1835 -66.1091,50.185 -66.0959,50.1846 -66.0872,50.1866 -66.0787,50.1899 -66.0755,50.1924 -66.0808,50.1935 -66.0833,50.1948 -66.0897,50.1949 -66.0914,50.1944 -66.0935,50.1944 -66.0963,50.1957 -66.1028,50.1979 -66.1072,50.2014 -66.1107,50.206 -66.111,50.2073 -66.1123,50.2095 -66.1138,50.2137 -66.1139,50.2156 -66.113,50.2203 -66.1131,50.2218 -66.1125,50.2233 -66.107,50.2307 -66.105,50.2325 -66.099,50.2361 -66.0976,50.2373 -66.0925,50.2389 -66.0907,50.2399 -66.0748,50.2464 -66.0706,50.2473 -66.0686,50.2471 -66.0643,50.2478 -66.0615,50.2487 -66.047,50.2518 -66.0378,50.2548 -66.0334,50.2575 -66.0311,50.2604 -66.0309,50.2614 -66.0312,50.2625 -66.0308,50.2628 -66.0319,50.2647 -66.0335,50.2662 -66.0353,50.2658 -66.0359,50.266 -66.036,50.2668 -66.0354,50.2671 -66.037,50.2693 -66.041,50.2698 -66.0464,50.2693 -66.0519,50.2673 -66.0576,50.2639 -66.0632,50.2592 -66.0738,50.2537 -66.0775,50.2527 -66.0825,50.252 -66.0905,50.2517 -66.0962,50.2523 -66.0986,50.2531 -66.1044,50.2541 -66.1075,50.2553 -66.1206,50.2573 -66.1211,50.2578 -66.1246,50.2584 -66.1297,50.2602 -66.1381,50.2611 -66.1424,50.262 -66.1457,50.2623 -66.152,50.2637 -66.1527,50.2641 -66.1547,50.2643 -66.1579,50.2653 -66.1652,50.2664 -66.1718,50.2679 -66.1767,50.2702 -66.1837,50.2724 -66.1896,50.2748 -66.194,50.2769 -66.1948,50.2776 -66.1964,50.2804 -66.1975,50.2835 -66.198,50.2899 -66.1971,50.2938 -66.1977,50.2953 -66.1976,50.2968 -66.1995,50.2975 -66.1999,50.2985 -66.1976,50.3003 -66.1968,50.302 -66.1967,50.303 -66.1976,50.3037 -66.1976,50.3045 -66.1986,50.3062 -66.2034,50.3078 -66.2038,50.3076 -66.2045,50.3079 -66.2039,50.3117 -66.2029,50.3127 -66.2013,50.3159 -66.2018,50.3165 -66.2018,50.3183 -66.2021,50.3191 -66.2013,50.3205 -66.2015,50.3214 -66.2011,50.3221 -66.2009,50.3249 -66.2005,50.3261 -66.2008,50.3296 -66.2002,50.331 -66.2002,50.3322 -66.1979,50.3343 -66.1975,50.3354 -66.1986,50.3375 -66.2029,50.3395 -66.2015,50.3409 -66.1991,50.3418 -66.1965,50.3439 -66.1956,50.3448 -66.1953,50.3461 -66.1948,50.3463 -66.1939,50.3478 -66.1927,50.3483 -66.1889,50.3514 -66.189,50.3518 -66.1882,50.3526 -66.1883,50.354 -66.188,50.3545 -66.1872,50.3554 -66.1858,50.3562 -66.1851,50.3575 -66.1844,50.3572 -66.1824,50.358 -66.1786,50.3607 -66.1781,50.3617 -66.1767,50.3632 -66.1726,50.3669 -66.1707,50.3691 -66.1706,50.3698 -66.1699,50.3703 -66.1688,50.3723 -66.1698,50.3744 -66.1701,50.3747 -66.1709,50.3745 -66.1701,50.3766 -66.17,50.3779 -66.1702,50.3789 -66.1712,50.3804 -66.1704,50.3835 -66.1714,50.3862 -66.1714,50.3882 -66.1687,50.3929 -66.168,50.3949 -66.166,50.3971 -66.1651,50.4 -66.1649,50.404 -66.1669,50.403 -66.1685,50.403 -66.1671,50.4033 -66.1642,50.4047 -66.1652,50.4054 -66.1741,50.408 -66.1748,50.4086 -66.176,50.409 -66.1771,50.4102 -66.1771,50.4117 -66.1766,50.4129 -66.1768,50.4137 -66.1764,50.4143 -66.1745,50.4158 -66.1739,50.4167 -66.1726,50.4169 -66.1728,50.4185 -66.1722,50.4173 -66.1711,50.417 -66.1675,50.4172 -66.1639,50.4177 -66.1622,50.4183 -66.1617,50.4188 -66.1617,50.4199 -66.1622,50.4214 -66.163,50.4221 -66.1657,50.4232 -66.1699,50.4255 -66.1729,50.4283 -66.1729,50.429 -66.1742,50.4309 -66.1744,50.4318 -66.1741,50.4338 -66.1742,50.436 -66.1737,50.4376 -66.174,50.4402 -66.1736,50.4417 -66.1707,50.4447 -66.1708,50.4471 -66.1714,50.4488 -66.1716,50.4507 -66.1721,50.4515 -66.1721,50.453 -66.1705,50.456 -66.1687,50.4575 -66.1682,50.4585 -66.1607,50.4624 -66.1593,50.464 -66.157,50.4658 -66.156,50.4677 -66.1554,50.4679 -66.1539,50.4693 -66.1511,50.4727 -66.1478,50.4753 -66.143,50.4769 -66.1412,50.4768 -66.1373,50.4773 -66.1336,50.4787 -66.1329,50.4795 -66.133,50.481 -66.1334,50.4819 -66.133,50.4822 -66.1337,50.4826 -66.1353,50.4852 -66.1352,50.4867 -66.1334,50.4887 -66.1288,50.491 -66.1258,50.4916 -66.1228,50.4908 -66.1185,50.4885 -66.1156,50.488 -66.1107,50.491 -66.1059,50.4919 -66.1038,50.4918 -66.1023,50.4921 -66.0997,50.4935 -66.0988,50.4951 -66.0968,50.4951 -66.0977,50.492 -66.1109,50.4885 -66.1112,50.4883 -66.1108,50.488 -66.1122,50.4873 -66.1127,50.4867 -66.1118,50.4861 -66.1119,50.4859 -66.1141,50.4861 -66.1155,50.4866 -66.116,50.4872 -66.1179,50.4871 -66.1209,50.4878 -66.1263,50.4895 -66.1291,50.4892 -66.1292,50.4886 -66.1277,50.4881 -66.1272,50.4868 -66.1257,50.4854 -66.1275,50.4829 -66.1292,50.4817 -66.13,50.4806 -66.1297,50.4802 -66.1298,50.4797 -66.1336,50.4777 -66.1338,50.4772 -66.1363,50.4761 -66.1389,50.4756 -66.1419,50.4755 -66.1476,50.4737 -66.1489,50.4724 -66.1501,50.4701 -66.1502,50.4692 -66.152,50.467 -66.1547,50.4648 -66.1563,50.4639 -66.1593,50.4609 -66.1664,50.4567 -66.1687,50.4542 -66.1683,50.4526 -66.1688,50.4517 -66.1687,50.45 -66.1683,50.4493 -66.1683,50.4472 -66.1679,50.4454 -66.1701,50.442 -66.1714,50.4382 -66.1717,50.4317 -66.1715,50.4311 -66.1708,50.4307 -66.1698,50.4277 -66.1664,50.4258 -66.1643,50.4251 -66.1618,50.4228 -66.16,50.4219 -66.1599,50.4222 -66.161,50.4229 -66.1608,50.4237 -66.16,50.4241 -66.1605,50.423 -66.1595,50.4223 -66.1595,50.4213 -66.159,50.42 -66.1595,50.4186 -66.16,50.4184 -66.1597,50.4179 -66.1611,50.4168 -66.1649,50.4159 -66.1681,50.4159 -66.1718,50.4152 -66.1736,50.4144 -66.1746,50.4133 -66.1752,50.412 -66.1749,50.4107 -66.1735,50.4096 -66.17,50.4089 -66.1677,50.4092 -66.167,50.4085 -66.1658,50.4083 -66.1633,50.4068 -66.1632,50.4063 -66.1624,50.4056 -66.1615,50.4054 -66.1607,50.4041 -66.1606,50.4002 -66.1619,50.3972 -66.1634,50.3961 -66.165,50.3943 -66.1658,50.394 -66.1665,50.3928 -66.1674,50.392 -66.1685,50.3887 -66.1682,50.3865 -66.1684,50.3845 -66.1673,50.3822 -66.1672,50.3813 -66.1662,50.3797 -66.166,50.3783 -66.1663,50.3775 -66.1652,50.3762 -66.1656,50.3721 -66.1703,50.3634 -66.1736,50.3598 -66.1804,50.3553 -66.1864,50.353 -66.1871,50.3515 -66.1884,50.3505 -66.19,50.3501 -66.1909,50.3484 -66.1914,50.3482 -66.1909,50.3478 -66.1916,50.3466 -66.1936,50.3451 -66.1947,50.3435 -66.1961,50.3433 -66.1985,50.3413 -66.1981,50.3407 -66.1982,50.3398 -66.197,50.3385 -66.1975,50.3366 -66.1966,50.3362 -66.1963,50.3352 -66.197,50.334 -66.1993,50.3318 -66.1993,50.3303 -66.1998,50.329 -66.1996,50.3254 -66.2008,50.3204 -66.2002,50.3191 -66.2006,50.3184 -66.2006,50.3165 -66.2013,50.3143 -66.202,50.3133 -66.2017,50.312 -66.2032,50.31 -66.2034,50.3087 -66.2032,50.3083 -66.2023,50.308 -66.1988,50.3073 -66.1943,50.3046 -66.194,50.3041 -66.1946,50.303 -66.1947,50.3019 -66.1962,50.3002 -66.1963,50.2979 -66.1953,50.2969 -66.1955,50.2953 -66.195,50.2944 -66.1948,50.2927 -66.1956,50.2915 -66.1947,50.2888 -66.1951,50.2871 -66.195,50.2848 -66.1945,50.2819 -66.1935,50.2805 -66.1885,50.2777 -66.1862,50.2759 -66.1836,50.2749 -66.1767,50.2731 -66.173,50.271 -66.1688,50.2694 -66.1558,50.2671 -66.151,50.2657 -66.1476,50.2656 -66.1422,50.2639 -66.1281,50.2623 -66.1174,50.2594 -66.1088,50.2579 -66.1064,50.2571 -66.1038,50.2568 -66.0961,50.2548 -66.0921,50.2545 -66.0867,50.2544 -66.083,50.2547 -66.0766,50.256 -66.0711,50.2581 -66.0699,50.2588 -66.0677,50.2613 -66.0648,50.2629 -66.0636,50.2639 -66.0595,50.269 -66.0531,50.2714 -66.049,50.2722 -66.046,50.2726 -66.0402,50.2727 -66.0374,50.2722 -66.0341,50.2711 -66.0305,50.2693 -66.0251,50.2651 -66.024,50.2646 -66.0226,50.2617 -66.0227,50.2606 -66.0247,50.2574 -66.0278,50.2549 -66.0284,50.254 -66.0307,50.2526 -66.0333,50.2515 -66.0361,50.2495 -66.04,50.2477 -66.0429,50.2468 -66.0486,50.2466 -66.0501,50.247 -66.051,50.2465 -66.0527,50.2462 -66.0544,50.245 -66.0576,50.2444 -66.0732,50.2379 -66.0778,50.2372 -66.0866,50.2323 -66.0946,50.2272 -66.0956,50.2261 -66.0965,50.2242 -66.0965,50.2227 -66.0958,50.2211 -66.0946,50.2197 -66.089,50.2167 -66.085,50.2155 -66.0794,50.2151 -66.0729,50.213 -66.0709,50.2128 -66.063,50.211 -66.0603,50.2112 -66.0591,50.2119 -66.0562,50.2122 -66.0568,50.2131 -66.0548,50.2142 -66.0517,50.2145 -66.0502,50.2141 -66.0501,50.2139 -66.0524,50.2115 -66.0529,50.2095 -66.0555,50.2087 -66.0558,50.2071 -66.0574,50.205 -66.0588,50.2042 -66.0629,50.2028 -66.0642,50.2014 -66.0646,50.1981 -66.0543,50.2021 -66.0489,50.208 -66.0441,50.2146 -66.0364,50.2241 -66.0348,50.2277 -66.0226,50.2419 -66.0145,50.2506 -66.0096,50.257 -66.0053,50.2617 -65.9515,50.2786 -65.8942,50.2729 -65.8193,50.2406 -65.8107,50.2419 -65.8077,50.2548 -65.7455,50.2485 -65.7039,50.2539 -65.6854,50.2478 -65.6473,50.2619 -65.6179,50.2612 -65.5885,50.2684 -65.5355,50.2667 -65.5023,50.2794 -65.3918,50.2923 -65.2958,50.2893 -65.257,50.294 -65.2464,50.2897 -65.2326,50.2965 -65.2165,50.2803 -65.1033,50.2796 -64.9677,50.2629 -64.9238,50.271 -64.9174,50.2678 -64.9121,50.2639 -64.9073,50.2643 -64.8993,50.2637 -64.8991,50.2579 -64.8547,50.2559 -64.777,50.2682 -64.6179,50.27 -64.6076,50.2781 -64.5192,50.2835 -64.4874,50.3069 -64.449,50.3164 -64.4093,50.3074 -64.3495,50.2815 -64.3195,50.2929 -64.328,50.2807 -64.3218,50.2755 -64.1572,50.2544 -64.0781,50.2904 -64.0603,50.2893 -64.0552,50.2878 -64.0503,50.2873 -64.0178,50.2888 -64.0128,50.2917 -64.0084,50.2947 -64.0009,50.2979 -63.9951,50.2984 -63.9918,50.2979 -63.9901,50.2968 -63.9878,50.296 -63.9845,50.2943 -63.9811,50.2944 -63.9782,50.2955 -63.9762,50.2956 -63.9733,50.2947 -63.9713,50.2934 -63.9693,50.2927 -63.9673,50.2925 -63.9641,50.293 -63.9075,50.2962 -63.9065,50.2961 -63.9047,50.2953 -63.9019,50.2951 -63.9005,50.2953 -63.8993,50.2962 -63.8981,50.2964 -63.8968,50.2963 -63.8899,50.2972 -63.8744,50.2981 -63.8511,50.29 -63.8423,50.3 -63.8363,50.3012 -63.8239,50.302 -63.8205,50.3031 -63.8161,50.3024 -63.8137,50.3008 -63.8131,50.3008 -63.813,50.3001 -63.8121,50.2996 -63.8122,50.2987 -63.8113,50.2988 -63.8111,50.2984 -63.8097,50.2977 -63.8085,50.2978 -63.8083,50.2961 -63.8071,50.2965 -63.8061,50.2962 -63.804,50.2972 -63.8031,50.2971 -63.8029,50.2966 -63.8032,50.2964 -63.8058,50.2953 -63.8059,50.2944 -63.8033,50.2947 -63.8026,50.2952 -63.8005,50.2946 -63.7973,50.295 -63.7966,50.2955 -63.7939,50.2955 -63.7911,50.2964 -63.7904,50.2962 -63.7901,50.2957 -63.7905,50.2949 -63.791,50.2948 -63.7918,50.2952 -63.7922,50.2949 -63.7943,50.2948 -63.795,50.2944 -63.795,50.2932 -63.796,50.2919 -63.7974,50.2913 -63.7971,50.2908 -63.7959,50.2906 -63.7961,50.2903 -63.7965,50.29 -63.7974,50.2901 -63.7977,50.2895 -63.7985,50.2895 -63.7986,50.2888 -63.7996,50.2882 -63.7994,50.2876 -63.7999,50.2874 -63.8007,50.2877 -63.8012,50.287 -63.8009,50.2861 -63.8,50.2854 -63.7978,50.2855 -63.7964,50.2846 -63.7936,50.2845 -63.7929,50.2841 -63.7921,50.2845 -63.7925,50.2853 -63.7924,50.286 -63.7946,50.2861 -63.7947,50.2864 -63.7932,50.2869 -63.7906,50.2869 -63.7899,50.2862 -63.7892,50.286 -63.7891,50.2858 -63.7897,50.2857 -63.7893,50.2848 -63.7877,50.2852 -63.7878,50.2843 -63.7892,50.2836 -63.7886,50.2829 -63.787,50.2835 -63.7865,50.2834 -63.7849,50.2845 -63.7528,50.29 -63.7028,50.2823 -63.6987,50.2804 -63.6885,50.2726 -63.671,50.2511 -63.6682,50.2464 -63.6676,50.2464 -63.6505,50.2561 -63.6239,50.2557 -63.6161,50.2509 -63.6136,50.2373 -63.6116,50.2371 -63.6114,50.2375 -63.6097,50.2377 -63.609,50.2375 -63.6093,50.2369 -63.6062,50.2365 -63.6054,50.2369 -63.6,50.238 -63.5893,50.2413 -63.5846,50.2433 -63.5738,50.2497 -63.56,50.2541 -63.5493,50.2557 -63.5304,50.2565 -63.5161,50.2557 -63.5028,50.2526 -63.4829,50.252 -63.4654,50.247 -63.4466,50.2033 -63.4049,50.2002 -63.3938,50.2025 -63.3839,50.2218 -63.3639,50.2336 -63.3383,50.2245 -63.3262,50.2288 -63.2832,50.223 -63.2602,50.228 -63.2233,50.2185 -63.2221,50.2385 -63.2217,50.2386 -63.213,50.236 -63.1586,50.2532 -63.1897,50.2725 -63.1786,50.2826 -63.1467,50.2856 -63.1196,50.2831 -63.108,50.2752 -63.0541,50.2725 -63.0327,50.2853 -63.0477,50.2951 -63.027,50.2972 -63.0175,50.3081 -62.9827,50.3082 -62.978,50.3061 -62.9752,50.304 -62.9705,50.2979 -62.9718,50.2962 -62.975,50.2931 -62.9824,50.2864 -62.9765,50.2822 -62.9343,50.2762 -62.8845,50.2879 -62.8648,50.2746 -62.8431,50.2741 -62.829,50.2731 -62.8198,50.2757 -62.808,50.2826 -62.8049,50.286 -62.8,50.2823 -62.7876,50.2871 -62.7841,50.2939 -62.7774,50.298 -62.7771,50.2977 -62.7778,50.2926 -62.7764,50.2896 -62.7694,50.2883 -62.7639,50.2908 -62.7618,50.2929 -62.759,50.2947 -62.7557,50.296 -62.7444,50.2981 -62.7345,50.301 -62.7307,50.3024 -62.7269,50.3045 -62.7238,50.3043 -62.7231,50.304 -62.7261,50.3006 -62.734,50.2971 -62.747,50.2901 -62.7544,50.2871 -62.7587,50.285 -62.7615,50.2833 -62.7647,50.2807 -62.7701,50.2782 -62.775,50.2749 -62.7763,50.2715 -62.7722,50.2718 -62.7612,50.2778 -62.7581,50.2784 -62.7547,50.2779 -62.7507,50.2745 -62.7268,50.2726 -62.7222,50.2705 -62.7208,50.2671 -62.7117,50.2703 -62.7033,50.2725 -62.7007,50.2724 -62.6969,50.269 -62.6915,50.2684 -62.6884,50.269 -62.6866,50.2682 -62.6869,50.2658 -62.6834,50.2649 -62.6778,50.2663 -62.6714,50.2687 -62.6684,50.2708 -62.6643,50.2723 -62.6584,50.2711 -62.6523,50.2708 -62.648,50.2711 -62.6435,50.2701 -62.6371,50.2675 -62.6323,50.2668 -62.6175,50.2651 -62.607,50.2649 -62.6057,50.265 -62.5976,50.2683 -62.5925,50.2687 -62.5901,50.2681 -62.5826,50.2682 -62.579,50.2675 -62.5468,50.2742 -62.5275,50.271 -62.5126,50.2601 -62.508,50.2613 -62.5069,50.2638 -62.5029,50.2684 -62.4882,50.2657 -62.4835,50.2632 -62.4758,50.2619 -62.4751,50.2586 -62.474,50.2575 -62.4672,50.2551 -62.4626,50.2547 -62.4494,50.2557 -62.4415,50.259 -62.4355,50.2627 -62.436,50.2651 -62.4277,50.2687 -62.4252,50.273 -62.423,50.2755 -62.4199,50.2773 -62.4182,50.2808 -62.417,50.2808 -62.4119,50.2794 -62.4075,50.2794 -62.4075,50.2765 -62.4093,50.2727 -62.4088,50.2655 -62.4037,50.2604 -62.4003,50.2601 -62.3958,50.2622 -62.3947,50.2644 -62.3916,50.2684 -62.3838,50.2677 -62.369,50.2642 -62.3652,50.2646 -62.354,50.2689 -62.3512,50.2725 -62.3451,50.2736 -62.333,50.2689 -62.324,50.2642 -62.3204,50.2628 -62.3178,50.2606 -62.3173,50.2568 -62.3111,50.2536 -62.3008,50.2535 -62.2951,50.2574 -62.2796,50.2577 -62.2376,50.2408 -62.2333,50.238 -62.2246,50.2352 -62.2194,50.2327 -62.2106,50.2308 -62.1697,50.2359 -62.1593,50.2362 -62.1486,50.2339 -62.1421,50.2329 -62.1354,50.2302 -62.1268,50.2285 -62.1218,50.2255 -62.1206,50.2232 -62.111,50.2226 -62.0901,50.2194 -62.0803,50.2184 -62.0664,50.2215 -62.0622,50.222 -62.0554,50.2219 -62.0489,50.2201 -62.0482,50.2204 -62.0376,50.2198 -62.0362,50.2219 -62.027,50.2217 -62.0222,50.2228 -62.0245,50.2198 -62.0249,50.2162 -62.0201,50.2146 -62.014,50.2156 -62.0142,50.2176 -62.0112,50.2173 -62.0107,50.2151 -62.0084,50.2125 -62.0044,50.2107 -62.002,50.2102 -62.0019,50.2091 -61.9988,50.2102 -61.9976,50.2113 -61.9945,50.2128 -61.9893,50.2135 -61.9844,50.215 -61.9816,50.2165 -61.9792,50.2205 -61.9788,50.2217 -61.9774,50.2228 -61.9634,50.2253 -61.9597,50.2238 -61.9515,50.2182 -61.947,50.2185 -61.9426,50.2182 -61.9405,50.217 -61.9392,50.2157 -61.9354,50.2131 -61.9326,50.2123 -61.9278,50.215 -61.9259,50.2167 -61.9239,50.2204 -61.9208,50.2221 -61.9143,50.2208 -61.9121,50.2193 -61.9126,50.2154 -61.9117,50.2141 -61.9033,50.2077 -61.898,50.2081 -61.8919,50.2074 -61.8891,50.2094 -61.8872,50.2114 -61.8858,50.2135 -61.8834,50.2157 -61.8789,50.2178 -61.8749,50.2171 -61.8702,50.2124 -61.861,50.2121 -61.8593,50.2103 -61.8709,50.2059 -61.874,50.2037 -61.8723,50.1986 -61.8667,50.1946 -61.8616,50.1951 -61.8527,50.1946 -61.8506,50.1939 -61.848,50.1913 -61.8467,50.1909 -61.8449,50.189 -61.8417,50.1885 -61.8406,50.1887 -61.8386,50.1898 -61.8378,50.1896 -61.8358,50.1868 -61.8317,50.1825 -61.8281,50.1796 -61.8246,50.1783 -61.8203,50.1747 -61.8164,50.1703 -61.8147,50.1657 -61.8118,50.1604 -61.8103,50.1483 -61.8103,50.1447 -61.8108,50.1418 -61.8138,50.1323 -61.8141,50.1294 -61.8139,50.1292 -61.81,50.1262 -61.8053,50.1264 -61.8005,50.1258 -61.7922,50.1265 -61.7916,50.1231 -61.7803,50.1227 -61.7615,50.1232 -61.7378,50.1265 -61.7214,50.1354 -61.713,50.1387 -61.702,50.1405 -61.6908,50.1457 -61.677,50.1468 -61.6463,50.144 -61.6399,50.1446 -61.6304,50.1486 -61.6226,50.1581 -61.6163,50.1625 -61.6017,50.1823 -61.5932,50.1834 -61.5895,50.1881 -61.5891,50.1887 -61.5932,50.1961 -61.592,50.2019 -61.5868,50.2065 -61.5818,50.2173 -61.5759,50.2201 -61.5749,50.2245 -61.5718,50.2261 -61.5698,50.2302 -61.5744,50.2426 -61.5785,50.2459 -61.5977,50.2464 -61.6053,50.2483 -61.6275,50.2512 -61.637,50.2573 -61.6463,50.2578 -61.6506,50.2598 -61.652,50.2705 -61.6464,50.2736 -61.645,50.2848 -61.6402,50.2909 -61.6127,50.3088 -61.6163,50.3112 -61.6238,50.3118 -61.6509,50.3112 -61.6543,50.3148 -61.6666,50.3211 -61.6731,50.3431 -61.6662,50.3494 -61.6677,50.3531 -61.6739,50.3562 -61.6773,50.3602 -61.6776,50.3794 -61.6884,50.4024 -61.684,50.4093 -61.6935,50.4169 -61.7022,50.4191 -61.7083,50.4183 -61.718,50.4218 -61.721,50.4257 -61.7181,50.4426 -61.705,50.457 -61.7015,50.4799 -61.707,50.4944 -61.702,50.5046 -61.7059,50.5141 -61.7002,50.5328 -61.6988,50.5462 -61.7047,50.5621 -61.7018,50.5697 -61.7031,50.5777 -61.6931,50.599 -61.6884,50.6286 -61.6789,50.6427 -61.682,50.6504 -61.6807,50.6548 -61.675,50.6571 -61.6723,50.6608 -61.6766,50.6695 -61.6731,50.6835 -61.6656,50.6945 -61.6633,50.702 -61.6627,50.7042 -61.6628,50.7179 -61.6575,50.7216 -61.6456,50.7225 -61.632,50.7332 -61.6307,50.7377 -61.6328,50.7475 -61.6366,50.7516 -61.6533,50.7557 -61.6705,50.7644 -61.691,50.7819 -61.7001,50.7958 -61.7036,50.8327 -61.7016,50.8376 -61.709,50.8541 -61.7035,50.8703 -61.7031,50.8705 -61.6979,50.8667 -61.6943,50.8562 -61.6974,50.8427 -61.6953,50.8324 -61.6967,50.8216 -61.6942,50.8121 -61.6964,50.8022 -61.6943,50.7956 -61.68,50.7787 -61.6594,50.7652 -61.6394,50.7614 -61.6343,50.758 -61.6173,50.7356 -61.6232,50.7287 -61.6413,50.7207 -61.6451,50.7163 -61.6483,50.7048 -61.6569,50.6946 -61.6608,50.6816 -61.6663,50.673 -61.6674,50.6646 -61.6646,50.6459 -61.6676,50.639 -61.6773,50.6292 -61.6843,50.5944 -61.694,50.5725 -61.6943,50.5602 -61.6918,50.5502 -61.6876,50.5438 -61.684,50.5432 -61.6891,50.5356 -61.6899,50.5173 -61.695,50.5003 -61.6857,50.489 -61.6908,50.4627 -61.7081,50.435 -61.7096,50.4267 -61.706,50.423 -61.6908,50.4204 -61.6831,50.4161 -61.6768,50.4096 -61.6805,50.4009 -61.6773,50.3936 -61.6673,50.3823 -61.6643,50.3568 -61.6545,50.3519 -61.6646,50.3364 -61.6593,50.3262 -61.6546,50.3242 -61.6479,50.3168 -61.624,50.3175 -61.6164,50.3156 -61.6014,50.3146 -61.5988,50.3117 -61.6134,50.2978 -61.6284,50.2942 -61.6345,50.2891 -61.6384,50.2787 -61.6319,50.2653 -61.6267,50.2608 -61.6135,50.2599 -61.5904,50.2515 -61.5808,50.2518 -61.5713,50.2456 -61.5645,50.2443 -61.5584,50.2407 -61.5553,50.2337 -61.5583,50.2265 -61.5641,50.2192 -61.5701,50.2173 -61.58,50.2062 -61.5851,50.1873 -61.5834,50.1796 -61.5769,50.1756 -61.5746,50.1717 -61.5773,50.1536 -61.5863,50.1462 -61.615,50.1415 -61.6324,50.133 -61.6666,50.1335 -61.6771,50.1303 -61.6913,50.1292 -61.7081,50.1219 -61.7285,50.1159 -61.7378,50.108 -61.7546,50.1007 -61.783,50.1007 -61.7952,50.1028 -61.7972,50.1009 -61.7976,50.1009 -61.798,50.1012 -61.7993,50.1071 -61.805,50.1071 -61.8096,50.1066 -61.8077,50.1045 -61.7993,50.1 -61.7894,50.0952 -61.7721,50.0888 -61.7632,50.0863 -61.7447,50.0814 -61.7356,50.0806 -61.7268,50.0824 -61.7089,50.0873 -61.7047,50.0871 -61.5531,50.1313 -61.5332,50.1422 -61.5246,50.1447 -61.5018,50.1503 -61.4793,50.1551 -61.4746,50.1555 -61.4652,50.1582 -61.444,50.1652 -61.4322,50.1685 -61.4239,50.1695 -61.4005,50.168 -61.3911,50.169 -61.3833,50.1705 -61.3774,50.172 -61.3721,50.1719 -61.3685,50.1731 -61.364,50.1727 -61.3588,50.1728 -61.3524,50.1735 -61.3493,50.1759 -61.3489,50.1797 -61.3446,50.1799 -61.3351,50.1815 -61.3287,50.1867 -61.325,50.1873 -61.3219,50.1853 -61.3177,50.185 -61.3138,50.1876 -61.3114,50.1881 -61.302,50.1887 -61.2919,50.1861 -61.2911,50.1855 -61.2885,50.1846 -61.28,50.1843 -61.2794,50.1841 -61.2787,50.1783 -61.2816,50.1749 -61.2816,50.1734 -61.2745,50.1731 -61.2707,50.1711 -61.2651,50.1732 -61.2638,50.1773 -61.2604,50.1829 -61.2638,50.1846 -61.2684,50.1849 -61.2716,50.1862 -61.2706,50.1895 -61.2644,50.1924 -61.2583,50.1938 -61.2506,50.1913 -61.2464,50.1921 -61.2428,50.1922 -61.2361,50.1902 -61.2313,50.1923 -61.2273,50.1929 -61.2249,50.1925 -61.2224,50.1937 -61.2193,50.1958 -61.2152,50.1941 -61.2154,50.1915 -61.1823,50.1801 -61.1724,50.1867 -61.1823,50.2008 -61.175,50.2049 -61.1589,50.1925 -61.1145,50.1882 -61.1025,50.2046 -61.0669,50.1873 -61.0655,50.2011 -61.0473,50.2147 -61.0469,50.2146 -61.0434,50.2109 -61.0427,50.2108 -61.032,50.2243 -60.9999,50.21 -60.9745,50.2087 -60.9636,50.2282 -60.9681,50.2348 -60.9932,50.2292 -61.0301,50.2571 -61.0231,50.2596 -61.01,50.2573 -60.9877,50.2365 -60.9372,50.2504 -60.9037,50.2472 -60.9036,50.247 -60.9143,50.2411 -60.9432,50.2419 -60.9361,50.2269 -60.9511,50.221 -60.9553,50.2098 -60.9399,50.1913 -60.9395,50.1912 -60.9273,50.1989 -60.9277,50.2059 -60.9289,50.2171 -60.9287,50.2176 -60.9277,50.2177 -60.9131,50.2126 -60.8905,50.2185 -60.8438,50.2505 -60.8073,50.2622 -60.8174,50.2731 -60.8451,50.2767 -60.8677,50.3003 -60.8593,50.3021 -60.8343,50.292 -60.8194,50.2993 -60.8018,50.286 -60.777,50.2942 -60.7616,50.2863 -60.7378,50.2905 -60.7376,50.2903 -60.7506,50.2796 -60.7865,50.2735 -60.7848,50.2496 -60.8267,50.2142 -60.8042,50.2016 -60.788,50.209 -60.7666,50.2368 -60.7324,50.2447 -60.7249,50.2423 -60.7353,50.2218 -60.7352,50.2214 -60.697,50.2268 -60.6923,50.2222 -60.6898,50.2132 -60.6774,50.2096 -60.6699,50.209 -60.6696,50.21 -60.6711,50.2108 -60.6738,50.2114 -60.6743,50.2121 -60.6743,50.2128 -60.6737,50.2136 -60.67,50.214 -60.662,50.2159 -60.6591,50.2162 -60.6546,50.2172 -60.6516,50.2168 -60.6508,50.2176 -60.6479,50.2183 -60.642,50.2178 -60.6411,50.218 -60.6412,50.2199 -60.6451,50.2207 -60.6463,50.2217 -60.6456,50.2257 -60.6432,50.2281 -60.6382,50.2366 -60.6371,50.2398 -60.6324,50.2455 -60.6407,50.254 -60.649,50.2595 -60.6518,50.2657 -60.6476,50.2733 -60.6416,50.2754 -60.6377,50.2788 -60.6465,50.2929 -60.6502,50.3087 -60.6496,50.3174 -60.6447,50.3256 -60.6394,50.3275 -60.6305,50.3271 -60.6256,50.3344 -60.6089,50.3426 -60.5765,50.3554 -60.5705,50.3591 -60.5606,50.3717 -60.5478,50.3791 -60.5389,50.3809 -60.53,50.381 -60.5257,50.3828 -60.5161,50.3913 -60.5083,50.392 -60.4998,50.3966 -60.4933,50.3964 -60.4883,50.3941 -60.4818,50.3878 -60.4646,50.3791 -60.4599,50.3776 -60.4528,50.3783 -60.4492,50.3817 -60.451,50.3865 -60.4497,50.3908 -60.4393,50.3954 -60.4209,50.4197 -60.4178,50.4257 -60.4043,50.4403 -60.395,50.4474 -60.3915,50.4552 -60.3941,50.4644 -60.4106,50.4716 -60.421,50.4743 -60.4317,50.4748 -60.4435,50.4784 -60.4437,50.4788 -60.4207,50.4789 -60.4178,50.4768 -60.397,50.4705 -60.3876,50.4637 -60.3868,50.452 -60.3914,50.4442 -60.4003,50.4346 -60.416,50.4227 -60.4233,50.4076 -60.4329,50.3962 -60.4464,50.387 -60.4463,50.3769 -60.4524,50.373 -60.4581,50.3725 -60.4696,50.3791 -60.4843,50.3827 -60.4925,50.3898 -60.4965,50.3905 -60.5058,50.3895 -60.5221,50.3812 -60.531,50.3778 -60.545,50.3768 -60.5549,50.3703 -60.564,50.3573 -60.6188,50.3342 -60.6244,50.3266 -60.6311,50.3234 -60.6393,50.322 -60.6429,50.3192 -60.6456,50.313 -60.6459,50.3073 -60.64,50.2898 -60.6317,50.2802 -60.6331,50.2761 -60.6444,50.2701 -60.6465,50.2657 -60.6443,50.2605 -60.6356,50.2549 -60.627,50.245 -60.6288,50.2419 -60.6283,50.2171 -60.6073,50.204 -60.5555,50.2145 -60.5441,50.2317 -60.4942,50.2591 -60.494,50.2589 -60.4999,50.2459 -60.4929,50.2412 -60.4475,50.2477 -60.4473,50.2474 -60.4514,50.237 -60.4373,50.2331 -60.413,50.2454 -60.3771,50.22 -60.3685,50.2338 -60.3509,50.2365 -60.3423,50.2126 -60.3416,50.2125 -60.3309,50.2196 -60.3299,50.2413 -60.3162,50.2401 -60.3161,50.2273 -60.3157,50.2272 -60.31,50.2345 -60.2966,50.2503 -60.2941,50.2592 -60.304,50.2642 -60.2939,50.2789 -60.2932,50.2789 -60.2926,50.2785 -60.2842,50.2675 -60.2759,50.2573 -60.2751,50.2574 -60.271,50.2606 -60.2519,50.2732 -60.2445,50.2708 -60.2601,50.2516 -60.2864,50.237 -60.2858,50.2324 -60.2583,50.2301 -60.199,50.2809 -60.1865,50.2847 -60.1786,50.2786 -60.1538,50.2877 -60.1536,50.2794 -60.1834,50.2582 -60.1683,50.2516 -60.1422,50.274 -60.1417,50.2738 -60.1332,50.2652 -60.1868,50.2221 -60.191,50.219 -60.1909,50.2187 -60.1901,50.2187 -60.184,50.2205 -60.1547,50.2278 -60.1516,50.2197 -60.1662,50.2038 -60.1573,50.2006 -60.1337,50.2201 -60.1228,50.2432 -60.0937,50.2464 -60.0933,50.232 -60.0936,50.2301 -60.0933,50.2299 -60.0924,50.2301 -60.0799,50.2448 -60.0563,50.2454 -60.0597,50.2304 -60.0595,50.2297 -60.0589,50.2295 -60.0549,50.2323 -60.0501,50.2351 -60.0284,50.2334 -60.031,50.2563 -60.0068,50.2832 -59.9966,50.2818 -60.0067,50.2622 -60.0109,50.2547 -59.988,50.2545 -59.978,50.3211 -59.9852,50.3304 -60.0017,50.3289 -60.0102,50.3386 -60.0043,50.3564 -59.9951,50.359 -59.9848,50.3498 -59.9647,50.3499 -59.9676,50.3337 -59.9674,50.3333 -59.9389,50.3458 -59.9302,50.3431 -59.9641,50.2851 -59.9583,50.2815 -59.9361,50.2862 -59.9362,50.2852 -59.9389,50.2827 -59.9552,50.2622 -59.9416,50.254 -59.9029,50.299 -59.887,50.291 -59.8779,50.2932 -59.808,50.3309 -59.8028,50.3426 -59.8143,50.3494 -59.8269,50.3457 -59.8177,50.3346 -59.8432,50.3242 -59.8541,50.332 -59.8487,50.3415 -59.8621,50.3468 -59.8671,50.3483 -59.8675,50.3489 -59.8668,50.3495 -59.8506,50.3523 -59.8154,50.3595 -59.8162,50.3664 -59.8622,50.3592 -59.886,50.3694 -59.8864,50.3699 -59.8862,50.3702 -59.8831,50.3707 -59.8453,50.3825 -59.8525,50.396 -59.8231,50.4102 -59.7862,50.4551 -59.7758,50.4523 -59.7874,50.4329 -59.7641,50.4308 -59.7454,50.4336 -59.7277,50.448 -59.7113,50.4427 -59.6984,50.4566 -59.6827,50.4518 -59.6578,50.4641 -59.6559,50.4655 -59.6551,50.4655 -59.6549,50.4652 -59.6546,50.4639 -59.6518,50.4578 -59.6281,50.4601 -59.6079,50.467 -59.5919,50.5008 -59.6238,50.5435 -59.6048,50.5623 -59.5924,50.5614 -59.6055,50.5392 -59.5782,50.5009 -59.5822,50.4754 -59.582,50.475 -59.5815,50.475 -59.5754,50.4795 -59.5598,50.4901 -59.5516,50.5227 -59.5144,50.5187 -59.5076,50.5512 -59.4941,50.561 -59.4782,50.5607 -59.4693,50.5735 -59.4607,50.6171 -59.4581,50.6196 -59.4556,50.6226 -59.454,50.6227 -59.4523,50.6208 -59.4414,50.6119 -59.4218,50.626 -59.4273,50.652 -59.4373,50.6605 -59.4401,50.6621 -59.4508,50.6588 -59.4675,50.6578 -59.4848,50.6594 -59.4972,50.6665 -59.519,50.6701 -59.543,50.6666 -59.5508,50.6667 -59.5911,50.6717 -59.6022,50.7115 -59.6266,50.7293 -59.6217,50.7309 -59.6205,50.7316 -59.5697,50.7128 -59.5845,50.6947 -59.5732,50.6775 -59.5241,50.677 -59.479,50.6692 -59.4347,50.6756 -59.4023,50.6484 -59.346,50.6576 -59.3306,50.682 -59.3281,50.6866 -59.3182,50.7016 -59.3006,50.698 -59.2361,50.6778 -59.2475,50.7006 -59.2585,50.7241 -59.2616,50.752 -59.2379,50.7547 -59.2352,50.742 -59.2091,50.7273 -59.1926,50.7445 -59.219,50.7559 -59.2192,50.7564 -59.2186,50.7568 -59.21,50.7566 -59.1873,50.7571 -59.1406,50.7778 -59.1203,50.7707 -59.1163,50.7632 -59.1129,50.756 -59.1124,50.7558 -59.112,50.7561 -59.112,50.7578 -59.1062,50.7827 -59.1295,50.7837 -59.13,50.7841 -59.1123,50.794 -59.1072,50.8338 -59.0878,50.852 -59.0998,50.8718 -59.0597,50.8954 -59.049,50.8888 -59.0518,50.8639 -59.0746,50.8511 -59.0853,50.8166 -59.0975,50.8074 -59.088,50.7751 -59.0353,50.7375 -59.0091,50.7371 -59.0091,50.7374 -59.0249,50.7439 -59.0294,50.749 -59.0326,50.7548 -59.0297,50.7599 -59.0296,50.7617 -59.0405,50.7659 -59.0511,50.7738 -59.0581,50.7818 -59.0483,50.7849 -59.0382,50.7785 -59.0388,50.7759 -59.0383,50.7715 -59.0373,50.7704 -59.0338,50.7689 -59.0251,50.7703 -59.0221,50.7684 -59.0139,50.7756 -59.0045,50.7849 -59,50.7899 -58.9843,50.7927 -58.9538,50.826 -58.9502,50.8364 -58.9586,50.8401 -58.9766,50.8421 -58.9771,50.8426 -58.9774,50.8443 -58.9785,50.8459 -58.9834,50.8719 -58.9534,50.8702 -58.9493,50.8819 -58.9552,50.882 -58.9684,50.8909 -58.9663,50.9015 -58.9623,50.9385 -58.983,50.9409 -58.95,50.9891 -58.9625,50.9983 -59.034,50.9653 -59.0439,50.9691 -59.0473,50.9906 -59.0433,50.9958 -59.0426,50.9959 -59.0272,50.9863 -58.9953,50.9971 -58.9995,51.0117 -58.9683,51.0142 -58.9669,51.0313 -58.9502,51.0323 -58.8919,51.0566 -58.8808,51.032 -58.9041,51.0146 -58.9112,50.9872 -58.8949,50.9846 -58.8607,51.0028 -58.864,51.0151 -58.8244,51.0312 -58.8217,51.0529 -58.8357,51.0428 -58.8575,51.0416 -58.8637,51.0464 -58.8387,51.0611 -58.8358,51.0782 -58.8307,51.0804 -58.8298,51.0804 -58.8293,51.0796 -58.8268,51.0716 -58.8255,51.0657 -58.8252,51.0654 -58.8245,51.0654 -58.8197,51.073 -58.7999,51.0698 -58.7923,51.1029 -58.7919,51.1028 -58.7858,51.0934 -58.7809,51.0866 -58.7627,51.0881 -58.7539,51.0971 -58.7201,51.1038 -58.6737,51.1274 -58.6663,51.1442 -58.6592,51.1463 -58.654,51.1373 -58.6455,51.1408 -58.6099,51.1718 -58.5787,51.1788 -58.5688,51.1806 -58.5694,51.1811 -58.6292,51.1928 -58.6423,51.2071 -58.6403,51.2086 -58.6372,51.2122 -58.6405,51.2151 -58.6443,51.2163 -58.6503,51.2158 -58.6719,51.2394 -58.6777,51.2562 -58.659,51.3144 -58.6699,51.3654 -58.6734,51.3803 -58.6731,51.3808 -58.6723,51.3802 -58.6652,51.3654 -58.6427,51.3228 -58.6563,51.252 -58.6575,51.2505 -58.6581,51.2488 -58.6583,51.2462 -58.6578,51.2441 -58.6591,51.2373 -58.6542,51.2269 -58.6473,51.2201 -58.6268,51.2255 -58.6158,51.2357 -58.6159,51.2545 -58.6324,51.2687 -58.6221,51.2774 -58.6106,51.28 -58.5959,51.2621 -58.5867,51.2301 -58.5863,51.2299 -58.5857,51.2302 -58.5829,51.2491 -58.5809,51.2589 -58.5803,51.2589 -58.579,51.2567 -58.5656,51.2419 -58.5644,51.2419 -58.5601,51.2481 -58.5447,51.2655 -58.4696,51.3107 -58.4597,51.3064 -58.4293,51.3138 -58.4122,51.3101 -58.4117,51.2853 -58.4038,51.2786 -58.4024,51.2786 -58.3864,51.2954 -58.3856,51.2958 -58.3845,51.2953 -58.3797,51.2879 -58.3739,51.2809 -58.3575,51.2878 -58.2882,51.2645 -58.2803,51.2767 -58.3008,51.2964 -58.2763,51.3022 -58.2761,51.3025 -58.2766,51.3034 -58.2956,51.3154 -58.2955,51.3157 -58.2948,51.316 -58.2764,51.3146 -58.2571,51.3138 -58.2659,51.3218 -58.2867,51.3244 -58.2906,51.3381 -58.3069,51.3487 -58.3274,51.3477 -58.3292,51.3527 -58.3267,51.3684 -58.3081,51.3706 -58.3008,51.3759 -58.2844,51.3851 -58.2582,51.3893 -58.2541,51.3825 -58.2722,51.3792 -58.2941,51.3636 -58.2939,51.3631 -58.2928,51.3628 -58.2858,51.3618 -58.2752,51.3593 -58.281,51.3481 -58.2676,51.3346 -58.2376,51.3268 -58.2428,51.2875 -58.2203,51.2684 -58.2192,51.2675 -58.2185,51.2676 -58.2089,51.2995 -58.2057,51.3125 -58.2049,51.3129 -58.1967,51.3104 -58.1967,51.269 -58.1807,51.2708 -58.1421,51.3087 -58.1321,51.3453 -58.1222,51.343 -58.1375,51.2839 -58.1319,51.2777 -58.0849,51.2992 -58.0718,51.2986 -58.0601,51.3473 -58.0479,51.3623 -58.0381,51.3594 -58.0496,51.3098 -58.0413,51.3073 -58.0228,51.3169 -58.0223,51.3169 -58.0215,51.3163 -58.0213,51.3122 -58.02,51.3083 -58.0127,51.3089 -58.0051,51.316 -57.986,51.317 -57.9352,51.351 -57.8853,51.3651 -57.8807,51.385 -57.8194,51.4072 -57.8176,51.4183 -57.816,51.4211 -57.8144,51.4223 -57.8152,51.4244 -57.8158,51.4274 -57.815,51.4288 -57.8117,51.4305 -57.773,51.4363 -57.7729,51.4356 -57.7786,51.431 -57.7955,51.4138 -57.7927,51.4047 -57.7704,51.3932 -57.7677,51.4168 -57.7755,51.4244 -57.748,51.4462 -57.7563,51.4622 -57.7557,51.4629 -57.7508,51.4683 -57.738,51.4688 -57.7288,51.4686 -57.721,51.4705 -57.7168,51.4727 -57.7148,51.4712 -57.7149,51.4693 -57.7167,51.4678 -57.7193,51.4666 -57.718,51.4659 -57.714,51.4651 -57.7122,51.4667 -57.7114,51.469 -57.7103,51.4704 -57.7072,51.4714 -57.7038,51.4731 -57.7022,51.4725 -57.7021,51.4716 -57.7016,51.4715 -57.7007,51.472 -57.7,51.4735 -57.6976,51.4738 -57.6978,51.475 -57.697,51.4754 -57.6964,51.4772 -57.6965,51.4779 -57.6956,51.4785 -57.6961,51.4792 -57.696,51.4795 -57.6946,51.4798 -57.6946,51.481 -57.694,51.4813 -57.6945,51.4819 -57.694,51.483 -57.6929,51.4831 -57.6927,51.4841 -57.6936,51.4842 -57.6937,51.4847 -57.6947,51.485 -57.6948,51.4855 -57.6941,51.4862 -57.6946,51.4867 -57.6957,51.4869 -57.6962,51.4864 -57.698,51.4863 -57.6986,51.4858 -57.6991,51.4858 -57.7025,51.4832 -57.704,51.4833 -57.7045,51.4837 -57.7041,51.4844 -57.7025,51.4856 -57.7036,51.4862 -57.7057,51.4857 -57.7069,51.4875 -57.7069,51.4886 -57.7078,51.4894 -57.7108,51.4969 -57.7142,51.4982 -57.7073,51.5071 -57.7204,51.5164 -57.7216,51.5496 -57.6824,51.6067 -57.678,51.614 -57.6773,51.6142 -57.6766,51.6141 -57.671,51.6088 -57.7017,51.5634 -57.6968,51.5303 -57.6749,51.5019 -57.6777,51.4942 -57.6779,51.4928 -57.6785,51.4929 -57.6806,51.4912 -57.681,51.49 -57.6816,51.4896 -57.6814,51.4888 -57.6826,51.4887 -57.6823,51.4881 -57.6829,51.4874 -57.6838,51.4871 -57.6859,51.4854 -57.6872,51.4839 -57.6871,51.4834 -57.6903,51.481 -57.6908,51.4799 -57.6922,51.4787 -57.6921,51.4781 -57.6937,51.4771 -57.6946,51.4758 -57.6946,51.4746 -57.6963,51.4729 -57.6969,51.4706 -57.6975,51.4698 -57.6987,51.4695 -57.6991,51.4689 -57.6989,51.4677 -57.6998,51.4657 -57.7004,51.4656 -57.7016,51.4632 -57.7031,51.4576 -57.7023,51.4562 -57.6999,51.4561 -57.6997,51.4555 -57.7008,51.4546 -57.7026,51.4544 -57.7026,51.4537 -57.7005,51.4537 -57.7,51.4533 -57.6996,51.452 -57.6972,51.4507 -57.6975,51.4502 -57.698,51.4501 -57.7002,51.4502 -57.7023,51.4498 -57.7022,51.4491 -57.7009,51.4477 -57.7028,51.4459 -57.7026,51.4447 -57.7034,51.4416 -57.7031,51.4406 -57.7015,51.439 -57.7001,51.4388 -57.6991,51.4391 -57.6979,51.4381 -57.6963,51.4392 -57.6947,51.4411 -57.6945,51.4416 -57.6948,51.4417 -57.6964,51.441 -57.6967,51.4413 -57.6967,51.443 -57.6964,51.4438 -57.6953,51.4449 -57.6949,51.4463 -57.6938,51.4475 -57.6936,51.4484 -57.6926,51.4489 -57.6906,51.4488 -57.691,51.448 -57.6897,51.448 -57.6893,51.4471 -57.6883,51.4469 -57.6875,51.4461 -57.6835,51.4451 -57.6822,51.4453 -57.6802,51.4447 -57.6796,51.4441 -57.6781,51.4441 -57.6768,51.4445 -57.6763,51.4443 -57.6766,51.4437 -57.6749,51.443 -57.6707,51.4428 -57.6699,51.4432 -57.6694,51.443 -57.6695,51.4423 -57.6692,51.4419 -57.6681,51.4422 -57.6674,51.4419 -57.6657,51.4439 -57.6642,51.444 -57.6658,51.4432 -57.667,51.4417 -57.6668,51.4413 -57.6656,51.4407 -57.6617,51.44 -57.6609,51.4403 -57.66,51.4402 -57.6588,51.4394 -57.6556,51.4402 -57.6541,51.4402 -57.6535,51.4392 -57.6527,51.4387 -57.6529,51.4382 -57.6519,51.4382 -57.6519,51.4374 -57.651,51.4369 -57.6507,51.4361 -57.6518,51.4353 -57.6545,51.4359 -57.6568,51.4358 -57.6597,51.4376 -57.6624,51.4386 -57.6629,51.4385 -57.6641,51.4394 -57.6661,51.4396 -57.668,51.4403 -57.6725,51.4395 -57.6744,51.441 -57.6745,51.4416 -57.6741,51.4419 -57.6748,51.4425 -57.6759,51.4427 -57.6765,51.4424 -57.6795,51.4435 -57.6809,51.4431 -57.6828,51.4432 -57.684,51.4439 -57.6858,51.4428 -57.6874,51.4431 -57.6882,51.4428 -57.6901,51.4444 -57.69,51.445 -57.6904,51.4451 -57.691,51.4447 -57.6917,51.4415 -57.6931,51.44 -57.6917,51.4385 -57.6908,51.4381 -57.6918,51.4367 -57.692,51.4356 -57.6927,51.4352 -57.6962,51.4352 -57.6968,51.4369 -57.6962,51.4375 -57.6962,51.438 -57.6969,51.4372 -57.6973,51.4375 -57.6978,51.4369 -57.6976,51.436 -57.699,51.436 -57.6994,51.4354 -57.698,51.4351 -57.6978,51.4344 -57.6973,51.434 -57.699,51.4333 -57.6993,51.4327 -57.6999,51.4326 -57.7001,51.4322 -57.6994,51.4319 -57.6995,51.4315 -57.6971,51.4316 -57.6986,51.43 -57.6992,51.4279 -57.6975,51.4254 -57.6977,51.4249 -57.6953,51.4247 -57.6958,51.4243 -57.6969,51.4242 -57.6973,51.4224 -57.6994,51.4224 -57.7001,51.4213 -57.6993,51.42 -57.6984,51.4204 -57.698,51.4198 -57.6976,51.42 -57.6963,51.4215 -57.6939,51.4208 -57.6931,51.4199 -57.6911,51.4198 -57.6908,51.4212 -57.6898,51.4211 -57.6895,51.4216 -57.6896,51.4224 -57.6886,51.4227 -57.6881,51.4237 -57.6873,51.4236 -57.6867,51.4247 -57.686,51.4252 -57.6855,51.4251 -57.6822,51.4263 -57.6812,51.4283 -57.6805,51.4286 -57.6788,51.4286 -57.6791,51.4271 -57.6729,51.4247 -57.6717,51.425 -57.6692,51.425 -57.6647,51.429 -57.6628,51.4303 -57.6124,51.436 -57.5779,51.4653 -57.5775,51.465 -57.5713,51.453 -57.6016,51.4256 -57.5975,51.4193 -57.5499,51.4392 -57.5299,51.4378 -57.5074,51.4479 -57.5069,51.4479 -57.5068,51.4476 -57.5115,51.4382 -57.5002,51.4329 -57.4893,51.4372 -57.482,51.4599 -57.4808,51.4656 -57.4798,51.4665 -57.4788,51.4664 -57.4742,51.4641 -57.4595,51.4581 -57.4676,51.4451 -57.4575,51.4342 -57.4338,51.4445 -57.4345,51.468 -57.4434,51.4794 -57.4391,51.4803 -57.4145,51.4615 -57.4038,51.4804 -57.331,51.4869 -57.2887,51.4979 -57.2537,51.4907 -57.2352,51.5028 -57.2345,51.5023 -57.236,51.4991 -57.2418,51.4832 -57.2448,51.4698 -57.2479,51.4665 -57.2481,51.4581 -57.2456,51.4521 -57.2421,51.4478 -57.238,51.4402 -57.2319,51.4354 -57.2244,51.4321 -57.2182,51.4319 -57.2148,51.4322 -57.2107,51.4331 -57.2079,51.4273 -57.2088,51.4217 -57.2078,51.4077 -57.1716,51.4065 -57.1545,51.4126 -57.1435,51.4209 -57.1078,51.4136 -57.1057,51.4618 -57.1072,51.5201 -57.1064,51.5543 -57.1074,51.646 -57.1063,51.7316 -57.1079,51.8391 -57.1069,52.0001 -57.2416,51.9992 -57.685,51.9989 -57.9991,52.0001 -63.7992,52.0001 -63.799,52.009 -63.8019,52.0148 -63.8078,52.0196 -63.8102,52.0224 -63.8106,52.0299 -63.8103,52.0341 -63.8149,52.0355 -63.8201,52.0334 -63.8244,52.029 -63.825,52.0368 -63.8267,52.0437 -63.8302,52.0483 -63.8377,52.0601 -63.8368,52.0671 -63.8343,52.0745 -63.8342,52.0788 -63.8439,52.0885 -63.8442,52.1006 -63.8493,52.108 -63.8526,52.1222 -63.8525,52.1234 -63.8504,52.1287 -63.8496,52.1288 -63.8466,52.1217 -63.8457,52.1206 -63.8186,52.106 -63.7927,52.0943 -63.7837,52.0925 -63.7786,52.089 -63.763,52.0853 -63.7469,52.0794 -63.7224,52.0653 -63.7107,52.0629 -63.7002,52.0573 -63.6885,52.0593 -63.6869,52.063 -63.69,52.0686 -63.6982,52.0758 -63.695,52.0795 -63.6963,52.0798 -63.6991,52.0828 -63.7047,52.0832 -63.7044,52.0869 -63.707,52.0916 -63.7017,52.1006 -63.6968,52.1053 -63.6972,52.1093 -63.6969,52.1141 -63.6949,52.1201 -63.6925,52.1231 -63.6914,52.1273 -63.6907,52.1324 -63.6907,52.133 -63.6979,52.1398 -63.7035,52.1468 -63.7052,52.1522 -63.7066,52.1585 -63.7057,52.1614 -63.7013,52.1625 -63.7012,52.1635 -63.7143,52.1648 -63.7158,52.1705 -63.7279,52.1823 -63.7339,52.1924 -63.7403,52.1977 -63.7601,52.2078 -63.7778,52.2272 -63.7924,52.2366 -63.8032,52.2367 -63.8116,52.2312 -63.8135,52.2268 -63.8042,52.209 -63.8076,52.2013 -63.8147,52.1968 -63.8264,52.1939 -63.8402,52.2028 -63.8322,52.2092 -63.8286,52.2073 -63.8269,52.2079 -63.828,52.2139 -63.8306,52.2171 -63.828,52.2268 -63.82,52.2291 -63.8445,52.2544 -63.8425,52.2565 -63.8346,52.2556 -63.8336,52.2568 -63.852,52.2681 -63.855,52.2724 -63.8534,52.2752 -63.8455,52.2745 -63.8441,52.2759 -63.8606,52.2937 -63.8655,52.2955 -63.8729,52.2896 -63.8817,52.2962 -63.8888,52.2967 -63.888,52.3043 -63.8998,52.3163 -63.9184,52.3234 -63.9174,52.3292 -63.9217,52.332 -63.9336,52.3353 -63.9486,52.3444 -63.9539,52.3449 -63.9573,52.3416 -63.9656,52.3425 -63.9864,52.3491 -63.9925,52.3466 -64.0011,52.3466 -64.0088,52.3498 -64.0208,52.3494 -64.0244,52.3479 -64.0282,52.3489 -64.0356,52.3532 -64.0396,52.3584 -64.0378,52.3624 -64.0373,52.3628 -64.0362,52.3625 -64.0302,52.3587 -64.025,52.3586 -64.0183,52.3595 -64.013,52.3628 -64.0073,52.3615 -64.0154,52.3674 -64.0217,52.3729 -64.0224,52.3771 -64.0277,52.3824 -64.0359,52.393 -64.0353,52.3959 -64.0312,52.3973 -64.0265,52.3977 -64.023,52.3997 -64.0239,52.4056 -64.0327,52.4121 -64.0419,52.4164 -64.0446,52.4193 -64.0499,52.427 -64.0587,52.4325 -64.0653,52.4347 -64.0706,52.4343 -64.0745,52.439 -64.0828,52.442 -64.0894,52.4455 -64.0934,52.4506 -64.0961,52.458 -64.0961,52.4669 -64.0941,52.4748 -64.0915,52.4823 -64.0869,52.489 -64.0857,52.4961 -64.0855,52.5056 -64.0809,52.5048 -64.0736,52.5029 -64.0762,52.5113 -64.07,52.5178 -64.057,52.5304 -64.058,52.5348 -64.0582,52.539 -64.0523,52.5409 -64.0466,52.5455 -64.0463,52.5513 -64.0467,52.5582 -64.0403,52.5632 -64.0347,52.5667 -64.0128,52.5754 -64.0082,52.5765 -63.9992,52.5813 -63.9857,52.5829 -63.9777,52.5851 -63.9665,52.5934 -63.9611,52.5951 -63.9538,52.5944 -63.9484,52.5987 -63.9444,52.6012 -63.9446,52.6046 -63.9394,52.6046 -63.933,52.603 -63.9301,52.5992 -63.9262,52.5958 -63.921,52.597 -63.9155,52.6022 -63.9083,52.6083 -63.8947,52.6129 -63.8895,52.6133 -63.8871,52.613 -63.8854,52.6136 -63.8802,52.614 -63.8719,52.6191 -63.8512,52.6227 -63.826,52.6228 -63.8135,52.6274 -63.8079,52.6283 -63.7954,52.6291 -63.786,52.6288 -63.7749,52.63 -63.7658,52.632 -63.7562,52.6334 -63.7483,52.6331 -63.7386,52.6305 -63.7266,52.6311 -63.7156,52.6322 -63.6988,52.6345 -63.683,52.6361 -63.6684,52.6368 -63.6493,52.6398 -63.6373,52.6424 -63.6277,52.6436 -63.6147,52.6446 -63.5915,52.6473 -63.5697,52.6477 -63.5435,52.65 -63.5244,52.6486 -63.5206,52.6481 -63.5147,52.6463 -63.5022,52.6499 -63.467,52.6472 -63.4632,52.6484 -63.4396,52.6452 -63.431,52.6471 -63.4247,52.651 -63.4182,52.6504 -63.4129,52.657 -63.4064,52.6602 -63.3973,52.6599 -63.3897,52.6574 -63.3819,52.6609 -63.3849,52.6689 -63.3916,52.6778 -63.4006,52.6848 -63.4304,52.6952 -63.4411,52.6998 -63.446,52.7035 -63.4459,52.7081 -63.4503,52.7139 -63.4576,52.7168 -63.471,52.7205 -63.4818,52.7209 -63.5209,52.7253 -63.539,52.7333 -63.5504,52.7398 -63.5658,52.754 -63.5739,52.7597 -63.583,52.764 -63.6044,52.7696 -63.6148,52.7727 -63.6182,52.7787 -63.6173,52.7848 -63.6159,52.7884 -63.611,52.7919 -63.6013,52.7892 -63.5898,52.7906 -63.5849,52.7946 -63.5912,52.7988 -63.5968,52.803 -63.5925,52.8081 -63.5911,52.8128 -63.5961,52.8195 -63.601,52.8245 -63.5946,52.8278 -63.586,52.8338 -63.5811,52.8388 -63.5849,52.845 -63.5948,52.8491 -63.6058,52.8563 -63.6092,52.8621 -63.6085,52.8684 -63.6089,52.8713 -63.6095,52.8753 -63.6117,52.8791 -63.62,52.8786 -63.6254,52.8753 -63.6208,52.8696 -63.6227,52.8655 -63.6257,52.8618 -63.6217,52.8588 -63.6152,52.844 -63.6151,52.8436 -63.616,52.8432 -63.6271,52.8473 -63.6366,52.8484 -63.6436,52.8509 -63.6512,52.8547 -63.658,52.854 -63.6719,52.8571 -63.6785,52.8527 -63.6778,52.8487 -63.6675,52.8457 -63.6431,52.837 -63.6411,52.8331 -63.6416,52.8318 -63.6603,52.8127 -63.6665,52.8124 -63.6885,52.8135 -63.6897,52.8167 -63.6966,52.8169 -63.6987,52.8133 -63.6962,52.8103 -63.6958,52.8067 -63.7007,52.8052 -63.7124,52.805 -63.7207,52.8023 -63.7216,52.7974 -63.7176,52.7887 -63.7247,52.789 -63.7321,52.7898 -63.7357,52.788 -63.736,52.7843 -63.7324,52.7805 -63.7265,52.778 -63.7226,52.7745 -63.7576,52.7742 -63.7587,52.7748 -63.7666,52.776 -63.7732,52.7748 -63.7742,52.7741 -63.7774,52.7741 -63.7947,52.7685 -63.7976,52.7682 -63.8054,52.766 -63.807,52.7644 -63.8192,52.7604 -63.8252,52.7623 -63.8468,52.7716 -63.8526,52.7759 -63.8592,52.7744 -63.8673,52.7747 -63.8736,52.7765 -63.8759,52.772 -63.8791,52.7675 -63.8838,52.7656 -63.892,52.7662 -63.897,52.7652 -63.8858,52.7537 -63.8896,52.7512 -63.901,52.754 -63.9073,52.757 -63.9154,52.7598 -63.9216,52.7591 -63.9229,52.7566 -63.9228,52.7508 -63.9218,52.748 -63.9265,52.7471 -63.9247,52.7436 -63.9234,52.7371 -63.9407,52.7324 -63.9602,52.731 -63.9684,52.7287 -63.9791,52.7275 -63.9828,52.7272 -63.9992,52.7355 -64.0036,52.7386 -64.0097,52.7408 -64.0121,52.7395 -64.0152,52.7404 -64.0283,52.7393 -64.0324,52.74 -64.0385,52.7399 -64.0398,52.7371 -64.0387,52.7353 -64.0465,52.7259 -64.0528,52.7248 -64.0753,52.7364 -64.0783,52.7384 -64.0839,52.7374 -64.0894,52.7347 -64.0964,52.7342 -64.1056,52.7348 -64.1222,52.7337 -64.1345,52.7317 -64.1406,52.7297 -64.1419,52.7266 -64.1471,52.7168 -64.148,52.7142 -64.1476,52.7133 -64.142,52.7096 -64.1329,52.7045 -64.1261,52.6989 -64.1263,52.6923 -64.1283,52.6875 -64.1335,52.6853 -64.1384,52.6824 -64.1572,52.6767 -64.1625,52.6783 -64.167,52.6808 -64.1713,52.6794 -64.1737,52.6733 -64.1752,52.6706 -64.1603,52.6558 -64.1591,52.6519 -64.1545,52.6467 -64.1552,52.6396 -64.1639,52.6288 -64.1704,52.6262 -64.1719,52.6236 -64.1718,52.6173 -64.1703,52.6117 -64.1684,52.6109 -64.1618,52.5988 -64.1697,52.5975 -64.1702,52.5921 -64.1731,52.5869 -64.1845,52.5912 -64.1879,52.5942 -64.194,52.5979 -64.1986,52.597 -64.2021,52.5933 -64.2066,52.5894 -64.2043,52.5851 -64.2008,52.5811 -64.2061,52.5788 -64.2125,52.5803 -64.2223,52.5834 -64.2271,52.5833 -64.2271,52.5804 -64.2193,52.576 -64.1714,52.5328 -64.1718,52.5323 -64.1693,52.5284 -64.1623,52.5246 -64.1505,52.514 -64.1502,52.5134 -64.1547,52.5073 -64.1547,52.5024 -64.153,52.4992 -64.1498,52.497 -64.1466,52.4924 -64.1465,52.4836 -64.1444,52.4763 -64.1445,52.4689 -64.141,52.4601 -64.1357,52.4279 -64.1365,52.4245 -64.1341,52.4211 -64.127,52.4193 -64.1211,52.4201 -64.1167,52.4197 -64.1154,52.4193 -64.1128,52.4158 -64.1116,52.4079 -64.1209,52.4038 -64.1207,52.4016 -64.1151,52.3975 -64.1109,52.393 -64.1161,52.3899 -64.121,52.3896 -64.1262,52.3872 -64.1289,52.3846 -64.1321,52.3795 -64.1339,52.375 -64.1383,52.3687 -64.1544,52.3636 -64.1604,52.3639 -64.166,52.3658 -64.1682,52.3602 -64.1678,52.3496 -64.1684,52.3443 -64.1645,52.3404 -64.1617,52.3391 -64.1614,52.3361 -64.1616,52.3356 -64.1734,52.3371 -64.1816,52.3376 -64.184,52.3361 -64.1852,52.334 -64.1851,52.3332 -64.1871,52.333 -64.1671,52.3125 -64.1686,52.3101 -64.1871,52.3082 -64.1871,52.298 -64.188,52.2958 -64.1896,52.2941 -64.1941,52.2972 -64.1948,52.301 -64.1973,52.3066 -64.2041,52.3124 -64.2103,52.3152 -64.2166,52.3146 -64.2228,52.3117 -64.2264,52.309 -64.2295,52.3049 -64.2269,52.3021 -64.2234,52.2998 -64.2093,52.2886 -64.21,52.2865 -64.2312,52.2902 -64.232,52.2898 -64.2337,52.2905 -64.2366,52.2895 -64.2381,52.2867 -64.2535,52.2789 -64.2517,52.2763 -64.2472,52.2718 -64.2438,52.2666 -64.2401,52.2624 -64.2319,52.2595 -64.2249,52.2597 -64.2221,52.2578 -64.2212,52.2566 -64.2223,52.2521 -64.2257,52.2475 -64.2274,52.24 -64.2255,52.2389 -64.23,52.2311 -64.2319,52.2296 -64.237,52.223 -64.2372,52.2206 -64.2306,52.2202 -64.2275,52.2225 -64.2158,52.2225 -64.2135,52.2181 -64.2132,52.2115 -64.2138,52.2069 -64.213,52.2021 -64.2064,52.1953 -64.2015,52.1872 -64.2018,52.1817 -64.2045,52.1766 -64.199,52.1701 -64.1914,52.1634 -64.181,52.1561 -64.179,52.155 -64.1712,52.1395 -64.1814,52.1362 -64.181,52.1339 -64.1679,52.1228 -64.1671,52.1178 -64.1736,52.1151 -64.1752,52.1157 -64.1869,52.1229 -64.1888,52.1255 -64.1946,52.1276 -64.2059,52.133 -64.2145,52.1362 -64.2325,52.142 -64.2398,52.1464 -64.2476,52.1482 -64.2539,52.1468 -64.2545,52.1466 -64.257,52.1434 -64.2533,52.1409 -64.2452,52.1368 -64.2425,52.1332 -64.2419,52.1316 -64.2473,52.1262 -64.253,52.1273 -64.2557,52.1257 -64.2568,52.1219 -64.2591,52.1168 -64.2598,52.1121 -64.255,52.1077 -64.2537,52.102 -64.26,52.0987 -64.2623,52.0971 -64.2565,52.0928 -64.252,52.0861 -64.2521,52.0846 -64.2683,52.0821 -64.2744,52.0816 -64.2752,52.0811 -64.2831,52.0798 -64.2861,52.081 -64.2917,52.0842 -64.2946,52.0811 -64.295,52.0756 -64.2927,52.0716 -64.2908,52.0654 -64.2843,52.0552 -64.2779,52.0502 -64.2745,52.0443 -64.2831,52.0382 -64.2816,52.0349 -64.2752,52.0286 -64.2702,52.0212 -64.2546,52.0064 -64.25,52.0009 -64.2495,52.0001 -64.253,52.0001 -64.2504,51.9971 -64.2469,51.9955 -64.2385,51.9805 -64.2832,51.9776 -64.2909,51.9857 -64.2948,51.9885 -64.3054,51.9903 -64.3049,51.9922 -64.3127,51.9948 -64.3171,51.9949 -64.32,51.997 -64.3188,52.0001 -64.3178,52.0001 -64.3171,52.0015 -64.3187,52.0044 -64.3197,52.0073 -64.3221,52.0081 -64.3291,52.0082 -64.337,52.0094 -64.3592,52.0083 -64.3651,52.0104 -64.3655,52.0084 -64.3657,52.0066 -64.3617,52.0039 -64.3609,52.0037 -64.3466,51.9865 -64.354,51.9846 -64.3623,51.984 -64.3622,51.9787 -64.3554,51.9754 -64.3486,51.9727 -64.347,51.9689 -64.3472,51.9615 -64.3476,51.9598 -64.3473,51.9582 -64.3475,51.9514 -64.3496,51.9473 -64.3562,51.9437 -64.3505,51.9415 -64.3485,51.9367 -64.3663,51.9303 -64.3459,51.8923 -64.3487,51.8919 -64.355,51.8919 -64.3561,51.8856 -64.3551,51.8697 -64.3557,51.8618 -64.3578,51.8553 -64.3566,51.8494 -64.346,51.8349 -64.3435,51.8304 -64.3398,51.8252 -64.3274,51.8154 -64.3123,51.8066 -64.3066,51.8038 -64.3054,51.8019 -64.3073,51.7931 -64.3111,51.7882 -64.3082,51.7834 -64.3073,51.7787 -64.3087,51.7731 -64.3092,51.7657 -64.3073,51.7606 -64.3046,51.7549 -64.2938,51.7506 -64.2891,51.7479 -64.2837,51.7468 -64.2774,51.7423 -64.288,51.73 -64.2917,51.7274 -64.2971,51.7257 -64.2981,51.7224 -64.298,51.7186 -64.3029,51.7128 -64.3125,51.7122 -64.3076,51.7074 -64.3103,51.7043 -64.3179,51.7028 -64.3244,51.6998 -64.3279,51.6965 -64.3303,51.6928 -64.3268,51.688 -64.3259,51.6863 -64.3412,51.6686 -64.3427,51.6685 -64.347,51.6708 -64.3535,51.6732 -64.3624,51.6743 -64.3673,51.6706 -64.3744,51.6689 -64.3808,51.6653 -64.3885,51.6647 -64.404,51.671 -64.4123,51.6762 -64.4187,51.678 -64.4275,51.6795 -64.4283,51.673 -64.4358,51.6655 -64.4368,51.6626 -64.4365,51.6623 -64.4464,51.6412 -64.4483,51.6379 -64.4509,51.6315 -64.5277,51.6008 -64.5368,51.5917 -64.5404,51.5898 -64.5443,51.5897 -64.5483,51.5801 -64.55,51.5784 -64.5992,51.6397 -64.5998,51.638 -64.6016,51.6404 -64.6022,51.6359 -64.6031,51.6321 -64.6065,51.6301 -64.6116,51.6297 -64.6201,51.6308 -64.6201,51.6328 -64.6098,51.6511 -64.6165,51.6737 -64.6346,51.6761 -64.6347,51.6777 -64.6334,51.68 -64.6354,51.6849 -64.6368,51.7004 -64.6353,51.7032 -64.6354,51.7097 -64.6409,51.7079 -64.6761,51.7097 -64.6776,51.7136 -64.6871,51.7109 -64.6829,51.7178 -64.693,51.7219 -64.695,51.7268 -64.6936,51.7278 -64.6942,51.7306 -64.6966,51.7304 -64.7044,51.7493 -64.7018,51.7526 -64.7018,51.7577 -64.7083,51.7586 -64.7089,51.7601 -64.7327,51.7603 -64.735,51.7655 -64.7449,51.7618 -64.7547,51.7613 -64.7575,51.7605 -64.7872,51.7607 -64.7888,51.7616 -64.7972,51.7735 -64.7986,51.7779 -64.8028,51.7808 -64.8116,51.7804 -64.8202,51.7781 -64.8388,51.7721 -64.8435,51.7685 -64.8551,51.7652 -64.862,51.7671 -64.8706,51.7727 -64.874,51.773 -64.885,51.7707 -64.8903,51.7711 -64.9014,51.774 -64.9166,51.7788 -64.9251,51.7808 -64.9335,51.7748 -64.9405,51.7692 -64.9423,51.7635 -64.9427,51.7595 -64.9368,51.7586 -64.9309,51.7601 -64.9231,51.7594 -64.9275,51.7515 -64.9298,51.7504 -64.9316,51.7453 -64.9273,51.7435 -64.9205,51.7421 -64.9166,51.7406 -64.9139,51.7379 -64.9206,51.7358 -64.9228,51.7323 -64.9236,51.7261 -64.9241,51.7251 -64.9295,51.7186 -64.932,51.7167 -64.9362,51.7181 -64.9455,51.7192 -64.9505,51.7181 -64.9539,51.7183 -64.9628,51.7204 -64.971,51.7247 -64.987,51.7366 -64.9911,51.7423 -64.9867,51.7464 -64.9912,51.7487 -65.0008,51.7497 -65.0055,51.7514 -65.0111,51.7556 -65.0163,51.7603 -65.014,51.7623 -65.007,51.7611 -65.0032,51.761 -65.0045,51.7651 -65.0126,51.7678 -65.0311,51.7646 -65.0392,51.7656 -65.0429,51.7704 -65.0492,51.772 -65.0573,51.7692 -65.0699,51.7659 -65.0763,51.7618 -65.0777,51.7585 -65.0866,51.749 -65.1441,51.7625 -65.1488,51.7639 -65.1632,51.767 -65.165,51.7679 -65.166,51.7677 -65.1819,51.7714 -65.1827,51.7734 -65.1788,51.778 -65.1717,51.7831 -65.1643,51.79 -65.1636,51.7975 -65.1655,51.803 -65.1696,51.8106 -65.1662,51.8159 -65.1651,51.8216 -65.1677,51.8252 -65.1744,51.8278 -65.1811,51.8258 -65.1881,51.8206 -65.1955,51.8249 -65.1998,51.8213 -65.2018,51.8185 -65.2085,51.8153 -65.2151,51.8184 -65.2227,51.823 -65.2267,51.8243 -65.2311,51.8256 -65.2379,51.8244 -65.2417,51.8289 -65.2458,51.8318 -65.2478,51.8324 -65.249,51.8327 -65.2528,51.8266 -65.2601,51.8286 -65.2558,51.8488 -65.2505,51.8553 -65.2493,51.8604 -65.2549,51.865 -65.2632,51.8679 -65.282,51.8764 -65.2825,51.8762 -65.2996,51.8828 -65.3288,51.8739 -65.3217,51.8513 -65.3238,51.8475 -65.3293,51.8429 -65.3285,51.8388 -65.3335,51.8298 -65.336,51.8277 -65.3391,51.824 -65.3508,51.8226 -65.3537,51.8229 -65.3528,51.826 -65.3504,51.8297 -65.3537,51.8363 -65.3513,51.8406 -65.3521,51.8483 -65.3539,51.8575 -65.3567,51.8607 -65.3585,51.8653 -65.3614,51.8688 -65.3708,51.8666 -65.3767,51.8664 -65.379,51.8728 -65.3863,51.8805 -65.3904,51.888 -65.3926,51.8964 -65.3954,51.9036 -65.393,51.9076 -65.3703,51.9132 -65.3682,51.9131 -65.3675,51.9139 -65.3649,51.9145 -65.3586,51.93 -65.3567,51.9325 -65.3533,51.9361 -65.3516,51.9407 -65.344,51.9396 -65.3448,51.9434 -65.35,51.9481 -65.3544,51.9527 -65.3552,51.9643 -65.3546,51.9701 -65.3539,51.9735 -65.3542,51.9772 -65.3538,51.9811 -65.3558,51.9826 -65.3678,51.9982 -65.3678,52.0001 -65.3823,51.9931 -65.3866,51.9896 -65.387,51.9875 -65.3719,51.9819 -65.3734,51.9792 -65.3789,51.9774 -65.3766,51.9732 -65.3792,51.9686 -65.3994,51.9686 -65.407,51.9714 -65.4076,51.9746 -65.4065,51.9868 -65.408,51.9883 -65.4159,51.9927 -65.4193,51.9941 -65.421,52.0001 -65.4171,52.0001 -65.418,52.0019 -65.4196,52.0039 -65.4227,52.0057 -65.426,52.0064 -65.4295,52.0066 -65.4394,52.0094 -65.4403,52.0104 -65.444,52.0107 -65.4473,52.0099 -65.4511,52.0116 -65.4589,52.019 -65.4638,52.0229 -65.4683,52.0276 -65.4737,52.032 -65.477,52.0361 -65.4857,52.0439 -65.487,52.0526 -65.4831,52.0546 -65.4784,52.0582 -65.4881,52.0605 -65.4899,52.0732 -65.4894,52.0757 -65.49,52.0809 -65.4885,52.0869 -65.4863,52.0929 -65.486,52.1001 -65.4864,52.1045 -65.4895,52.1068 -65.4957,52.1082 -65.4971,52.1129 -65.5012,52.1129 -65.5057,52.1108 -65.5074,52.1052 -65.505,52.0994 -65.5068,52.0943 -65.5135,52.0882 -65.5188,52.0818 -65.5292,52.0753 -65.5353,52.0689 -65.5344,52.059 -65.5392,52.055 -65.5457,52.0504 -65.5425,52.0447 -65.5495,52.0414 -65.5636,52.0366 -65.5773,52.0354 -65.5906,52.0363 -65.6032,52.0388 -65.6114,52.0419 -65.6195,52.0457 -65.6235,52.0455 -65.625,52.0417 -65.629,52.0281 -65.6335,52.0215 -65.6393,52.014 -65.6411,52.0088 -65.6404,52.0057 -65.6369,52.0001 -65.6371,51.9996 -65.6399,51.9942 -65.6487,51.9891 -65.6629,51.9952 -65.6705,52.0008 -65.6652,52.0001 -65.6675,52.002 -65.6724,52.0074 -65.6733,52.0095 -65.6725,52.0122 -65.6701,52.0153 -65.6676,52.0167 -65.6669,52.0179 -65.6641,52.0264 -65.6635,52.0293 -65.6634,52.0328 -65.6707,52.0374 -65.6734,52.0407 -65.6673,52.0422 -65.6607,52.0448 -65.6535,52.0492 -65.6485,52.0528 -65.644,52.0549 -65.6443,52.0581 -65.6473,52.0608 -65.6487,52.0646 -65.6476,52.0703 -65.6452,52.0749 -65.6432,52.0806 -65.6588,52.0939 -65.661,52.0986 -65.6626,52.1038 -65.662,52.1088 -65.6599,52.1137 -65.661,52.1173 -65.6654,52.1195 -65.6722,52.1202 -65.6768,52.1191 -65.6808,52.1134 -65.6899,52.1043 -65.6986,52.1036 -65.709,52.1006 -65.7166,52.0979 -65.7247,52.0912 -65.7307,52.0855 -65.7333,52.0855 -65.7406,52.0928 -65.7451,52.102 -65.7486,52.1077 -65.7534,52.1124 -65.759,52.1061 -65.7657,52.1104 -65.7682,52.1139 -65.7715,52.1147 -65.7769,52.1092 -65.7773,52.1069 -65.7865,52.1067 -65.7929,52.1076 -65.8002,52.109 -65.8015,52.1112 -65.8002,52.1169 -65.8027,52.1212 -65.8074,52.1218 -65.8131,52.1187 -65.8187,52.1144 -65.8221,52.1123 -65.8393,52.119 -65.8471,52.119 -65.8594,52.1184 -65.8688,52.1168 -65.8772,52.1135 -65.8842,52.1091 -65.8927,52.103 -65.8943,52.0996 -65.8916,52.0937 -65.8909,52.0883 -65.8941,52.0828 -65.8976,52.079 -65.9013,52.0817 -65.9115,52.0841 -65.9166,52.0942 -65.9259,52.0969 -65.9389,52.0992 -65.9456,52.1026 -65.9547,52.1023 -65.9581,52.1056 -65.9608,52.1071 -65.9623,52.1091 -65.9649,52.1023 -65.9674,52.0987 -65.9702,52.0959 -65.9719,52.0923 -65.971,52.0895 -65.9678,52.0847 -65.9646,52.0807 -65.9652,52.0775 -65.9711,52.0646 -65.9708,52.0622 -65.9728,52.0564 -65.978,52.0552 -65.9839,52.0549 -65.9913,52.056 -65.9931,52.0603 -65.9939,52.0635 -65.9957,52.0656 -65.9993,52.0688 -65.9993,52.0699 -66.0111,52.071 -66.0132,52.074 -66.0103,52.0773 -66.0099,52.0802 -66.0171,52.0841 -66.026,52.0869 -66.0343,52.0878 -66.0478,52.0881 -66.0567,52.0937 -66.0619,52.0988 -66.0679,52.1014 -66.0786,52.0985 -66.0919,52.0916 -66.0921,52.0889 -66.0943,52.0951 -66.0919,52.1009 -66.0925,52.1063 -66.0857,52.1145 -66.0799,52.1179 -66.075,52.1224 -66.0722,52.1265 -66.0752,52.1417 -66.0717,52.152 -66.0733,52.1566 -66.0789,52.1616 -66.0813,52.1694 -66.0989,52.1949 -66.0993,52.2016 -66.1084,52.2061 -66.1163,52.2084 -66.1246,52.212 -66.1283,52.2176 -66.1355,52.2264 -66.1434,52.2311 -66.1561,52.2345 -66.1619,52.235 -66.1655,52.2293 -66.1688,52.2225 -66.1694,52.2184 -66.1758,52.2172 -66.1832,52.2215 -66.1904,52.2243 -66.198,52.2285 -66.2035,52.2337 -66.2021,52.2383 -66.2001,52.2429 -66.203,52.2481 -66.2079,52.2524 -66.2145,52.2601 -66.2237,52.2611 -66.2328,52.2637 -66.2378,52.269 -66.2439,52.2737 -66.2475,52.2785 -66.2475,52.281 -66.2474,52.2823 -66.2444,52.2862 -66.243,52.2905 -66.2457,52.2943 -66.2497,52.2983 -66.2482,52.3023 -66.2504,52.3069 -66.2552,52.3107 -66.2631,52.3129 -66.2732,52.3109 -66.2809,52.311 -66.2927,52.3121 -66.2854,52.3042 -66.2897,52.2999 -66.2942,52.2968 -66.2816,52.2904 -66.2844,52.2875 -66.2963,52.2858 -66.3081,52.2883 -66.3152,52.288 -66.3162,52.2854 -66.3127,52.2759 -66.3063,52.2685 -66.303,52.2639 -66.3009,52.2591 -66.3006,52.2555 -66.3032,52.2521 -66.3035,52.2471 -66.3024,52.2419 -66.2987,52.2362 -66.2921,52.2179 -66.2906,52.212 -66.2903,52.2079 -66.2871,52.2018 -66.2822,52.19 -66.2784,52.1851 -66.2756,52.1801 -66.2718,52.1743 -66.2689,52.1675 -66.2676,52.1623 -66.2676,52.157 -66.2697,52.1516 -66.2764,52.1483 -66.2909,52.1469 -66.3035,52.1397 -66.3122,52.1366 -66.316,52.1342 -66.3229,52.1316 -66.329,52.1358 -66.3321,52.1508 -66.341,52.1484 -66.3497,52.147 -66.3582,52.1472 -66.367,52.1507 -66.3755,52.1532 -66.38,52.1591 -66.3796,52.1623 -66.3741,52.1646 -66.3659,52.1672 -66.3611,52.1694 -66.3562,52.1731 -66.3561,52.1765 -66.3704,52.187 -66.3721,52.1924 -66.3748,52.1978 -66.3796,52.2021 -66.3833,52.2082 -66.3886,52.213 -66.3941,52.2144 -66.4025,52.2176 -66.4042,52.2221 -66.4021,52.2265 -66.4046,52.2298 -66.4108,52.2303 -66.4159,52.2281 -66.4172,52.2275 -66.4205,52.2232 -66.423,52.2192 -66.4283,52.219 -66.437,52.2247 -66.4408,52.2306 -66.4521,52.2452 -66.4574,52.2489 -66.4634,52.2517 -66.4701,52.2556 -66.4631,52.2595 -66.4555,52.2624 -66.4488,52.2634 -66.4411,52.2637 -66.4357,52.2643 -66.4323,52.2662 -66.4342,52.2703 -66.4386,52.2768 -66.4423,52.2806 -66.447,52.2814 -66.4549,52.2799 -66.4618,52.2815 -66.4683,52.285 -66.4688,52.288 -66.4645,52.2904 -66.4521,52.2955 -66.4558,52.2986 -66.4658,52.3018 -66.4723,52.3059 -66.4762,52.3103 -66.4812,52.315 -66.4863,52.3185 -66.4875,52.322 -66.4847,52.3257 -66.4835,52.3289 -66.4864,52.3322 -66.4883,52.3371 -66.4895,52.3417 -66.4827,52.345 -66.4855,52.3528 -66.4862,52.3563 -66.4768,52.3536 -66.471,52.3545 -66.4671,52.3573 -66.4573,52.3515 -66.453,52.3484 -66.448,52.35 -66.4495,52.3545 -66.4494,52.3566 -66.4393,52.3558 -66.4362,52.3585 -66.4392,52.3645 -66.4398,52.3697 -66.4414,52.3728 -66.4401,52.3762 -66.4259,52.3811 -66.4193,52.3829 -66.4137,52.3818 -66.4139,52.3787 -66.4098,52.3755 -66.4046,52.373 -66.3939,52.3706 -66.3933,52.3756 -66.3902,52.3788 -66.3791,52.3708 -66.3748,52.3649 -66.3721,52.3589 -66.3688,52.354 -66.3636,52.3514 -66.3553,52.3533 -66.3497,52.3556 -66.3438,52.3602 -66.3436,52.3684 -66.3427,52.375 -66.3457,52.381 -66.3425,52.3868 -66.34,52.3926 -66.3408,52.3968 -66.3566,52.4039 -66.3726,52.4137 -66.3725,52.4167 -66.3671,52.4211 -66.361,52.4255 -66.359,52.4304 -66.3642,52.4375 -66.3738,52.4486 -66.382,52.4556 -66.3877,52.4616 -66.391,52.4684 -66.3914,52.4702 -66.3938,52.4865 -66.3814,52.4842 -66.3717,52.4738 -66.365,52.4685 -66.3597,52.4666 -66.3551,52.4726 -66.3569,52.4806 -66.3579,52.4877 -66.3631,52.4944 -66.3648,52.5032 -66.3639,52.507 -66.3642,52.5075 -66.3683,52.5129 -66.3773,52.5184 -66.3976,52.5283 -66.3988,52.5317 -66.3891,52.5322 -66.3761,52.5312 -66.3721,52.5314 -66.3754,52.5457 -66.3762,52.5509 -66.3824,52.555 -66.3854,52.5595 -66.3823,52.5638 -66.3819,52.568 -66.387,52.5754 -66.3958,52.5818 -66.401,52.5893 -66.4075,52.5929 -66.4172,52.5959 -66.4208,52.5993 -66.4232,52.6058 -66.4249,52.6129 -66.4269,52.6178 -66.4325,52.6211 -66.4382,52.6269 -66.4397,52.6317 -66.4401,52.6363 -66.4351,52.6388 -66.43,52.6401 -66.4247,52.6414 -66.4166,52.6421 -66.417,52.6504 -66.4119,52.659 -66.407,52.6642 -66.4035,52.6695 -66.4013,52.6747 -66.3952,52.6796 -66.3875,52.6825 -66.3817,52.6802 -66.3736,52.6746 -66.3681,52.6699 -66.3615,52.6634 -66.356,52.6567 -66.3506,52.6509 -66.3427,52.6461 -66.3384,52.6409 -66.335,52.6359 -66.3177,52.6135 -66.312,52.6105 -66.3072,52.6049 -66.2995,52.6016 -66.2902,52.6002 -66.285,52.6042 -66.2817,52.6107 -66.28,52.6175 -66.2805,52.6234 -66.2784,52.629 -66.277,52.6347 -66.2886,52.6346 -66.2956,52.6349 -66.3034,52.6375 -66.3025,52.6406 -66.2963,52.6451 -66.3,52.6503 -66.3074,52.6553 -66.3116,52.659 -66.3076,52.6629 -66.3109,52.6673 -66.3167,52.6716 -66.3297,52.6772 -66.3359,52.6811 -66.3384,52.6845 -66.3363,52.6894 -66.3378,52.6949 -66.3376,52.7012 -66.3306,52.707 -66.3232,52.7124 -66.3214,52.7184 -66.3164,52.7218 -66.3091,52.7249 -66.3091,52.7287 -66.3158,52.7323 -66.3267,52.7371 -66.3316,52.7419 -66.3269,52.7531 -66.3308,52.7613 -66.3465,52.7776 -66.3507,52.7841 -66.3467,52.787 -66.3439,52.7908 -66.3441,52.795 -66.3473,52.8002 -66.3536,52.8029 -66.3806,52.7945 -66.3848,52.7982 -66.3857,52.8019 -66.383,52.8053 -66.3782,52.8094 -66.3771,52.8141 -66.3834,52.8206 -66.3868,52.8257 -66.3994,52.837 -66.4084,52.8436 -66.4138,52.849 -66.4159,52.8584 -66.411,52.8719 -66.4043,52.8752 -66.3993,52.8783 -66.3911,52.8787 -66.3807,52.8777 -66.3746,52.8722 -66.3726,52.8669 -66.3688,52.8635 -66.3568,52.8594 -66.3517,52.8593 -66.3475,52.8612 -66.3398,52.8636 -66.3293,52.8617 -66.3211,52.8569 -66.3159,52.8514 -66.3106,52.8472 -66.3037,52.8407 -66.2921,52.8356 -66.2837,52.8337 -66.2793,52.8358 -66.2747,52.8404 -66.2734,52.8457 -66.2781,52.851 -66.2856,52.8529 -66.2927,52.8571 -66.2944,52.8608 -66.2906,52.8627 -66.284,52.8624 -66.2689,52.8661 -66.2599,52.8661 -66.2571,52.8687 -66.2602,52.8741 -66.2687,52.8788 -66.2756,52.8839 -66.2743,52.8863 -66.2727,52.8909 -66.2722,52.8954 -66.2754,52.9 -66.2805,52.9052 -66.2874,52.9099 -66.2908,52.9142 -66.2951,52.9188 -66.303,52.9234 -66.3111,52.9271 -66.3153,52.9332 -66.3204,52.9375 -66.3234,52.9428 -66.3243,52.9506 -66.3261,52.9555 -66.3264,52.9619 -66.3253,52.9675 -66.3268,52.9728 -66.3312,52.9772 -66.337,52.9817 -66.3416,52.9869 -66.3445,52.9936 -66.3493,53.0001 -66.3544,53.0001 -66.3587,53.0104 -66.361,53.0149 -66.3704,53.0252 -66.3733,53.0211 -66.3819,53.0203 -66.3933,53.0218 -66.4039,53.0267 -66.4101,53.0314 -66.4237,53.0427 -66.4324,53.0486 -66.4414,53.0476 -66.4473,53.0492 -66.4565,53.0534 -66.4587,53.0557 -66.4599,53.0476 -66.4629,53.0443 -66.475,53.0432 -66.4702,53.0325 -66.4707,53.0274 -66.4746,53.0222 -66.4718,53.016 -66.4684,53.0099 -66.4673,53.0055 -66.4618,53.0001 -66.4651,52.9933 -66.4701,52.9909 -66.4868,53.0001 -66.4939,53.0001 -66.4874,52.9896 -66.4883,52.9854 -66.4922,52.9849 -66.4964,52.9815 -66.4902,52.9763 -66.489,52.9704 -66.4896,52.9656 -66.4879,52.96 -66.4899,52.9557 -66.4959,52.9496 -66.5009,52.9464 -66.5063,52.9497 -66.5109,52.9558 -66.5117,52.9602 -66.5142,52.9654 -66.5165,52.9671 -66.5233,52.9633 -66.5282,52.9594 -66.5294,52.9549 -66.529,52.9521 -66.5299,52.9483 -66.5365,52.9448 -66.5465,52.9412 -66.5549,52.942 -66.5626,52.9407 -66.5697,52.9372 -66.5771,52.9368 -66.585,52.9401 -66.5934,52.9418 -66.5997,52.9473 -66.6047,52.9509 -66.6187,52.9537 -66.6263,52.9544 -66.6322,52.9476 -66.6324,52.9404 -66.632,52.9356 -66.6324,52.9314 -66.6366,52.9291 -66.6475,52.925 -66.6495,52.922 -66.6411,52.9144 -66.6374,52.9071 -66.6323,52.9005 -66.6325,52.8979 -66.6377,52.8967 -66.6489,52.8997 -66.6538,52.8953 -66.6582,52.8928 -66.664,52.8902 -66.6626,52.8857 -66.6506,52.8788 -66.6453,52.874 -66.6445,52.8724 -66.6512,52.8706 -66.6552,52.8664 -66.652,52.8602 -66.6464,52.8561 -66.6452,52.8522 -66.6485,52.8463 -66.6601,52.8359 -66.6641,52.8308 -66.6646,52.8189 -66.6638,52.814 -66.6614,52.8082 -66.6562,52.802 -66.6513,52.797 -66.6471,52.7921 -66.6459,52.7887 -66.6454,52.7851 -66.6471,52.7818 -66.653,52.7814 -66.6609,52.7825 -66.6625,52.7846 -66.6681,52.7899 -66.6745,52.792 -66.6809,52.7911 -66.6841,52.7881 -66.6859,52.7816 -66.6844,52.7716 -66.6849,52.767 -66.686,52.7635 -66.6933,52.7625 -66.7065,52.7635 -66.7187,52.7638 -66.7265,52.7664 -66.7372,52.7707 -66.7457,52.7735 -66.7544,52.7792 -66.7605,52.7848 -66.7632,52.7889 -66.7667,52.7934 -66.773,52.7971 -66.7787,52.7997 -66.7827,52.8003 -66.7862,52.7973 -66.7819,52.7921 -66.7789,52.7857 -66.7771,52.78 -66.7747,52.7753 -66.7635,52.7636 -66.7574,52.758 -66.7534,52.7519 -66.7541,52.7467 -66.7538,52.7342 -66.7551,52.7204 -66.7504,52.7134 -66.7498,52.7077 -66.7472,52.7029 -66.7638,52.6996 -66.7696,52.6967 -66.7654,52.6843 -66.7597,52.678 -66.7565,52.6732 -66.7593,52.6692 -66.7648,52.6668 -66.7749,52.6683 -66.7861,52.6734 -66.7905,52.6787 -66.7925,52.6865 -66.7965,52.6948 -66.8013,52.7089 -66.8042,52.7124 -66.8104,52.7115 -66.8165,52.7116 -66.8211,52.7161 -66.8273,52.7245 -66.8299,52.7312 -66.8345,52.7385 -66.8362,52.7457 -66.8429,52.7524 -66.8479,52.7569 -66.8507,52.7612 -66.8564,52.7666 -66.8607,52.7686 -66.8652,52.7643 -66.8653,52.7599 -66.8597,52.749 -66.8583,52.7424 -66.8571,52.7319 -66.8536,52.7209 -66.8551,52.7182 -66.8639,52.7189 -66.8695,52.7228 -66.8841,52.7308 -66.8902,52.7327 -66.895,52.7319 -66.8962,52.7272 -66.8897,52.7221 -66.8774,52.7149 -66.8724,52.7102 -66.8622,52.6976 -66.8576,52.6926 -66.8503,52.6813 -66.8486,52.6782 -66.8512,52.6749 -66.8636,52.6738 -66.8696,52.6764 -66.872,52.6809 -66.8784,52.6797 -66.8804,52.6767 -66.8868,52.6757 -66.8949,52.6774 -66.9013,52.6829 -66.9018,52.6881 -66.9064,52.696 -66.9128,52.7057 -66.9163,52.7136 -66.9203,52.7193 -66.9252,52.7244 -66.9291,52.7292 -66.9375,52.7314 -66.9427,52.7364 -66.9471,52.7441 -66.949,52.7497 -66.9493,52.7596 -66.9611,52.7562 -66.9735,52.7539 -66.9776,52.7535 -66.9865,52.7601 -66.9886,52.7627 -66.9996,52.7589 -67.0019,52.755 -67.0054,52.7511 -67.0122,52.746 -67.016,52.7447 -67.0204,52.7468 -67.0178,52.7494 -67.0167,52.7526 -67.0195,52.7551 -67.0243,52.7558 -67.0284,52.7512 -67.0334,52.7481 -67.0379,52.7566 -67.0389,52.763 -67.0404,52.7688 -67.0455,52.774 -67.0514,52.775 -67.0606,52.775 -67.0664,52.7756 -67.0686,52.7784 -67.0621,52.7832 -67.0607,52.7916 -67.0585,52.7983 -67.0574,52.8049 -67.0583,52.8106 -67.0615,52.8152 -67.0613,52.8193 -67.05,52.8321 -67.0475,52.8377 -67.0483,52.8459 -67.0516,52.8526 -67.0551,52.8575 -67.0537,52.862 -67.0538,52.8679 -67.0584,52.8723 -67.0638,52.8756 -67.0744,52.8753 -67.0842,52.8722 -67.0957,52.8696 -67.1046,52.8659 -67.112,52.864 -67.1224,52.862 -67.1241,52.8585 -67.1296,52.8539 -67.1336,52.8513 -67.1402,52.8519 -67.15,52.8543 -67.1545,52.85 -67.1559,52.8463 -67.1551,52.8414 -67.1545,52.8313 -67.1537,52.8275 -67.154,52.823 -67.1604,52.8182 -67.1666,52.8177 -67.1734,52.8201 -67.181,52.827 -67.1856,52.8325 -67.1902,52.8344 -67.1912,52.8348 -67.1957,52.8336 -67.2036,52.8353 -67.2104,52.8412 -67.2144,52.8435 -67.2217,52.8414 -67.227,52.8419 -67.2315,52.8481 -67.2407,52.8542 -67.241,52.8592 -67.2499,52.867 -67.26,52.875 -67.268,52.8784 -67.2752,52.8807 -67.2812,52.8809 -67.2877,52.8835 -67.2992,52.8853 -67.3032,52.8818 -67.3112,52.8775 -67.3173,52.8754 -67.3235,52.8775 -67.3247,52.8821 -67.3342,52.8877 -67.3422,52.896 -67.3366,52.9006 -67.3326,52.906 -67.3358,52.9165 -67.3498,52.9289 -67.3498,52.9319 -67.3452,52.9366 -67.3382,52.9395 -67.3365,52.9453 -67.33,52.9565 -67.3225,52.9601 -67.3139,52.9631 -67.3076,52.9648 -67.3037,52.9653 -67.3008,52.9623 -67.2951,52.9594 -67.2885,52.9602 -67.2782,52.9594 -67.2697,52.9583 -67.2664,52.9609 -67.2596,52.9653 -67.2537,52.9702 -67.2438,52.9743 -67.2367,52.9787 -67.2359,52.9846 -67.2498,52.9824 -67.2579,52.9827 -67.2684,52.9853 -67.2777,52.9883 -67.2859,52.9891 -67.2939,52.9847 -67.3016,52.9831 -67.306,52.9816 -67.3188,52.9819 -67.3399,52.9831 -67.3469,52.9879 -67.3532,52.9946 -67.3619,53.0001 -67.3484,53.0049 -67.3452,53.0074 -67.3512,53.0116 -67.3544,53.0149 -67.3533,53.0197 -67.3582,53.0226 -67.3591,53.0255 -67.3531,53.0305 -67.362,53.0331 -67.3657,53.0367 -67.3689,53.041 -67.3757,53.0479 -67.3789,53.0564 -67.379,53.0628 -67.3806,53.0714 -67.3849,53.0781 -67.3851,53.0913 -67.3884,53.0968 -67.3879,53.1013 -67.3811,53.1076 -67.3814,53.1132 -67.3882,53.1181 -67.3863,53.1231 -67.3822,53.1278 -67.3688,53.1319 -67.3665,53.1301 -67.3662,53.1274 -67.3682,53.1235 -67.3709,53.1198 -67.3717,53.118 -67.3717,53.1148 -67.365,53.117 -67.3601,53.1208 -67.3452,53.1293 -67.3417,53.1274 -67.3422,53.1243 -67.3451,53.1196 -67.3463,53.1151 -67.3411,53.1143 -67.334,53.1169 -67.3206,53.123 -67.3113,53.1283 -67.3074,53.1319 -67.3023,53.1348 -67.2966,53.1351 -67.2884,53.1349 -67.2817,53.1354 -67.2799,53.1387 -67.2809,53.1447 -67.2948,53.1579 -67.2904,53.1596 -67.2844,53.1634 -67.2806,53.1683 -67.2723,53.1751 -67.2674,53.1769 -67.2634,53.1768 -67.2574,53.1747 -67.2562,53.1714 -67.2547,53.1644 -67.2414,53.1584 -67.2341,53.1542 -67.2288,53.15 -67.2244,53.147 -67.218,53.1454 -67.2115,53.1446 -67.2032,53.1456 -67.1965,53.145 -67.1816,53.1447 -67.1735,53.1453 -67.1568,53.1459 -67.1538,53.1436 -67.1527,53.1422 -67.1456,53.1398 -67.1388,53.1361 -67.1506,53.1303 -67.1535,53.1277 -67.1492,53.1264 -67.1406,53.1268 -67.1314,53.1243 -67.1275,53.1217 -67.1253,53.118 -67.1237,53.1127 -67.124,53.108 -67.1221,53.1036 -67.1172,53.1004 -67.1106,53.1002 -67.1091,53.105 -67.1096,53.1093 -67.1075,53.1123 -67.0758,53.1268 -67.0763,53.132 -67.0716,53.1351 -67.0654,53.1364 -67.0542,53.1376 -67.0569,53.134 -67.0585,53.1287 -67.0579,53.125 -67.0531,53.1207 -67.0511,53.1169 -67.0541,53.1139 -67.0595,53.111 -67.0665,53.1089 -67.0722,53.1048 -67.0744,53.1028 -67.074,53.0988 -67.0722,53.0933 -67.0696,53.088 -67.0725,53.0835 -67.0773,53.0786 -67.0763,53.0745 -67.0634,53.0749 -67.0536,53.0744 -67.0473,53.0737 -67.0405,53.0722 -67.0342,53.0718 -67.0286,53.0735 -67.0237,53.0754 -67.0184,53.0744 -67.0138,53.0724 -67.0092,53.0759 -67.0062,53.0793 -66.997,53.0808 -66.9895,53.0812 -66.9801,53.0806 -66.9759,53.0899 -66.9776,53.0972 -66.9823,53.1027 -66.98,53.1058 -66.9826,53.1124 -66.9854,53.1175 -66.982,53.1195 -66.9658,53.1273 -66.9512,53.1323 -66.9487,53.1365 -66.9485,53.1393 -66.9796,53.1412 -66.9889,53.1415 -66.9976,53.1433 -67.005,53.1502 -67.009,53.1551 -67.0083,53.1597 -67.0043,53.1654 -66.9988,53.1679 -66.9931,53.1681 -66.9889,53.1718 -66.9819,53.1727 -66.9768,53.1738 -66.9708,53.177 -66.9554,53.1749 -66.9509,53.1767 -66.9501,53.181 -66.9556,53.1895 -66.9571,53.1931 -66.9542,53.1961 -66.9589,53.199 -66.9632,53.1986 -66.967,53.2048 -66.9675,53.2127 -66.9655,53.2204 -66.97,53.2247 -66.9702,53.2296 -66.9674,53.2371 -66.97,53.2483 -66.9599,53.2614 -66.9591,53.2691 -66.9577,53.274 -66.9521,53.2778 -66.9462,53.2826 -66.9461,53.2877 -66.9464,53.2924 -66.951,53.2995 -66.9512,53.3043 -66.9507,53.3088 -66.9564,53.3113 -66.9651,53.3144 -66.9767,53.3179 -66.9973,53.3259 -67.0036,53.3223 -67.0087,53.322 -67.0146,53.3244 -67.0174,53.3301 -67.0189,53.3353 -67.0183,53.3392 -67.0114,53.3424 -66.9932,53.3494 -66.9885,53.3537 -66.9868,53.3574 -66.9955,53.3597 -67.0064,53.3599 -67.0064,53.3631 -66.9996,53.3659 -66.997,53.3698 -66.9919,53.3711 -66.9855,53.369 -66.9801,53.3648 -66.977,53.3597 -66.9724,53.3588 -66.9665,53.3593 -66.9597,53.3634 -66.9571,53.366 -66.9499,53.3674 -66.9492,53.3681 -66.9458,53.3726 -66.9457,53.3787 -66.946,53.3841 -66.9436,53.3876 -66.939,53.3876 -66.9306,53.3868 -66.9273,53.3896 -66.9246,53.3951 -66.9205,53.3969 -66.9169,53.3932 -66.9139,53.3895 -66.9064,53.3906 -66.9004,53.3946 -66.8946,53.4016 -66.8868,53.4072 -66.8777,53.4095 -66.8758,53.4119 -66.8839,53.4144 -66.8883,53.4234 -66.8923,53.4257 -66.8991,53.4208 -66.9041,53.4195 -66.9095,53.4176 -66.919,53.4202 -66.9238,53.4284 -66.9295,53.4413 -66.9265,53.4481 -66.9191,53.4543 -66.918,53.4583 -66.9241,53.4588 -66.9295,53.4627 -66.9269,53.4678 -66.9299,53.4724 -66.9364,53.4786 -66.9406,53.4802 -66.9477,53.4792 -66.9555,53.477 -66.9637,53.4741 -66.9701,53.4702 -66.9819,53.4678 -66.9892,53.4669 -66.9943,53.4693 -66.9955,53.475 -66.9957,53.4805 -66.991,53.4825 -66.9844,53.486 -66.9845,53.4894 -66.9778,53.4919 -66.9736,53.4946 -66.9747,53.4989 -66.995,53.4982 -67.0001,53.5005 -67.0047,53.5076 -67.007,53.512 -67.0145,53.5151 -67.019,53.5201 -67.0256,53.5298 -67.0295,53.5326 -67.0367,53.5323 -67.0444,53.5295 -67.0486,53.5325 -67.0509,53.5363 -67.0538,53.539 -67.0598,53.5405 -67.0711,53.5405 -67.0772,53.5365 -67.0859,53.5322 -67.0994,53.5299 -67.1092,53.5312 -67.1184,53.5349 -67.1292,53.5328 -67.137,53.5345 -67.142,53.5384 -67.1508,53.5392 -67.1572,53.5427 -67.1683,53.5513 -67.1731,53.5556 -67.1808,53.5586 -67.1891,53.557 -67.1952,53.5509 -67.1983,53.5451 -67.1948,53.5394 -67.1947,53.5349 -67.2046,53.5376 -67.2133,53.5389 -67.2185,53.5347 -67.2282,53.5416 -67.2326,53.5452 -67.2422,53.5515 -67.2494,53.5577 -67.2556,53.5614 -67.2597,53.5632 -67.2702,53.557 -67.2783,53.5549 -67.2828,53.5516 -67.2856,53.5475 -67.2933,53.5461 -67.3036,53.5488 -67.3119,53.5547 -67.3166,53.5599 -67.316,53.5644 -67.3119,53.5769 -67.3052,53.583 -67.306,53.5877 -67.3169,53.5885 -67.3292,53.5887 -67.3389,53.5954 -67.3472,53.599 -67.3709,53.5988 -67.3704,53.6027 -67.3651,53.6084 -67.3678,53.6123 -67.3781,53.6131 -67.389,53.6157 -67.3859,53.6223 -67.3793,53.6277 -67.3824,53.6325 -67.386,53.6367 -67.3828,53.6418 -67.387,53.6477 -67.3933,53.6527 -67.3966,53.6579 -67.4014,53.6634 -67.4074,53.6681 -67.4088,53.672 -67.3959,53.6743 -67.3909,53.6767 -67.3892,53.6837 -67.3951,53.6884 -67.4051,53.6915 -67.414,53.6967 -67.4209,53.7071 -67.4229,53.7119 -67.4116,53.7195 -67.4121,53.7253 -67.4154,53.7299 -67.4268,53.7291 -67.4405,53.7268 -67.4526,53.7266 -67.446,53.7196 -67.4371,53.7142 -67.4368,53.7097 -67.4484,53.71 -67.4529,53.7108 -67.4715,53.7144 -67.4853,53.7183 -67.4957,53.7202 -67.4991,53.7269 -67.5078,53.7307 -67.5185,53.734 -67.5138,53.7381 -67.5062,53.7413 -67.4984,53.7473 -67.4945,53.7575 -67.5124,53.7563 -67.5228,53.76 -67.5325,53.7616 -67.5463,53.7608 -67.5575,53.7586 -67.5684,53.7593 -67.5907,53.7598 -67.5973,53.7628 -67.597,53.7655 -67.5844,53.7676 -67.5708,53.7703 -67.5612,53.7729 -67.5542,53.7759 -67.5511,53.7783 -67.5556,53.7829 -67.5924,53.7884 -67.5947,53.7907 -67.5846,53.7929 -67.5642,53.7953 -67.556,53.7952 -67.549,53.7943 -67.5405,53.7937 -67.534,53.7937 -67.5304,53.8007 -67.5256,53.8074 -67.5176,53.8135 -67.5082,53.8157 -67.4935,53.827 -67.4877,53.8325 -67.4886,53.8372 -67.4941,53.8393 -67.5022,53.8413 -67.5115,53.8386 -67.5175,53.8393 -67.5305,53.8441 -67.54,53.8431 -67.5528,53.8424 -67.5612,53.843 -67.5638,53.8482 -67.5596,53.8517 -67.5521,53.8558 -67.5526,53.86 -67.5609,53.8618 -67.5722,53.8613 -67.5728,53.8641 -67.57,53.8689 -67.5695,53.8724 -67.5754,53.8744 -67.5823,53.8706 -67.589,53.8663 -67.5965,53.8652 -67.6019,53.8687 -67.6045,53.872 -67.601,53.8759 -67.598,53.8809 -67.6062,53.8846 -67.6096,53.888 -67.6105,53.8916 -67.604,53.8917 -67.5902,53.8903 -67.5875,53.8931 -67.588,53.8973 -67.5965,53.899 -67.6032,53.9027 -67.598,53.9063 -67.5915,53.9184 -67.5878,53.9228 -67.6039,53.9257 -67.6085,53.9293 -67.6158,53.9298 -67.628,53.9277 -67.6317,53.931 -67.6341,53.9366 -67.6435,53.9347 -67.6535,53.9314 -67.6651,53.9327 -67.6725,53.9397 -67.6712,53.9432 -67.6659,53.9462 -67.6573,53.9485 -67.6531,53.9521 -67.6613,53.9577 -67.6654,53.9618 -67.6709,53.9648 -67.6754,53.9681 -67.6745,53.9746 -67.6857,53.9783 -67.7007,53.9808 -67.7182,53.9807 -67.729,53.9826 -67.7357,53.9864 -67.7372,53.9901 -67.7413,53.994 -67.7508,54.0001 -67.7618,54.0001 -67.7679,53.9954 -67.7764,53.9948 -67.7743,54.0001 -67.7745,54.0004 -67.7822,54.0001 -67.7787,54.0066 -67.7757,54.0109 -67.7754,54.0136 -67.7842,54.0117 -67.7927,54.012 -67.7972,54.0153 -67.8102,54.0145 -67.8125,54.0191 -67.817,54.0235 -67.8168,54.0273 -67.8122,54.0301 -67.8055,54.0301 -67.7996,54.0332 -67.8,54.0369 -67.7932,54.0386 -67.7842,54.0391 -67.7846,54.0424 -67.7925,54.0505 -67.7904,54.0524 -67.7833,54.0549 -67.7802,54.0571 -67.7793,54.0578 -67.7786,54.062 -67.7719,54.0664 -67.7728,54.0714 -67.7802,54.0826 -67.7671,54.0824 -67.7606,54.0837 -67.7544,54.0856 -67.7516,54.0912 -67.7519,54.0966 -67.7566,54.1017 -67.7627,54.1039 -67.7754,54.1056 -67.7784,54.1019 -67.7836,54.0996 -67.7901,54.1006 -67.7941,54.1046 -67.7935,54.11 -67.79,54.1145 -67.7883,54.1191 -67.7921,54.1231 -67.7982,54.126 -67.8021,54.1273 -67.7987,54.1304 -67.7862,54.1392 -67.7811,54.144 -67.7667,54.152 -67.7599,54.1547 -67.7533,54.1551 -67.7452,54.1528 -67.7357,54.1507 -67.7295,54.1482 -67.7248,54.1468 -67.7204,54.1488 -67.7188,54.1518 -67.7133,54.1546 -67.7046,54.1585 -67.697,54.1601 -67.6802,54.1565 -67.6709,54.1564 -67.6639,54.158 -67.6576,54.1586 -67.6486,54.1589 -67.64,54.158 -67.6343,54.1586 -67.6317,54.1626 -67.642,54.1682 -67.6466,54.1715 -67.6454,54.1799 -67.6495,54.1852 -67.647,54.1897 -67.641,54.1909 -67.6314,54.1905 -67.6244,54.1877 -67.6177,54.1869 -67.6119,54.1911 -67.611,54.1966 -67.6109,54.1994 -67.6203,54.2012 -67.6273,54.202 -67.6318,54.2038 -67.6113,54.2065 -67.6098,54.2086 -67.6174,54.2197 -67.6219,54.2236 -67.639,54.2248 -67.6471,54.226 -67.6526,54.2281 -67.6555,54.2324 -67.6571,54.2365 -67.6666,54.2396 -67.6731,54.2449 -67.6765,54.2569 -67.6808,54.2618 -67.682,54.2656 -67.6765,54.2666 -67.6714,54.2642 -67.6692,54.2694 -67.6647,54.2741 -67.6615,54.2789 -67.6639,54.2828 -67.6683,54.2881 -67.6688,54.2919 -67.6713,54.296 -67.668,54.3068 -67.6631,54.311 -67.6632,54.3141 -67.6785,54.3168 -67.6791,54.3215 -67.6833,54.326 -67.6899,54.3304 -67.6996,54.33 -67.707,54.3327 -67.7107,54.3359 -67.7175,54.3353 -67.7244,54.3367 -67.726,54.3407 -67.7237,54.3451 -67.7234,54.3483 -67.7336,54.3474 -67.7413,54.349 -67.7412,54.3522 -67.7361,54.3558 -67.7292,54.3622 -67.7263,54.3644 -67.7217,54.3664 -67.7209,54.3709 -67.726,54.3751 -67.7178,54.3833 -67.7169,54.3882 -67.7232,54.3912 -67.7351,54.3959 -67.7425,54.4022 -67.7486,54.4083 -67.7463,54.4154 -67.754,54.4156 -67.7662,54.4235 -67.7727,54.4271 -67.7773,54.4312 -67.7731,54.4354 -67.7711,54.4387 -67.7671,54.4433 -67.7627,54.4435 -67.7563,54.4419 -67.7506,54.4419 -67.7434,54.4431 -67.7377,54.4419 -67.7372,54.4421 -67.7305,54.446 -67.7273,54.4499 -67.7288,54.4551 -67.7314,54.4597 -67.7229,54.4587 -67.7127,54.4585 -67.7081,54.4576 -67.7101,54.4536 -67.714,54.45 -67.7132,54.4468 -67.7083,54.4424 -67.699,54.4408 -67.6897,54.4406 -67.6828,54.4424 -67.6761,54.4447 -67.6691,54.4485 -67.6623,54.4534 -67.6583,54.4586 -67.6638,54.4618 -67.672,54.4646 -67.6644,54.4663 -67.6576,54.4683 -67.6569,54.4723 -67.6624,54.4765 -67.6645,54.4794 -67.6632,54.483 -67.6565,54.4912 -67.6461,54.5069 -67.6434,54.5009 -67.6425,54.4951 -67.6372,54.4873 -67.6357,54.4827 -67.6334,54.4781 -67.6279,54.4755 -67.6201,54.4733 -67.6141,54.4762 -67.6054,54.4771 -67.5955,54.4757 -67.5933,54.4758 -67.5876,54.4763 -67.5804,54.4782 -67.5748,54.4806 -67.5814,54.4904 -67.5746,54.4911 -67.5679,54.4914 -67.5594,54.4901 -67.5559,54.4882 -67.556,54.4848 -67.5532,54.4825 -67.5452,54.4831 -67.5398,54.4855 -67.5332,54.4873 -67.5293,54.484 -67.5241,54.4816 -67.5064,54.4784 -67.4991,54.4792 -67.4919,54.481 -67.4892,54.4861 -67.4889,54.4903 -67.4938,54.4955 -67.4981,54.4993 -67.4988,54.5025 -67.4952,54.5052 -67.4906,54.5065 -67.488,54.5112 -67.484,54.5151 -67.4725,54.5221 -67.4743,54.5286 -67.4796,54.5401 -67.483,54.5446 -67.4887,54.5461 -67.4963,54.5471 -67.5146,54.5543 -67.5124,54.5603 -67.5099,54.5642 -67.5161,54.5684 -67.521,54.5723 -67.5144,54.5736 -67.5063,54.5741 -67.4978,54.5742 -67.4937,54.578 -67.4886,54.5819 -67.4644,54.5804 -67.4549,54.5748 -67.4452,54.5711 -67.4321,54.5668 -67.4283,54.5642 -67.4293,54.5596 -67.4281,54.5558 -67.4249,54.5532 -67.4175,54.5512 -67.41,54.5508 -67.4037,54.5469 -67.3993,54.5433 -67.402,54.5386 -67.3972,54.5363 -67.3905,54.5361 -67.387,54.5342 -67.3866,54.5302 -67.3859,54.5271 -67.3786,54.5273 -67.3695,54.526 -67.3668,54.5239 -67.3639,54.5196 -67.3643,54.5166 -67.3586,54.5136 -67.3512,54.5139 -67.3454,54.5155 -67.34,54.5174 -67.3365,54.5191 -67.3325,54.5151 -67.3334,54.512 -67.3374,54.5082 -67.3401,54.5051 -67.3409,54.5029 -67.3356,54.5012 -67.3305,54.5006 -67.3241,54.5014 -67.3184,54.5086 -67.3163,54.5106 -67.313,54.5122 -67.306,54.5114 -67.2988,54.5087 -67.2951,54.5056 -67.2941,54.4937 -67.2911,54.4895 -67.2824,54.4836 -67.2751,54.4834 -67.2667,54.484 -67.2598,54.4852 -67.26279,54.49398 -67.2572,54.4927 -67.2499,54.4917 -67.2442,54.4929 -67.2403,54.4964 -67.2389,54.5015 -67.24,54.5052 -67.2423,54.511 -67.2331,54.5116 -67.2249,54.5116 -67.2201,54.517 -67.2206,54.5224 -67.2229,54.5276 -67.2274,54.5305 -67.2491,54.5332 -67.2545,54.5361 -67.2611,54.5388 -67.2609,54.5434 -67.2556,54.5506 -67.2563,54.5532 -67.2597,54.5537 -67.2693,54.5516 -67.2805,54.5522 -67.2883,54.5551 -67.2963,54.5566 -67.2822,54.5579 -67.274,54.5595 -67.2687,54.564 -67.267,54.5696 -67.2715,54.5789 -67.2717,54.5828 -67.2759,54.5892 -67.2679,54.5882 -67.2592,54.5878 -67.2519,54.5862 -67.2443,54.5838 -67.236,54.5824 -67.228,54.5832 -67.2223,54.5862 -67.2244,54.5944 -67.2272,54.6012 -67.2288,54.6092 -67.2285,54.6143 -67.2295,54.6187 -67.2218,54.6159 -67.2117,54.6131 -67.2054,54.6132 -67.1968,54.6139 -67.1881,54.6103 -67.1835,54.6071 -67.1746,54.6085 -67.168,54.6107 -67.1607,54.6148 -67.1553,54.6186 -67.1521,54.6195 -67.1499,54.6201 -67.143,54.6195 -67.1348,54.6206 -67.1325,54.6254 -67.1387,54.6343 -67.1361,54.636 -67.1295,54.6388 -67.1238,54.6401 -67.1189,54.6425 -67.1182,54.6488 -67.1238,54.6535 -67.122,54.6553 -67.112,54.659 -67.1054,54.6625 -67.0984,54.664 -67.0888,54.6651 -67.0706,54.6683 -67.067,54.671 -67.0657,54.6763 -67.0724,54.6793 -67.0765,54.6817 -67.0599,54.688 -67.0569,54.6932 -67.0569,54.697 -67.0655,54.698 -67.0646,54.7013 -67.0653,54.7058 -67.0834,54.7169 -67.0898,54.7229 -67.1015,54.7316 -67.1187,54.7433 -67.1253,54.7468 -67.1299,54.7511 -67.1396,54.7548 -67.1509,54.7579 -67.1523,54.7601 -67.1504,54.7625 -67.1551,54.7642 -67.1639,54.7629 -67.1714,54.7654 -67.1698,54.7701 -67.1705,54.7748 -67.1807,54.7804 -67.2039,54.7914 -67.2109,54.797 -67.2172,54.804 -67.221,54.8095 -67.2162,54.8132 -67.2109,54.816 -67.2104,54.8237 -67.2193,54.8292 -67.2274,54.8297 -67.237,54.8283 -67.2369,54.8325 -67.2417,54.834 -67.2526,54.8352 -67.2561,54.8397 -67.2615,54.8443 -67.2595,54.8529 -67.2681,54.8585 -67.2782,54.8641 -67.2762,54.8688 -67.2846,54.8731 -67.3053,54.8819 -67.3019,54.888 -67.3071,54.8924 -67.3087,54.8975 -67.3208,54.9024 -67.329,54.9047 -67.329,54.9108 -67.3329,54.9184 -67.3393,54.9234 -67.3428,54.9275 -67.3486,54.9316 -67.3477,54.9372 -67.3502,54.9412 -67.3594,54.9435 -67.3642,54.9433 -67.3676,54.9476 -67.3759,54.9529 -67.3901,54.9577 -67.3947,54.9596 -67.3914,54.9625 -67.3933,54.9679 -67.3993,54.9714 -67.408,54.9739 -67.409,54.9772 -67.4012,54.9813 -67.3952,54.9879 -67.3944,54.9925 -67.4063,54.9938 -67.4118,54.9999 -67.4171,55.0001 -67.419,55.0067 -67.4235,55.0098 -67.4312,55.0095 -67.4384,55.0097 -67.4401,55.0115 -67.4393,55.015 -67.4391,55.02 -67.4323,55.0271 -67.4307,55.032 -67.4337,55.0354 -67.4392,55.0386 -67.4513,55.0436 -67.4603,55.0469 -67.4656,55.0506 -67.4656,55.0547 -67.4613,55.0586 -67.4578,55.0611 -67.451,55.0599 -67.445,55.0597 -67.4388,55.0601 -67.4359,55.0666 -67.4358,55.0706 -67.4347,55.0746 -67.4249,55.0812 -67.4207,55.0859 -67.4121,55.0899 -67.4061,55.0896 -67.3958,55.0845 -67.3882,55.0817 -67.3807,55.0829 -67.3787,55.0846 -67.3704,55.0877 -67.366,55.0889 -67.354,55.0856 -67.3439,55.0834 -67.3282,55.0864 -67.3197,55.0855 -67.3107,55.0823 -67.3011,55.0797 -67.2892,55.076 -67.2744,55.0732 -67.2648,55.0686 -67.2571,55.0623 -67.2414,55.0544 -67.2377,55.0511 -67.2383,55.0477 -67.2453,55.0474 -67.2648,55.0504 -67.2688,55.0495 -67.2695,55.0449 -67.2673,55.0381 -67.2686,55.0333 -67.2734,55.0302 -67.2841,55.0277 -67.2779,55.0236 -67.2643,55.02 -67.2539,55.0167 -67.2453,55.011 -67.2343,55.0065 -67.2243,55.0001 -67.2232,54.9917 -67.2165,54.9862 -67.2127,54.9819 -67.192,54.9792 -67.1747,54.9659 -67.1686,54.9596 -67.1616,54.9547 -67.1432,54.9492 -67.1314,54.9369 -67.1209,54.9285 -67.0833,54.9064 -67.0775,54.9015 -67.0661,54.8969 -67.0457,54.8815 -67.0449,54.8771 -67.0465,54.8719 -67.0453,54.8661 -67.0393,54.8612 -67.0304,54.8573 -67.0235,54.856 -67.0148,54.8506 -67.0059,54.8437 -66.9906,54.835 -66.9668,54.8264 -66.9592,54.8227 -66.952,54.8206 -66.9443,54.8147 -66.9401,54.8095 -66.9339,54.8002 -66.9264,54.7981 -66.9071,54.7989 -66.9066,54.8069 -66.89,54.8045 -66.8846,54.8093 -66.8774,54.8141 -66.8655,54.8085 -66.8588,54.805 -66.8506,54.8002 -66.8382,54.7962 -66.8278,54.7907 -66.8196,54.785 -66.7956,54.7728 -66.7777,54.7683 -66.7735,54.7648 -66.7723,54.761 -66.7642,54.7546 -66.7574,54.7475 -66.7531,54.7463 -66.7567,54.7602 -66.7457,54.7574 -66.7383,54.7527 -66.733,54.7476 -66.7172,54.7367 -66.7101,54.7357 -66.7037,54.7381 -66.6976,54.7389 -66.6934,54.7294 -66.6884,54.7247 -66.6806,54.7208 -66.6725,54.7157 -66.6697,54.7121 -66.6655,54.7149 -66.662,54.7184 -66.6624,54.7238 -66.6585,54.7262 -66.6701,54.7354 -66.6721,54.7418 -66.6737,54.7447 -66.68,54.7493 -66.695,54.7559 -66.7034,54.7574 -66.7118,54.7582 -66.7196,54.7624 -66.726,54.7678 -66.7273,54.7799 -66.7207,54.7834 -66.7198,54.7892 -66.7366,54.8058 -66.7348,54.8107 -66.7235,54.8037 -66.7054,54.7941 -66.6693,54.7725 -66.6569,54.7668 -66.6523,54.772 -66.639,54.7789 -66.644,54.7878 -66.6413,54.7903 -66.636,54.7927 -66.6286,54.7911 -66.6195,54.7848 -66.6139,54.7822 -66.618,54.7902 -66.6209,54.7981 -66.6093,54.8 -66.6035,54.8062 -66.602,54.81 -66.5957,54.8094 -66.5993,54.8141 -66.6128,54.8224 -66.6237,54.8323 -66.6284,54.8376 -66.6286,54.8481 -66.6326,54.8517 -66.6415,54.8512 -66.6489,54.853 -66.6463,54.8585 -66.6501,54.8631 -66.6515,54.8665 -66.6518,54.8724 -66.6554,54.8783 -66.6594,54.8828 -66.6663,54.8878 -66.673,54.8921 -66.6803,54.895 -66.6857,54.8983 -66.6853,54.9027 -66.6824,54.9083 -66.6837,54.9125 -66.6828,54.9161 -66.6783,54.9188 -66.6777,54.9248 -66.6848,54.9317 -66.6925,54.9368 -66.7056,54.9479 -66.7099,54.9523 -66.7045,54.9531 -66.7135,54.9592 -66.7259,54.9647 -66.7372,54.9703 -66.7359,54.9731 -66.7319,54.9733 -66.7308,54.9782 -66.7363,54.9863 -66.7519,54.9944 -66.7618,55.0001 -66.7493,55.0001 -66.7484,55.0072 -66.7462,55.0091 -66.7396,55.0076 -66.7368,55.0001 -66.7118,55.0001 -66.7081,55.0049 -66.6993,55.0001 -66.6868,55.0001 -66.6823,54.994 -66.6647,54.9878 -66.6603,54.9834 -66.6525,54.9776 -66.6455,54.9753 -66.6303,54.9796 -66.6227,54.9834 -66.6255,54.9888 -66.6329,54.9944 -66.654,55.0086 -66.6569,55.0128 -66.6574,55.0164 -66.663,55.0218 -66.6681,55.0253 -66.6743,55.0287 -66.6822,55.0309 -66.6923,55.0307 -66.6978,55.029 -66.7035,55.031 -66.7082,55.0338 -66.7145,55.0351 -66.7175,55.039 -66.7225,55.0427 -66.731,55.0444 -66.7324,55.0497 -66.7295,55.0538 -66.7299,55.0596 -66.7345,55.0623 -66.7434,55.0667 -66.7441,55.0707 -66.7434,55.0744 -66.7533,55.0872 -66.7516,55.0894 -66.746,55.0902 -66.7398,55.0856 -66.7315,55.0803 -66.6988,55.062 -66.6912,55.0598 -66.6891,55.0613 -66.6902,55.0663 -66.692,55.07 -66.7056,55.0792 -66.7128,55.083 -66.7301,55.0934 -66.733,55.0984 -66.7389,55.1042 -66.7459,55.1091 -66.7526,55.1146 -66.7648,55.116 -66.7717,55.1153 -66.7778,55.1124 -66.7855,55.1182 -66.7837,55.1218 -66.7776,55.1251 -66.77,55.1303 -66.7642,55.1357 -66.7674,55.1377 -66.7758,55.1395 -66.773,55.1431 -66.7659,55.1487 -66.7585,55.149 -66.7509,55.1473 -66.7457,55.1477 -66.7423,55.153 -66.7439,55.1591 -66.7544,55.1723 -66.7542,55.1778 -66.7573,55.1867 -66.7472,55.186 -66.7383,55.1878 -66.735,55.1913 -66.7369,55.195 -66.7526,55.2065 -66.7544,55.2134 -66.7474,55.2143 -66.7276,55.2104 -66.7191,55.208 -66.71,55.2031 -66.6938,55.1909 -66.6849,55.1847 -66.6806,55.1794 -66.6735,55.1742 -66.6671,55.1743 -66.6672,55.1796 -66.672,55.1857 -66.6786,55.197 -66.6818,55.2036 -66.6856,55.2097 -66.6939,55.219 -66.7048,55.2284 -66.7242,55.237 -66.7307,55.2435 -66.7385,55.2499 -66.7497,55.2558 -66.7631,55.2619 -66.7779,55.2702 -66.7841,55.2745 -66.7995,55.2883 -66.8078,55.2952 -66.8202,55.307 -66.8197,55.3138 -66.8246,55.3235 -66.8022,55.3198 -66.7967,55.3223 -66.7971,55.3279 -66.7994,55.333 -66.8046,55.3369 -66.812,55.3418 -66.8152,55.3491 -66.8148,55.3543 -66.8068,55.3551 -66.7877,55.351 -66.7787,55.3507 -66.7722,55.347 -66.7682,55.3442 -66.7643,55.3397 -66.7557,55.3345 -66.7413,55.3273 -66.7362,55.3207 -66.7276,55.3175 -66.7201,55.3174 -66.7087,55.3156 -66.7016,55.3117 -66.6978,55.3049 -66.7009,55.2923 -66.7024,55.2898 -66.6988,55.2856 -66.6913,55.2806 -66.6709,55.2691 -66.6651,55.261 -66.6579,55.2528 -66.6511,55.2554 -66.6469,55.261 -66.6419,55.2664 -66.6359,55.2667 -66.6252,55.2648 -66.6186,55.2681 -66.6193,55.2736 -66.6163,55.277 -66.6099,55.275 -66.6035,55.2685 -66.5912,55.2593 -66.5769,55.2474 -66.567,55.238 -66.5568,55.2345 -66.5468,55.2342 -66.5366,55.2236 -66.5331,55.2191 -66.5319,55.2162 -66.5232,55.2053 -66.5198,55.2 -66.5166,55.1941 -66.5111,55.1922 -66.5091,55.1963 -66.5082,55.2006 -66.505,55.2036 -66.501,55.2049 -66.4953,55.2037 -66.4923,55.2007 -66.4892,55.1957 -66.4823,55.1791 -66.4739,55.1674 -66.4673,55.1597 -66.4558,55.1499 -66.4455,55.1402 -66.4353,55.1344 -66.4203,55.1307 -66.4108,55.1197 -66.4031,55.1125 -66.3851,55.1019 -66.3732,55.0926 -66.3564,55.0831 -66.3473,55.075 -66.3343,55.0668 -66.3232,55.0563 -66.3114,55.0404 -66.3045,55.0346 -66.2875,55.0319 -66.2838,55.0272 -66.2763,55.0201 -66.2693,55.0145 -66.2618,55.0001 -66.2516,54.995 -66.2488,54.9861 -66.2489,54.9791 -66.2471,54.9747 -66.2406,54.9727 -66.2363,54.9771 -66.2334,54.9895 -66.2181,54.9836 -66.2153,54.98 -66.2102,54.9778 -66.1954,54.9802 -66.1885,54.9798 -66.1786,54.9748 -66.1678,54.9718 -66.1598,54.9742 -66.1577,54.9784 -66.1583,54.9816 -66.1585,54.9861 -66.1444,54.9815 -66.1374,54.976 -66.12,54.9686 -66.1129,54.9633 -66.1084,54.9586 -66.1007,54.954 -66.0874,54.9483 -66.0748,54.9382 -66.0697,54.9325 -66.0654,54.9285 -66.0578,54.9239 -66.0496,54.9198 -66.0411,54.918 -66.0347,54.9186 -66.0329,54.9229 -66.0382,54.9293 -66.0439,54.9334 -66.0455,54.937 -66.0411,54.9393 -66.0323,54.9407 -66.0238,54.9408 -66.0173,54.938 -65.9992,54.9314 -65.9992,54.929 -65.9897,54.9298 -65.9768,54.9301 -65.9628,54.9285 -65.9551,54.9349 -65.9461,54.9329 -65.937,54.9349 -65.9292,54.9401 -65.9229,54.9378 -65.9141,54.9336 -65.8879,54.9243 -65.8706,54.922 -65.8585,54.9247 -65.8517,54.9255 -65.8468,54.9206 -65.8412,54.9141 -65.845,54.9087 -65.8568,54.9014 -65.8569,54.8963 -65.8583,54.8924 -65.8492,54.8871 -65.8377,54.8814 -65.8377,54.8745 -65.8424,54.8677 -65.8458,54.8617 -65.852,54.859 -65.8555,54.8563 -65.8525,54.8508 -65.8392,54.8359 -65.8325,54.8304 -65.8175,54.822 -65.8041,54.816 -65.788,54.8083 -65.7774,54.8015 -65.773,54.7955 -65.7669,54.7883 -65.7578,54.7855 -65.7524,54.7804 -65.7478,54.7747 -65.7445,54.7692 -65.7343,54.7634 -65.7335,54.7589 -65.7261,54.7507 -65.7147,54.7403 -65.7167,54.7359 -65.7225,54.7327 -65.7186,54.7284 -65.7132,54.7217 -65.7008,54.7123 -65.6912,54.7056 -65.6868,54.7111 -65.6702,54.7182 -65.6608,54.7228 -65.6542,54.7268 -65.6495,54.732 -65.6448,54.7353 -65.6478,54.7409 -65.6481,54.7483 -65.6437,54.7521 -65.6343,54.753 -65.6325,54.7531 -65.6295,54.7487 -65.6254,54.7413 -65.6217,54.7369 -65.6009,54.7364 -65.5954,54.7381 -65.591,54.7416 -65.5643,54.7386 -65.5637,54.7321 -65.5576,54.7292 -65.5476,54.7281 -65.534,54.7288 -65.5261,54.7321 -65.5127,54.7344 -65.5041,54.7353 -65.4993,54.7341 -65.4942,54.73 -65.4875,54.7274 -65.4611,54.7262 -65.4514,54.7279 -65.4488,54.7327 -65.45,54.7382 -65.4455,54.7431 -65.4387,54.7455 -65.4311,54.7449 -65.4254,54.7478 -65.4258,54.7523 -65.4301,54.7693 -65.4317,54.7854 -65.438,54.7905 -65.4463,54.7958 -65.4563,54.7989 -65.4639,54.8022 -65.4779,54.8133 -65.484,54.8199 -65.487,54.8278 -65.4851,54.834 -65.4788,54.8369 -65.4678,54.8379 -65.4616,54.8404 -65.4585,54.8458 -65.4547,54.8474 -65.4212,54.8425 -65.4148,54.8409 -65.4157,54.8304 -65.4143,54.8253 -65.4135,54.8227 -65.4083,54.8186 -65.399,54.8177 -65.3959,54.8192 -65.3911,54.8235 -65.3846,54.8276 -65.3797,54.8281 -65.3726,54.8262 -65.3669,54.8233 -65.3628,54.8195 -65.355,54.817 -65.3506,54.8186 -65.3468,54.8228 -65.3462,54.8276 -65.3438,54.8309 -65.3409,54.8318 -65.3404,54.8351 -65.3422,54.8417 -65.3404,54.8464 -65.3349,54.85 -65.3265,54.8476 -65.3215,54.8414 -65.3182,54.8344 -65.3104,54.8266 -65.3055,54.8186 -65.3001,54.815 -65.2947,54.816 -65.287,54.8248 -65.2893,54.8332 -65.2886,54.8394 -65.2821,54.8427 -65.2659,54.847 -65.2499,54.8479 -65.2395,54.8489 -65.2266,54.8479 -65.2163,54.8457 -65.2078,54.8468 -65.2028,54.8507 -65.1988,54.8556 -65.1959,54.8612 -65.1967,54.8647 -65.2021,54.868 -65.1972,54.8705 -65.1995,54.8757 -65.1984,54.8808 -65.193,54.8851 -65.1896,54.8889 -65.1867,54.8933 -65.1825,54.8988 -65.1753,54.9048 -65.17,54.9148 -65.1703,54.9196 -65.1749,54.9261 -65.1764,54.9304 -65.1714,54.9318 -65.1639,54.9308 -65.1382,54.9262 -65.132,54.9264 -65.1281,54.9292 -65.1219,54.9365 -65.119,54.9415 -65.1187,54.9454 -65.1191,54.95 -65.1223,54.96 -65.1037,54.963 -65.0865,54.968 -65.0801,54.9678 -65.0782,54.9664 -65.0755,54.9587 -65.0732,54.9539 -65.0695,54.9515 -65.052,54.9546 -65.0482,54.954 -65.0444,54.9513 -65.0441,54.9472 -65.0415,54.9425 -65.0337,54.9381 -65.0145,54.93 -65.0103,54.9299 -65.0084,54.9304 -64.9992,54.9338 -64.9911,54.9363 -64.9785,54.937 -64.9695,54.9357 -64.9624,54.9337 -64.9502,54.9295 -64.9445,54.9273 -64.9366,54.9237 -64.9267,54.9201 -64.9167,54.919 -64.9129,54.9107 -64.9081,54.9096 -64.9039,54.9008 -64.8973,54.8972 -64.891,54.8948 -64.8831,54.8932 -64.8739,54.8931 -64.8683,54.894 -64.8641,54.8911 -64.8594,54.8858 -64.8489,54.8776 -64.8484,54.8753 -64.8522,54.8703 -64.855,54.864 -64.8632,54.8548 -64.8617,54.8527 -64.8599,54.8488 -64.865,54.8484 -64.8683,54.847 -64.8675,54.844 -64.8644,54.8418 -64.857,54.8385 -64.8451,54.8421 -64.8394,54.8443 -64.84,54.8416 -64.8376,54.8376 -64.8307,54.8346 -64.8246,54.8349 -64.8223,54.8385 -64.8219,54.8429 -64.8209,54.846 -64.8166,54.8474 -64.8129,54.8471 -64.8084,54.8421 -64.8035,54.8382 -64.7963,54.8359 -64.7917,54.8375 -64.7894,54.8424 -64.7849,54.8443 -64.7801,54.8455 -64.7763,54.8431 -64.7676,54.8349 -64.7621,54.8284 -64.7556,54.8215 -64.7506,54.8154 -64.7506,54.8114 -64.7536,54.807 -64.7554,54.8051 -64.7574,54.8032 -64.7633,54.8001 -64.7712,54.7994 -64.7725,54.7973 -64.7697,54.7918 -64.7767,54.7905 -64.7791,54.788 -64.7753,54.7842 -64.7712,54.7792 -64.7673,54.7737 -64.756,54.7677 -64.7668,54.7657 -64.7725,54.7637 -64.7788,54.7645 -64.7838,54.7646 -64.7843,54.7606 -64.786,54.7553 -64.7948,54.756 -64.802,54.7583 -64.8034,54.7562 -64.7982,54.7528 -64.7919,54.7458 -64.7875,54.7396 -64.7806,54.7335 -64.7707,54.7293 -64.7626,54.7279 -64.7364,54.7341 -64.7321,54.7247 -64.7254,54.7234 -64.7108,54.7216 -64.7001,54.7221 -64.6907,54.7237 -64.6843,54.7254 -64.6832,54.7297 -64.6815,54.733 -64.6779,54.7342 -64.6625,54.7319 -64.6323,54.7248 -64.6242,54.7247 -64.6139,54.7274 -64.6047,54.7287 -64.5989,54.732 -64.5945,54.7306 -64.5912,54.7268 -64.5852,54.7235 -64.5775,54.7212 -64.5712,54.7182 -64.5596,54.7134 -64.553,54.7119 -64.5489,54.7149 -64.5474,54.7198 -64.5413,54.7238 -64.5339,54.7279 -64.5278,54.7335 -64.527,54.7343 -64.5257,54.7389 -64.5368,54.7405 -64.5475,54.7439 -64.5561,54.748 -64.5495,54.7633 -64.5407,54.762 -64.5333,54.7603 -64.5258,54.7562 -64.5207,54.7524 -64.5122,54.7495 -64.4908,54.7498 -64.4706,54.7507 -64.4725,54.7556 -64.4826,54.7704 -64.4734,54.7694 -64.4674,54.7691 -64.4688,54.7726 -64.4772,54.7782 -64.4754,54.7849 -64.4922,54.7891 -64.4902,54.7926 -64.4808,54.7919 -64.4688,54.7901 -64.4567,54.7897 -64.4452,54.7885 -64.4327,54.7861 -64.4207,54.7862 -64.4108,54.7876 -64.3975,54.7887 -64.3928,54.7866 -64.3854,54.7791 -64.3804,54.7776 -64.3589,54.7805 -64.3479,54.7789 -64.3406,54.7774 -64.3306,54.7738 -64.3219,54.7676 -64.315,54.7657 -64.3092,54.766 -64.3017,54.7642 -64.2956,54.7604 -64.2946,54.7569 -64.2963,54.7539 -64.3013,54.748 -64.3037,54.7431 -64.3022,54.7382 -64.2971,54.7338 -64.2815,54.7275 -64.2742,54.7258 -64.2661,54.7272 -64.2563,54.7276 -64.2438,54.7276 -64.2373,54.7271 -64.2413,54.7223 -64.2398,54.7181 -64.2339,54.714 -64.2275,54.716 -64.2207,54.7187 -64.2119,54.7211 -64.2041,54.7246 -64.1941,54.7276 -64.1891,54.7236 -64.1901,54.7201 -64.1793,54.7201 -64.1822,54.7169 -64.1879,54.7149 -64.1919,54.7122 -64.1893,54.7081 -64.1797,54.7016 -64.18,54.6972 -64.1841,54.6931 -64.1806,54.6905 -64.1709,54.6888 -64.1628,54.681 -64.1551,54.6769 -64.1458,54.6733 -64.1487,54.6708 -64.1499,54.667 -64.1487,54.6664 -64.1454,54.6651 -64.1386,54.6644 -64.1279,54.6626 -64.1163,54.6612 -64.1079,54.6581 -64.1063,54.6514 -64.1086,54.6461 -64.1113,54.6409 -64.1167,54.635 -64.1157,54.6303 -64.1137,54.6241 -64.1103,54.6176 -64.1088,54.6116 -64.1027,54.6106 -64.0941,54.6113 -64.0851,54.6194 -64.0805,54.6186 -64.0752,54.6159 -64.0713,54.6123 -64.0649,54.6073 -64.0545,54.5982 -64.0461,54.5986 -64.0416,54.601 -64.0373,54.6039 -64.0314,54.6057 -64.0253,54.6036 -64.0159,54.6014 -63.9992,54.6001 -63.9992,54.6039 -63.9962,54.6016 -63.9944,54.5992 -63.991,54.6028 -63.9812,54.6062 -63.9782,54.6084 -63.9766,54.6106 -63.9743,54.6163 -63.9721,54.6177 -63.967,54.6172 -63.9569,54.6126 -63.9403,54.6068 -63.934,54.6043 -63.9184,54.6032 -63.9103,54.6022 -63.9053,54.6005 -63.899,54.5976 -63.8942,54.597 -63.8933,54.6016 -63.8953,54.6047 -63.8939,54.6069 -63.8886,54.6086 -63.883,54.6098 -63.8748,54.6103 -63.8672,54.6122 -63.877,54.6164 -63.878,54.6202 -63.8756,54.6237 -63.8698,54.6257 -63.8636,54.6231 -63.8576,54.6223 -63.8506,54.6238 -63.8394,54.6254 -63.8305,54.6287 -63.8255,54.6319 -63.8296,54.6369 -63.8311,54.6393 -63.8221,54.6395 -63.8174,54.6379 -63.8139,54.6383 -63.8119,54.6483 -63.8018,54.6469 -63.7894,54.6404 -63.782,54.6382 -63.7715,54.6368 -63.7648,54.6353 -63.7592,54.6332 -63.7479,54.6267 -63.7354,54.6217 -63.7293,54.6209 -63.7247,54.625 -63.7108,54.6231 -63.7119,54.6277 -63.7126,54.6336 -63.714,54.638 -63.7182,54.6452 -63.7215,54.6493 -63.726,54.6524 -63.7249,54.6568 -63.7266,54.6611 -63.7396,54.6684 -63.7422,54.6706 -63.7623,54.673 -63.7678,54.675 -63.773,54.68 -63.7729,54.6826 -63.7655,54.6843 -63.7592,54.6868 -63.7607,54.6924 -63.7649,54.6977 -63.771,54.7015 -63.7828,54.7071 -63.7919,54.711 -63.8,54.7152 -63.8038,54.7188 -63.8008,54.7247 -63.8215,54.7318 -63.8302,54.7355 -63.8365,54.7403 -63.8482,54.7457 -63.8586,54.7494 -63.8628,54.7529 -63.8683,54.7549 -63.8752,54.7564 -63.8795,54.754 -63.887,54.7538 -63.8869,54.7566 -63.8888,54.7602 -63.8958,54.7605 -63.8926,54.7639 -63.8892,54.7694 -63.9133,54.7734 -63.9223,54.7761 -63.9231,54.779 -63.9174,54.7829 -63.9166,54.7868 -63.9149,54.7897 -63.9053,54.7893 -63.8951,54.7872 -63.8882,54.7886 -63.8922,54.7931 -63.9007,54.7954 -63.9059,54.7986 -63.9014,54.8009 -63.8736,54.8005 -63.8656,54.7998 -63.8635,54.8002 -63.8697,54.8042 -63.8653,54.8076 -63.8492,54.8073 -63.8456,54.813 -63.8375,54.8112 -63.8285,54.8113 -63.821,54.8133 -63.8155,54.8167 -63.814,54.8232 -63.8168,54.8299 -63.8226,54.8319 -63.8199,54.8331 -63.8276,54.8422 -63.8254,54.847 -63.8344,54.8533 -63.8442,54.859 -63.8479,54.8639 -63.8425,54.87 -63.8438,54.8725 -63.8511,54.8766 -63.8532,54.8809 -63.8497,54.8854 -63.8389,54.8838 -63.8393,54.8887 -63.8444,54.8936 -63.8443,54.8956 -63.8354,54.8975 -63.8287,54.9016 -63.8329,54.907 -63.8377,54.9107 -63.8383,54.9144 -63.8306,54.9153 -63.8218,54.9173 -63.8114,54.9192 -63.8044,54.9227 -63.7974,54.9256 -63.8041,54.9294 -63.8155,54.9323 -63.8234,54.9337 -63.8234,54.9365 -63.8241,54.9403 -63.8255,54.944 -63.82,54.9474 -63.8077,54.9494 -63.79,54.9551 -63.7838,54.9532 -63.783,54.949 -63.771,54.9463 -63.7472,54.9416 -63.7403,54.9371 -63.7368,54.9341 -63.736,54.9312 -63.7358,54.9289 -63.7241,54.928 -63.7192,54.9257 -63.7122,54.9255 -63.7053,54.9263 -63.6962,54.9259 -63.6929,54.9211 -63.6925,54.9161 -63.6912,54.9094 -63.6836,54.9048 -63.6604,54.9025 -63.6627,54.9092 -63.649,54.906 -63.6286,54.9073 -63.6245,54.9035 -63.6183,54.9 -63.6061,54.8988 -63.5981,54.9 -63.6069,54.906 -63.6149,54.9099 -63.6064,54.912 -63.6138,54.9169 -63.6238,54.9196 -63.6238,54.9238 -63.6147,54.9236 -63.607,54.9249 -63.6016,54.9265 -63.596,54.9261 -63.5885,54.9247 -63.5821,54.9247 -63.5783,54.9295 -63.5882,54.9321 -63.5962,54.9348 -63.5892,54.9359 -63.593,54.939 -63.6015,54.9418 -63.5967,54.9461 -63.6044,54.9479 -63.6134,54.9487 -63.6114,54.951 -63.5986,54.9541 -63.5988,54.9608 -63.6098,54.9669 -63.6134,54.9715 -63.6113,54.9777 -63.5982,54.9752 -63.583,54.9749 -63.5818,54.9754 -63.5738,54.9789 -63.5728,54.9837 -63.5757,54.9885 -63.5572,54.9896 -63.5577,55.0001 -63.5673,55.003 -63.5752,55.0041 -63.585,55.0046 -63.6055,55.0096 -63.6008,55.015 -63.6001,55.0173 -63.5972,55.0205 -63.5945,55.0216 -63.5799,55.0249 -63.5724,55.0283 -63.5681,55.0306 -63.5562,55.035 -63.5644,55.0381 -63.5728,55.0425 -63.5748,55.0477 -63.5758,55.0546 -63.5821,55.0589 -63.5925,55.0613 -63.6047,55.0626 -63.6129,55.0662 -63.6173,55.0688 -63.6085,55.0715 -63.6028,55.076 -63.6025,55.0812 -63.6059,55.0861 -63.611,55.0915 -63.614,55.0942 -63.6123,55.097 -63.6093,55.0988 -63.6039,55.0999 -63.5921,55.0981 -63.5895,55.0983 -63.5832,55.109 -63.5839,55.1122 -63.5935,55.1165 -63.5879,55.1193 -63.6011,55.1271 -63.602,55.13 -63.5953,55.1322 -63.5771,55.1343 -63.5692,55.1374 -63.5668,55.1438 -63.5692,55.1499 -63.5711,55.1527 -63.5719,55.156 -63.555,55.1573 -63.5461,55.1587 -63.5376,55.1618 -63.5321,55.1645 -63.5248,55.167 -63.5233,55.1693 -63.529,55.1735 -63.5333,55.175 -63.5429,55.1732 -63.5537,55.1724 -63.5557,55.1773 -63.5596,55.1815 -63.562,55.1852 -63.5596,55.1884 -63.5537,55.1902 -63.5247,55.1933 -63.5142,55.1961 -63.507,55.1993 -63.5008,55.2028 -63.4898,55.2004 -63.4822,55.2001 -63.4655,55.2011 -63.453,55.2024 -63.4431,55.2116 -63.4329,55.2116 -63.4288,55.2158 -63.4273,55.2199 -63.4221,55.2231 -63.4247,55.2272 -63.4176,55.2296 -63.414,55.2325 -63.4143,55.2363 -63.4217,55.2413 -63.4224,55.2442 -63.4138,55.2454 -63.4013,55.2498 -63.4011,55.2555 -63.403,55.2575 -63.4154,55.2556 -63.4333,55.2539 -63.4457,55.2509 -63.4559,55.2522 -63.4638,55.2542 -63.4673,55.2516 -63.4699,55.2488 -63.4759,55.2459 -63.4857,55.2444 -63.4907,55.2455 -63.4959,55.2445 -63.5003,55.2416 -63.499,55.2395 -63.5063,55.2343 -63.5163,55.2317 -63.5361,55.228 -63.5451,55.2259 -63.5512,55.2299 -63.5588,55.2373 -63.5639,55.2439 -63.5692,55.2403 -63.579,55.2365 -63.5885,55.2367 -63.5971,55.2389 -63.5995,55.2355 -63.6027,55.2327 -63.6096,55.2308 -63.6175,55.234 -63.6248,55.2378 -63.625,55.2424 -63.6073,55.2457 -63.5989,55.252 -63.6107,55.2522 -63.6239,55.2551 -63.634,55.2566 -63.637,55.2553 -63.6404,55.2514 -63.6503,55.2513 -63.6593,55.2576 -63.6673,55.2588 -63.6726,55.261 -63.678,55.2644 -63.6777,55.2668 -63.6749,55.2708 -63.6737,55.274 -63.6684,55.2723 -63.6608,55.2767 -63.655,55.279 -63.639,55.2783 -63.6408,55.2835 -63.641,55.2874 -63.6335,55.2905 -63.6175,55.2957 -63.6013,55.2981 -63.5845,55.3022 -63.5766,55.2995 -63.5688,55.2984 -63.5676,55.2983 -63.5574,55.2994 -63.552,55.301 -63.5436,55.3072 -63.5383,55.3091 -63.5334,55.3067 -63.5249,55.3082 -63.5225,55.3117 -63.5275,55.3155 -63.5256,55.3196 -63.5327,55.326 -63.5403,55.3254 -63.5543,55.3221 -63.5858,55.3218 -63.5923,55.3219 -63.596,55.3262 -63.5929,55.3305 -63.5886,55.3343 -63.58,55.3352 -63.5746,55.3394 -63.5629,55.3389 -63.5491,55.3439 -63.5389,55.3428 -63.5298,55.3423 -63.5179,55.3444 -63.5062,55.3477 -63.4975,55.3486 -63.4876,55.3489 -63.4761,55.3484 -63.4695,55.3459 -63.4583,55.3446 -63.4435,55.3439 -63.4163,55.3505 -63.4056,55.352 -63.3947,55.3548 -63.3838,55.3562 -63.3721,55.3593 -63.3545,55.3623 -63.3529,55.3577 -63.3483,55.3592 -63.3448,55.3624 -63.3394,55.3642 -63.3359,55.363 -63.3276,55.3635 -63.3245,55.3655 -63.3297,55.3746 -63.3322,55.3814 -63.3312,55.388 -63.3283,55.3962 -63.3252,55.4008 -63.3199,55.4075 -63.3198,55.4118 -63.3379,55.4111 -63.3439,55.4153 -63.3509,55.4185 -63.3596,55.4163 -63.3674,55.4124 -63.3759,55.4096 -63.3869,55.4081 -63.3975,55.4059 -63.4053,55.408 -63.4254,55.4024 -63.433,55.4012 -63.4368,55.4042 -63.4343,55.4084 -63.4381,55.41 -63.4477,55.4116 -63.4516,55.4141 -63.4487,55.4198 -63.4601,55.4194 -63.4712,55.421 -63.4756,55.4247 -63.4772,55.4286 -63.513,55.4207 -63.5229,55.4228 -63.5368,55.427 -63.5441,55.4248 -63.551,55.4217 -63.5677,55.427 -63.5783,55.4204 -63.5853,55.4239 -63.5934,55.4268 -63.6065,55.4282 -63.6163,55.4302 -63.6294,55.4303 -63.6357,55.4291 -63.6444,55.4243 -63.6454,55.4242 -63.6578,55.4231 -63.6742,55.4246 -63.688,55.4274 -63.6987,55.43 -63.7112,55.4339 -63.7251,55.437 -63.7367,55.44 -63.7385,55.4474 -63.7448,55.4524 -63.7534,55.4554 -63.7579,55.4543 -63.7672,55.4554 -63.7736,55.4591 -63.7774,55.4645 -63.7817,55.4672 -63.7873,55.4647 -63.7923,55.4658 -63.7907,55.4706 -63.7876,55.4732 -63.7795,55.4753 -63.7778,55.4762 -63.7741,55.4784 -63.7717,55.482 -63.7648,55.4823 -63.7558,55.4833 -63.7487,55.4878 -63.7433,55.4906 -63.7262,55.4937 -63.7225,55.4985 -63.7215,55.5022 -63.7133,55.505 -63.7059,55.5054 -63.6904,55.5096 -63.6895,55.5158 -63.6855,55.5201 -63.6882,55.5278 -63.6859,55.5339 -63.6825,55.5389 -63.6766,55.5391 -63.6705,55.5381 -63.668,55.5415 -63.6619,55.5531 -63.664,55.5589 -63.6703,55.564 -63.6657,55.5679 -63.6788,55.572 -63.6823,55.5749 -63.6747,55.5797 -63.6704,55.5847 -63.6731,55.5892 -63.6701,55.594 -63.6637,55.5987 -63.6664,55.6042 -63.6702,55.6073 -63.6776,55.6057 -63.6826,55.6116 -63.6817,55.6155 -63.6822,55.6208 -63.6857,55.6264 -63.6822,55.6321 -63.6793,55.6361 -63.6678,55.6378 -63.6568,55.638 -63.6486,55.6359 -63.6436,55.6382 -63.6429,55.6418 -63.6572,55.6455 -63.6712,55.6498 -63.6739,55.6535 -63.6899,55.6552 -63.7148,55.6585 -63.7228,55.6544 -63.7361,55.6513 -63.7635,55.6513 -63.7619,55.6592 -63.7517,55.6597 -63.7529,55.6687 -63.7523,55.6712 -63.7374,55.6731 -63.7218,55.6795 -63.7143,55.6783 -63.7057,55.6784 -63.7041,55.6841 -63.7093,55.6898 -63.7214,55.6928 -63.7257,55.6968 -63.7226,55.7023 -63.7188,55.7064 -63.7218,55.7101 -63.7241,55.7145 -63.7215,55.7171 -63.7113,55.7192 -63.708,55.722 -63.7158,55.7235 -63.7237,55.7237 -63.7222,55.7261 -63.714,55.7263 -63.6995,55.7275 -63.6948,55.7307 -63.6983,55.733 -63.713,55.7339 -63.7208,55.7365 -63.7182,55.7397 -63.708,55.7395 -63.7002,55.743 -63.7028,55.7478 -63.704,55.7518 -63.7026,55.7547 -63.6921,55.7546 -63.6842,55.7538 -63.6769,55.7562 -63.6737,55.7601 -63.6761,55.7674 -63.6787,55.7735 -63.6774,55.7778 -63.6718,55.7806 -63.672,55.7848 -63.6676,55.7895 -63.6712,55.7917 -63.6883,55.7912 -63.6925,55.7906 -63.7051,55.7885 -63.7118,55.7823 -63.723,55.7803 -63.7409,55.7838 -63.7484,55.7882 -63.7576,55.788 -63.7667,55.791 -63.7649,55.7944 -63.7597,55.797 -63.7704,55.799 -63.7745,55.8029 -63.7703,55.807 -63.7748,55.8106 -63.7784,55.814 -63.7743,55.8188 -63.7705,55.8223 -63.7605,55.8217 -63.7548,55.8209 -63.75,55.8259 -63.7515,55.8322 -63.762,55.8372 -63.7637,55.8388 -63.7549,55.8459 -63.7712,55.8483 -63.7795,55.8574 -63.7948,55.8614 -63.8071,55.8637 -63.8142,55.864 -63.8242,55.8703 -63.8366,55.8764 -63.844,55.8814 -63.8458,55.8878 -63.8358,55.8916 -63.8292,55.8949 -63.8244,55.9054 -63.8404,55.9071 -63.8533,55.9102 -63.8547,55.9139 -63.8508,55.9173 -63.8329,55.9198 -63.8101,55.9214 -63.7931,55.9305 -63.7783,55.931 -63.7617,55.9337 -63.7551,55.9361 -63.7456,55.9323 -63.7333,55.9288 -63.7239,55.9306 -63.718,55.9368 -63.7128,55.9387 -63.7054,55.9402 -63.7043,55.9464 -63.7115,55.9469 -63.7114,55.9507 -63.7049,55.952 -63.6929,55.9491 -63.685,55.9499 -63.6817,55.9564 -63.6838,55.9622 -63.6725,55.9635 -63.665,55.9698 -63.6534,55.9712 -63.631,55.9657 -63.6237,55.9682 -63.6226,55.9686 -63.6253,55.9732 -63.6174,55.9767 -63.6047,55.9802 -63.5987,55.9822 -63.6032,55.9879 -63.5967,55.9912 -63.5874,55.9885 -63.5788,55.9909 -63.5691,55.9943 -63.563,55.9971 -63.5635,56.0001 -63.5742,56.0001 -63.567,56.0026 -63.5489,56.0054 -63.5316,56.0061 -63.5145,56.0042 -63.5016,56.0001 -63.5045,56.0001 -63.4971,55.9933 -63.4923,55.9913 -63.4826,55.9881 -63.473,55.989 -63.4714,55.9905 -63.4709,55.9934 -63.4697,55.996 -63.4697,55.9985 -63.4685,56.0004 -63.4742,56.0001 -63.4805,56.0054 -63.487,56.0085 -63.4893,56.0104 -63.4893,56.0139 -63.485,56.0151 -63.4739,56.0132 -63.4676,56.0116 -63.4582,56.021 -63.4437,56.0297 -63.4539,56.0314 -63.4654,56.0344 -63.4779,56.0358 -63.4925,56.0398 -63.4983,56.0411 -63.506,56.0375 -63.5069,56.0358 -63.5166,56.0377 -63.5214,56.0394 -63.5333,56.037 -63.5475,56.0329 -63.5615,56.0307 -63.5694,56.0287 -63.5767,56.0259 -63.5793,56.0254 -63.5841,56.0284 -63.5957,56.0268 -63.6048,56.0263 -63.6118,56.0305 -63.6173,56.0361 -63.6292,56.0326 -63.6327,56.0298 -63.6406,56.0283 -63.6534,56.0318 -63.6683,56.0368 -63.6798,56.0421 -63.6899,56.0447 -63.691,56.0495 -63.6892,56.0559 -63.6897,56.062 -63.698,56.065 -63.7131,56.0661 -63.7216,56.0698 -63.7335,56.069 -63.7441,56.0648 -63.7556,56.0597 -63.7807,56.0529 -63.7949,56.0514 -63.8236,56.0463 -63.8356,56.0457 -63.8391,56.0475 -63.834,56.0529 -63.823,56.0662 -63.8246,56.0732 -63.8202,56.0795 -63.8165,56.0857 -63.8236,56.0879 -63.8364,56.0886 -63.8374,56.0907 -63.8361,56.0958 -63.8404,56.0998 -63.851,56.0966 -63.8625,56.091 -63.8723,56.0888 -63.8867,56.0883 -63.8918,56.0898 -63.8906,56.0926 -63.8822,56.1008 -63.8714,56.1051 -63.8647,56.1083 -63.8598,56.1107 -63.8513,56.1158 -63.8442,56.1194 -63.838,56.1205 -63.8413,56.1251 -63.8448,56.1293 -63.8482,56.1344 -63.8618,56.1381 -63.8763,56.138 -63.8887,56.1359 -63.9015,56.1322 -63.9083,56.1283 -63.9104,56.1226 -63.9164,56.1158 -63.9216,56.1111 -63.9326,56.1079 -63.9415,56.1032 -63.9441,56.0981 -63.9483,56.0915 -63.9577,56.0896 -63.9636,56.0928 -63.9688,56.0933 -63.9777,56.088 -63.9851,56.0822 -63.9992,56.0779 -63.9992,56.0751 -64.0096,56.0706 -64.0194,56.068 -64.0308,56.0685 -64.0359,56.0752 -64.0346,56.0822 -64.0296,56.0869 -64.0206,56.0914 -64.0146,56.0959 -64.0115,56.1016 -63.9992,56.1064 -63.9992,56.1189 -64.0124,56.1242 -64.0139,56.1277 -64.0089,56.1317 -64.0073,56.1351 -64.0099,56.1391 -64.0204,56.1389 -64.0243,56.1409 -64.0228,56.1437 -64.0244,56.1469 -64.0287,56.1507 -64.0313,56.1552 -64.0199,56.1609 -64.0142,56.1669 -63.9991,56.1751 -63.9855,56.1787 -63.9614,56.1831 -63.9303,56.1907 -63.9013,56.1992 -63.8879,56.2036 -63.8634,56.2128 -63.8628,56.2163 -63.8707,56.2237 -63.8735,56.2256 -63.8854,56.2239 -63.8954,56.2234 -63.9059,56.2278 -63.9122,56.2315 -63.9151,56.2397 -63.9165,56.2477 -63.9168,56.2549 -63.916,56.2619 -63.9194,56.266 -63.9274,56.2689 -63.9325,56.2717 -63.9498,56.2655 -63.9668,56.2575 -63.9987,56.2625 -64.0123,56.2657 -64.0201,56.2671 -64.0619,56.26 -64.0765,56.2571 -64.0853,56.2571 -64.0879,56.263 -64.0894,56.2772 -64.092,56.2812 -64.1096,56.2893 -64.1145,56.2935 -64.1173,56.2975 -64.1223,56.2999 -64.1328,56.3027 -64.1453,56.3037 -64.1451,56.3074 -64.14,56.3116 -64.129,56.3156 -64.1166,56.3196 -64.1075,56.3244 -64.1009,56.3299 -64.0984,56.3352 -64.1043,56.3405 -64.1079,56.3452 -64.1025,56.349 -64.1004,56.354 -64.1056,56.359 -64.1211,56.3695 -64.1251,56.3708 -64.124,56.3746 -64.1106,56.3862 -64.1104,56.3952 -64.1128,56.4005 -64.1197,56.4021 -64.1342,56.4031 -64.1436,56.4057 -64.1465,56.4118 -64.15,56.4171 -64.153,56.4206 -64.1616,56.4209 -64.1731,56.4221 -64.1778,56.4251 -64.173,56.4285 -64.1651,56.4312 -64.156,56.4387 -64.1487,56.4403 -64.1421,56.4381 -64.1357,56.4345 -64.1232,56.43 -64.113,56.4283 -64.103,56.4256 -64.0939,56.4245 -64.083,56.4244 -64.0724,56.4248 -64.062,56.4243 -64.0508,56.4211 -64.0327,56.4184 -64.014,56.417 -64.0089,56.417 -63.9939,56.4143 -63.9895,56.4104 -63.9815,56.4076 -63.9725,56.4088 -63.9653,56.4116 -63.9527,56.4206 -63.9328,56.4288 -63.9126,56.4362 -63.9034,56.4388 -63.8959,56.4389 -63.8861,56.4338 -63.8817,56.438 -63.8742,56.4426 -63.8718,56.4489 -63.8782,56.4547 -63.8851,56.4595 -63.8861,56.4639 -63.8856,56.4695 -63.896,56.4689 -63.9059,56.4665 -63.9143,56.464 -63.9231,56.4634 -63.929,56.4678 -63.9283,56.474 -63.9335,56.4812 -63.9398,56.4884 -63.9417,56.497 -63.9385,56.5041 -63.9407,56.5123 -63.9384,56.5213 -63.9352,56.5299 -63.9328,56.5345 -63.9449,56.5406 -63.9541,56.547 -63.9586,56.5539 -63.9641,56.5585 -63.9693,56.5604 -63.9795,56.5629 -63.9983,56.5815 -64.0014,56.5826 -64.0045,56.5906 -64.0188,56.5964 -64.031,56.6008 -64.0468,56.6074 -64.0516,56.6126 -64.0488,56.6171 -64.0394,56.625 -64.0341,56.6321 -64.0362,56.6379 -64.0383,56.6416 -64.0327,56.6477 -64.025,56.6515 -64.0252,56.6546 -64.033,56.6563 -64.0513,56.6587 -64.09,56.6555 -64.0923,56.6574 -64.0977,56.665 -64.104,56.669 -64.1193,56.6768 -64.132,56.6882 -64.1332,56.6946 -64.1355,56.6988 -64.1432,56.7023 -64.1252,56.7186 -64.1196,56.7256 -64.1225,56.7314 -64.1138,56.7337 -64.11,56.7363 -64.1015,56.745 -64.085,56.7473 -64.0751,56.7494 -64.0763,56.756 -64.0814,56.7588 -64.0847,56.763 -64.0778,56.7671 -64.0765,56.7678 -64.0577,56.7717 -64.0355,56.7749 -64.0109,56.7793 -64.0057,56.7914 -64.0022,56.7974 -64.0066,56.8032 -64.0082,56.8124 -64.0089,56.8192 -64.0079,56.8243 -64.0107,56.8333 -64.0103,56.8382 -64.0144,56.8479 -64.0094,56.8552 -64.0021,56.8611 -63.9821,56.8612 -63.969,56.8643 -63.9539,56.8674 -63.9168,56.8721 -63.906,56.8757 -63.8941,56.8777 -63.8841,56.8765 -63.8697,56.8738 -63.8592,56.8713 -63.8581,56.8748 -63.8644,56.8794 -63.8667,56.8841 -63.8638,56.8891 -63.8643,56.895 -63.8685,56.8998 -63.8804,56.9044 -63.8915,56.9054 -63.9004,56.9048 -63.9048,56.9008 -63.9085,56.8981 -63.9173,56.9047 -63.9174,56.9104 -63.9154,56.917 -63.9107,56.9241 -63.9083,56.9301 -63.9128,56.939 -63.9093,56.9452 -63.9081,56.9526 -63.9133,56.9609 -63.915,56.9672 -63.915,56.9717 -63.9125,56.9782 -63.9122,56.9849 -63.9068,56.9851 -63.8984,56.982 -63.8884,56.9809 -63.8772,56.9856 -63.8568,57.0001 -63.8616,57.0001 -63.8842,57.0117 -63.89,57.0135 -63.8899,57.0461 -63.8918,57.0523 -63.8969,57.0571 -63.8905,57.0636 -63.8912,57.0705 -63.8932,57.0777 -63.892,57.0834 -63.8905,57.0871 -63.8858,57.0892 -63.8729,57.0881 -63.8516,57.0831 -63.8374,57.0805 -63.8295,57.0804 -63.8207,57.0817 -63.814,57.085 -63.8098,57.0908 -63.8076,57.0955 -63.8055,57.1012 -63.7989,57.1097 -63.7937,57.1139 -63.7861,57.1179 -63.7757,57.1291 -63.7675,57.1337 -63.7629,57.14 -63.7661,57.1453 -63.7758,57.1581 -63.779,57.1637 -63.779,57.1693 -63.7771,57.1806 -63.7765,57.1867 -63.7742,57.1908 -63.7678,57.1971 -63.7606,57.2029 -63.7531,57.207 -63.7463,57.2117 -63.7382,57.2192 -63.7367,57.2273 -63.7382,57.2334 -63.7413,57.2406 -63.7484,57.2453 -63.7599,57.2518 -63.7674,57.2553 -63.769,57.256 -63.7812,57.2594 -63.7926,57.2613 -63.8031,57.2624 -63.8126,57.2609 -63.8194,57.2565 -63.8215,57.2507 -63.8232,57.2446 -63.8256,57.241 -63.8298,57.2387 -63.8385,57.2327 -63.8424,57.2275 -63.8439,57.2212 -63.8448,57.2152 -63.8426,57.2089 -63.844,57.2048 -63.8594,57.2026 -63.8679,57.1996 -63.8745,57.1941 -63.8827,57.1962 -63.8858,57.1996 -63.8833,57.2064 -63.8766,57.2201 -63.8697,57.226 -63.8692,57.2315 -63.8692,57.2321 -63.8733,57.2395 -63.8764,57.2503 -63.8783,57.2605 -63.8808,57.2675 -63.8836,57.2737 -63.8818,57.2811 -63.8756,57.2887 -63.87,57.297 -63.8662,57.3037 -63.8646,57.3117 -63.8598,57.326 -63.8564,57.3317 -63.8511,57.3348 -63.8412,57.3372 -63.8264,57.3402 -63.8157,57.3377 -63.8002,57.3335 -63.7962,57.3407 -63.791,57.347 -63.7851,57.3518 -63.7786,57.355 -63.7678,57.3582 -63.758,57.3579 -63.7413,57.3588 -63.7308,57.3614 -63.7176,57.3634 -63.7077,57.3644 -63.7032,57.3658 -63.7003,57.3686 -63.7033,57.3728 -63.7062,57.3825 -63.7123,57.3904 -63.7193,57.3966 -63.7211,57.4006 -63.7184,57.4069 -63.7142,57.4139 -63.7103,57.4235 -63.7118,57.4307 -63.7147,57.4387 -63.7202,57.4349 -63.7243,57.431 -63.7281,57.4264 -63.7361,57.4287 -63.7479,57.4337 -63.7546,57.437 -63.7601,57.442 -63.7604,57.4498 -63.7613,57.4573 -63.7656,57.4654 -63.7673,57.4735 -63.7716,57.4813 -63.7731,57.4877 -63.7732,57.4945 -63.7702,57.502 -63.7674,57.5153 -63.7612,57.5169 -63.7557,57.5164 -63.753,57.5198 -63.7523,57.5278 -63.7511,57.5351 -63.755,57.5457 -63.76,57.5549 -63.7657,57.5636 -63.7684,57.5728 -63.7698,57.5796 -63.7696,57.591 -63.7664,57.5932 -63.7611,57.5922 -63.7551,57.5898 -63.7486,57.5853 -63.744,57.5803 -63.7374,57.583 -63.7318,57.5874 -63.731,57.5966 -63.7264,57.6017 -63.7139,57.6065 -63.7069,57.6112 -63.6978,57.6139 -63.6927,57.6105 -63.6886,57.6065 -63.6837,57.6035 -63.6801,57.6064 -63.6719,57.6186 -63.6679,57.6208 -63.66,57.6192 -63.6522,57.6186 -63.6465,57.6207 -63.647,57.6245 -63.646,57.6316 -63.6435,57.6345 -63.6376,57.6368 -63.6263,57.6399 -63.6197,57.6445 -63.6189,57.6497 -63.6138,57.654 -63.6054,57.6578 -63.5991,57.6634 -63.6001,57.6715 -63.5998,57.6875 -63.6043,57.6901 -63.6135,57.6934 -63.6039,57.6984 -63.5993,57.703 -63.5951,57.709 -63.6008,57.7122 -63.6048,57.7155 -63.5958,57.7181 -63.5946,57.723 -63.5939,57.7314 -63.5946,57.7401 -63.5962,57.7419 -63.6063,57.7389 -63.6173,57.7382 -63.6231,57.7393 -63.6275,57.7369 -63.6296,57.7315 -63.634,57.7282 -63.6433,57.7308 -63.6514,57.7319 -63.6606,57.7282 -63.6662,57.7241 -63.6621,57.719 -63.6586,57.7127 -63.6589,57.7069 -63.6577,57.7033 -63.6647,57.6957 -63.6727,57.6929 -63.6831,57.6967 -63.6857,57.69 -63.6845,57.6829 -63.6878,57.674 -63.6899,57.6645 -63.6921,57.6577 -63.6921,57.6543 -63.6976,57.6595 -63.7013,57.6643 -63.7061,57.663 -63.7161,57.6635 -63.7214,57.6653 -63.733,57.6638 -63.7416,57.668 -63.747,57.6751 -63.7452,57.6804 -63.7448,57.6889 -63.7496,57.6972 -63.7523,57.7071 -63.7522,57.7142 -63.754,57.7211 -63.7591,57.7149 -63.762,57.7095 -63.7701,57.7025 -63.7745,57.6979 -63.7847,57.6914 -63.7946,57.6869 -63.806,57.6865 -63.8127,57.6898 -63.8164,57.6959 -63.8174,57.7025 -63.8203,57.7061 -63.8318,57.7118 -63.8459,57.7195 -63.8538,57.7154 -63.8647,57.712 -63.8836,57.7138 -63.8861,57.7204 -63.8947,57.7332 -63.8999,57.7419 -63.9047,57.7492 -63.9054,57.7565 -63.9031,57.7644 -63.9067,57.7704 -63.9087,57.7755 -63.9063,57.7823 -63.9058,57.7891 -63.9071,57.7948 -63.91,57.7997 -63.9162,57.8009 -63.9208,57.7995 -63.9285,57.7929 -63.9329,57.7901 -63.9396,57.7895 -63.9463,57.7921 -63.9504,57.7971 -63.9541,57.8007 -63.958,57.7986 -63.9705,57.799 -63.9804,57.8042 -63.9993,57.8126 -64.0098,57.8076 -64.0124,57.803 -64.0211,57.8083 -64.0291,57.8026 -64.0336,57.7969 -64.033,57.7906 -64.025,57.7822 -64.0263,57.7805 -64.0225,57.776 -64.025,57.7709 -64.0233,57.7665 -64.0313,57.7655 -64.0446,57.7655 -64.0624,57.768 -64.0708,57.7701 -64.0712,57.7743 -64.0736,57.7775 -64.0781,57.781 -64.0809,57.7846 -64.0834,57.7895 -64.0887,57.7961 -64.0915,57.8018 -64.1096,57.8115 -64.1143,57.8158 -64.118,57.8233 -64.1213,57.8288 -64.1247,57.8322 -64.1257,57.8377 -64.1257,57.8421 -64.1308,57.8481 -64.1366,57.8512 -64.1366,57.8572 -64.1413,57.8637 -64.1509,57.8784 -64.1575,57.8894 -64.1584,57.897 -64.1583,57.9049 -64.1588,57.9175 -64.1627,57.9217 -64.1753,57.9245 -64.1834,57.9275 -64.1893,57.9314 -64.1942,57.9382 -64.1988,57.9562 -64.2001,57.965 -64.2023,57.9715 -64.2032,57.9754 -64.2108,57.9797 -64.2176,57.9842 -64.2269,57.9919 -64.2294,57.9971 -64.2305,58.0003 -64.2294,58.0033 -64.2296,58.0096 -64.2339,58.0154 -64.239,58.0199 -64.2395,58.025 -64.2208,58.0369 -64.2259,58.0393 -64.2367,58.0418 -64.2439,58.0413 -64.2518,58.038 -64.2559,58.043 -64.2575,58.049 -64.2623,58.0551 -64.2699,58.0615 -64.276,58.0549 -64.2785,58.048 -64.2895,58.0441 -64.2987,58.0456 -64.3054,58.0515 -64.3149,58.0577 -64.3194,58.062 -64.3437,58.0677 -64.3561,58.0702 -64.3719,58.0705 -64.3885,58.0692 -64.4041,58.0643 -64.4124,58.0624 -64.4225,58.0664 -64.4308,58.0703 -64.4329,58.075 -64.4289,58.0819 -64.4271,58.0886 -64.4298,58.095 -64.4341,58.1017 -64.433,58.107 -64.4324,58.1167 -64.4252,58.1257 -64.4244,58.1303 -64.4249,58.139 -64.4259,58.148 -64.4297,58.1552 -64.4289,58.1633 -64.4224,58.175 -64.4219,58.1858 -64.4075,58.1914 -64.3885,58.1971 -64.3818,58.2026 -64.373,58.2082 -64.3166,58.2189 -64.2969,58.2212 -64.2635,58.223 -64.2526,58.2263 -64.2445,58.2299 -64.241,58.2345 -64.2368,58.2385 -64.2272,58.2448 -64.218,58.25 -64.2156,58.2555 -64.2141,58.2647 -64.2077,58.2714 -64.2076,58.2774 -64.2131,58.2825 -64.2167,58.2873 -64.2082,58.2914 -64.199,58.2928 -64.1965,58.2975 -64.1948,58.3044 -64.1955,58.3114 -64.1915,58.3177 -64.1863,58.3191 -64.1821,58.3226 -64.1775,58.3285 -64.1773,58.3333 -64.1831,58.3369 -64.1768,58.3424 -64.1756,58.3452 -64.1757,58.3572 -64.1707,58.3635 -64.1561,58.3707 -64.1438,58.3711 -64.1302,58.3654 -64.1214,58.3642 -64.1146,58.3668 -64.1067,58.3711 -64.0995,58.3766 -64.0928,58.3762 -64.0764,58.3698 -64.0687,58.3651 -64.0581,58.3621 -64.0298,58.3663 -64.025,58.3702 -64.0273,58.376 -64.0302,58.3817 -64.0289,58.3884 -64.0287,58.3943 -64.0268,58.4025 -64.0195,58.4154 -64.0168,58.4216 -64.0122,58.4243 -63.9991,58.4251 -63.9854,58.4449 -63.9681,58.4399 -63.9581,58.439 -63.9456,58.4394 -63.9338,58.4417 -63.9263,58.4436 -63.9191,58.4448 -63.9101,58.4422 -63.9048,58.438 -63.8905,58.432 -63.8801,58.4298 -63.8682,58.4351 -63.8596,58.4405 -63.8486,58.4465 -63.8452,58.4519 -63.8462,58.4589 -63.8449,58.4634 -63.8449,58.4669 -63.8415,58.4687 -63.8284,58.4711 -63.8213,58.4749 -63.8147,58.4813 -63.8092,58.4876 -63.8091,58.494 -63.8195,58.4974 -63.8306,58.4996 -63.8423,58.5001 -63.8492,58.4996 -63.8553,58.5034 -63.8585,58.5085 -63.8588,58.5149 -63.8594,58.5192 -63.8571,58.5252 -63.8513,58.5303 -63.8486,58.5353 -63.8489,58.5364 -63.853,58.548 -63.8655,58.5542 -63.8631,58.5596 -63.8669,58.5659 -63.8775,58.5703 -63.8953,58.5734 -63.9051,58.5733 -63.9165,58.5697 -63.924,58.5653 -63.9245,58.5618 -63.9325,58.5612 -63.94,58.5576 -63.9473,58.5553 -63.9502,58.5497 -63.9503,58.5433 -63.956,58.537 -63.9651,58.533 -63.9766,58.5288 -63.9898,58.526 -63.9991,58.5251 -63.9991,58.5314 -64.0102,58.5325 -64.0184,58.5353 -64.0225,58.5333 -64.0229,58.53 -64.0271,58.5267 -64.0352,58.5249 -64.0458,58.5263 -64.0534,58.532 -64.0565,58.5378 -64.0631,58.5392 -64.0721,58.5383 -64.0798,58.5396 -64.0821,58.5437 -64.0831,58.5483 -64.0901,58.5548 -64.1058,58.5664 -64.1091,58.5743 -64.1097,58.5824 -64.0924,58.5892 -64.1014,58.5923 -64.1076,58.5964 -64.1131,58.6019 -64.1153,58.6061 -64.1132,58.6148 -64.1089,58.6198 -64.1079,58.6265 -64.1084,58.6337 -64.1081,58.6391 -64.101,58.6423 -64.0918,58.6454 -64.0775,58.6539 -64.0755,58.6599 -64.0761,58.6664 -64.0685,58.6736 -64.061,58.6814 -64.054,58.687 -64.05,58.6923 -64.0468,58.6992 -64.0407,58.703 -64.0304,58.7032 -64.0247,58.7008 -64.0156,58.6963 -63.9991,58.6928 -63.9991,58.6907 -63.9814,58.6882 -63.9745,58.6888 -63.9637,58.6906 -63.9565,58.6885 -63.9488,58.6857 -63.9441,58.6909 -63.9389,58.6958 -63.9314,58.7006 -63.9132,58.708 -63.9025,58.7089 -63.8918,58.7091 -63.8828,58.7081 -63.8671,58.7041 -63.8589,58.7003 -63.8526,58.6989 -63.8397,58.7021 -63.8378,58.7075 -63.8348,58.7105 -63.8273,58.7114 -63.8099,58.7118 -63.8037,58.7075 -63.7938,58.7031 -63.7801,58.7067 -63.7618,58.7145 -63.7538,58.7169 -63.7461,58.7166 -63.7351,58.7148 -63.7291,58.7109 -63.7232,58.708 -63.7158,58.7086 -63.7092,58.7126 -63.7007,58.7189 -63.6938,58.7203 -63.6872,58.7208 -63.6704,58.7181 -63.6633,58.7212 -63.6582,58.7252 -63.6421,58.7204 -63.634,58.7174 -63.6264,58.718 -63.6219,58.7235 -63.6117,58.7256 -63.5998,58.7272 -63.589,58.7302 -63.5717,58.7322 -63.5602,58.7294 -63.5514,58.7331 -63.5397,58.7349 -63.5301,58.7374 -63.5153,58.74 -63.5059,58.7426 -63.5025,58.7436 -63.5009,58.7497 -63.495,58.753 -63.4866,58.7546 -63.4744,58.7582 -63.4671,58.7614 -63.4675,58.7637 -63.4778,58.7666 -63.4901,58.7693 -63.5012,58.7847 -63.5085,58.7942 -63.525,58.808 -63.5315,58.8148 -63.5375,58.8185 -63.5449,58.8211 -63.5493,58.8241 -63.5483,58.8304 -63.5489,58.8358 -63.5532,58.839 -63.5634,58.843 -63.5751,58.8484 -63.5815,58.853 -63.5918,58.8579 -63.5986,58.8618 -63.6071,58.8596 -63.6239,58.8569 -63.6342,58.8519 -63.6401,58.8508 -63.6571,58.8551 -63.6675,58.8585 -63.6734,58.8622 -63.6782,58.8644 -63.6819,58.87 -63.6809,58.8751 -63.6865,58.8806 -63.7056,58.8861 -63.7133,58.8854 -63.7221,58.8795 -63.7301,58.8776 -63.7423,58.879 -63.7525,58.8809 -63.7621,58.8816 -63.771,58.8828 -63.7764,58.884 -63.7817,58.8794 -63.79,58.871 -63.7907,58.8685 -63.7972,58.8659 -63.7978,58.861 -63.798,58.8559 -63.809,58.8487 -63.8183,58.8469 -63.825,58.8472 -63.8342,58.8489 -63.843,58.8434 -63.848,58.8387 -63.8539,58.8353 -63.8651,58.8335 -63.8773,58.8338 -63.8909,58.8359 -63.8989,58.8375 -63.9206,58.8343 -63.9334,58.8309 -63.9448,58.8291 -63.9579,58.8264 -63.975,58.8303 -63.9864,58.8222 -63.9991,58.8126 -63.9991,58.8151 -64.0147,58.8157 -64.022,58.8154 -64.0394,58.8118 -64.0452,58.8091 -64.0401,58.8028 -64.0395,58.7979 -64.0411,58.7932 -64.0464,58.7888 -64.0559,58.7867 -64.0663,58.785 -64.0711,58.7828 -64.0708,58.7778 -64.0693,58.7703 -64.0768,58.765 -64.0806,58.7602 -64.0889,58.7562 -64.0943,58.757 -64.1066,58.7544 -64.1314,58.7483 -64.1396,58.7481 -64.1467,58.7507 -64.1564,58.7586 -64.1635,58.7683 -64.1679,58.7775 -64.1718,58.7842 -64.1754,58.7875 -64.1802,58.7906 -64.1907,58.7843 -64.201,58.78 -64.2062,58.782 -64.2109,58.7834 -64.2216,58.7833 -64.2293,58.7845 -64.2325,58.7905 -64.2366,58.7956 -64.2368,58.8007 -64.2332,58.8087 -64.2298,58.815 -64.2331,58.8218 -64.2361,58.8267 -64.2361,58.8318 -64.2299,58.8365 -64.2324,58.842 -64.2364,58.8481 -64.2365,58.8538 -64.2388,58.8603 -64.2481,58.8684 -64.256,58.8729 -64.2804,58.8814 -64.2871,58.8851 -64.2894,58.8963 -64.2997,58.9005 -64.3164,58.9029 -64.3297,58.9043 -64.3317,58.904 -64.3352,58.9034 -64.3425,58.8971 -64.3493,58.8922 -64.3573,58.8954 -64.3619,58.8988 -64.3681,58.8991 -64.3739,58.9038 -64.3831,58.9047 -64.3927,58.9032 -64.4007,58.9011 -64.4041,58.8939 -64.4068,58.8908 -64.4186,58.8903 -64.4232,58.894 -64.4235,58.8999 -64.4257,58.9043 -64.4341,58.9043 -64.4508,58.9081 -64.4624,58.9079 -64.4714,58.9054 -64.4824,58.9009 -64.4925,58.8949 -64.5001,58.8919 -64.508,58.8873 -64.5233,58.8878 -64.5381,58.8888 -64.55,58.8876 -64.5532,58.8929 -64.558,58.8977 -64.5721,58.9021 -64.5816,58.9055 -64.5942,58.9051 -64.6075,58.9058 -64.6152,58.9089 -64.6172,58.9134 -64.628,58.9227 -64.632,58.9285 -64.6334,58.9342 -64.6448,58.942 -64.6634,58.9465 -64.6753,58.9481 -64.689,58.9482 -64.7015,58.9471 -64.7125,58.948 -64.7295,58.9509 -64.7356,58.9492 -64.7471,58.9444 -64.7538,58.9397 -64.7515,58.9346 -64.7526,58.9295 -64.7623,58.924 -64.7799,58.9218 -64.7943,58.9193 -64.8097,58.9174 -64.8249,58.9179 -64.8331,58.9224 -64.8353,58.9274 -64.838,58.9379 -64.8486,58.9342 -64.8568,58.9322 -64.859,58.9385 -64.8662,58.9426 -64.8783,58.94 -64.8863,58.9379 -64.8884,58.9416 -64.8827,58.9481 -64.8782,58.9517 -64.8698,58.9522 -64.858,58.9523 -64.8431,58.9542 -64.8341,58.9558 -64.8338,58.9592 -64.8401,58.9663 -64.8409,58.9723 -64.84,58.9776 -64.8407,58.9813 -64.8552,58.9826 -64.8611,58.9856 -64.8659,58.9929 -64.8691,59.0002 -64.8691,59.0027 -64.8684,59.0073 -64.8668,59.0119 -64.8669,59.014 -64.859,59.0173 -64.8532,59.0177 -64.845,59.0174 -64.8366,59.0175 -64.8309,59.0185 -64.8291,59.022 -64.8345,59.0257 -64.8415,59.0298 -64.8418,59.0331 -64.8371,59.0349 -64.8301,59.0356 -64.8268,59.0394 -64.8251,59.044 -64.8231,59.048 -64.8177,59.0525 -64.8108,59.0576 -64.8035,59.0616 -64.7937,59.0651 -64.7869,59.0685 -64.7824,59.0713 -64.7785,59.0753 -64.7609,59.0708 -64.7524,59.0706 -64.7304,59.0754 -64.7237,59.0762 -64.7052,59.0761 -64.695,59.0766 -64.6838,59.0755 -64.679,59.0647 -64.6774,59.0582 -64.6767,59.0528 -64.6774,59.0485 -64.6777,59.0441 -64.6733,59.039 -64.6652,59.0383 -64.6468,59.0413 -64.6359,59.0417 -64.6262,59.0404 -64.618,59.0361 -64.6107,59.0342 -64.6006,59.0353 -64.5927,59.0342 -64.582,59.0314 -64.5704,59.0271 -64.5567,59.0183 -64.5501,59.0132 -64.5397,59.0085 -64.5213,59.0028 -64.5131,59.0087 -64.5104,59.0152 -64.5068,59.0193 -64.4946,59.0187 -64.4908,59.0141 -64.4755,59.0017 -64.4729,59.0004 -64.4714,58.9988 -64.4714,58.9963 -64.4739,58.995 -64.4792,58.9885 -64.4651,58.9822 -64.4638,58.982 -64.4606,58.9817 -64.4575,58.9839 -64.4494,58.9886 -64.4362,58.994 -64.4345,58.9943 -64.4226,58.9923 -64.4172,58.995 -64.3991,59.0002 -64.3892,59.0049 -64.3432,59.005 -64.2991,59.0002 -64.2767,59.0057 -64.2617,59.0123 -64.2654,59.0185 -64.275,59.023 -64.2781,59.0303 -64.2811,59.0359 -64.2961,59.0459 -64.3034,59.0535 -64.3054,59.0582 -64.3085,59.0634 -64.3152,59.0666 -64.3315,59.0655 -64.35,59.0649 -64.3608,59.0666 -64.3626,59.0723 -64.3633,59.0801 -64.3631,59.086 -64.3679,59.0914 -64.3753,59.0926 -64.3889,59.0907 -64.3984,59.0889 -64.4092,59.088 -64.4175,59.0884 -64.4318,59.0958 -64.4384,59.1003 -64.4448,59.1022 -64.4579,59.1022 -64.4754,59.1016 -64.4872,59.0998 -64.4948,59.1021 -64.4984,59.1074 -64.4898,59.1126 -64.4842,59.1186 -64.4882,59.1267 -64.4912,59.1373 -64.4851,59.1501 -64.4818,59.1651 -64.4783,59.1706 -64.4745,59.1755 -64.4742,59.1818 -64.4939,59.1917 -64.5039,59.196 -64.5117,59.1978 -64.5206,59.1969 -64.5218,59.2008 -64.5203,59.2051 -64.5187,59.2114 -64.5166,59.2167 -64.5161,59.2213 -64.5129,59.2283 -64.5108,59.2338 -64.51,59.2391 -64.4964,59.2488 -64.4921,59.2537 -64.4895,59.2588 -64.4958,59.2636 -64.5023,59.2672 -64.5115,59.2748 -64.5157,59.2809 -64.5214,59.2853 -64.5187,59.289 -64.5172,59.2944 -64.526,59.2926 -64.5314,59.2966 -64.5399,59.3084 -64.5459,59.3144 -64.5446,59.3182 -64.5363,59.3196 -64.5267,59.3202 -64.5204,59.3248 -64.5182,59.331 -64.5095,59.3371 -64.5011,59.3403 -64.4938,59.3461 -64.4937,59.3505 -64.5226,59.3616 -64.5306,59.3655 -64.5374,59.3713 -64.5347,59.3748 -64.5223,59.386 -64.5264,59.3905 -64.5284,59.3951 -64.5256,59.3979 -64.5185,59.4026 -64.5135,59.404 -64.5042,59.4034 -64.4935,59.4045 -64.4842,59.4072 -64.4624,59.4126 -64.4648,59.4165 -64.4743,59.4193 -64.4898,59.42 -64.4976,59.422 -64.5068,59.4222 -64.511,59.4246 -64.4895,59.4377 -64.4785,59.4431 -64.4688,59.4484 -64.4621,59.4528 -64.456,59.4602 -64.4476,59.4615 -64.4383,59.4624 -64.4291,59.4645 -64.4216,59.4677 -64.4117,59.4745 -64.4044,59.4771 -64.3935,59.4764 -64.3852,59.475 -64.3817,59.4793 -64.3816,59.4838 -64.3767,59.4864 -64.3673,59.4875 -64.3641,59.4922 -64.3605,59.4998 -64.3504,59.5024 -64.3437,59.5022 -64.3322,59.4993 -64.328,59.4988 -64.3227,59.5127 -64.345,59.5174 -64.395,59.526 -64.4106,59.5302 -64.4182,59.5338 -64.4248,59.5387 -64.4289,59.5422 -64.4345,59.5409 -64.4416,59.5368 -64.4471,59.5318 -64.4521,59.5286 -64.4619,59.5245 -64.4898,59.5225 -64.4973,59.5223 -64.5092,59.518 -64.5108,59.5137 -64.5076,59.511 -64.4991,59.508 -64.4969,59.5048 -64.5049,59.5011 -64.5108,59.4995 -64.5196,59.4995 -64.5316,59.4985 -64.5415,59.4964 -64.5591,59.4877 -64.5739,59.4778 -64.5769,59.4753 -64.58,59.4713 -64.5879,59.4675 -64.6117,59.4776 -64.6179,59.4798 -64.6272,59.4812 -64.6355,59.4777 -64.6383,59.4737 -64.6392,59.4677 -64.6411,59.4626 -64.6458,59.4586 -64.6693,59.4476 -64.677,59.4466 -64.6877,59.4553 -64.6927,59.4581 -64.6998,59.4605 -64.7175,59.4627 -64.7277,59.4666 -64.7309,59.4703 -64.7327,59.4762 -64.7374,59.4813 -64.7446,59.4862 -64.7535,59.4898 -64.7606,59.4952 -64.7635,59.5004 -64.7633,59.5096 -64.7649,59.5143 -64.7683,59.5167 -64.7845,59.5211 -64.7951,59.5245 -64.802,59.5256 -64.8012,59.5289 -64.8017,59.5338 -64.8222,59.5413 -64.827,59.5461 -64.8318,59.5499 -64.8378,59.5522 -64.8453,59.5527 -64.8578,59.5503 -64.8692,59.5476 -64.8751,59.5507 -64.8833,59.5575 -64.8883,59.5612 -64.8931,59.5633 -64.9142,59.5648 -64.9252,59.565 -64.9345,59.5663 -64.9372,59.5699 -64.9378,59.5751 -64.936,59.5795 -64.9371,59.5843 -64.935,59.5869 -64.933,59.5904 -64.9241,59.5925 -64.917,59.5922 -64.9066,59.5924 -64.8956,59.5906 -64.8871,59.5906 -64.8771,59.5886 -64.8658,59.5872 -64.8622,59.5884 -64.8582,59.5922 -64.8629,59.5981 -64.8694,59.6038 -64.8781,59.6087 -64.8824,59.6122 -64.8866,59.6179 -64.8949,59.6346 -64.8981,59.6427 -64.8965,59.6486 -64.8913,59.6548 -64.8884,59.6618 -64.8788,59.666 -64.8713,59.668 -64.8585,59.6701 -64.848,59.6712 -64.834,59.6739 -64.8186,59.6785 -64.8094,59.6821 -64.8013,59.686 -64.791,59.6916 -64.7795,59.6947 -64.7583,59.7073 -64.7549,59.7133 -64.7508,59.7178 -64.7593,59.7216 -64.77,59.7244 -64.7839,59.7262 -64.7944,59.7261 -64.8035,59.7267 -64.8085,59.7298 -64.8043,59.7322 -64.7971,59.7354 -64.7964,59.7402 -64.7953,59.7445 -64.7925,59.749 -64.7877,59.752 -64.7876,59.7583 -64.7952,59.7655 -64.8037,59.7716 -64.8148,59.7846 -64.8143,59.7886 -64.8117,59.794 -64.8074,59.7981 -64.7973,59.8003 -64.7899,59.8049 -64.7924,59.812 -64.8038,59.8173 -64.817,59.8222 -64.8237,59.8258 -64.8234,59.8304 -64.8192,59.834 -64.8182,59.8342 -64.8115,59.835 -64.8006,59.8346 -64.7932,59.8352 -64.7959,59.839 -64.7955,59.8419 -64.7893,59.8459 -64.7803,59.8501 -64.7743,59.8524 -64.7561,59.8557 -64.7457,59.8569 -64.7375,59.8561 -64.735,59.8601 -64.7391,59.864 -64.7557,59.8654 -64.7639,59.8691 -64.7644,59.8741 -64.7559,59.8838 -64.7497,59.8881 -64.7389,59.8896 -64.7163,59.8869 -64.7038,59.8845 -64.6964,59.881 -64.6864,59.8781 -64.6778,59.8798 -64.6703,59.884 -64.6634,59.8897 -64.6602,59.895 -64.6593,59.9001 -64.6524,59.9041 -64.641,59.9075 -64.6346,59.9201 -64.6274,59.9263 -64.6272,59.931 -64.6347,59.936 -64.6543,59.9306 -64.6642,59.9288 -64.6693,59.9306 -64.6644,59.9353 -64.6609,59.9425 -64.6601,59.9489 -64.6612,59.9533 -64.6793,59.9563 -64.6924,59.959 -64.7068,59.9549 -64.7199,59.953 -64.7342,59.9517 -64.7452,59.9549 -64.7437,59.96 -64.7408,59.9651 -64.7429,59.9711 -64.7492,59.9751 -64.7776,59.9806 -64.7865,59.9796 -64.7993,59.9745 -64.8072,59.9717 -64.8294,59.9699 -64.8387,59.9707 -64.8464,59.9754 -64.8526,59.9811 -64.8603,59.9868 -64.8624,59.9913 -64.8624,59.9951 -64.8456,60.0002 -64.8706,60.0002 -64.871,60.0027 -64.8731,60.0095 -64.8736,60.014 -64.8761,60.0176 -64.8816,60.0226 -64.8895,60.0289 -64.8854,60.0385 -64.8882,60.0432 -64.9165,60.0566 -64.9224,60.0625 -64.9194,60.0653 -64.9085,60.0667 -64.8968,60.0663 -64.8849,60.0632 -64.8714,60.0604 -64.8212,60.0512 -64.8052,60.0523 -64.7923,60.0558 -64.7809,60.0579 -64.7708,60.0572 -64.7573,60.0556 -64.7473,60.0552 -64.7373,60.0571 -64.725,60.0621 -64.7158,60.0654 -64.7093,60.0717 -64.705,60.0794 -64.7073,60.0848 -64.7172,60.089 -64.7268,60.0951 -64.7612,60.1001 -64.7689,60.1029 -64.7709,60.106 -64.767,60.108 -64.758,60.109 -64.7375,60.1098 -64.7125,60.1087 -64.7023,60.1076 -64.6806,60.107 -64.6757,60.1103 -64.6678,60.1131 -64.6586,60.112 -64.6529,60.11 -64.6417,60.1067 -64.6319,60.1057 -64.6215,60.1078 -64.6061,60.109 -64.5993,60.1117 -64.5946,60.1177 -64.5942,60.125 -64.5952,60.1311 -64.5975,60.1407 -64.5981,60.1452 -64.5943,60.1492 -64.5969,60.1528 -64.6027,60.1567 -64.6011,60.1604 -64.6017,60.1644 -64.608,60.1695 -64.6147,60.171 -64.6411,60.1682 -64.663,60.1707 -64.6667,60.1737 -64.675,60.1781 -64.6837,60.1815 -64.6924,60.18 -64.6954,60.1767 -64.6985,60.172 -64.7107,60.1686 -64.7335,60.165 -64.7446,60.1683 -64.7462,60.1722 -64.7484,60.179 -64.7484,60.1837 -64.7509,60.1886 -64.7641,60.1923 -64.7761,60.1948 -64.7812,60.1972 -64.7827,60.2009 -64.7851,60.2041 -64.8263,60.219 -64.8423,60.2239 -64.8562,60.2266 -64.8673,60.2313 -64.8712,60.2345 -64.8726,60.2385 -64.867,60.2443 -64.8542,60.2503 -64.8517,60.2529 -64.8561,60.256 -64.8615,60.2584 -64.8599,60.263 -64.8549,60.2686 -64.8481,60.2707 -64.8391,60.2727 -64.826,60.2738 -64.8046,60.2766 -64.7701,60.2832 -64.757,60.2863 -64.7229,60.2916 -64.7174,60.2952 -64.7113,60.298 -64.705,60.3024 -64.6979,60.3034 -64.6906,60.2998 -64.6758,60.2961 -64.6551,60.295 -64.6418,60.2971 -64.6192,60.2988 -64.5992,60.2999 -64.5869,60.3038 -64.5793,60.3079 -64.5674,60.3086 -64.5585,60.3068 -64.5372,60.2984 -64.5383,60.3005 -64.542,60.3031 -64.5739,60.3183 -64.5837,60.3224 -64.5928,60.3249 -64.6127,60.3285 -64.6236,60.3294 -64.6427,60.3322 -64.6427,60.3318 -64.6233,60.3098 -64.7179,60.3365 -64.7413,60.3366 -64.7628,60.349 -64.7875,60.3464 -64.808,60.3586 -64.8209,60.348 -64.8459,60.3661 -64.8538,60.3652 -64.8317,60.3309 -64.7965,60.334 -64.791,60.2894 -64.8075,60.2917 -64.8216,60.3132 -64.8476,60.3107 -64.9012,60.2679 -64.9244,60.277 -64.9598,60.2599 -64.9587,60.2208 -64.9326,60.2191 -64.8938,60.2306 -64.8787,60.224 -64.8559,60.2251 -64.8553,60.2221 -64.8571,60.2156 -64.883,60.2011 -64.9312,60.2037 -64.9346,60.2015 -64.9348,60.1998 -64.9462,60.1933 -64.9485,60.1926 -64.9726,60.1772 -64.965,60.152 -64.9742,60.1434 -64.9929,60.1587 -65.008,60.1574 -65.0017,60.1412 -65.0127,60.1273 -64.9984,60.1114 -64.9709,60.1013 -64.9671,60.0899 -64.9855,60.0851 -65.0375,60.1188 -65.0499,60.1197 -65.0516,60.0853 -65.0372,60.0788 -65.0464,60.0584 -65.0943,60.0453 -65.1258,60.0559 -65.1341,60.0584 -65.1403,60.0307 -65.1297,60.0144 -65.1401,60.0141 -65.1427,60.0032 -65.0972,59.9953 -65.0464,59.9706 -65.0503,59.9537 -65.0975,59.9817 -65.1104,59.9769 -65.0618,59.9394 -65.0096,59.9213 -65.0132,59.8992 -65.1355,59.9593 -65.1429,59.9333 -65.1909,59.9215 -65.1789,59.9047 -65.1544,59.9003 -65.1631,59.888 -65.1446,59.8714 -65.1574,59.8692 -65.1984,59.8848 -65.2117,59.8715 -65.2412,59.8823 -65.2568,59.876 -65.1725,59.8133 -65.1468,59.8014 -65.0896,59.7937 -65.0961,59.7734 -65.1072,59.7719 -65.132,59.7852 -65.176,59.7889 -65.2036,59.8017 -65.2282,59.8281 -65.2806,59.8316 -65.3089,59.8556 -65.3279,59.8585 -65.3737,59.8308 -65.3755,59.8189 -65.3772,59.817 -65.4192,59.8114 -65.4296,59.7962 -65.4445,59.7974 -65.4554,59.8085 -65.4728,59.8031 -65.4599,59.7737 -65.4969,59.7699 -65.5301,59.7533 -65.5325,59.7271 -65.4992,59.682 -65.4996,59.6582 -65.443,59.5924 -65.4375,59.5505 -65.3959,59.5124 -65.3231,59.513 -65.2579,59.5012 -65.2154,59.483 -65.1749,59.4747 -65.1669,59.472 -65.1367,59.4357 -65.1054,59.4159 -64.9919,59.3882 -64.9619,59.3744 -64.9729,59.3715 -65.0583,59.3921 -65.1007,59.3939 -65.1601,59.4246 -65.1795,59.4652 -65.2213,59.4703 -65.273,59.4912 -65.3132,59.4831 -65.3634,59.4904 -65.3768,59.4832 -65.3608,59.4609 -65.256,59.4102 -65.2649,59.4045 -65.3712,59.4485 -65.4052,59.4804 -65.4226,59.4778 -65.427,59.4571 -65.4631,59.4767 -65.5132,59.4826 -65.5008,59.4598 -65.4582,59.45 -65.4954,59.4459 -65.4828,59.4342 -65.3719,59.4105 -65.3655,59.4008 -65.4435,59.4071 -65.4302,59.3839 -65.4527,59.3765 -65.4489,59.3569 -65.3856,59.3259 -65.3555,59.294 -65.3092,59.2848 -65.3124,59.2772 -65.3324,59.2752 -65.3189,59.2617 -65.3304,59.2526 -65.4574,59.3395 -65.4856,59.3584 -65.5294,59.3829 -65.5476,59.3793 -65.5425,59.3489 -65.5636,59.3406 -65.5716,59.3198 -65.5539,59.3006 -65.5166,59.2907 -65.5469,59.2607 -65.4808,59.1637 -65.4873,59.1495 -65.5086,59.1543 -65.5289,59.1897 -65.5618,59.2182 -65.5729,59.2518 -65.5868,59.2595 -65.587,59.2596 -65.59,59.2571 -65.5993,59.249 -65.5775,59.1912 -65.5491,59.1607 -65.5587,59.1538 -65.5592,59.1538 -65.6127,59.1996 -65.6263,59.2416 -65.664,59.2728 -65.6948,59.2817 -65.7414,59.2808 -65.7318,59.245 -65.7545,59.2422 -65.7577,59.2356 -65.7076,59.2111 -65.6642,59.218 -65.6401,59.2137 -65.6478,59.2042 -65.7103,59.1988 -65.7479,59.182 -65.6676,59.1424 -65.6262,59.0779 -65.541,59.0845 -65.5342,59.0925 -65.556,59.1156 -65.5451,59.1228 -65.5209,59.1152 -65.5082,59.1004 -65.4026,59.0701 -65.3214,59.0657 -65.3196,59.0507 -65.3636,59.0557 -65.3796,59.0475 -65.4229,59.0581 -65.473,59.0593 -65.4973,59.0701 -65.5373,59.0695 -65.5695,59.0569 -65.5771,59.0347 -65.5311,59.0255 -65.525,59.0144 -65.4667,58.9961 -65.3622,58.9249 -65.4199,58.9377 -65.4452,58.9528 -65.5895,58.9342 -65.5908,58.9372 -65.5926,58.9444 -65.5421,58.9494 -65.5136,58.9593 -65.4961,58.9553 -65.4632,58.9618 -65.4629,58.9619 -65.4609,58.9737 -65.5087,58.9996 -65.5594,59.0115 -65.5755,59.022 -65.6158,59.0279 -65.6482,59.0556 -65.6771,59.0613 -65.7164,59.0415 -65.7693,59.0439 -65.775,59.0372 -65.7432,59.0312 -65.6793,59.0391 -65.6769,59.0297 -65.7172,59.0211 -65.7748,59.0257 -65.7816,59.0205 -65.7515,59.0031 -65.7044,58.9918 -65.6484,58.9665 -65.6405,58.9567 -65.6521,58.9397 -65.6748,58.9398 -65.7026,58.9637 -65.7912,58.9851 -65.8226,58.9877 -65.8302,58.9869 -65.8421,58.9875 -65.8523,58.9903 -65.8597,58.991 -65.8497,58.9749 -65.8493,58.9664 -65.86,58.9594 -65.9274,58.931 -65.9426,58.9273 -65.9482,58.9264 -65.9991,58.9153 -65.9947,58.9053 -65.9952,58.9051 -65.9943,58.9044 -65.9771,58.8974 -65.9686,58.8922 -65.963,58.8871 -65.9528,58.8844 -65.9516,58.8809 -65.9436,58.8771 -65.9233,58.8716 -65.9125,58.8703 -65.9105,58.8741 -65.9087,58.8798 -65.9068,58.8823 -65.9008,58.8807 -65.883,58.8747 -65.8706,58.8713 -65.8562,58.8695 -65.8423,58.8701 -65.8182,58.8733 -65.8105,58.8707 -65.8006,58.8694 -65.7863,58.8696 -65.7829,58.8656 -65.7874,58.8633 -65.7835,58.8589 -65.7795,58.8554 -65.7816,58.8525 -65.799,58.8555 -65.8003,58.8565 -65.8048,58.8571 -65.81,58.8567 -65.8134,58.8556 -65.8151,58.8545 -65.8144,58.8512 -65.8117,58.8501 -65.808,58.8474 -65.8122,58.8428 -65.815,58.8388 -65.8197,58.837 -65.8318,58.8341 -65.8327,58.8308 -65.8355,58.8286 -65.8305,58.8261 -65.8306,58.8217 -65.8259,58.8195 -65.8225,58.8158 -65.8168,58.8124 -65.8151,58.806 -65.8144,58.801 -65.814,58.7946 -65.8154,58.7918 -65.8209,58.7889 -65.8206,58.7864 -65.8218,58.7848 -65.8241,58.7851 -65.8266,58.7887 -65.8277,58.7924 -65.8298,58.7963 -65.8277,58.7982 -65.8276,58.8007 -65.8299,58.804 -65.8307,58.8064 -65.8324,58.808 -65.836,58.8089 -65.839,58.8126 -65.8409,58.814 -65.8453,58.8145 -65.8471,58.8155 -65.8468,58.8181 -65.8494,58.8251 -65.8498,58.8284 -65.857,58.8319 -65.8629,58.8398 -65.8651,58.8399 -65.8679,58.8365 -65.869,58.8357 -65.8673,58.834 -65.8695,58.8337 -65.8697,58.8303 -65.8742,58.8296 -65.8728,58.8277 -65.874,58.8271 -65.8788,58.8276 -65.882,58.829 -65.884,58.8316 -65.8854,58.8344 -65.8894,58.8349 -65.8966,58.8367 -65.9074,58.8363 -65.9121,58.8368 -65.9278,58.8437 -65.9318,58.8415 -65.9343,58.8371 -65.9362,58.8329 -65.9374,58.8287 -65.9402,58.8274 -65.9539,58.8269 -65.9577,58.8273 -65.9599,58.8311 -65.96,58.8336 -65.9668,58.8383 -65.9748,58.8506 -65.9725,58.8521 -65.9741,58.8569 -65.9746,58.8596 -65.9821,58.8628 -65.9911,58.8651 -66.0018,58.8646 -66.0147,58.8578 -66.024,58.857 -66.0271,58.8555 -66.0275,58.8532 -66.0259,58.8461 -66.0262,58.8432 -66.028,58.8406 -66.0307,58.8386 -66.0403,58.8339 -66.0435,58.8335 -66.0461,58.8338 -66.0527,58.8377 -66.054,58.838 -66.0671,58.8339 -66.0747,58.8305 -66.0762,58.8291 -66.0773,58.8274 -66.0795,58.8215 -66.0797,58.8191 -66.0815,58.818 -66.0841,58.8174 -66.084,58.8164 -66.0859,58.8121 -66.0842,58.8067 -66.0834,58.8058 -66.0804,58.8037 -66.0798,58.8028 -66.0778,58.8022 -66.0769,58.8012 -66.077,58.7981 -66.0783,58.7953 -66.0801,58.7935 -66.0848,58.793 -66.0898,58.7938 -66.0909,58.7935 -66.0906,58.7918 -66.0894,58.79 -66.0871,58.7879 -66.0866,58.787 -66.0866,58.7856 -66.0872,58.7852 -66.0903,58.7854 -66.0957,58.7882 -66.0964,58.7888 -66.0971,58.7909 -66.0986,58.7911 -66.0991,58.7908 -66.0986,58.7892 -66.0987,58.7865 -66.0981,58.7853 -66.0948,58.7821 -66.0942,58.7812 -66.094,58.7801 -66.0942,58.7794 -66.0964,58.7776 -66.1027,58.7757 -66.1028,58.7741 -66.1015,58.7731 -66.0992,58.7724 -66.0935,58.7697 -66.0869,58.7687 -66.0866,58.7683 -66.0868,58.7677 -66.0936,58.7659 -66.094,58.7653 -66.093,58.7645 -66.0917,58.764 -66.0883,58.7638 -66.0875,58.7641 -66.0883,58.7655 -66.0846,58.7659 -66.0828,58.7656 -66.0801,58.7657 -66.079,58.765 -66.0775,58.7623 -66.0783,58.7605 -66.078,58.7596 -66.071,58.7553 -66.0657,58.7543 -66.0647,58.7544 -66.0641,58.7547 -66.064,58.7551 -66.0649,58.7564 -66.0732,58.7635 -66.0734,58.764 -66.073,58.7657 -66.0709,58.7655 -66.0709,58.766 -66.0734,58.7664 -66.0759,58.7674 -66.0762,58.7678 -66.0735,58.7687 -66.0753,58.7698 -66.0748,58.7701 -66.0717,58.7694 -66.0713,58.7697 -66.0728,58.7704 -66.0721,58.7707 -66.0687,58.7705 -66.0681,58.7712 -66.0669,58.7709 -66.0661,58.7703 -66.0657,58.7704 -66.0665,58.772 -66.0687,58.7725 -66.0683,58.7728 -66.0685,58.7732 -66.0672,58.7736 -66.0665,58.775 -66.0659,58.7753 -66.0644,58.7747 -66.0638,58.7741 -66.0621,58.7756 -66.0611,58.7758 -66.0594,58.7745 -66.0572,58.7742 -66.0567,58.7725 -66.0563,58.7722 -66.0541,58.7719 -66.0532,58.7705 -66.0523,58.7699 -66.0469,58.7691 -66.0424,58.7675 -66.0404,58.7657 -66.0391,58.7612 -66.0372,58.7592 -66.0358,58.7555 -66.0367,58.7529 -66.0391,58.7484 -66.0376,58.7443 -66.039,58.7416 -66.0433,58.7416 -66.0478,58.7429 -66.0521,58.7433 -66.0544,58.7425 -66.0577,58.7385 -66.0567,58.7361 -66.0549,58.7342 -66.0679,58.7333 -66.0906,58.7328 -66.1172,58.7314 -66.1379,58.7428 -66.152,58.7497 -66.1687,58.7584 -66.1934,58.7725 -66.2061,58.7829 -66.2234,58.7932 -66.2352,58.7996 -66.2654,58.8123 -66.275,58.8085 -66.2786,58.8132 -66.2871,58.8177 -66.3008,58.8197 -66.3108,58.82 -66.3189,58.8198 -66.326,58.8187 -66.3405,58.8184 -66.346,58.8197 -66.3508,58.8228 -66.3493,58.8379 -66.3505,58.8407 -66.3511,58.8482 -66.3532,58.8514 -66.3579,58.8541 -66.3634,58.8549 -66.3712,58.851 -66.3755,58.8476 -66.3788,58.8438 -66.3817,58.8357 -66.3828,58.8268 -66.3824,58.8221 -66.3811,58.8175 -66.3789,58.8133 -66.3819,58.8057 -66.3935,58.8036 -66.3983,58.8068 -66.4013,58.8109 -66.4026,58.8156 -66.4031,58.8207 -66.4042,58.824 -66.4046,58.8277 -66.4057,58.831 -66.4087,58.8337 -66.4322,58.8341 -66.4413,58.8348 -66.4476,58.8338 -66.4537,58.8317 -66.4561,58.8268 -66.4582,58.8209 -66.4577,58.8152 -66.4552,58.8082 -66.4539,58.8027 -66.4532,58.7947 -66.4585,58.7792 -66.4606,58.7753 -66.4628,58.7701 -66.4675,58.7611 -66.4681,58.7583 -66.4697,58.7549 -66.4694,58.7517 -66.4655,58.7485 -66.4573,58.7477 -66.4513,58.7413 -66.4524,58.7333 -66.4538,58.7286 -66.4594,58.7247 -66.4633,58.7232 -66.4887,58.7254 -66.495,58.7253 -66.5046,58.7213 -66.5115,58.7174 -66.5168,58.7173 -66.5217,58.7209 -66.5246,58.7236 -66.5319,58.7244 -66.5372,58.7238 -66.5423,58.7195 -66.542,58.7167 -66.5399,58.7134 -66.5387,58.7097 -66.5403,58.7057 -66.5451,58.7002 -66.5526,58.6939 -66.5576,58.6891 -66.5591,58.6858 -66.5624,58.6829 -66.571,58.6784 -66.5776,58.6712 -66.5814,58.6636 -66.5822,58.6528 -66.5801,58.6491 -66.5762,58.6455 -66.5723,58.6428 -66.5712,58.64 -66.5717,58.6362 -66.5784,58.6304 -66.5879,58.626 -66.5999,58.6191 -66.6058,58.6152 -66.612,58.6105 -66.6175,58.6056 -66.6185,58.6033 -66.6197,58.6003 -66.6209,58.5933 -66.6219,58.5848 -66.6213,58.5778 -66.6198,58.5717 -66.6176,58.5676 -66.6131,58.5574 -66.6137,58.5541 -66.6208,58.5525 -66.6334,58.5541 -66.6405,58.5529 -66.6447,58.55 -66.6487,58.5443 -66.6492,58.5401 -66.6462,58.5369 -66.6441,58.5332 -66.6395,58.5225 -66.6326,58.5156 -66.6286,58.5106 -66.6217,58.5037 -66.6188,58.501 -66.614,58.4974 -66.6119,58.4941 -66.6107,58.4909 -66.6113,58.4876 -66.6146,58.4842 -66.626,58.4821 -66.6406,58.4854 -66.6489,58.488 -66.6548,58.4888 -66.6642,58.4891 -66.6739,58.4874 -66.6809,58.4858 -66.6872,58.4857 -66.6942,58.4887 -66.6975,58.491 -66.7024,58.4951 -66.7172,58.5044 -66.7223,58.5068 -66.7277,58.5076 -66.7384,58.5064 -66.7478,58.5024 -66.7609,58.4983 -66.7681,58.4981 -66.7888,58.4995 -66.7949,58.4983 -66.8001,58.4959 -66.8015,58.4921 -66.8012,58.4893 -66.7971,58.4833 -66.7959,58.48 -66.7928,58.4759 -66.7904,58.4699 -66.7909,58.4656 -66.7933,58.4623 -66.7975,58.4594 -66.8044,58.4573 -66.8124,58.4589 -66.8311,58.4646 -66.8432,58.4605 -66.8511,58.4317 -66.8603,58.4323 -66.861,58.4324 -66.8976,58.4586 -66.8693,58.4813 -66.9337,58.5051 -66.9616,58.4901 -67.0189,58.4205 -67.0609,58.4123 -67.0453,58.3822 -67.0749,58.3664 -67.0944,58.3644 -67.1066,58.3786 -67.1271,58.3789 -67.1401,58.3922 -67.1545,58.3927 -67.167,58.3684 -67.2085,58.3395 -67.2268,58.3352 -67.246,58.3477 -67.2621,58.3482 -67.2923,58.3224 -67.3407,58.3097 -67.3594,58.2852 -67.3868,58.2731 -67.3994,58.27 -67.4084,58.2855 -67.4428,58.283 -67.4692,58.2883 -67.5242,58.2635 -67.5336,58.2534 -67.5441,58.2532 -67.5576,58.2453 -67.5697,58.2373 -67.6024,58.2114 -67.612,58.2008 -67.6226,58.1913 -67.6371,58.1743 -67.6478,58.1631 -67.6564,58.1518 -67.6617,58.1425 -67.6687,58.1335 -67.6727,58.1253 -67.6786,58.1161 -67.6851,58.1087 -67.6904,58.1089 -67.6954,58.1135 -67.6962,58.1217 -67.6941,58.1308 -67.6898,58.141 -67.6841,58.1498 -67.6786,58.1614 -67.6729,58.1696 -67.6677,58.179 -67.6611,58.1876 -67.6546,58.1974 -67.6483,58.2083 -67.6371,58.2257 -67.6327,58.2395 -67.6245,58.2515 -67.6463,58.251 -67.642,58.2587 -67.6482,58.266 -67.6962,58.266 -67.6952,58.2807 -67.6954,58.2808 -67.7202,58.2654 -67.7345,58.2659 -67.7261,58.284 -67.7367,58.3193 -67.6988,58.3449 -67.7243,58.358 -67.7092,58.3784 -67.7202,58.3954 -67.7146,58.4007 -67.6965,58.3929 -67.6796,58.4216 -67.7098,58.4342 -67.7069,58.4465 -67.7322,58.4489 -67.7267,58.4627 -67.7571,58.4617 -67.775,58.4676 -67.7906,58.4361 -67.8131,58.4306 -67.8277,58.4118 -67.825,58.3969 -67.8377,58.3843 -67.8323,58.3675 -67.8395,58.3642 -67.8376,58.3608 -67.8363,58.3534 -67.8485,58.3495 -67.8643,58.349 -67.8694,58.3506 -67.8828,58.3445 -67.904,58.3585 -67.9086,58.3869 -67.9327,58.4072 -67.9244,58.4192 -67.9447,58.4311 -67.9124,58.4511 -67.9091,58.5089 -67.9096,58.509 -67.9263,58.5031 -67.9445,58.5119 -67.9676,58.5092 -67.9641,58.5248 -67.9459,58.5362 -67.9542,58.5589 -67.9988,58.5765 -67.9996,58.5762 -68.0173,58.567 -68.0097,58.5503 -68.0223,58.5165 -68.0425,58.5205 -68.0621,58.5067 -68.0855,58.5264 -68.126,58.5273 -68.1306,58.5228 -68.1337,58.5217 -68.1415,58.5228 -68.1416,58.5234 -68.193,58.5347 -68.1939,58.5356 -68.1882,58.5555 -68.2732,58.5328 -68.2894,58.5281 -68.2913,58.528 -68.2912,58.5289 -68.2888,58.5348 -68.2717,58.5832 -68.2831,58.5913 -68.3244,58.5906 -68.337,58.5969 -68.3328,58.6805 -68.3828,58.7086 -68.3676,58.7782 -68.4016,58.8004 -68.3964,58.8208 -68.4513,58.8243 -68.4815,58.8386 -68.5039,58.8367 -68.5129,58.8547 -68.5619,58.8729 -68.5828,58.9031 -68.6041,58.9116 -68.6339,58.9048 -68.6526,58.9082 -68.6897,58.8954 -68.7297,58.9012 -68.7639,58.9167 -68.8331,58.9063 -68.8727,58.8811 -68.9508,58.881 -68.9953,58.8701 -69.0021,58.8783 -68.9867,58.901 -69.0176,58.9067 -69.0541,58.8966 -69.0787,58.9078 -69.1288,58.9032 -69.1711,58.8843 -69.1891,58.8867 -69.1973,58.8997 -69.2405,58.9023 -69.2733,58.8872 -69.3641,58.8747 -69.374,58.8742 -69.3794,58.8766 -69.39,58.8756 -69.3999,58.878 -69.4111,58.8849 -69.4226,58.8957 -69.435,58.9012 -69.4319,58.9032 -69.4376,58.927 -69.4652,58.944 -69.4655,58.9975 -69.4683,59.0026 -69.4655,59.0032 -69.4655,59.0117 -69.4951,59.0546 -69.491,59.0773 -69.4906,59.0773 -69.4569,59.0554 -69.4553,59.0362 -69.4404,59.0294 -69.4062,59.0578 -69.3469,59.0893 -69.3395,59.1151 -69.3186,59.1161 -69.2942,59.1017 -69.2641,59.0654 -69.2824,59.05 -69.2833,59.0081 -69.33,58.9725 -69.3277,58.959 -69.3148,58.953 -69.2703,58.9804 -69.2534,58.9775 -69.2282,58.9579 -69.2114,58.9606 -69.2066,58.9754 -69.1887,58.9823 -69.1934,58.9995 -69.1548,59.0191 -69.1307,59.0437 -69.0965,59.0575 -69.1371,59.0867 -69.1598,59.0805 -69.1669,59.0849 -69.1696,59.1059 -69.1528,59.1415 -69.2372,59.1692 -69.2713,59.1488 -69.3096,59.1588 -69.34,59.1334 -69.3882,59.1316 -69.4165,59.1105 -69.4307,59.1132 -69.4331,59.1319 -69.4508,59.1386 -69.4885,59.1108 -69.4899,59.1094 -69.4904,59.1094 -69.5076,59.1335 -69.5292,59.1419 -69.4927,59.1879 -69.4917,59.203 -69.4498,59.22 -69.3977,59.2263 -69.3975,59.226 -69.398,59.2255 -69.4083,59.2032 -69.3675,59.1961 -69.3541,59.2081 -69.3577,59.2441 -69.3357,59.2442 -69.2739,59.2061 -69.2617,59.21 -69.2656,59.2267 -69.229,59.2275 -69.2145,59.2338 -69.2315,59.2471 -69.2306,59.274 -69.2617,59.2834 -69.2518,59.3059 -69.2262,59.3025 -69.2411,59.3342 -69.2623,59.3295 -69.2839,59.337 -69.3115,59.3056 -69.3568,59.3025 -69.3557,59.313 -69.3522,59.3137 -69.3515,59.3159 -69.3488,59.3201 -69.3486,59.3233 -69.3476,59.3263 -69.348,59.3298 -69.3457,59.3301 -69.3432,59.3309 -69.3446,59.3326 -69.3462,59.3365 -69.3477,59.342 -69.3511,59.343 -69.3556,59.3432 -69.3584,59.3428 -69.3608,59.344 -69.3592,59.3468 -69.3592,59.3503 -69.37,59.3478 -69.3735,59.3474 -69.3762,59.3477 -69.3767,59.3506 -69.3804,59.3525 -69.3984,59.3571 -69.4007,59.3593 -69.4044,59.3582 -69.4076,59.3584 -69.413,59.3579 -69.4155,59.3558 -69.418,59.3574 -69.4259,59.3563 -69.4285,59.3592 -69.4277,59.3613 -69.4259,59.3638 -69.4269,59.364 -69.4317,59.3632 -69.434,59.3625 -69.4364,59.361 -69.4432,59.3596 -69.4484,59.3603 -69.4527,59.3593 -69.4534,59.3581 -69.4538,59.3564 -69.4638,59.3535 -69.4677,59.3542 -69.4695,59.3527 -69.4702,59.3515 -69.4737,59.3503 -69.4726,59.3476 -69.4767,59.3455 -69.4835,59.3433 -69.4862,59.3414 -69.4872,59.3394 -69.4881,59.3392 -69.4894,59.3397 -69.4944,59.3401 -69.4964,59.3398 -69.4985,59.3378 -69.5059,59.3364 -69.511,59.3347 -69.5177,59.331 -69.5298,59.3309 -69.5371,59.3265 -69.5399,59.3256 -69.5428,59.3268 -69.5458,59.3259 -69.5508,59.3284 -69.5529,59.3301 -69.5574,59.3308 -69.5614,59.3303 -69.5656,59.3279 -69.5706,59.3265 -69.5763,59.3265 -69.583,59.3243 -69.5962,59.3183 -69.5993,59.3157 -69.6016,59.3102 -69.6051,59.3064 -69.6087,59.2983 -69.6129,59.2948 -69.6175,59.2929 -69.6222,59.2931 -69.6294,59.2952 -69.6297,59.2955 -69.6296,59.2966 -69.6289,59.2987 -69.6333,59.303 -69.6353,59.3091 -69.6403,59.3112 -69.6481,59.3136 -69.6488,59.3174 -69.6566,59.3198 -69.6646,59.318 -69.6688,59.3159 -69.6738,59.3128 -69.6778,59.3098 -69.6862,59.3056 -69.6926,59.3053 -69.6985,59.3074 -69.7043,59.309 -69.7251,59.3117 -69.737,59.3111 -69.7431,59.3094 -69.7492,59.3124 -69.752,59.3175 -69.7532,59.3235 -69.7507,59.3298 -69.7476,59.3332 -69.7418,59.3363 -69.7366,59.338 -69.7286,59.3398 -69.7024,59.3425 -69.686,59.3438 -69.6789,59.3451 -69.6687,59.3498 -69.6648,59.3533 -69.6606,59.3559 -69.6554,59.3575 -69.6499,59.3578 -69.6444,59.3576 -69.6348,59.351 -69.627,59.3533 -69.6237,59.3558 -69.6217,59.3596 -69.6213,59.3677 -69.6219,59.3705 -69.6201,59.3762 -69.6188,59.3791 -69.6166,59.382 -69.6135,59.385 -69.6125,59.3871 -69.6128,59.3884 -69.6165,59.3914 -69.6231,59.3921 -69.632,59.3912 -69.6373,59.389 -69.6423,59.3859 -69.6479,59.3814 -69.6549,59.3792 -69.6606,59.3804 -69.6661,59.3853 -69.6669,59.3895 -69.6667,59.3902 -69.6658,59.3933 -69.6628,59.3967 -69.6604,59.3971 -69.6585,59.3961 -69.6532,59.3977 -69.6496,59.3984 -69.6462,59.3995 -69.6464,59.4015 -69.645,59.4029 -69.641,59.4033 -69.6378,59.4046 -69.638,59.4063 -69.6397,59.41 -69.637,59.4132 -69.6316,59.418 -69.6314,59.4212 -69.6346,59.4263 -69.6326,59.4279 -69.6334,59.4288 -69.6363,59.4289 -69.6387,59.4295 -69.6421,59.4295 -69.6445,59.4304 -69.6474,59.4342 -69.6505,59.4333 -69.6515,59.4334 -69.6511,59.4361 -69.6492,59.4382 -69.6508,59.4406 -69.6497,59.4436 -69.6489,59.4479 -69.6472,59.4494 -69.65,59.4558 -69.6525,59.4576 -69.6531,59.4599 -69.6533,59.4623 -69.6557,59.4624 -69.6586,59.463 -69.6608,59.4624 -69.6653,59.462 -69.6692,59.4621 -69.6772,59.4635 -69.6791,59.4618 -69.6841,59.463 -69.6857,59.4642 -69.6874,59.4646 -69.6955,59.4633 -69.6988,59.4621 -69.7017,59.4638 -69.6976,59.4659 -69.6937,59.4669 -69.691,59.4684 -69.6887,59.4712 -69.6855,59.4706 -69.684,59.4713 -69.6797,59.4721 -69.676,59.4734 -69.6733,59.4751 -69.6717,59.4772 -69.6715,59.4784 -69.6717,59.4785 -69.6754,59.4778 -69.6768,59.4804 -69.6817,59.4828 -69.685,59.4813 -69.687,59.482 -69.6885,59.4838 -69.6971,59.4846 -69.7004,59.4828 -69.7033,59.4825 -69.706,59.4838 -69.7059,59.4859 -69.7075,59.4863 -69.7151,59.4846 -69.723,59.4854 -69.724,59.4846 -69.7264,59.4842 -69.7316,59.4843 -69.7346,59.484 -69.7379,59.4832 -69.741,59.485 -69.7483,59.4847 -69.7487,59.4849 -69.7486,59.4854 -69.7469,59.4871 -69.7439,59.4888 -69.7397,59.4926 -69.7377,59.4949 -69.738,59.4952 -69.7359,59.4989 -69.7353,59.5014 -69.7374,59.5041 -69.7419,59.5049 -69.7411,59.5063 -69.7411,59.5079 -69.7403,59.5099 -69.7381,59.512 -69.7352,59.5138 -69.7324,59.5165 -69.7282,59.5218 -69.7179,59.5275 -69.7171,59.5312 -69.7141,59.5311 -69.7128,59.5294 -69.7106,59.5282 -69.7094,59.5284 -69.7082,59.5315 -69.7007,59.538 -69.6965,59.5391 -69.6939,59.5408 -69.6895,59.5425 -69.6865,59.5447 -69.6863,59.5455 -69.6789,59.5488 -69.6776,59.5517 -69.6717,59.555 -69.6693,59.556 -69.6672,59.5579 -69.6686,59.5591 -69.6716,59.5595 -69.6666,59.5644 -69.6663,59.5645 -69.6648,59.5635 -69.6618,59.5652 -69.6616,59.568 -69.6592,59.5686 -69.658,59.5697 -69.6583,59.5733 -69.6563,59.5748 -69.654,59.5742 -69.6512,59.5746 -69.649,59.5769 -69.6458,59.5792 -69.6447,59.5817 -69.6416,59.5821 -69.6391,59.5828 -69.6362,59.5844 -69.6351,59.5858 -69.6334,59.587 -69.6313,59.588 -69.6274,59.5875 -69.6226,59.5863 -69.6225,59.5883 -69.6234,59.5889 -69.6242,59.5913 -69.624,59.5917 -69.6186,59.5901 -69.613,59.59 -69.611,59.5924 -69.6082,59.5935 -69.6057,59.5942 -69.6017,59.5945 -69.599,59.5957 -69.5959,59.5948 -69.5925,59.5972 -69.5892,59.6002 -69.5845,59.6007 -69.584,59.5982 -69.5848,59.5959 -69.5865,59.5936 -69.5873,59.5915 -69.5828,59.5883 -69.58,59.5895 -69.5779,59.5909 -69.574,59.5919 -69.57,59.5924 -69.5607,59.5928 -69.5584,59.5925 -69.5573,59.5931 -69.5575,59.5969 -69.5554,59.6003 -69.5533,59.6023 -69.5504,59.6043 -69.541,59.6072 -69.543,59.6105 -69.5326,59.6135 -69.532,59.6133 -69.5323,59.6109 -69.5317,59.6108 -69.5258,59.6133 -69.5254,59.6146 -69.521,59.6152 -69.5155,59.6169 -69.5152,59.6187 -69.512,59.6214 -69.5111,59.6229 -69.5108,59.6251 -69.5092,59.6265 -69.5058,59.6285 -69.5072,59.6315 -69.5053,59.6344 -69.5027,59.6354 -69.4995,59.6389 -69.4977,59.6399 -69.4985,59.641 -69.5004,59.6423 -69.5012,59.6444 -69.5005,59.6454 -69.5042,59.6457 -69.5029,59.6478 -69.5041,59.6493 -69.5045,59.6523 -69.5027,59.6534 -69.5013,59.656 -69.5035,59.6576 -69.4991,59.6589 -69.5038,59.6622 -69.501,59.664 -69.4989,59.6671 -69.494,59.6687 -69.4933,59.6706 -69.4955,59.672 -69.4975,59.6716 -69.5007,59.6721 -69.5004,59.681 -69.501,59.6842 -69.5071,59.6868 -69.5154,59.6868 -69.5183,59.6864 -69.5236,59.6855 -69.5324,59.6828 -69.5387,59.6815 -69.5486,59.6809 -69.5528,59.6823 -69.5606,59.6842 -69.5778,59.6867 -69.5863,59.6873 -69.5922,59.6889 -69.5958,59.6929 -69.5975,59.6971 -69.6031,59.702 -69.6119,59.6992 -69.6168,59.7009 -69.6193,59.704 -69.6198,59.7068 -69.6178,59.7112 -69.614,59.7156 -69.6099,59.7186 -69.6029,59.7213 -69.5978,59.7239 -69.5926,59.7256 -69.5815,59.7313 -69.5773,59.7338 -69.5742,59.7373 -69.5693,59.7408 -69.5565,59.7424 -69.5573,59.7466 -69.5608,59.7506 -69.5624,59.7536 -69.5648,59.7566 -69.5665,59.7607 -69.5605,59.7686 -69.5642,59.7736 -69.5692,59.7757 -69.5747,59.7797 -69.5753,59.7829 -69.5821,59.7845 -69.5895,59.7841 -69.5946,59.7863 -69.5962,59.7899 -69.5958,59.7928 -69.5936,59.7962 -69.5916,59.8001 -69.5893,59.8031 -69.5883,59.8036 -69.5859,59.8074 -69.581,59.8138 -69.5798,59.8171 -69.5799,59.8176 -69.5786,59.8179 -69.5769,59.8188 -69.5825,59.8218 -69.5862,59.8219 -69.5923,59.8229 -69.5894,59.8246 -69.5851,59.8244 -69.5769,59.8263 -69.5786,59.8265 -69.581,59.8282 -69.5869,59.8311 -69.5856,59.8333 -69.5886,59.8353 -69.5879,59.8358 -69.588,59.836 -69.5933,59.8365 -69.5976,59.8377 -69.5994,59.8394 -69.5973,59.8404 -69.5925,59.841 -69.5911,59.8416 -69.5881,59.8411 -69.5833,59.8431 -69.5743,59.8486 -69.5748,59.8504 -69.572,59.8535 -69.5681,59.8549 -69.5628,59.8557 -69.558,59.857 -69.556,59.8571 -69.5554,59.8588 -69.5558,59.8591 -69.5544,59.8605 -69.55,59.8617 -69.5487,59.8625 -69.5464,59.8651 -69.5468,59.8662 -69.5466,59.8691 -69.5471,59.8692 -69.5485,59.8683 -69.553,59.8681 -69.5553,59.8672 -69.5636,59.8699 -69.566,59.8711 -69.5656,59.8725 -69.5659,59.8734 -69.5691,59.8724 -69.5736,59.8732 -69.5732,59.8751 -69.5742,59.8758 -69.5799,59.8757 -69.5824,59.8771 -69.585,59.8791 -69.5895,59.8785 -69.5979,59.8792 -69.6,59.8799 -69.6032,59.8801 -69.6043,59.8814 -69.6083,59.8826 -69.6108,59.8826 -69.6142,59.8817 -69.6184,59.8813 -69.6222,59.8794 -69.628,59.88 -69.6326,59.8787 -69.64,59.8775 -69.6432,59.8775 -69.6474,59.8792 -69.651,59.8792 -69.6547,59.8788 -69.6602,59.8775 -69.6646,59.8773 -69.6674,59.8785 -69.6662,59.8798 -69.6662,59.8808 -69.6647,59.8822 -69.667,59.8849 -69.6688,59.8857 -69.6702,59.8873 -69.669,59.8886 -69.6657,59.8901 -69.6654,59.8907 -69.6751,59.8901 -69.6789,59.8874 -69.6823,59.8882 -69.6865,59.8887 -69.6989,59.8878 -69.7069,59.8891 -69.7087,59.8909 -69.7113,59.8957 -69.7125,59.8962 -69.7169,59.8955 -69.7224,59.8956 -69.7245,59.8963 -69.7265,59.8975 -69.7274,59.9008 -69.7254,59.9011 -69.7256,59.9023 -69.728,59.9028 -69.7321,59.9047 -69.7339,59.9066 -69.7381,59.9058 -69.7403,59.9049 -69.7438,59.9046 -69.7467,59.905 -69.7507,59.9063 -69.7549,59.9071 -69.7629,59.9108 -69.7687,59.9151 -69.77,59.9186 -69.7691,59.9208 -69.769,59.9227 -69.7714,59.9263 -69.7722,59.9292 -69.7692,59.9293 -69.7651,59.9265 -69.7634,59.9245 -69.7628,59.9226 -69.7607,59.9194 -69.7554,59.9172 -69.7491,59.9152 -69.7369,59.9156 -69.726,59.9152 -69.7102,59.9209 -69.7085,59.9226 -69.7082,59.9263 -69.707,59.9281 -69.7068,59.9301 -69.7078,59.9326 -69.7096,59.9341 -69.7081,59.9357 -69.7069,59.9382 -69.7069,59.9407 -69.7087,59.9423 -69.715,59.9424 -69.7149,59.9451 -69.712,59.9476 -69.7106,59.9501 -69.7087,59.9523 -69.708,59.9545 -69.7126,59.9623 -69.7149,59.9647 -69.7196,59.9662 -69.7302,59.9652 -69.7372,59.9659 -69.7389,59.965 -69.7413,59.9647 -69.7439,59.9663 -69.7454,59.9668 -69.7522,59.9666 -69.7534,59.9663 -69.8002,59.9975 -69.7973,59.9972 -69.7945,59.9982 -69.7934,59.9996 -69.7933,60.0011 -69.7996,60.0067 -69.7927,60.008 -69.7911,60.0035 -69.7887,60.001 -69.7874,59.9981 -69.7801,59.9916 -69.7772,59.9915 -69.7773,59.9934 -69.7761,59.9964 -69.7741,59.9971 -69.7741,59.9979 -69.7761,60.0005 -69.777,60.0045 -69.7731,60.0053 -69.7764,60.0072 -69.7769,60.0088 -69.7761,60.0093 -69.7773,60.0097 -69.7769,60.0119 -69.7759,60.0136 -69.7762,60.0143 -69.7885,60.0156 -69.7887,60.0167 -69.7899,60.0172 -69.7928,60.0175 -69.7942,60.0153 -69.7982,60.0153 -69.8115,60.0177 -69.8155,60.0192 -69.822,60.0195 -69.8305,60.0193 -69.834,60.0188 -69.841,60.0191 -69.8412,60.0201 -69.8425,60.0215 -69.8444,60.0231 -69.8466,60.0239 -69.8471,60.0232 -69.8489,60.0222 -69.8508,60.0218 -69.8514,60.0237 -69.8494,60.0269 -69.8413,60.0336 -69.8456,60.0518 -69.827,60.0735 -69.7959,60.0759 -69.7121,60.0529 -69.7086,60.0769 -69.6803,60.0813 -69.6454,60.0757 -69.6266,60.0836 -69.6317,60.0957 -69.6104,60.1105 -69.6095,60.166 -69.5883,60.1774 -69.5924,60.2283 -69.6288,60.241 -69.6453,60.2648 -69.6774,60.2703 -69.6828,60.2928 -69.7102,60.2981 -69.7243,60.3102 -69.7671,60.3115 -69.7462,60.3505 -69.7082,60.3711 -69.7344,60.3954 -69.736,60.4092 -69.7724,60.4201 -69.7715,60.4385 -69.7446,60.4634 -69.8028,60.4971 -69.8119,60.5281 -69.7965,60.5444 -69.6818,60.5595 -69.6517,60.5828 -69.6605,60.5955 -69.6822,60.596 -69.6936,60.6032 -69.6701,60.6256 -69.6959,60.64 -69.6899,60.6617 -69.7197,60.6855 -69.695,60.7004 -69.6644,60.6996 -69.6325,60.7301 -69.6113,60.7317 -69.5855,60.7173 -69.5731,60.7178 -69.569,60.7429 -69.5652,60.7446 -69.5629,60.7452 -69.559,60.7456 -69.5602,60.7469 -69.559,60.7484 -69.5564,60.7474 -69.554,60.7483 -69.5502,60.7511 -69.5464,60.7498 -69.5447,60.7505 -69.5418,60.7543 -69.5414,60.7567 -69.5422,60.7587 -69.5332,60.7593 -69.5305,60.7615 -69.5272,60.7623 -69.5243,60.762 -69.5251,60.759 -69.5234,60.7589 -69.5171,60.7622 -69.5125,60.7626 -69.5072,60.7625 -69.5031,60.7657 -69.5033,60.768 -69.5014,60.768 -69.4921,60.7653 -69.481,60.764 -69.4812,60.7658 -69.4827,60.7672 -69.4877,60.7689 -69.4908,60.7696 -69.4944,60.7717 -69.4929,60.7726 -69.4926,60.7739 -69.4913,60.7755 -69.4878,60.774 -69.483,60.7737 -69.468,60.7713 -69.4616,60.771 -69.4597,60.7725 -69.4594,60.7736 -69.4597,60.7758 -69.4627,60.7773 -69.4629,60.7785 -69.4616,60.7791 -69.4608,60.7803 -69.4612,60.7818 -69.4603,60.7824 -69.4567,60.7822 -69.4559,60.7819 -69.454,60.7802 -69.4513,60.7796 -69.4464,60.7808 -69.4417,60.7792 -69.4377,60.7801 -69.4356,60.7811 -69.4329,60.7816 -69.4276,60.7816 -69.4246,60.7837 -69.4167,60.7844 -69.4178,60.786 -69.4257,60.7886 -69.4225,60.7914 -69.4256,60.7932 -69.4301,60.7948 -69.4334,60.7955 -69.4345,60.7987 -69.4374,60.8029 -69.4361,60.805 -69.4323,60.8039 -69.4295,60.8047 -69.4344,60.8095 -69.434,60.8097 -69.4318,60.8094 -69.4294,60.8101 -69.428,60.8112 -69.4312,60.8124 -69.4321,60.8139 -69.4302,60.8151 -69.4263,60.8143 -69.4187,60.8135 -69.4173,60.8149 -69.415,60.8145 -69.4155,60.818 -69.4167,60.8203 -69.4165,60.8205 -69.4036,60.8122 -69.3975,60.8095 -69.3859,60.7969 -69.3826,60.7956 -69.3793,60.7958 -69.3766,60.7972 -69.3757,60.7989 -69.3773,60.8017 -69.3799,60.8025 -69.3822,60.8037 -69.389,60.8091 -69.3888,60.8093 -69.3844,60.809 -69.3823,60.8096 -69.3822,60.811 -69.3881,60.8191 -69.3866,60.8197 -69.3812,60.8175 -69.3727,60.8077 -69.3708,60.8067 -69.3693,60.8076 -69.3693,60.8093 -69.375,60.8162 -69.3733,60.8172 -69.373,60.8185 -69.374,60.8204 -69.3759,60.8208 -69.3803,60.8227 -69.3829,60.8249 -69.3833,60.8273 -69.3889,60.8329 -69.3931,60.8363 -69.3932,60.8388 -69.3968,60.8395 -69.3964,60.8415 -69.397,60.8431 -69.396,60.8455 -69.4008,60.8459 -69.4005,60.8495 -69.3966,60.8506 -69.4031,60.8566 -69.4026,60.8569 -69.3959,60.856 -69.3954,60.8563 -69.3977,60.8591 -69.3994,60.862 -69.3991,60.8633 -69.3967,60.8625 -69.3944,60.8608 -69.3887,60.8582 -69.3858,60.8563 -69.3834,60.8542 -69.3805,60.8538 -69.3778,60.8546 -69.3787,60.8569 -69.3821,60.8592 -69.3953,60.8657 -69.3972,60.8683 -69.3997,60.8703 -69.405,60.8735 -69.4047,60.8738 -69.4014,60.874 -69.397,60.8736 -69.3957,60.8751 -69.3942,60.8788 -69.4007,60.8823 -69.4014,60.8843 -69.4076,60.8879 -69.407,60.89 -69.4061,60.8912 -69.4067,60.893 -69.4036,60.8939 -69.3967,60.8901 -69.3954,60.888 -69.3947,60.8858 -69.3932,60.8842 -69.3911,60.8844 -69.3882,60.8856 -69.3827,60.8845 -69.3807,60.8848 -69.3824,60.8882 -69.3858,60.8908 -69.3978,60.8969 -69.3923,60.8976 -69.3869,60.896 -69.3849,60.897 -69.3877,60.9007 -69.388,60.9023 -69.3876,60.9041 -69.39,60.9073 -69.3887,60.9085 -69.3798,60.9069 -69.3772,60.9071 -69.3771,60.9107 -69.3765,60.9128 -69.3775,60.9142 -69.3818,60.9159 -69.3799,60.9192 -69.3808,60.9204 -69.384,60.9199 -69.3864,60.9191 -69.39,60.9191 -69.3904,60.9185 -69.393,60.9172 -69.3969,60.9158 -69.3955,60.9185 -69.3945,60.9196 -69.3923,60.9209 -69.3911,60.9229 -69.3922,60.9244 -69.3949,60.9259 -69.4048,60.9281 -69.4155,60.9289 -69.429,60.9276 -69.4317,60.9283 -69.4361,60.9276 -69.4407,60.9274 -69.4424,60.9284 -69.4431,60.9296 -69.4433,60.931 -69.4389,60.9316 -69.4379,60.9321 -69.4413,60.9349 -69.4399,60.9375 -69.439,60.9369 -69.4241,60.9368 -69.4276,60.9389 -69.4303,60.9398 -69.4314,60.9406 -69.4306,60.9413 -69.4277,60.9412 -69.4252,60.9416 -69.4221,60.941 -69.42,60.9411 -69.4196,60.9422 -69.4223,60.9434 -69.4233,60.9443 -69.4219,60.9449 -69.421,60.946 -69.4233,60.9471 -69.4241,60.948 -69.4247,60.9498 -69.4263,60.9502 -69.4307,60.9503 -69.4319,60.9512 -69.4348,60.9519 -69.4418,60.9508 -69.4457,60.955 -69.453,60.9584 -69.4511,60.9609 -69.4529,60.9616 -69.4515,60.9634 -69.4538,60.9644 -69.4546,60.9654 -69.4527,60.9671 -69.4546,60.9686 -69.4582,60.9754 -69.457,60.9778 -69.4584,60.9787 -69.4602,60.9788 -69.4614,60.9798 -69.4597,60.981 -69.4586,60.9823 -69.4597,60.9839 -69.4633,60.9851 -69.4665,60.9866 -69.4692,60.9889 -69.4704,60.991 -69.4691,60.9922 -69.4688,60.9949 -69.4696,60.9978 -69.474,61.0001 -69.4741,61.0024 -69.4725,61.0068 -69.4741,61.0075 -69.4771,61.0054 -69.4775,61.0055 -69.4791,61.0073 -69.48,61.0088 -69.4803,61.0108 -69.4857,61.0097 -69.4858,61.01 -69.4839,61.0125 -69.4831,61.018 -69.4836,61.0221 -69.4827,61.0271 -69.4834,61.0302 -69.4873,61.0321 -69.4844,61.0358 -69.4899,61.0438 -69.4902,61.0464 -69.4943,61.049 -69.4943,61.0519 -69.5004,61.0584 -69.503,61.0607 -69.5018,61.0613 -69.4985,61.062 -69.5025,61.0643 -69.5067,61.0655 -69.5048,61.0669 -69.5057,61.0674 -69.5085,61.0679 -69.5114,61.0709 -69.5173,61.0726 -69.5271,61.0738 -69.5329,61.0741 -69.5354,61.0752 -69.5377,61.0767 -69.5405,61.077 -69.5494,61.0759 -69.5514,61.0766 -69.5513,61.0778 -69.5507,61.0789 -69.5515,61.0794 -69.5548,61.0792 -69.5676,61.077 -69.5702,61.0774 -69.5768,61.0798 -69.5819,61.0794 -69.5847,61.0798 -69.5873,61.0808 -69.5922,61.0808 -69.5967,61.0803 -69.5997,61.0795 -69.6057,61.0793 -69.6113,61.0787 -69.6134,61.0776 -69.6105,61.0765 -69.6064,61.0739 -69.6082,61.0722 -69.6133,61.0709 -69.6133,61.069 -69.6109,61.0659 -69.6096,61.0648 -69.6065,61.0631 -69.6084,61.0615 -69.6103,61.0606 -69.6159,61.0615 -69.6196,61.0617 -69.6216,61.0607 -69.6235,61.0602 -69.6245,61.0591 -69.6266,61.0581 -69.6241,61.0561 -69.6249,61.0542 -69.6266,61.0529 -69.63,61.0545 -69.6311,61.0569 -69.6311,61.0597 -69.6351,61.0584 -69.6437,61.0569 -69.6449,61.0556 -69.6452,61.0548 -69.645,61.0541 -69.6456,61.0528 -69.6511,61.0519 -69.6423,61.0489 -69.638,61.0461 -69.6378,61.0455 -69.6386,61.0448 -69.6412,61.0445 -69.6458,61.0424 -69.648,61.0404 -69.6465,61.0381 -69.6408,61.0337 -69.6379,61.0292 -69.6351,61.0281 -69.6315,61.0244 -69.6482,61.0278 -69.6485,61.0278 -69.6494,61.0262 -69.6537,61.0256 -69.6556,61.0262 -69.659,61.0259 -69.6619,61.027 -69.6704,61.0258 -69.6763,61.0261 -69.6757,61.024 -69.6769,61.0233 -69.6777,61.0222 -69.6752,61.0192 -69.6727,61.0175 -69.6674,61.0131 -69.6706,61.013 -69.6794,61.0145 -69.6811,61.0144 -69.6822,61.0135 -69.681,61.0125 -69.6752,61.0097 -69.6701,61.0063 -69.6647,61.0036 -69.6619,61.0012 -69.663,60.9994 -69.668,60.9992 -69.6714,60.9995 -69.6714,60.9984 -69.6743,60.9975 -69.6778,60.9973 -69.6775,60.9927 -69.6741,60.9914 -69.6724,60.9903 -69.6723,60.989 -69.6731,60.9878 -69.6732,60.9866 -69.6805,60.9877 -69.6829,60.9885 -69.6842,60.988 -69.6844,60.9859 -69.6858,60.9839 -69.6808,60.9784 -69.6774,60.9761 -69.6747,60.9735 -69.6751,60.9702 -69.6688,60.9677 -69.6701,60.9661 -69.67,60.963 -69.6788,60.9612 -69.6803,60.9605 -69.683,60.9587 -69.6833,60.9557 -69.6851,60.9547 -69.6878,60.9542 -69.6878,60.9518 -69.6872,60.9501 -69.6869,60.9474 -69.6843,60.9444 -69.6792,60.9437 -69.6785,60.9431 -69.6785,60.9419 -69.6775,60.9403 -69.6748,60.9397 -69.6735,60.94 -69.6714,60.9375 -69.6665,60.9349 -69.6644,60.9326 -69.6657,60.93 -69.6611,60.9281 -69.6564,60.9247 -69.6541,60.9219 -69.6504,60.9222 -69.6472,60.9209 -69.645,60.9194 -69.6408,60.9192 -69.6376,60.9183 -69.6368,60.915 -69.6346,60.9134 -69.6331,60.9116 -69.6346,60.9095 -69.6383,60.9082 -69.6379,60.9061 -69.6382,60.9055 -69.6417,60.9062 -69.643,60.9059 -69.6436,60.9049 -69.6426,60.9035 -69.6413,60.9025 -69.6405,60.8999 -69.6405,60.8986 -69.6391,60.8974 -69.6367,60.8964 -69.6345,60.8927 -69.6365,60.892 -69.6385,60.8918 -69.6402,60.8911 -69.6404,60.8895 -69.6424,60.8884 -69.6417,60.8852 -69.6462,60.8795 -69.6484,60.8775 -69.6521,60.8761 -69.653,60.8749 -69.6554,60.8732 -69.658,60.8728 -69.6633,60.874 -69.6698,60.8732 -69.674,60.8732 -69.6739,60.8758 -69.6762,60.879 -69.6776,60.8787 -69.6791,60.8775 -69.6823,60.8736 -69.6901,60.8718 -69.6985,60.8706 -69.7012,60.8718 -69.7037,60.8757 -69.7054,60.8776 -69.7064,60.8806 -69.7114,60.8803 -69.713,60.879 -69.7136,60.8766 -69.7145,60.8759 -69.7164,60.8761 -69.7195,60.8753 -69.7251,60.8748 -69.7278,60.8759 -69.7312,60.8751 -69.74,60.8754 -69.7437,60.877 -69.7453,60.8795 -69.7473,60.8811 -69.7444,60.8828 -69.7437,60.8849 -69.7452,60.887 -69.7513,60.8897 -69.7532,60.8916 -69.7535,60.894 -69.7529,60.8962 -69.7514,60.8992 -69.7497,60.9013 -69.7452,60.9025 -69.7425,60.9027 -69.7382,60.9038 -69.7383,60.9064 -69.7365,60.9083 -69.7342,60.9079 -69.7314,60.9084 -69.7301,60.9098 -69.7306,60.9103 -69.7327,60.9109 -69.7393,60.9116 -69.7436,60.9131 -69.75,60.9159 -69.7511,60.9176 -69.7596,60.9186 -69.7626,60.9186 -69.7634,60.9183 -69.7604,60.9162 -69.7618,60.9149 -69.7622,60.9139 -69.7635,60.9134 -69.7693,60.9132 -69.7674,60.9099 -69.7702,60.9092 -69.7693,60.9061 -69.7718,60.9056 -69.7755,60.9043 -69.7866,60.9031 -69.7995,60.8979 -69.802,60.8948 -69.8009,60.8924 -69.804,60.89 -69.8103,60.8901 -69.8125,60.8914 -69.8206,60.8942 -69.8247,60.8949 -69.8259,60.8942 -69.8332,60.883 -69.8352,60.8787 -69.8418,60.8706 -69.8457,60.8672 -69.8495,60.8647 -69.8517,60.8627 -69.857,60.8603 -69.8652,60.8582 -69.8668,60.857 -69.8693,60.8525 -69.8665,60.852 -69.8605,60.8499 -69.8574,60.8507 -69.8487,60.8572 -69.8459,60.8599 -69.8449,60.8604 -69.8422,60.8609 -69.8418,60.8576 -69.8435,60.8556 -69.8403,60.8516 -69.8454,60.8468 -69.8483,60.8431 -69.8527,60.8387 -69.8558,60.8335 -69.8587,60.8297 -69.8623,60.8264 -69.8689,60.8231 -69.8794,60.8204 -69.884,60.8166 -69.8879,60.8128 -69.886,60.8063 -69.8855,60.8032 -69.8893,60.801 -69.9044,60.7985 -69.9158,60.8015 -69.9251,60.8067 -69.9269,60.8097 -69.9334,60.8132 -69.9383,60.8152 -69.9424,60.8166 -69.9601,60.8207 -69.966,60.8226 -69.9698,60.8246 -69.975,60.8284 -69.9778,60.8316 -69.979,60.8345 -69.981,60.8355 -69.9835,60.8361 -69.9861,60.8354 -69.9908,60.8361 -69.9935,60.8356 -69.9954,60.8361 -69.9986,60.8351 -69.9987,60.8355 -69.9979,60.8367 -69.9965,60.8376 -69.9935,60.8386 -69.9924,60.8395 -69.9945,60.8406 -69.9885,60.843 -69.9881,60.8435 -69.9975,60.8439 -70.0213,60.8459 -70.0318,60.8446 -70.0481,60.8448 -70.0515,60.8451 -70.0554,60.8467 -70.0577,60.8498 -70.0671,60.8537 -70.0748,60.8576 -70.0721,60.8615 -70.0542,60.8706 -70.07,60.8762 -70.0765,60.8803 -70.0789,60.887 -70.0806,60.8951 -70.0847,60.9036 -70.0863,60.9095 -70.092,60.9184 -70.0945,60.9256 -70.0925,60.9299 -70.085,60.935 -70.0837,60.9422 -70.085,60.9472 -70.0857,60.9533 -70.0897,60.9618 -70.0976,60.9717 -70.1042,60.9776 -70.1126,60.9845 -70.1184,60.9903 -70.1366,61.0002 -70.1494,60.9999 -70.1618,61.0181 -70.1481,61.0397 -70.1179,61.0504 -70.1082,61.0656 -70.1238,61.0714 -70.1488,61.0635 -70.1499,61.0636 -70.1502,61.0641 -70.144,61.0727 -70.1342,61.0894 -70.135,61.0899 -70.1375,61.0896 -70.1746,61.0888 -70.2237,61.0678 -70.2325,61.0637 -70.2332,61.0637 -70.2338,61.0639 -70.2352,61.0673 -70.2507,61.0953 -70.2993,61.102 -70.3173,61.0895 -70.3465,61.085 -70.3349,61.0616 -70.3683,61.0776 -70.3751,61.0905 -70.4082,61.0896 -70.4087,61.0892 -70.3981,61.0821 -70.3598,61.0553 -70.3722,61.0478 -70.4363,61.0711 -70.4174,61.0213 -70.4582,61.0249 -70.4588,61.0402 -70.4972,61.0678 -70.4991,61.0697 -70.4999,61.0698 -70.5006,61.0696 -70.5058,61.0616 -70.5164,61.0467 -70.554,61.047 -70.5519,61.0303 -70.5341,61.0233 -70.5423,61.0181 -70.5969,61.0247 -70.6283,61.0425 -70.6613,61.0252 -70.6795,61.0235 -70.6843,61.0327 -70.6536,61.0506 -70.6569,61.0599 -70.7014,61.0698 -70.7046,61.0629 -70.7181,61.0624 -70.7142,61.078 -70.7356,61.0733 -70.7494,61.0871 -70.7663,61.085 -70.7753,61.0719 -70.7433,61.0507 -70.7425,61.0138 -70.7554,61.0131 -70.7668,61.0344 -70.7715,61.0552 -70.7848,61.0569 -70.803,61.048 -70.8038,61.048 -70.804,61.0482 -70.8038,61.0497 -70.8078,61.0695 -70.8379,61.0797 -70.8673,61.0747 -70.8789,61.0814 -70.8861,61.0863 -70.8869,61.0865 -70.8875,61.0863 -70.9033,61.0671 -70.9241,61.0638 -70.9254,61.0639 -70.9255,61.0644 -70.9215,61.0704 -70.9103,61.0887 -70.9168,61.1028 -70.9329,61.113 -70.9643,61.1157 -71.0019,61.1358 -71.1041,61.1276 -71.1536,61.1478 -71.1729,61.1309 -71.168,61.1038 -71.1772,61.1002 -71.1777,61.1004 -71.2029,61.1298 -71.1835,61.1503 -71.1997,61.1574 -71.2181,61.1506 -71.2187,61.1506 -71.2189,61.1508 -71.2129,61.162 -71.2221,61.1667 -71.2657,61.1616 -71.3496,61.1635 -71.3902,61.1345 -71.4155,61.1361 -71.4407,61.1293 -71.4412,61.1295 -71.4432,61.137 -71.3999,61.1707 -71.4094,61.1794 -71.4394,61.1778 -71.4405,61.2218 -71.4636,61.2285 -71.4833,61.2278 -71.4887,61.2246 -71.4988,61.2178 -71.501,61.2182 -71.5025,61.2205 -71.5099,61.2281 -71.5225,61.2254 -71.5189,61.1924 -71.496,61.1775 -71.5097,61.1682 -71.5649,61.1602 -71.5895,61.162 -71.6023,61.1626 -71.6027,61.1629 -71.6025,61.1635 -71.5931,61.1665 -71.5485,61.1828 -71.5416,61.2048 -71.5538,61.2236 -71.6117,61.214 -71.6192,61.2125 -71.6203,61.2128 -71.6204,61.2134 -71.617,61.2206 -71.6128,61.2317 -71.579,61.2495 -71.5996,61.266 -71.6277,61.2752 -71.6675,61.2748 -71.757,61.2933 -71.7954,61.2814 -71.8051,61.2857 -71.7741,61.3005 -71.7318,61.2982 -71.7051,61.3092 -71.7306,61.3279 -71.737,61.3322 -71.737,61.3326 -71.7364,61.3328 -71.702,61.3351 -71.673,61.3239 -71.6618,61.3257 -71.662,61.3341 -71.6935,61.3496 -71.6933,61.3603 -71.7128,61.3634 -71.8198,61.3525 -71.8263,61.3588 -71.8083,61.3651 -71.8068,61.3781 -71.8835,61.3826 -71.906,61.39 -71.9064,61.3905 -71.8924,61.3935 -71.8329,61.384 -71.7697,61.3896 -71.7514,61.3783 -71.7023,61.3778 -71.6484,61.386 -71.6604,61.3989 -71.652,61.4056 -71.5904,61.4082 -71.5872,61.4137 -71.6292,61.4205 -71.6535,61.4127 -71.7143,61.4091 -71.7454,61.4205 -71.7838,61.4205 -71.7791,61.4292 -71.7795,61.4293 -71.817,61.4315 -71.8204,61.4392 -71.8216,61.4455 -71.7995,61.449 -71.795,61.4508 -71.7902,61.4514 -71.7862,61.453 -71.7833,61.4548 -71.7837,61.4568 -71.7794,61.4603 -71.7742,61.4619 -71.7711,61.4619 -71.769,61.4641 -71.7674,61.4668 -71.7607,61.4664 -71.7562,61.4669 -71.7516,61.4684 -71.7445,61.47 -71.7392,61.4718 -71.7341,61.4712 -71.7237,61.4707 -71.7221,61.4686 -71.7207,61.4677 -71.7166,61.4676 -71.7089,61.4693 -71.7068,61.4701 -71.708,61.4712 -71.7126,61.4733 -71.7198,61.4757 -71.7231,61.4753 -71.7249,61.473 -71.7264,61.4725 -71.7294,61.4725 -71.7301,61.4729 -71.7308,61.4753 -71.7367,61.4754 -71.7434,61.4777 -71.7489,61.4791 -71.7632,61.4811 -71.7652,61.4859 -71.776,61.4886 -71.7968,61.495 -71.805,61.4983 -71.8017,61.4995 -71.7986,61.5 -71.7855,61.5003 -71.7795,61.4998 -71.7753,61.5001 -71.7745,61.5002 -71.7742,61.5019 -71.76,61.5018 -71.755,61.5021 -71.7553,61.5033 -71.7558,61.5035 -71.757,61.5057 -71.7462,61.5064 -71.7451,61.507 -71.7454,61.5083 -71.7566,61.511 -71.7649,61.5138 -71.7709,61.514 -71.7725,61.5163 -71.7757,61.5195 -71.7735,61.5215 -71.7668,61.522 -71.7677,61.5231 -71.7672,61.5256 -71.7729,61.5276 -71.7809,61.5313 -71.7849,61.5328 -71.7888,61.5336 -71.7977,61.5326 -71.822,61.5321 -71.8285,61.5323 -71.8324,61.5359 -71.8286,61.5373 -71.8274,61.5393 -71.8235,61.5393 -71.8206,61.5389 -71.8174,61.5394 -71.8147,61.5402 -71.809,61.5393 -71.8008,61.5391 -71.8013,61.5399 -71.8031,61.5412 -71.8064,61.5425 -71.8113,61.5428 -71.8119,61.5455 -71.8089,61.5454 -71.804,61.5447 -71.797,61.5433 -71.7917,61.5438 -71.7795,61.543 -71.7723,61.5421 -71.7716,61.5428 -71.7752,61.5456 -71.7742,61.5458 -71.7655,61.5443 -71.7448,61.5443 -71.7408,61.5446 -71.7408,61.5461 -71.744,61.5468 -71.7436,61.5491 -71.7337,61.5494 -71.7344,61.551 -71.7312,61.551 -71.728,61.5516 -71.7265,61.5516 -71.7245,61.5506 -71.7226,61.5489 -71.7198,61.5492 -71.7144,61.5469 -71.7107,61.5462 -71.7075,61.5462 -71.7062,61.5483 -71.702,61.5488 -71.7002,61.5497 -71.6934,61.5491 -71.6929,61.5497 -71.6902,61.5512 -71.6862,61.5517 -71.6841,61.5507 -71.6795,61.5499 -71.6741,61.5477 -71.6715,61.5477 -71.67,61.5494 -71.6651,61.552 -71.6606,61.5522 -71.6596,61.5519 -71.6584,61.5524 -71.6558,61.5545 -71.6518,61.5533 -71.631,61.5555 -71.626,61.5566 -71.6228,61.5553 -71.6186,61.5543 -71.6128,61.5535 -71.6059,61.5534 -71.6034,61.5545 -71.5997,61.5573 -71.6011,61.5591 -71.6022,61.5597 -71.6078,61.5624 -71.6133,61.5646 -71.6204,61.565 -71.6202,61.5656 -71.622,61.5669 -71.6191,61.5677 -71.6189,61.568 -71.6202,61.5699 -71.6201,61.5702 -71.6151,61.5708 -71.615,61.5711 -71.6138,61.5713 -71.6165,61.5735 -71.6164,61.5737 -71.6079,61.572 -71.6075,61.5717 -71.6074,61.5696 -71.607,61.5693 -71.6013,61.5691 -71.598,61.5683 -71.5901,61.5673 -71.5878,61.5683 -71.586,61.5704 -71.5833,61.5724 -71.5802,61.5724 -71.5796,61.5732 -71.5765,61.5747 -71.5737,61.5738 -71.5682,61.5734 -71.5662,61.5721 -71.5642,61.5698 -71.5575,61.5667 -71.5537,61.5645 -71.5501,61.564 -71.5442,61.5639 -71.5399,61.5647 -71.5377,61.5654 -71.537,61.5677 -71.5348,61.5692 -71.532,61.5701 -71.5297,61.5701 -71.5282,61.5725 -71.5282,61.5741 -71.5263,61.5754 -71.5263,61.5771 -71.5218,61.5787 -71.5215,61.5803 -71.5239,61.5819 -71.5277,61.5838 -71.5312,61.5863 -71.5409,61.592 -71.5442,61.5921 -71.5482,61.5912 -71.5545,61.591 -71.5561,61.5934 -71.5512,61.5966 -71.551,61.5997 -71.5527,61.6013 -71.5497,61.6024 -71.5508,61.6044 -71.5482,61.6054 -71.5482,61.6072 -71.5493,61.6096 -71.556,61.6094 -71.6376,61.6577 -71.7166,61.663 -71.7401,61.6788 -71.7603,61.6742 -71.7673,61.6847 -71.7686,61.6852 -71.7692,61.6852 -71.7919,61.6759 -71.8007,61.6719 -71.8017,61.6719 -71.8024,61.6723 -71.804,61.6777 -71.8112,61.6957 -71.8658,61.6974 -71.896,61.6935 -71.9013,61.7043 -71.9276,61.7073 -71.9366,61.703 -71.9927,61.7124 -71.9995,61.7127 -71.9995,61.6902 -72.013,61.6902 -72.0119,61.6934 -72.0108,61.6949 -72.0095,61.7119 -72.0088,61.7152 -72.0249,61.7179 -72.0264,61.7246 -72.0531,61.7429 -72.0701,61.7421 -72.1036,61.7485 -72.1037,61.7488 -72.0927,61.7528 -72.1038,61.7599 -72.1338,61.7636 -72.1388,61.764 -72.1438,61.7638 -72.2001,61.7384 -72.2336,61.7625 -72.2305,61.7653 -72.2187,61.7669 -72.1972,61.7716 -72.1954,61.7726 -72.1952,61.774 -72.1963,61.7754 -72.1995,61.7761 -72.2108,61.777 -72.2366,61.782 -72.2524,61.7795 -72.2581,61.7772 -72.2644,61.7775 -72.284,61.7842 -72.2655,61.7935 -72.1513,61.7968 -72.1503,61.7973 -72.1324,61.7982 -72.1296,61.7975 -72.1227,61.7975 -72.1223,61.7978 -72.1946,61.8341 -72.1954,61.8568 -72.2173,61.8697 -72.2928,61.8862 -72.3164,61.8809 -72.3395,61.8889 -72.3823,61.8857 -72.4175,61.9019 -72.4395,61.895 -72.4577,61.8987 -72.4876,61.9212 -72.5406,61.9235 -72.5729,61.933 -72.5878,61.9462 -72.5883,61.9462 -72.6142,61.9334 -72.6467,61.9258 -72.6753,61.9329 -72.6874,61.9445 -72.6828,61.9554 -72.6127,61.9708 -72.6245,62.0089 -72.6073,62.0202 -72.6328,62.0364 -72.6023,62.0509 -72.6561,62.0527 -72.6693,62.0604 -72.6143,62.0813 -72.6214,62.1111 -72.6469,62.1242 -72.7381,62.1438 -72.8069,62.1343 -72.8037,62.1179 -72.8147,62.1115 -72.8492,62.1235 -72.8855,62.1097 -72.9301,62.1171 -72.9269,62.1258 -72.9006,62.1308 -72.9026,62.1376 -72.9355,62.1533 -72.9771,62.1594 -73.0002,62.175 -73.0534,62.1785 -73.0736,62.1991 -73.1293,62.2297 -73.1712,62.2401 -73.2005,62.2606 -73.2252,62.2671 -73.2144,62.2876 -73.195,62.2957 -73.2032,62.3085 -73.2836,62.3272 -73.3975,62.3703 -73.449,62.3586 -73.4655,62.3804 -73.5086,62.3898 -73.5492,62.3872 -73.5835,62.4086 -73.6146,62.4132 -73.612,62.4293 -73.6906,62.4757 -73.7325,62.4775 -73.8529,62.4644 -73.8887,62.4508 -73.9996,62.3716 -74.1815,62.3264 -74.2053,62.335 -74.2559,62.324 -74.3115,62.2703 -74.3406,62.2779 -74.3617,62.2607 -74.3932,62.2555 -74.4142,62.2429 -74.5728,62.2513 -74.6018,62.2476 -74.6267,62.2584 -74.6475,62.2494 -74.7092,62.2529 -74.7273,62.2212 -74.7488,62.2159 -74.7534,62.2076 -74.697,62.1836 -74.6843,62.162 -74.6258,62.1395 -74.5616,62.1249 -74.5506,62.118 -74.5573,62.1122 -74.5883,62.1223 -74.6456,62.1209 -74.7164,62.1513 -74.7423,62.1384 -74.756,62.1389 -74.7735,62.1783 -74.8251,62.2039 -74.8579,62.2076 -74.8696,62.2255 -74.9065,62.2459 -74.9666,62.2639 -75.0735,62.2719 -75.1001,62.2481 -75.1035,62.2427 -75.1061,62.2428 -75.1338,62.218 -75.1342,62.2181 -75.1409,62.2292 -75.1173,62.2721 -75.124,62.2791 -75.1887,62.284 -75.253,62.2976 -75.2868,62.2967 -75.3234,62.3118 -75.3632,62.3152 -75.4154,62.299 -75.42,62.2811 -75.3945,62.2601 -75.398,62.2592 -75.4014,62.2597 -75.4059,62.2596 -75.4119,62.2601 -75.4236,62.2619 -75.4266,62.2644 -75.4284,62.2668 -75.4294,62.2696 -75.4342,62.2756 -75.4356,62.2796 -75.4431,62.2911 -75.4411,62.2926 -75.4465,62.2978 -75.4471,62.2997 -75.4471,62.301 -75.4519,62.3027 -75.4556,62.3025 -75.4607,62.3013 -75.464,62.2995 -75.4709,62.2973 -75.4732,62.2958 -75.4767,62.2918 -75.4788,62.2913 -75.4818,62.2914 -75.4846,62.2907 -75.4861,62.2894 -75.4882,62.2883 -75.4939,62.2814 -75.508,62.2736 -75.5133,62.2713 -75.5151,62.2702 -75.5156,62.2687 -75.5161,62.2642 -75.5626,62.2715 -75.5638,62.2732 -75.5667,62.2732 -75.5708,62.2745 -75.5733,62.2769 -75.5817,62.277 -75.5832,62.2761 -75.5858,62.2759 -75.5882,62.2775 -75.5913,62.2773 -75.5972,62.2759 -75.6006,62.276 -75.6036,62.2784 -75.6092,62.2778 -75.6128,62.278 -75.6177,62.2788 -75.6223,62.2801 -75.6198,62.2837 -75.6217,62.2859 -75.6178,62.2873 -75.6177,62.2876 -75.6229,62.2877 -75.6253,62.2912 -75.6287,62.2908 -75.6358,62.2907 -75.6373,62.2921 -75.6389,62.2921 -75.6435,62.291 -75.6469,62.2919 -75.6498,62.2938 -75.6514,62.2955 -75.6562,62.2955 -75.6587,62.2976 -75.6638,62.2972 -75.6664,62.2963 -75.6725,62.2953 -75.6793,62.2962 -75.6822,62.2974 -75.6859,62.2951 -75.691,62.2945 -75.6942,62.2951 -75.6986,62.2965 -75.6989,62.299 -75.7,62.3011 -75.7109,62.3037 -75.7139,62.3021 -75.7598,62.3079 -75.7832,62.3038 -75.8366,62.3175 -75.8684,62.3186 -75.8923,62.331 -75.9678,62.3493 -76.0456,62.3202 -76.0459,62.3204 -76.0445,62.3249 -76.0394,62.3465 -76.0707,62.3531 -76.1211,62.3385 -76.1286,62.3496 -76.1183,62.366 -76.1544,62.3831 -76.211,62.3885 -76.2555,62.4037 -76.3531,62.4123 -76.4013,62.4272 -76.5226,62.4412 -76.5731,62.4584 -76.5974,62.4346 -76.61,62.4365 -76.6139,62.4519 -76.6405,62.459 -76.6577,62.4557 -76.655,62.4475 -76.6693,62.4407 -76.6699,62.4407 -76.6834,62.4651 -76.6568,62.4778 -76.6863,62.488 -76.7146,62.4777 -76.7153,62.4777 -76.7306,62.5049 -76.7445,62.5091 -76.7695,62.5031 -76.7735,62.516 -76.8004,62.5216 -76.834,62.5259 -76.866,62.5156 -76.8842,62.5236 -76.9089,62.5097 -76.9096,62.5096 -76.9098,62.5098 -76.9042,62.5283 -76.9172,62.5298 -76.9433,62.5174 -76.9437,62.5177 -76.9428,62.5199 -76.9397,62.5329 -76.9723,62.537 -77.0753,62.5308 -77.0731,62.5157 -77.0863,62.513 -77.1042,62.529 -77.1337,62.5355 -77.1668,62.5207 -77.172,62.518 -77.1729,62.5179 -77.1735,62.5181 -77.1775,62.5225 -77.193,62.5378 -77.3106,62.5564 -77.3395,62.5521 -77.3737,62.5568 -77.4091,62.5299 -77.4137,62.526 -77.4144,62.5258 -77.415,62.526 -77.4184,62.534 -77.4378,62.574 -77.5091,62.5829 -77.5316,62.5552 -77.5905,62.5179 -77.6022,62.5144 -77.6306,62.5221 -77.6652,62.5147 -77.742,62.4675 -77.7958,62.4553 -77.8139,62.4403 -77.815,62.4333 -77.8168,62.4306 -77.834,62.4297 -77.8614,62.4297 -77.8845,62.4257 -77.8728,62.4098 -77.8741,62.4053 -77.8743,62.4036 -77.8746,62.4034 -77.9098,62.4193 -77.9125,62.4258 -77.9132,62.4259 -77.9237,62.422 -77.9344,62.4137 -77.9235,62.3958 -77.9402,62.3862 -77.9778,62.3919 -78.0084,62.3791 -78.0103,62.3775 -78.021,62.3712 -78.0272,62.3691 -78.0326,62.369 -78.0522,62.3608 -78.0927,62.3615 -78.1378,62.3383 -78.1304,62.3169 -78.1634,62.3097 -78.1905,62.2672 -78.1882,62.2608 -78.1616,62.2591 -78.1749,62.2322 -78.1643,62.2082 -78.1839,62.1881 -78.1867,62.16 -78.1542,62.051 -78.1592,62.0024 -78.1405,61.9803 -78.1201,61.9729 -78.1002,61.9337 -78.1097,61.9193 -78.0908,61.9153 -78.0809,61.9141 -78.0832,61.906 -78.1045,61.8921 -78.1073,61.8736 -78.0681,61.8233 -78.041,61.7447 -78.0126,61.7198 -78.0089,61.6982 -77.9558,61.6841 -77.8871,61.6891 -77.8583,61.6763 -77.8151,61.6876 -77.7912,61.6624 -77.8023,61.6448 -77.7528,61.6251 -77.7511,61.5961 -77.6959,61.5858 -77.6462,61.5988 -77.6133,61.6002 -77.6052,61.5791 -77.6462,61.5781 -77.645,61.5718 -77.5688,61.5642 -77.5142,61.5444 -77.5072,61.5234 -77.5282,61.5248 -77.5865,61.5478 -77.6388,61.5535 -77.6536,61.5497 -77.6606,61.5334 -77.7189,61.5432 -77.7182,61.5411 -77.6972,61.513 -77.6396,61.5022 -77.6167,61.4889 -77.5901,61.4854 -77.5804,61.474 -77.6313,61.4568 -77.7142,61.4662 -77.7227,61.4623 -77.718,61.4292 -77.68,61.41 -77.6347,61.3987 -77.6497,61.3851 -77.6692,61.3857 -77.696,61.4084 -77.7359,61.4214 -77.7459,61.4389 -77.7733,61.444 -77.7938,61.4604 -77.8087,61.4626 -77.8241,61.4554 -77.8244,61.4328 -77.7734,61.3608 -77.7837,61.3194 -77.7615,61.2574 -77.7652,61.2424 -77.7797,61.2356 -77.7558,61.2292 -77.7091,61.1989 -77.73,61.185 -77.7752,61.1872 -77.7656,61.177 -77.792,61.174 -77.813,61.1601 -77.8319,61.1436 -77.8195,61.1043 -77.8381,61.0655 -77.8588,61.054 -77.9055,61.0436 -77.9399,61.0232 -77.9661,61.0076 -78.0048,60.9771 -77.9942,60.9704 -78.0029,60.9661 -78.0073,60.9556 -78.026,60.9592 -78.0325,60.9458 -78.0723,60.9296 -78.1152,60.9002 -78.1281,60.895 -78.1359,60.8795 -78.187,60.8585 -78.1928,60.8538 -78.1769,60.8503 -78.2104,60.8178 -78.2151,60.8139 -78.2162,60.8124 -78.2163,60.8114 -78.2159,60.8108 -78.2145,60.8107 -78.2059,60.8134 -78.1772,60.8198 -78.1745,60.8198 -78.1729,60.8187 -78.1744,60.8148 -78.1787,60.8092 -78.1796,60.8053 -78.1798,60.8025 -78.1806,60.8 -78.1869,60.7973 -78.2126,60.7913 -78.2155,60.79 -78.2157,60.7884 -78.2148,60.787 -78.2127,60.7857 -78.2099,60.7847 -78.2075,60.7843 -78.2039,60.7851 -78.192,60.7898 -78.1813,60.7935 -78.0875,60.8142 -78.07,60.8178 -78.0691,60.8166 -78.068,60.7975 -78.0451,60.7998 -78.0294,60.7936 -77.9824,60.7885 -77.9635,60.7855 -77.9004,60.7943 -77.8562,60.8 -77.8511,60.8002 -77.8455,60.797 -77.8742,60.7793 -77.8679,60.7744 -77.8407,60.7835 -77.8245,60.7774 -77.8277,60.7745 -77.8273,60.7735 -77.7755,60.7898 -77.5637,60.8364 -77.5333,60.8344 -77.5616,60.8158 -77.6928,60.7892 -77.7571,60.7684 -77.7575,60.7615 -77.7109,60.7697 -77.7448,60.7529 -77.7553,60.7474 -77.6749,60.7644 -77.6576,60.759 -77.6637,60.7503 -77.6455,60.7547 -77.6313,60.7515 -77.6631,60.7379 -77.6865,60.7368 -77.6921,60.7182 -77.7205,60.707 -77.7109,60.6906 -77.7885,60.6782 -77.8458,60.6458 -77.8353,60.6201 -77.804,60.6092 -77.8064,60.588 -77.7727,60.5866 -77.7381,60.5759 -77.7252,60.5573 -77.7014,60.5538 -77.6732,60.533 -77.584,60.5599 -77.4622,60.5435 -77.5896,60.5348 -77.5971,60.5035 -77.6478,60.4961 -77.7052,60.4674 -77.7351,60.4631 -77.7413,60.4345 -77.7801,60.4057 -77.7711,60.3805 -77.6816,60.355 -77.6585,60.3289 -77.6245,60.3269 -77.6093,60.2831 -77.5791,60.2828 -77.5674,60.277 -77.5671,60.2709 -77.5942,60.2636 -77.5908,60.2563 -77.5519,60.2477 -77.5419,60.2231 -77.5074,60.2053 -77.5136,60.1974 -77.5816,60.2036 -77.5892,60.1991 -77.5611,60.1659 -77.5301,60.1511 -77.5042,60.1245 -77.5254,60.1156 -77.5667,60.1221 -77.5884,60.1138 -77.6247,60.1138 -77.6385,60.0742 -77.6587,60.0715 -77.6547,60.0677 -77.6462,60.061 -77.6202,60.059 -77.59,60.0461 -77.5294,60.0405 -77.5097,60.0301 -77.5028,60.0416 -77.4969,60.0403 -77.4899,60.0416 -77.4842,60.0406 -77.4776,60.0363 -77.4756,60.0359 -77.4567,60.0516 -77.4303,60.0596 -77.3982,60.0437 -77.3866,60.0412 -77.3814,60.0369 -77.3797,60.0345 -77.3553,60.0224 -77.2724,60.0297 -77.2656,60.0421 -77.2374,60.0381 -77.235,60.0383 -77.228,60.0441 -77.2275,60.0451 -77.2362,60.051 -77.2369,60.0517 -77.237,60.0529 -77.2202,60.0522 -77.214,60.0384 -77.2246,60.0311 -77.2347,60.0223 -77.2404,60.0179 -77.2619,60.0111 -77.2926,60.0156 -77.3314,60.0072 -77.3319,60.0066 -77.3316,60.006 -77.3296,60.0057 -77.2607,59.9974 -77.2481,59.9828 -77.2645,59.9809 -77.28,59.99 -77.2916,59.9823 -77.3088,59.9908 -77.3202,59.9799 -77.3412,59.9817 -77.338,59.9745 -77.3296,59.9647 -77.3333,59.9641 -77.3311,59.9594 -77.4015,59.9507 -77.4205,59.9244 -77.4114,59.9212 -77.4101,59.9134 -77.4203,59.9143 -77.4102,59.9066 -77.3788,59.8989 -77.3888,59.8829 -77.3703,59.8721 -77.3729,59.8621 -77.3751,59.8488 -77.3529,59.8503 -77.3524,59.8498 -77.3568,59.8347 -77.3254,59.8385 -77.3117,59.8316 -77.3678,59.8109 -77.306,59.8097 -77.2947,59.7987 -77.3911,59.7879 -77.3981,59.8026 -77.4085,59.8026 -77.4144,59.7925 -77.4347,59.7912 -77.431,59.7777 -77.4431,59.7691 -77.4689,59.7834 -77.4916,59.7781 -77.4941,59.7583 -77.5258,59.7381 -77.5507,59.7581 -77.5829,59.7557 -77.5737,59.7217 -77.5335,59.7172 -77.5238,59.7102 -77.5368,59.7077 -77.5391,59.6921 -77.5692,59.7006 -77.5728,59.6937 -77.5898,59.6904 -77.6099,59.6866 -77.6162,59.6956 -77.6291,59.6891 -77.6204,59.6585 -77.6635,59.6636 -77.6459,59.6823 -77.6724,59.678 -77.6929,59.6828 -77.7006,59.6726 -77.7163,59.6745 -77.7553,59.7177 -77.7796,59.704 -77.7926,59.7138 -77.8197,59.7185 -77.824,59.7095 -77.7911,59.6939 -77.7886,59.6842 -77.8246,59.6875 -77.839,59.6776 -77.7983,59.6403 -77.8053,59.6282 -77.7705,59.6257 -77.7782,59.6078 -77.739,59.6057 -77.7601,59.5966 -77.757,59.5898 -77.7688,59.5792 -77.7439,59.5748 -77.7499,59.5626 -77.7416,59.5547 -77.7331,59.5506 -77.7746,59.5529 -77.7754,59.5314 -77.8502,59.5307 -77.8651,59.5174 -77.9023,59.5111 -77.9092,59.4861 -77.8978,59.4753 -77.9103,59.4655 -77.8552,59.4389 -77.8883,59.4304 -77.9514,59.4396 -77.9358,59.4245 -77.9585,59.4176 -77.9321,59.3888 -77.9309,59.4059 -77.9047,59.4031 -77.8767,59.4214 -77.7468,59.4215 -77.7555,59.4041 -77.6934,59.3974 -77.6469,59.3764 -77.6587,59.3729 -77.6756,59.3814 -77.6984,59.3798 -77.7101,59.3892 -77.7275,59.3828 -77.7704,59.3827 -77.7718,59.3682 -77.7901,59.3646 -77.8433,59.3697 -77.8426,59.3626 -77.8215,59.3584 -77.8236,59.3487 -77.7885,59.3443 -77.8018,59.3293 -77.7997,59.3099 -77.8112,59.3084 -77.8302,59.3252 -77.8425,59.3231 -77.8526,59.3122 -77.8301,59.3033 -77.8409,59.3028 -77.8419,59.2898 -77.8521,59.2898 -77.8653,59.3033 -77.914,59.3112 -77.914,59.3053 -77.9125,59.2998 -77.8726,59.2898 -77.8857,59.2771 -77.9404,59.2736 -77.942,59.266 -77.958,59.263 -77.9312,59.2585 -77.9263,59.2475 -77.9472,59.246 -77.9862,59.2625 -78.026,59.2482 -78.0185,59.2424 -77.9967,59.2442 -77.9897,59.2348 -77.9654,59.2295 -77.9645,59.2011 -78.019,59.2287 -78.0317,59.2286 -78.0327,59.2174 -78.0696,59.2192 -78.1,59.2058 -78.1126,59.2174 -78.126,59.2157 -78.1258,59.2024 -78.1483,59.1982 -78.1228,59.184 -78.1436,59.1749 -78.145,59.1633 -78.123,59.1573 -78.1335,59.1549 -78.1739,59.151 -78.189,59.1414 -78.169,59.1324 -78.1741,59.1209 -78.1478,59.1097 -78.1087,59.1195 -78.1056,59.1084 -78.1279,59.0906 -78.1525,59.092 -78.1627,59.0768 -78.1839,59.0919 -78.215,59.0781 -78.2253,59.1088 -78.2429,59.1086 -78.2226,59.0532 -78.2308,59.0528 -78.2381,59.0516 -78.2505,59.0512 -78.2611,59.0516 -78.2682,59.0513 -78.2945,59.0625 -78.3124,59.0608 -78.2918,59.0006 -78.2906,58.9994 -78.2911,58.9986 -78.2873,58.9874 -78.3462,58.9554 -78.3364,58.9325 -78.3443,58.9289 -78.3449,58.9275 -78.3513,58.9243 -78.3557,58.9238 -78.3672,58.9185 -78.3572,58.9037 -78.3919,58.9003 -78.4174,58.9121 -78.449,58.8957 -78.4595,58.9113 -78.4745,58.9093 -78.4826,58.8765 -78.4698,58.8645 -78.4938,58.8597 -78.5267,58.8268 -78.5254,58.7811 -78.5135,58.7689 -78.4917,58.7721 -78.4473,58.7512 -78.4348,58.7372 -78.4122,58.7433 -78.4026,58.7247 -78.3561,58.7146 -78.3509,58.7084 -78.4025,58.7118 -78.4012,58.7033 -78.3687,58.6946 -78.3771,58.6876 -78.4326,58.6964 -78.4456,58.7118 -78.4774,58.711 -78.4799,58.7179 -78.4429,58.7269 -78.4829,58.7558 -78.5153,58.754 -78.5474,58.7737 -78.548,58.7951 -78.5634,58.7945 -78.5817,58.7793 -78.5706,58.757 -78.5404,58.7524 -78.4961,58.7244 -78.4905,58.7169 -78.5119,58.7128 -78.4889,58.6927 -78.5436,58.6996 -78.5568,58.693 -78.5373,58.6874 -78.5438,58.6752 -78.5036,58.6687 -78.4965,58.6609 -78.5447,58.6628 -78.5797,58.6855 -78.596,58.6776 -78.5763,58.6691 -78.5815,58.6509 -78.5703,58.6454 -78.5273,58.643 -78.5114,58.6359 -78.5155,58.6309 -78.511,58.6293 -78.509,58.628 -78.5078,58.6265 -78.5073,58.6238 -78.5078,58.6224 -78.5067,58.6209 -78.5051,58.6214 -78.503,58.6236 -78.5008,58.6253 -78.5039,58.6279 -78.5039,58.6282 -78.4988,58.6283 -78.496,58.6279 -78.4949,58.6264 -78.4953,58.6229 -78.4947,58.6214 -78.4926,58.6193 -78.4915,58.6174 -78.4887,58.6149 -78.4866,58.611 -78.4795,58.6044 -78.4798,58.6019 -78.4783,58.5986 -78.4787,58.5966 -78.4796,58.5934 -78.4838,58.5883 -78.4838,58.5873 -78.4806,58.5873 -78.4764,58.5899 -78.4751,58.59 -78.4715,58.5868 -78.4679,58.585 -78.464,58.578 -78.4631,58.577 -78.4647,58.5765 -78.4782,58.5757 -78.4819,58.5744 -78.4821,58.5727 -78.4802,58.5715 -78.471,58.5699 -78.4681,58.5682 -78.4618,58.5653 -78.4613,58.5626 -78.4528,58.5583 -78.4446,58.5507 -78.44,58.5488 -78.4417,58.5476 -78.439,58.546 -78.4288,58.5442 -78.4257,58.5427 -78.4273,58.5419 -78.4271,58.5403 -78.4248,58.5382 -78.4223,58.5373 -78.4203,58.5392 -78.4162,58.5386 -78.4114,58.5364 -78.4084,58.5379 -78.4025,58.5362 -78.3987,58.538 -78.3907,58.5351 -78.3853,58.5321 -78.3836,58.5332 -78.3818,58.5364 -78.3782,58.5368 -78.3757,58.5325 -78.3728,58.5331 -78.3641,58.5279 -78.3611,58.5284 -78.3587,58.5292 -78.35,58.5295 -78.3483,58.5331 -78.3518,58.5331 -78.3534,58.5326 -78.3562,58.5357 -78.3606,58.5375 -78.367,58.5411 -78.3708,58.5411 -78.3727,58.5418 -78.374,58.5444 -78.3719,58.5451 -78.3761,58.5544 -78.3832,58.5559 -78.3919,58.5622 -78.392,58.5624 -78.3915,58.5627 -78.3895,58.5631 -78.3876,58.564 -78.3883,58.5649 -78.3929,58.5643 -78.396,58.5654 -78.3963,58.567 -78.3971,58.5676 -78.4009,58.5675 -78.4019,58.5655 -78.4026,58.5651 -78.4062,58.5666 -78.4088,58.5671 -78.412,58.5659 -78.4123,58.5649 -78.4111,58.5641 -78.4109,58.5632 -78.4121,58.5623 -78.4152,58.562 -78.4165,58.5627 -78.4213,58.562 -78.4302,58.5619 -78.4352,58.5664 -78.4387,58.5691 -78.4491,58.5736 -78.4503,58.5751 -78.4496,58.576 -78.4457,58.5754 -78.4433,58.5754 -78.4419,58.5767 -78.4377,58.5782 -78.435,58.5796 -78.4348,58.5807 -78.4363,58.5818 -78.4384,58.5822 -78.4446,58.5791 -78.447,58.5786 -78.4497,58.5794 -78.4484,58.5826 -78.4471,58.5839 -78.4501,58.5895 -78.45,58.5901 -78.4471,58.5898 -78.442,58.5909 -78.4395,58.5906 -78.4376,58.5899 -78.4369,58.5892 -78.4379,58.5886 -78.4412,58.5886 -78.4427,58.5881 -78.4435,58.5873 -78.4436,58.5867 -78.4425,58.5863 -78.4378,58.5867 -78.4345,58.5878 -78.4333,58.5888 -78.4327,58.59 -78.4332,58.5928 -78.4303,58.5925 -78.4283,58.5933 -78.4297,58.5954 -78.4336,58.5955 -78.4354,58.5979 -78.4356,58.6 -78.4412,58.6027 -78.4452,58.6009 -78.4502,58.6064 -78.4563,58.6086 -78.4568,58.6092 -78.4538,58.6096 -78.4517,58.6107 -78.4507,58.6127 -78.4479,58.6132 -78.4468,58.6138 -78.4506,58.6189 -78.4517,58.6197 -78.4565,58.6197 -78.4618,58.6186 -78.4677,58.6218 -78.4673,58.6234 -78.4679,58.6247 -78.4769,58.6266 -78.4764,58.6285 -78.4722,58.6292 -78.4719,58.6308 -78.4735,58.6326 -78.4745,58.6347 -78.4735,58.6348 -78.4669,58.631 -78.4654,58.6297 -78.4653,58.6278 -78.4636,58.6261 -78.4601,58.625 -78.4577,58.6251 -78.4573,58.6276 -78.458,58.63 -78.4583,58.6335 -78.4581,58.6341 -78.441,58.6323 -78.4402,58.632 -78.44,58.6316 -78.4405,58.6313 -78.4504,58.6308 -78.4503,58.6288 -78.4524,58.6271 -78.4522,58.6251 -78.4506,58.6228 -78.4481,58.6215 -78.4458,58.6211 -78.4446,58.6216 -78.4447,58.623 -78.4429,58.6236 -78.4404,58.6222 -78.4329,58.6237 -78.4325,58.6226 -78.4349,58.6207 -78.4404,58.619 -78.4407,58.6182 -78.4317,58.6175 -78.4278,58.6175 -78.424,58.6165 -78.4193,58.6147 -78.418,58.614 -78.4192,58.6129 -78.4236,58.6137 -78.4265,58.6135 -78.4266,58.612 -78.4249,58.6103 -78.418,58.6087 -78.4148,58.6086 -78.4133,58.61 -78.412,58.6118 -78.4048,58.6104 -78.4026,58.6087 -78.4004,58.6095 -78.3942,58.61 -78.3919,58.6109 -78.3942,58.6129 -78.3914,58.6163 -78.3888,58.6175 -78.3879,58.6176 -78.3832,58.6145 -78.3805,58.6145 -78.3788,58.6156 -78.3774,58.6171 -78.3764,58.62 -78.3749,58.6204 -78.3715,58.6196 -78.3715,58.6174 -78.3726,58.6155 -78.3726,58.6143 -78.3734,58.6124 -78.3729,58.6104 -78.3708,58.6101 -78.3654,58.6115 -78.3627,58.6126 -78.36,58.6146 -78.353,58.6155 -78.3489,58.6176 -78.346,58.6208 -78.3427,58.6201 -78.3389,58.6213 -78.3383,58.6212 -78.3383,58.6204 -78.3396,58.6172 -78.3386,58.6153 -78.336,58.6155 -78.3336,58.6141 -78.3311,58.6144 -78.3302,58.6155 -78.324,58.6136 -78.3239,58.6102 -78.3309,58.6102 -78.3335,58.6078 -78.3346,58.6057 -78.3385,58.6034 -78.3424,58.6038 -78.3529,58.6029 -78.3553,58.6038 -78.3558,58.6047 -78.3534,58.6101 -78.3534,58.611 -78.3667,58.6062 -78.3684,58.6035 -78.3718,58.6002 -78.3778,58.5954 -78.386,58.5926 -78.3912,58.59 -78.3913,58.5888 -78.3903,58.5883 -78.3927,58.5866 -78.3889,58.5829 -78.3845,58.5801 -78.3821,58.5789 -78.3811,58.5789 -78.3795,58.5805 -78.3756,58.582 -78.3755,58.5844 -78.3761,58.5869 -78.379,58.5877 -78.3828,58.5881 -78.3821,58.5906 -78.3784,58.5899 -78.3726,58.5928 -78.372,58.5928 -78.371,58.592 -78.372,58.59 -78.3709,58.5875 -78.3682,58.5843 -78.3615,58.5836 -78.3613,58.5828 -78.3656,58.5815 -78.3692,58.5811 -78.3698,58.5795 -78.3678,58.5784 -78.3629,58.5774 -78.3609,58.5757 -78.3573,58.5755 -78.3525,58.5721 -78.3505,58.5685 -78.3522,58.5665 -78.354,58.5657 -78.3473,58.5617 -78.3413,58.5559 -78.3422,58.5534 -78.3421,58.5514 -78.338,58.5506 -78.3339,58.5503 -78.3324,58.5517 -78.3303,58.5545 -78.3309,58.5588 -78.328,58.5597 -78.3263,58.557 -78.3238,58.5547 -78.3245,58.5532 -78.3211,58.5448 -78.3252,58.5433 -78.3287,58.5432 -78.3274,58.5397 -78.3214,58.5366 -78.3206,58.535 -78.3131,58.535 -78.3116,58.53 -78.3131,58.5264 -78.3148,58.5256 -78.3105,58.525 -78.3094,58.5234 -78.3044,58.5231 -78.306,58.5201 -78.3166,58.5177 -78.3074,58.5108 -78.3042,58.51 -78.2943,58.5096 -78.2899,58.506 -78.2862,58.506 -78.2827,58.5078 -78.2768,58.509 -78.2662,58.5108 -78.2588,58.5113 -78.2593,58.5126 -78.2644,58.5136 -78.2675,58.5156 -78.272,58.5178 -78.2799,58.5198 -78.2834,58.5215 -78.2877,58.5204 -78.2959,58.5194 -78.2964,58.5209 -78.2925,58.522 -78.2901,58.5242 -78.2889,58.5264 -78.2885,58.5279 -78.2856,58.5278 -78.2733,58.5259 -78.271,58.5239 -78.2677,58.5245 -78.26,58.5228 -78.2484,58.5221 -78.2453,58.5236 -78.2421,58.5236 -78.2418,58.5199 -78.2439,58.5184 -78.2419,58.5166 -78.2395,58.5138 -78.242,58.5124 -78.2492,58.5124 -78.2526,58.5083 -78.2524,58.5072 -78.2495,58.5069 -78.2468,58.5079 -78.235,58.5072 -78.232,58.5067 -78.2277,58.5045 -78.2249,58.5005 -78.2247,58.5 -78.2251,58.4989 -78.2284,58.4991 -78.2311,58.498 -78.2334,58.496 -78.236,58.4947 -78.2357,58.4928 -78.2148,58.4887 -78.2135,58.4855 -78.2139,58.4834 -78.2123,58.4823 -78.209,58.4815 -78.2038,58.4819 -78.2006,58.4813 -78.2,58.4811 -78.2003,58.4797 -78.1977,58.4791 -78.1958,58.4782 -78.1966,58.4763 -78.2001,58.4744 -78.1956,58.4729 -78.1972,58.4715 -78.1915,58.4671 -78.1851,58.4676 -78.1811,58.4669 -78.1769,58.4652 -78.167,58.4602 -78.1649,58.4574 -78.1612,58.4565 -78.16,58.4546 -78.1618,58.4532 -78.1691,58.452 -78.1735,58.4504 -78.1742,58.4495 -78.1743,58.4486 -78.1738,58.4477 -78.1727,58.4475 -78.1661,58.4487 -78.1615,58.4477 -78.1538,58.4466 -78.149,58.4461 -78.1455,58.4464 -78.1465,58.4479 -78.1419,58.4503 -78.1465,58.4533 -78.1471,58.4559 -78.1458,58.4571 -78.1378,58.455 -78.134,58.4531 -78.1317,58.4525 -78.131,58.4513 -78.1318,58.4503 -78.1273,58.4497 -78.1232,58.45 -78.1129,58.4476 -78.1094,58.4477 -78.1066,58.4486 -78.1044,58.4506 -78.1017,58.4536 -78.1001,58.457 -78.0962,58.4599 -78.0946,58.4535 -78.0911,58.4467 -78.0892,58.4443 -78.0881,58.4417 -78.0878,58.4397 -78.087,58.4376 -78.0876,58.4365 -78.0931,58.4362 -78.0948,58.435 -78.0918,58.4334 -78.0885,58.43 -78.085,58.4295 -78.076,58.4296 -78.0713,58.4278 -78.0683,58.4246 -78.0675,58.4227 -78.0664,58.4224 -78.0592,58.4235 -78.0527,58.4223 -78.0496,58.421 -78.0488,58.4186 -78.0473,58.4177 -78.0453,58.4171 -78.0455,58.416 -78.0466,58.4147 -78.0478,58.4139 -78.0441,58.4132 -78.0475,58.4113 -78.0513,58.4098 -78.0512,58.4092 -78.0524,58.4084 -78.043,58.4046 -78.0398,58.4025 -78.0357,58.4028 -78.0338,58.4015 -78.0337,58.4009 -78.034,58.4004 -78.0355,58.3998 -78.0373,58.3996 -78.0373,58.399 -78.0361,58.3986 -78.035,58.3978 -78.0301,58.3977 -78.0236,58.3948 -78.0178,58.3914 -78.0054,58.388 -78.0146,58.3869 -78.0258,58.387 -78.0371,58.3896 -78.0518,58.3859 -78.0662,58.3907 -78.0673,58.3909 -78.0687,58.3905 -78.0689,58.3896 -78.0685,58.3888 -78.0622,58.3866 -78.061,58.3847 -78.0605,58.3829 -78.0626,58.3805 -78.0648,58.38 -78.0655,58.3792 -78.0603,58.3773 -78.0553,58.3741 -78.0548,58.3735 -78.051,58.3734 -78.047,58.374 -78.0451,58.3738 -78.0354,58.3706 -78.0312,58.3678 -78.0285,58.3645 -78.0198,58.3592 -78.0112,58.3559 -78.0056,58.3549 -78.0012,58.3537 -77.9918,58.3523 -77.9903,58.3511 -77.9901,58.3498 -77.989,58.3487 -77.9797,58.3473 -77.9779,58.3464 -77.9774,58.3452 -77.9756,58.3443 -77.9724,58.3442 -77.9673,58.3447 -77.9654,58.3445 -77.9651,58.3433 -77.9635,58.3422 -77.9631,58.3412 -77.9622,58.3406 -77.9597,58.3398 -77.9504,58.3383 -77.9473,58.3372 -77.9434,58.337 -77.9375,58.3372 -77.936,58.3381 -77.9325,58.3383 -77.9236,58.3376 -77.9148,58.3378 -77.9117,58.3365 -77.9109,58.334 -77.9082,58.3313 -77.9054,58.3294 -77.8994,58.3263 -77.8992,58.328 -77.8974,58.3292 -77.8887,58.3319 -77.8869,58.3311 -77.8848,58.3311 -77.8819,58.3316 -77.8783,58.3307 -77.8785,58.3288 -77.8773,58.3282 -77.873,58.33 -77.8676,58.331 -77.8605,58.3298 -77.8576,58.3284 -77.8567,58.3263 -77.8567,58.3242 -77.8627,58.3264 -77.865,58.3264 -77.8666,58.3281 -77.8699,58.3276 -77.873,58.3267 -77.8741,58.3261 -77.8741,58.3245 -77.8787,58.3241 -77.8781,58.3228 -77.8757,58.3216 -77.8689,58.3192 -77.8664,58.3187 -77.865,58.3207 -77.8622,58.3195 -77.8573,58.3183 -77.8555,58.3173 -77.8558,58.316 -77.8526,58.3172 -77.8501,58.3165 -77.8509,58.3155 -77.85,58.314 -77.8418,58.3134 -77.8395,58.3137 -77.839,58.3119 -77.83,58.3135 -77.8278,58.3127 -77.8292,58.3108 -77.8311,58.3069 -77.8286,58.306 -77.8216,58.3105 -77.8191,58.3093 -77.8169,58.3095 -77.8153,58.3107 -77.8151,58.3126 -77.8123,58.3122 -77.8107,58.3112 -77.812,58.3091 -77.8047,58.3036 -77.8049,58.3021 -77.8034,58.3003 -77.8003,58.2997 -77.7966,58.3016 -77.7903,58.3006 -77.791,58.2988 -77.7905,58.2969 -77.7834,58.298 -77.7828,58.2967 -77.78,58.296 -77.7739,58.2952 -77.7702,58.2936 -77.7716,58.2921 -77.7641,58.2907 -77.7645,58.2889 -77.7675,58.287 -77.7671,58.2855 -77.7628,58.2858 -77.7573,58.2848 -77.7495,58.2821 -77.7479,58.2811 -77.7486,58.2796 -77.7457,58.2803 -77.7436,58.2816 -77.7403,58.2828 -77.7383,58.2828 -77.7364,58.2797 -77.7336,58.2786 -77.7317,58.278 -77.7282,58.2787 -77.7258,58.2781 -77.7254,58.2771 -77.7231,58.2769 -77.7181,58.275 -77.7087,58.2762 -77.7028,58.2781 -77.6951,58.2755 -77.6954,58.2729 -77.6761,58.2756 -77.6761,58.2743 -77.6756,58.2724 -77.6736,58.2699 -77.6725,58.2669 -77.6704,58.2667 -77.669,58.268 -77.6667,58.2685 -77.6528,58.2638 -77.651,58.2607 -77.6517,58.2593 -77.6505,58.2571 -77.649,58.2564 -77.6477,58.2565 -77.6462,58.2573 -77.6457,58.2581 -77.6468,58.2589 -77.647,58.2597 -77.646,58.2601 -77.6408,58.2593 -77.6406,58.2582 -77.6417,58.2569 -77.6403,58.2538 -77.6379,58.2537 -77.6349,58.2558 -77.6293,58.2543 -77.6289,58.2538 -77.6321,58.2515 -77.6276,58.2475 -77.6285,58.2445 -77.6248,58.2452 -77.6132,58.242 -77.6106,58.2441 -77.6087,58.245 -77.6063,58.2438 -77.6056,58.2424 -77.5971,58.2394 -77.5932,58.2398 -77.5922,58.2388 -77.5835,58.239 -77.5788,58.2404 -77.5773,58.2399 -77.5824,58.2355 -77.5873,58.2325 -77.5904,58.2316 -77.5942,58.232 -77.5959,58.2328 -77.5969,58.2338 -77.6046,58.2334 -77.6065,58.2305 -77.6041,58.2302 -77.6009,58.2293 -77.5974,58.2295 -77.5946,58.2288 -77.5889,58.2301 -77.5868,58.2253 -77.5835,58.2247 -77.5751,58.224 -77.5669,58.2249 -77.5562,58.2233 -77.5529,58.2242 -77.5514,58.2276 -77.5483,58.2304 -77.5482,58.2319 -77.5473,58.2336 -77.5431,58.2351 -77.5417,58.2379 -77.5382,58.2421 -77.5342,58.2281 -77.5134,58.2224 -77.5054,58.2118 -77.5099,58.1904 -77.4592,58.1647 -77.5179,58.1659 -77.5298,58.159 -77.4054,58.1274 -77.3934,58.1019 -77.3707,58.1012 -77.3554,58.0902 -77.3305,58.0854 -77.2174,58.0297 -77.1369,58.0128 -77.0412,58.0077 -77.0222,58.0013 -77.0312,57.9929 -77.1872,58.0111 -77.1995,58.0048 -77.1907,57.997 -77.1541,57.9889 -77.1539,57.9828 -77.1728,57.9792 -77.158,57.9677 -77.1207,57.9649 -77.1401,57.9508 -77.1302,57.9451 -77.1026,57.9452 -77.0813,57.9034 -77.0555,57.8982 -77.0482,57.8694 -77.0309,57.8515 -77.0029,57.8417 -76.9982,57.8127 -76.9771,57.8079 -76.9605,57.7947 -76.9558,57.7795 -76.9047,57.738 -76.8662,57.6741 -76.8433,57.6657 -76.8566,57.6517 -76.8308,57.6398 -76.8543,57.6301 -76.8564,57.6195 -76.8253,57.5991 -76.7924,57.5437 -76.7549,57.5133 -76.7669,57.4862 -76.7461,57.4729 -76.7526,57.4595 -76.7354,57.4492 -76.7266,57.4609 -76.7061,57.4627 -76.7164,57.4476 -76.6937,57.4335 -76.6899,57.4063 -76.6569,57.3959 -76.6681,57.3836 -76.638,57.3417 -76.6542,57.3403 -76.6565,57.3335 -76.6158,57.3115 -76.586,57.2061 -76.5624,57.1883 -76.5643,57.1327 -76.534,57.0923 -76.556,57.0842 -76.5426,57.0684 -76.5528,57.0353 -76.5419,57.0221 -76.554,57.0073 -76.5394,56.9783 -76.5524,56.9284 -76.5428,56.9131 -76.5053,56.9089 -76.5251,56.8972 -76.5139,56.8353 -76.5187,56.7752 -76.5065,56.7423 -76.5278,56.7238 -76.5162,56.7017 -76.5278,56.6652 -76.5147,56.6319 -76.5341,56.5984 -76.5254,56.5564 -76.5458,56.4886 -76.5427,56.478 -76.5138,56.4607 -76.5248,56.4517 -76.5154,56.4252 -76.5325,56.4019 -76.5218,56.3735 -76.552,56.3486 -76.533,56.3272 -76.5346,56.3119 -76.5643,56.2648 -76.6115,56.2317 -76.613,56.199 -76.6421,56.1883 -76.6352,56.1705 -76.634,56.1705 -76.6337,56.1602 -76.6383,56.1608 -76.6317,56.1411 -76.6609,56.1077 -76.6509,56.0935 -76.6688,56.0824 -76.6762,56.0529 -76.7174,56.0175 -76.7483,56.0103 -76.7548,56 -76.7649,56.007 -76.7782,56.006 -76.8255,55.9317 -76.8602,55.9193 -76.8596,55.918 -76.8636,55.9169 -76.869,55.9162 -76.8786,55.9128 -76.8849,55.9051 -76.8875,55.8994 -76.8915,55.8971 -76.8999,55.8868 -76.958,55.8485 -76.9577,55.8435 -76.9573,55.842 -76.9573,55.8382 -76.9611,55.8359 -76.9642,55.8354 -76.9734,55.8316 -76.9812,55.8269 -76.9874,55.8245 -76.9933,55.8233 -76.9936,55.8197 -76.998,55.8078 -77.005,55.8019 -77.0454,55.7745 -77.0633,55.7584 -77.0648,55.7614 -77.0787,55.7519 -77.0859,55.7449 -77.0995,55.7368 -77.1079,55.728 -77.1143,55.7225 -77.1258,55.7154 -77.14,55.7047 -77.1497,55.7002 -77.1566,55.6945 -77.1664,55.6889 -77.1727,55.6845 -77.1797,55.683 -77.1868,55.6781 -77.1873,55.6758 -77.1935,55.6735 -77.1889,55.6677 -77.1718,55.6744 -77.1695,55.6773 -77.1561,55.6805 -77.1522,55.6825 -77.1455,55.6872 -77.1424,55.6907 -77.1251,55.6996 -77.1161,55.7014 -77.1073,55.7047 -77.1043,55.7142 -77.1044,55.7167 -77.103,55.7184 -77.0784,55.7191 -77.0808,55.7138 -77.0831,55.7119 -77.0836,55.7082 -77.0883,55.7085 -77.0926,55.7042 -77.0993,55.6966 -77.1121,55.6852 -77.1139,55.6792 -77.1159,55.674 -77.1174,55.6672 -77.1213,55.6626 -77.1305,55.6582 -77.1393,55.6581 -77.1474,55.6587 -77.1567,55.6573 -77.167,55.647 -77.1691,55.6437 -77.175,55.6391 -77.1928,55.6116 -77.215,55.6 -77.234,55.5763 -77.2891,55.5572 -77.3368,55.5139 -77.4106,55.485 -77.5559,55.3869 -77.5811,55.383 -77.5827,55.3827 -77.584,55.3819 -77.5848,55.3824 -77.6221,55.3765 -77.7026,55.3293 -77.7066,55.3269 -77.7562,55.293 -77.7717,55.2762 -77.7573,55.2695 -77.7627,55.2621 -77.8064,55.2565 -77.8431,55.2537 -77.9268,55.211 -77.9711,55.2011 -78.04,55.1676 -78.0991,55.1532 -78.118,55.1383 -78.1459,55.1365 -78.1693,55.1198 -78.1858,55.1198 -78.2695,55.0595 -78.3318,55.0306 -78.3871,55.0128 -78.5497,54.986 -78.5593,54.9593 -78.5957,54.9589 -78.7109,54.9259 -78.7649,54.9014 -78.8343,54.9014 -78.8703,54.8949 -78.893,54.8773 -78.9344,54.866 -78.9384,54.8464 -78.9636,54.834 -78.9976,54.8358 -79.0484,54.8196 -79.1092,54.8117 -79.164,54.7959 -79.2401,54.7885 -79.2678,54.7787 -79.2849,54.7834 -79.289,54.7686 -79.3206,54.7582 -79.3745,54.7595 -79.4248,54.739 -79.4486,54.7541 -79.449,54.7541 -79.4632,54.7346 -79.5146,54.721 -79.5435,54.7204 -79.5861,54.6944 -79.6015,54.6964 -79.6169,54.6858 -79.6556,54.6757 -79.6753,54.6567 -79.6998,54.6511 -79.7118,54.6396 -79.7506,54.643 -79.7517,54.6229 -79.728,54.6286 -79.6897,54.624 -79.6852,54.6239 -79.6806,54.6232 -79.6649,54.6186 -79.6607,54.6161 -79.6581,54.6138 -79.6528,54.606 -79.6242,54.6099 -79.6015,54.6058 -79.6039,54.6182 -79.5842,54.6238 -79.5634,54.6112 -79.5465,54.6111 -79.5399,54.5805 -79.5096,54.5839 -79.5046,54.5794 -79.5136,54.5699 -79.509,54.5593 -79.5222,54.5525 -79.5456,54.5553 -79.5837,54.5401 -79.5236,54.5362 -79.5149,54.5258 -79.5124,54.5085 -79.5265,54.4911 -79.4959,54.4861 -79.5154,54.4518 -79.4661,54.4411 -79.4752,54.4326 -79.4623,54.4175 -79.4826,54.4092 -79.461,54.3992 -79.4885,54.3882 -79.4796,54.3716 -79.4851,54.3566 -79.4621,54.345 -79.4477,54.3165 -79.4552,54.2936 -79.411,54.2842 -79.405,54.2634 -79.3811,54.2476 -79.309,54.2481 -79.2743,54.2389 -79.2635,54.2289 -79.267,54.22 -79.2994,54.2037 -79.338,54.1997 -79.3597,54.1808 -79.2639,54.1783 -79.2524,54.1827 -79.2431,54.2019 -79.2297,54.2031 -79.2161,54.1699 -79.2423,54.1555 -79.2371,54.1472 -79.1942,54.1438 -79.1684,54.167 -79.0551,54.1628 -79.0563,54.1545 -79.0901,54.1427 -79.0728,54.1366 -79.0777,54.1235 -79.0484,54.1035 -79.0502,54.0928 -79.0813,54.0979 -79.1251,54.0897 -79.1507,54.0967 -79.1621,54.0872 -79.132,54.0678 -79.0875,54.0616 -79.0921,54.042 -79.0772,54.0441 -79.0723,54.0392 -79.0834,54.0259 -79.0278,54.0333 -78.9978,54.0129 -78.9552,54.0117 -78.9447,54.0063 -78.9582,53.9891 -78.9662,53.9884 -78.9733,53.9894 -78.9874,53.9899 -78.9922,53.9917 -78.9971,53.9946 -78.999,53.9968 -79.0688,53.9944 -79.0531,53.986 -79.0667,53.9831 -79.0668,53.9826 -79.0531,53.977 -79.0591,53.976 -79.0676,53.9757 -79.0999,53.9682 -79.0997,53.968 -79.0728,53.9701 -79.0606,53.9693 -79.0417,53.9668 -79.0375,53.9611 -79.0361,53.957 -79.0206,53.9545 -79.006,53.9528 -79.0034,53.951 -79.0035,53.9505 -79.0901,53.9533 -79.101,53.9496 -79.1009,53.9491 -79.0763,53.9482 -79.0689,53.9467 -79.0526,53.9419 -79.0468,53.9394 -79.0421,53.936 -79.1529,53.9496 -79.1269,53.9445 -79.1163,53.9441 -79.0852,53.9363 -79.0953,53.9321 -79.0837,53.9286 -79.0646,53.9255 -79.0445,53.9245 -79.035,53.9229 -79.0121,53.9171 -79.0007,53.918 -79.004,53.9252 -79.0052,53.9293 -78.998,53.9293 -78.9891,53.9233 -78.9937,53.9181 -78.9972,53.916 -79.0074,53.9068 -79.0073,53.9066 -78.9603,53.9038 -78.957,53.9022 -78.9535,53.8987 -78.9521,53.8962 -78.9518,53.8938 -78.9552,53.8917 -78.979,53.8848 -79.0247,53.8903 -79.0369,53.8973 -79.0694,53.8954 -79.0935,53.8985 -79.0939,53.8976 -79.0906,53.8906 -79.0549,53.886 -79.0635,53.8564 -79.0692,53.8567 -79.0626,53.8495 -79.0619,53.8495 -79.0602,53.7926 -79.0677,53.7886 -79.0426,53.7865 -79.0341,53.7853 -79.0402,53.778 -79.0472,53.7719 -79.057,53.7695 -79.0701,53.7684 -79.0788,53.7647 -79.0828,53.757 -79.0772,53.7518 -79.075,53.7432 -79.0816,53.7324 -79.0891,53.7239 -79.0914,53.7154 -79.0915,53.7104 -79.1048,53.7141 -79.1165,53.7141 -79.1322,53.7132 -79.1461,53.7116 -79.1546,53.706 -79.1561,53.6996 -79.1552,53.6919 -79.1434,53.6893 -79.1227,53.6873 -79.1141,53.687 -79.0886,53.6845 -79.0754,53.6819 -79.0672,53.6826 -79.0529,53.6828 -79.0526,53.6825 -79.0579,53.6777 -79.0637,53.6709 -79.064,53.6526 -79.0636,53.6488 -79.0628,53.6443 -79.0606,53.639 -79.055,53.6388 -79.0519,53.6383 -79.0468,53.6356 -79.0488,53.6281 -79.0505,53.624 -79.0543,53.6207 -79.0581,53.6183 -79.0633,53.6128 -79.0711,53.6019 -79.0739,53.5966 -79.0771,53.5928 -79.0793,53.5893 -79.0757,53.5868 -79.0651,53.5837 -79.0564,53.5831 -79.0393,53.5842 -79.0246,53.5857 -79.0109,53.5896 -78.9855,53.5912 -78.9592,53.5964 -78.9627,53.5918 -78.97,53.5882 -78.9696,53.5843 -78.9599,53.5797 -78.9764,53.5753 -78.9804,53.5733 -78.9732,53.5704 -78.9558,53.5659 -78.9413,53.5636 -78.9311,53.5628 -78.9243,53.5623 -78.9091,53.5622 -78.9001,53.5618 -78.8938,53.5609 -78.8914,53.5579 -78.9148,53.5509 -78.9248,53.5489 -78.9359,53.5476 -78.9485,53.5482 -78.9592,53.5508 -78.9914,53.5608 -79.0102,53.565 -79.0256,53.5655 -79.0328,53.5646 -79.0378,53.5631 -79.0426,53.5567 -79.0437,53.5545 -79.0435,53.5542 -79.0375,53.5539 -79.0348,53.552 -79.0318,53.544 -79.0302,53.5383 -78.9967,53.5316 -79.0101,53.5297 -79.042,53.5308 -79.0541,53.5304 -79.0588,53.5249 -79.0975,53.5198 -79.1125,53.5157 -79.1275,53.5091 -79.1409,53.4994 -79.1205,53.4901 -79.1051,53.4849 -79.1118,53.4799 -79.1227,53.4728 -79.1161,53.468 -79.1084,53.4603 -79.0983,53.4559 -79.088,53.453 -79.0804,53.4464 -79.0778,53.4397 -79.0696,53.4309 -79.0668,53.4283 -79.066,53.4284 -79.0624,53.4322 -79.0504,53.4378 -79.0452,53.4397 -79.0412,53.4382 -79.0407,53.4289 -79.0396,53.4244 -79.0433,53.4196 -79.0603,53.4158 -79.0655,53.4141 -79.0654,53.4073 -79.0586,53.4069 -79.042,53.4048 -79.0299,53.4042 -79.0143,53.402 -79.0032,53.3985 -78.9936,53.3949 -78.9879,53.3943 -78.9762,53.3975 -78.9623,53.4002 -78.955,53.399 -78.9558,53.3912 -78.9559,53.3852 -78.9506,53.384 -78.9487,53.3825 -78.951,53.3745 -78.9585,53.364 -78.9503,53.3627 -78.9465,53.3625 -78.939,53.3575 -78.9673,53.354 -78.9894,53.3517 -78.9895,53.3508 -78.9888,53.3499 -78.9729,53.3372 -78.9755,53.3328 -78.984,53.3261 -78.9879,53.3237 -78.9835,53.321 -78.9744,53.3219 -78.9658,53.3212 -78.9627,53.3204 -78.9599,53.3138 -78.9572,53.312 -78.9493,53.3093 -78.9471,53.306 -78.9551,53.299 -78.9637,53.2936 -78.9654,53.2914 -78.9679,53.2844 -78.979,53.2786 -78.9871,53.2757 -78.9845,53.2724 -78.974,53.2727 -78.9599,53.2716 -78.9518,53.2699 -78.9473,53.2664 -78.9431,53.264 -78.9348,53.263 -78.9232,53.2627 -78.9229,53.2606 -78.9301,53.2538 -78.9366,53.2499 -78.9424,53.2471 -78.9478,53.2433 -78.9535,53.2382 -78.9496,53.234 -78.9388,53.2369 -78.9335,53.2357 -78.9294,53.2327 -78.9215,53.2324 -78.9069,53.2346 -78.9058,53.2238 -78.9191,53.2238 -78.9274,53.2225 -78.9313,53.2206 -78.9397,53.2114 -78.9427,53.2089 -78.9358,53.2065 -78.9254,53.2069 -78.9191,53.2062 -78.9125,53.2048 -78.9164,53.1995 -78.9218,53.1971 -78.9298,53.1955 -78.9393,53.1943 -78.9446,53.1933 -78.9518,53.1919 -78.9603,53.1897 -78.9645,53.1854 -78.9677,53.1801 -78.9694,53.1751 -78.9714,53.172 -78.9671,53.1699 -78.9562,53.1689 -78.9519,53.1682 -78.9436,53.1666 -78.9368,53.1649 -78.9364,53.1627 -78.9457,53.1619 -78.9499,53.1539 -78.9503,53.1455 -78.9509,53.1406 -78.9547,53.1361 -78.9633,53.132 -78.9705,53.1277 -78.9758,53.1228 -78.97,53.1213 -78.9612,53.1232 -78.9574,53.1226 -78.962,53.1187 -78.97,53.1129 -78.9721,53.1098 -78.972,53.1095 -78.9669,53.1074 -78.9619,53.1111 -78.9584,53.1129 -78.9535,53.1139 -78.9587,53.1069 -78.9638,53.0991 -78.9659,53.0918 -78.9651,53.0896 -78.9767,53.083 -78.9874,53.0788 -78.9913,53.0757 -78.9921,53.0727 -78.9917,53.0687 -78.9898,53.0642 -78.9804,53.0615 -78.9727,53.0619 -78.9602,53.0663 -78.9526,53.0684 -78.9416,53.0661 -78.9333,53.0629 -78.9255,53.0607 -78.9226,53.0571 -78.9224,53.053 -78.9231,53.0491 -78.9272,53.0462 -78.9344,53.0435 -78.954,53.0433 -78.9624,53.0438 -78.9762,53.0405 -78.9842,53.0396 -78.9825,53.0362 -78.9709,53.0346 -78.964,53.034 -78.9577,53.0327 -78.9512,53.0303 -78.9514,53.03 -78.9706,53.0269 -78.9792,53.0265 -78.9843,53.0246 -78.9872,53.0217 -78.9885,53.0173 -78.987,53.0134 -78.9763,53.0067 -78.9689,53.0031 -78.9645,53.0001 -78.9572,52.994 -78.9452,52.9888 -78.9316,52.9857 -78.9232,52.9856 -78.9014,52.9865 -78.8914,52.9845 -78.8825,52.9823 -78.8743,52.9809 -78.8514,52.9787 -78.8447,52.9772 -78.8412,52.9756 -78.837,52.9719 -78.8366,52.9674 -78.8374,52.9629 -78.8403,52.9598 -78.8682,52.9462 -78.8748,52.942 -78.879,52.9398 -78.886,52.9332 -78.8931,52.9303 -78.9093,52.9256 -78.9135,52.9231 -78.9129,52.919 -78.9107,52.9169 -78.907,52.9148 -78.9048,52.9124 -78.9059,52.9083 -78.9038,52.9048 -78.8959,52.9027 -78.8896,52.9031 -78.8832,52.9031 -78.8802,52.9011 -78.8797,52.8988 -78.8824,52.896 -78.8843,52.8909 -78.8848,52.8876 -78.8848,52.883 -78.881,52.8778 -78.8779,52.8751 -78.8705,52.8724 -78.8642,52.8716 -78.8587,52.872 -78.8533,52.874 -78.8458,52.8743 -78.8393,52.8698 -78.8354,52.8661 -78.833,52.863 -78.8322,52.8624 -78.8183,52.8533 -78.8149,52.8522 -78.8047,52.8511 -78.7986,52.8511 -78.7915,52.8515 -78.7842,52.8526 -78.779,52.8527 -78.7704,52.8535 -78.7644,52.8529 -78.7589,52.8517 -78.7552,52.8503 -78.7542,52.8477 -78.7554,52.845 -78.7647,52.8376 -78.7686,52.8348 -78.7797,52.8283 -78.7934,52.8197 -78.7969,52.817 -78.8026,52.8117 -78.8021,52.8093 -78.7983,52.8062 -78.7927,52.8028 -78.7885,52.7997 -78.7803,52.7953 -78.7715,52.7886 -78.769,52.7863 -78.7688,52.7841 -78.7762,52.7826 -78.8098,52.7837 -78.8197,52.7844 -78.8289,52.7842 -78.8356,52.7833 -78.8395,52.7809 -78.8434,52.7724 -78.8455,52.7666 -78.8468,52.7613 -78.8478,52.7601 -78.8482,52.7586 -78.8499,52.7566 -78.8556,52.7535 -78.8601,52.7521 -78.8683,52.7484 -78.8744,52.7444 -78.8787,52.742 -78.8803,52.7391 -78.8785,52.7357 -78.8547,52.7311 -78.8388,52.7271 -78.8283,52.7239 -78.8204,52.7226 -78.8124,52.7203 -78.7975,52.7177 -78.7927,52.7152 -78.7913,52.7119 -78.8137,52.7108 -78.8293,52.7091 -78.8309,52.7007 -78.8306,52.693 -78.8292,52.6869 -78.8267,52.684 -78.8175,52.6831 -78.807,52.6828 -78.742,52.6843 -78.7305,52.6823 -78.7249,52.6795 -78.7209,52.6763 -78.7203,52.6711 -78.7239,52.6676 -78.7315,52.6636 -78.7489,52.6578 -78.7542,52.6563 -78.7601,52.6551 -78.7664,52.6551 -78.7778,52.656 -78.7882,52.6563 -78.7911,52.6547 -78.7935,52.6488 -78.7953,52.6413 -78.7952,52.6332 -78.7652,52.6362 -78.7555,52.6206 -78.7066,52.6406 -78.7062,52.6405 -78.7061,52.6396 -78.7083,52.6185 -78.6959,52.6098 -78.6502,52.6077 -78.6302,52.5982 -78.6307,52.5908 -78.6956,52.5812 -78.745,52.5611 -78.7401,52.5438 -78.7195,52.5494 -78.7033,52.5399 -78.7047,52.5272 -78.7044,52.5268 -78.6871,52.532 -78.6819,52.5252 -78.6735,52.5353 -78.6455,52.5356 -78.6478,52.5152 -78.6332,52.5085 -78.6045,52.5116 -78.5852,52.5239 -78.5715,52.5227 -78.5403,52.4944 -78.557,52.4743 -78.5261,52.4742 -78.502,52.4547 -78.5068,52.4375 -78.5293,52.4321 -78.5366,52.4237 -78.5066,52.4075 -78.5159,52.3903 -78.511,52.3792 -78.5273,52.3703 -78.4991,52.3346 -78.5177,52.3051 -78.5277,52.2983 -78.5553,52.2872 -78.5509,52.2656 -78.5523,52.2647 -78.5663,52.2592 -78.5759,52.2565 -78.5806,52.2547 -78.582,52.2539 -78.5824,52.2533 -78.5822,52.253 -78.5814,52.2529 -78.5789,52.2536 -78.5767,52.2536 -78.5748,52.2517 -78.5714,52.2501 -78.5638,52.2372 -78.5602,52.2323 -78.5614,52.2318 -78.562,52.2311 -78.5611,52.2301 -78.5589,52.2295 -78.5575,52.2281 -78.5579,52.223 -78.5603,52.2199 -78.5693,52.2197 -78.5736,52.2158 -78.5764,52.2124 -78.5764,52.2097 -78.5777,52.2084 -78.5775,52.2077 -78.5593,52.2084 -78.555,52.2091 -78.5527,52.2089 -78.551,52.2069 -78.5479,52.1908 -78.5504,52.1896 -78.5526,52.1852 -78.5414,52.1821 -78.5384,52.1685 -78.541,52.1592 -78.58,52.1308 -78.5854,52.0915 -78.6055,52.0871 -78.6157,52.0773 -78.6546,52.075 -78.6528,52.0657 -78.6271,52.061 -78.6261,52.0527 -78.6672,52.0494 -78.6781,52.0405 -78.6918,52.0463 -78.7037,52.0434 -78.6966,52.0338 -78.6823,52.0307 -78.6878,52.0168 -78.6798,52.0043 -78.6798,52.0039 -78.6807,52.0039 -78.7102,52.0119 -78.7203,52.0057 -78.7036,51.9797 -78.7137,51.9675 -78.7521,51.9545 -78.7766,51.9708 -78.7877,51.9697 -78.7967,51.9498 -78.8662,51.9316 -78.8654,51.9114 -78.9037,51.9045 -78.9038,51.9043 -78.903,51.904 -78.8693,51.8979 -78.8606,51.8837 -78.8417,51.8785 -78.827,51.8639 -78.8404,51.8259 -78.8753,51.8028 -78.9251,51.7849 -78.9745,51.7924 -79.0379,51.7609 -79.0277,51.7496 -79.0378,51.7411 -78.9937,51.7354 -78.9856,51.7014 -78.9428,51.6906 -78.9469,51.6628 -78.9321,51.6474 -78.8835,51.6366 -78.8509,51.6173 -78.8413,51.5999 -78.8291,51.6017 -78.8132,51.5812 -78.8209,51.574 -78.8117,51.5258 -78.8254,51.5121 -78.8181,51.5046 -78.7884,51.4972 -78.777,51.4863 -78.7757,51.4787 -78.775,51.4783 -78.771,51.4806 -78.7683,51.4781 -78.8439,51.4094 -78.8848,51.3876 -78.8911,51.377 -78.8765,51.3631 -78.8258,51.3562 -78.8248,51.3371 -78.8519,51.3449 -78.8611,51.3431 -78.8698,51.3245 -78.8843,51.3042 -78.9153,51.2991 -78.9482,51.3153 -78.9445,51.337 -78.9825,51.47 -79.0352,51.4945 -79.0756,51.5237 -79.1033,51.5311 -79.1579,51.514 -79.2156,51.5148 -79.2459,51.4999 -79.2759,51.5085 -79.2691,51.5349 -79.2789,51.555 -79.2192,51.635 -79.2263,51.6437 -79.2772,51.639 -79.3013,51.6464 -79.3065,51.6624 -79.317,51.6631 -79.3632,51.6405 -79.3781,51.6407 -79.375,51.6241 -79.4465,51.5904 -79.4511,51.5788 -79.4738,51.5746 -79.4816,51.5551 -79.5306,51.5443 -79.4937,51.4649 -79.5042,51.455 -79.5163,51.4553 -79.5158,50.9991 -79.5176,50.7607 -79.5175,50.1561 -79.5164,50.0728 -79.5164,49.9999 -79.5175,49.8906 -79.5177,49.7502 -79.5173,49.6209 -79.5179,49.5803 -79.5164,49.4905 -79.5183,49.3996 -79.5179,49.3127 -79.5183,49.1812 -79.5179,49.1086 -79.5179,49.009 -79.5173,49.0001 -79.5174,48.6559 -79.5227,48.6562 -79.5221,48.653 -79.5175,48.6493 -79.5177,48.5001 -79.5174,48.4411 -79.5176,48.2642 -79.5174,48.2089 -79.5178,48.2081 -79.5174,48.1733 -79.5177,48.1677 -79.5179,48.1013 -79.5173,47.9304 -79.518,47.7544 -79.5177,47.7413 -79.5177,47.668 -79.5174,47.664 -79.5177,47.5527 -79.5183,47.5441 -79.5206,47.5367 -79.5257,47.5298 -79.5337,47.5218 -79.54,47.5161 -79.5446,47.5076 -79.5474,47.5001 -79.5484,47.4964 -79.5731,47.4781 -79.5864,47.4555 -79.5911,47.4481 -79.5925,47.4426 -79.5927,47.436 -79.5894,47.4272 -79.585,47.4182 -79.577,47.4068 -79.5528,47.3829 -79.5443,47.375 -79.5437,47.3739 -79.5414,47.3716 -79.5326,47.3665 -79.5289,47.3648 -79.5198,47.3615 -79.5119,47.3502 -79.4976,47.3203 -79.4915,47.3128 -79.4833,47.3039 -79.4731,47.2958 -79.4438,47.2658 -79.4384,47.257 -79.4357,47.2475 -79.4323,47.2216 -79.4323,47.208 -79.4316,47.1869 -79.4336,47.1726 -79.4404,47.1373 -79.4438,47.1243 -79.4438,47.1114 -79.4398,47.0985 -79.433,47.0815 -79.4304,47.0765 -79.4217,47.0676 -79.405,47.0541 -79.3911,47.0402 -79.3779,47.0295 -79.3572,47.0157 -79.3471,47.0063 -79.3415,47 -79.3333,46.9849 -79.3295,46.9654 -79.3284,46.9629 -79.3257,46.9572 -79.3187,46.9442 -79.3106,46.9314 -79.2918,46.9106 -79.276,46.8943 -79.2565,46.8779 -79.2377,46.861 -79.232,46.8509 -79.2301,46.8465 -79.2251,46.8408 -79.2144,46.8333 -79.2088,46.8306 -79.1981,46.8271 -79.1726,46.8199 -79.1656,46.8168 -79.1619,46.8147 -79.157,46.8096 -79.1522,46.803 -79.1468,46.7943 -79.1414,46.7841 -79.1315,46.7607 -79.1217,46.7394 -79.117,46.7299 -79.1142,46.7252 -79.1093,46.7187 -79.0988,46.7014 -79.0926,46.689 -79.0879,46.682 -79.0798,46.6743 -79.0684,46.6625 -79.0573,46.6527 -79.0412,46.6413 -79.0324,46.6371 -79.0276,46.6361 -79.0233,46.6348 -79.0198,46.633 -79.0168,46.6299 -79.0147,46.6265 -79.0115,46.6202 -79.005,46.6004 -79.0026,46.5972 -78.9994,46.5941 -78.9982,46.5913 -78.9978,46.5702 -78.9954,46.5628 -78.9906,46.5516 -78.9891,46.5486 -78.9854,46.5435 -78.9789,46.5377 -78.9715,46.53 -78.9587,46.5193 -78.9466,46.5102 -78.9343,46.4995 -78.9201,46.4846 -78.9075,46.4738 -78.898,46.4667 -78.8758,46.4521 -78.8683,46.4475 -78.8587,46.4423 -78.8332,46.4337 -78.7969,46.4196 -78.7864,46.4142 -78.7725,46.4031 -78.7581,46.3931 -78.7518,46.3905 -78.7465,46.3898 -78.7393,46.3878 -78.7353,46.3863 -78.7297,46.3831 -78.7255,46.3798 -78.7227,46.3761 -78.722,46.3703 -78.723,46.3635 -78.7258,46.3491 -78.726,46.3452 -78.7251,46.3401 -78.7227,46.3363 -78.7193,46.3326 -78.7151,46.3287 -78.7065,46.3231 -78.6925,46.3191 -78.6861,46.3184 -78.6625,46.3191 -78.6323,46.3215 -78.6123,46.3194 -78.6058,46.319 -78.577,46.3138 -78.5656,46.3112 -78.5521,46.3088 -78.5468,46.3075 -78.5207,46.2984 -78.5086,46.2959 -78.494,46.2938 -78.4808,46.2931 -78.473,46.2931 -78.4661,46.2938 -78.4453,46.2945 -78.434,46.2954 -78.4245,46.295 -78.4026,46.2929 -78.3956,46.2919 -78.3882,46.2903 -78.3831,46.2887 -78.3757,46.2859 -78.3731,46.2846 -78.3713,46.2836 -78.3524,46.2696 -78.3415,46.2645 -78.3231,46.258 -78.3134,46.2564 -78.302,46.2564 -78.2934,46.2575 -78.2866,46.2599 -78.279,46.2643 -78.2694,46.2692 -78.259,46.2736 -78.2483,46.274 -78.2202,46.2708 -78.2125,46.2703 -78.2069,46.2706 -78.1932,46.274 -78.1862,46.2745 -78.1558,46.2736 -78.1381,46.2736 -78.1332,46.2731 -78.119,46.2657 -78.1139,46.2626 -78.1017,46.2586 -78.0904,46.2556 -78.0796,46.2519 -78.0732,46.2501 -78.0706,46.2473 -78.0697,46.246 -78.0691,46.244 -78.0664,46.2403 -78.0638,46.2392 -78.0584,46.2385 -78.0549,46.2385 -78.0516,46.2395 -78.05,46.2415 -78.0407,46.2438 -78.0281,46.245 -78.0191,46.2468 -78.0005,46.248 -77.9923,46.2478 -77.9846,46.2456 -77.9789,46.2436 -77.9749,46.2415 -77.9421,46.2303 -77.934,46.2266 -77.9305,46.2243 -77.9254,46.2224 -77.9091,46.221 -77.8936,46.2201 -77.8898,46.2196 -77.8829,46.2162 -77.8796,46.2134 -77.8708,46.208 -77.8629,46.2062 -77.8559,46.2048 -77.8396,46.2045 -77.8326,46.2036 -77.8252,46.2022 -77.8076,46.1968 -77.7896,46.1927 -77.7842,46.1925 -77.7703,46.1942 -77.7502,46.1946 -77.7311,46.1928 -77.7133,46.1855 -77.6984,46.1827 -77.6949,46.1825 -77.6929,46.1828 -77.6888,46.1845 -77.6843,46.1904 -77.6832,46.1936 -77.6814,46.1971 -77.6801,46.1979 -77.6765,46.1982 -77.6718,46.1968 -77.6392,46.1841 -77.6262,46.1778 -77.6211,46.1759 -77.5997,46.1704 -77.5858,46.1655 -77.5765,46.1632 -77.566,46.1594 -77.5483,46.1499 -77.5414,46.1448 -77.5209,46.1322 -77.4763,46.1115 -77.4581,46.1015 -77.4395,46.0927 -77.427,46.0864 -77.3547,46.0547 -77.3398,46.0465 -77.328,46.0374 -77.3196,46.0318 -77.3145,46.0293 -77.3094,46.0262 -77.2945,46.0202 -77.2864,46.0186 -77.2808,46.0165 -77.2791,46.0155 -77.2775,46.0141 -77.2768,46.0116 -77.2768,46.0097 -77.2787,46.0051 -77.2822,46.0011 -77.2929,45.9842 -77.2952,45.9756 -77.2959,45.9711 -77.2959,45.9641 -77.2938,45.956 -77.2908,45.9511 -77.2882,45.9477 -77.2847,45.9439 -77.281,45.9405 -77.2701,45.9321 -77.2652,45.9288 -77.2387,45.9128 -77.2343,45.9093 -77.2266,45.9009 -77.2122,45.8881 -77.2075,45.8846 -77.2022,45.88 -77.1966,45.8733 -77.1969,45.8723 -77.1964,45.871 -77.1946,45.8703 -77.1911,45.867 -77.1863,45.864 -77.1801,45.8618 -77.1744,45.8616 -77.1646,45.8584 -77.1547,45.8536 -77.1386,45.8436 -77.1346,45.8415 -77.1298,45.8399 -77.1242,45.8391 -77.1124,45.8386 -77.1035,45.8378 -77.0891,45.8348 -77.0773,45.8297 -77.0704,45.8254 -77.0628,45.8191 -77.0532,45.8123 -77.0495,45.8105 -77.048,45.8086 -77.0456,45.8072 -77.0428,45.8061 -77.0395,45.8054 -77.0363,45.8055 -77.0343,45.807 -77.0314,45.8079 -77.0281,45.8075 -77.0254,45.8062 -77.0206,45.8032 -77.0147,45.7987 -77.0123,45.7952 -77.0088,45.7923 -77.0069,45.7898 -77.0026,45.7866 -76.9989,45.7848 -76.9933,45.7831 -76.982,45.7818 -76.9686,45.7821 -76.9627,45.7831 -76.956,45.785 -76.9494,45.7874 -76.9263,45.7976 -76.9162,45.8027 -76.9124,45.8067 -76.9113,45.811 -76.9108,45.815 -76.9105,45.8378 -76.9108,45.8401 -76.9108,45.8453 -76.9099,45.8463 -76.9047,45.8477 -76.9033,45.8484 -76.9031,45.8502 -76.904,45.853 -76.9087,45.8598 -76.9115,45.8627 -76.9168,45.8661 -76.9213,45.8684 -76.9232,45.87 -76.9245,45.8737 -76.9281,45.8809 -76.9288,45.8874 -76.9276,45.889 -76.9249,45.8916 -76.9201,45.894 -76.9174,45.895 -76.908,45.8966 -76.8903,45.8982 -76.8718,45.8982 -76.8641,45.8976 -76.8571,45.8961 -76.8424,45.8913 -76.8319,45.8871 -76.8069,45.8745 -76.784,45.8671 -76.779,45.8648 -76.7748,45.8619 -76.7657,45.8505 -76.763,45.8464 -76.7626,45.8413 -76.7626,45.8369 -76.7654,45.8172 -76.7658,45.8117 -76.7669,45.8052 -76.7694,45.8013 -76.7724,45.7979 -76.7767,45.792 -76.7779,45.7888 -76.7788,45.7845 -76.779,45.7796 -76.7782,45.7762 -76.775,45.7673 -76.7739,45.7548 -76.7727,45.7508 -76.772,45.7492 -76.7701,45.7475 -76.7688,45.7456 -76.7558,45.7352 -76.7509,45.7322 -76.7469,45.729 -76.7445,45.7277 -76.7365,45.7244 -76.7305,45.7213 -76.7244,45.7194 -76.7193,45.7189 -76.7116,45.7211 -76.7091,45.7211 -76.7078,45.7207 -76.7057,45.7213 -76.7048,45.721 -76.704,45.7202 -76.7023,45.7163 -76.7005,45.714 -76.6936,45.7089 -76.693,45.7074 -76.693,45.7055 -76.6935,45.7028 -76.6949,45.6992 -76.6917,45.6929 -76.6875,45.6879 -76.6869,45.6861 -76.687,45.685 -76.6886,45.6834 -76.6962,45.6782 -76.7044,45.675 -76.7108,45.6714 -76.7128,45.6695 -76.7143,45.6671 -76.7155,45.6646 -76.7157,45.6629 -76.7136,45.6593 -76.712,45.6577 -76.703,45.652 -76.6968,45.6491 -76.695,45.6477 -76.6884,45.64 -76.6853,45.6357 -76.684,45.6333 -76.6824,45.6315 -76.6762,45.6268 -76.6724,45.623 -76.6715,45.6215 -76.671,45.6199 -76.6709,45.6163 -76.6718,45.6125 -76.6756,45.6061 -76.6764,45.6033 -76.6765,45.5939 -76.6756,45.5856 -76.6735,45.5803 -76.6689,45.5756 -76.661,45.5626 -76.6593,45.5586 -76.6585,45.5578 -76.654,45.5571 -76.6481,45.5549 -76.6381,45.5485 -76.6306,45.5432 -76.6261,45.5405 -76.6147,45.5354 -76.6052,45.5319 -76.6001,45.5308 -76.596,45.5308 -76.5887,45.5301 -76.5716,45.5265 -76.5518,45.5241 -76.5429,45.5221 -76.5304,45.5182 -76.5271,45.5176 -76.524,45.5172 -76.5162,45.5169 -76.5013,45.5176 -76.4961,45.5175 -76.4914,45.5168 -76.4859,45.5157 -76.4656,45.5087 -76.4534,45.5051 -76.4462,45.5041 -76.4395,45.5044 -76.4304,45.502 -76.4224,45.498 -76.4177,45.4946 -76.4106,45.4881 -76.4022,45.477 -76.3952,45.4702 -76.3923,45.4682 -76.381,45.4632 -76.3689,45.4586 -76.3521,45.4529 -76.3401,45.45 -76.3332,45.4495 -76.3134,45.4524 -76.3081,45.4543 -76.3033,45.4567 -76.2902,45.4648 -76.2878,45.4659 -76.2855,45.4664 -76.2756,45.4665 -76.2649,45.4683 -76.251,45.4696 -76.2487,45.4702 -76.244,45.4723 -76.2404,45.4749 -76.2386,45.4781 -76.2378,45.4803 -76.2371,45.4837 -76.2369,45.4905 -76.2376,45.5005 -76.2375,45.5029 -76.2364,45.5056 -76.234,45.508 -76.2316,45.5098 -76.2256,45.5124 -76.2187,45.5136 -76.2095,45.5166 -76.2004,45.5177 -76.1907,45.5178 -76.1712,45.5189 -76.1502,45.5184 -76.139,45.5201 -76.1167,45.5212 -76.1038,45.5212 -76.0968,45.5203 -76.0902,45.5178 -76.0709,45.5083 -76.0469,45.4986 -76.0389,45.4957 -76.0288,45.4914 -76.0224,45.4898 -76.0081,45.4855 -76.0023,45.4844 -75.9959,45.4822 -75.9779,45.475 -75.9666,45.4694 -75.9559,45.4614 -75.9363,45.4393 -75.9204,45.4225 -75.9007,45.4031 -75.8874,45.3923 -75.8841,45.3898 -75.8762,45.3848 -75.8669,45.3804 -75.8449,45.3687 -75.8396,45.3675 -75.8317,45.3664 -75.8224,45.3678 -75.8135,45.3708 -75.7966,45.3787 -75.782,45.3871 -75.7709,45.3953 -75.7574,45.4097 -75.7545,45.4112 -75.7521,45.4122 -75.7474,45.4132 -75.7365,45.415 -75.7354,45.4154 -75.735,45.4159 -75.7327,45.4159 -75.7319,45.4167 -75.7305,45.4174 -75.726,45.4178 -75.7228,45.4193 -75.7209,45.4206 -75.7156,45.4215 -75.7077,45.4238 -75.7064,45.4246 -75.7054,45.4256 -75.705,45.4265 -75.7034,45.4357 -75.7023,45.4389 -75.6976,45.4468 -75.6931,45.4519 -75.6877,45.4568 -75.6817,45.461 -75.6785,45.4624 -75.6716,45.4641 -75.665,45.4649 -75.6594,45.466 -75.6261,45.4677 -75.6129,45.4702 -75.6007,45.4707 -75.5902,45.4722 -75.5837,45.4725 -75.5807,45.4733 -75.5662,45.4798 -75.5594,45.4817 -75.5539,45.4838 -75.5418,45.4894 -75.5331,45.4927 -75.4977,45.5041 -75.4869,45.5092 -75.4752,45.5122 -75.4698,45.5143 -75.4593,45.5165 -75.4525,45.5187 -75.4458,45.5198 -75.4258,45.52 -75.413,45.5229 -75.3927,45.5243 -75.389,45.5255 -75.3837,45.5266 -75.3735,45.5279 -75.3588,45.5309 -75.3475,45.5338 -75.335,45.5376 -75.3231,45.54 -75.3164,45.5423 -75.3132,45.5452 -75.3102,45.5487 -75.3047,45.5528 -75.3002,45.5579 -75.2955,45.5606 -75.2915,45.5636 -75.2859,45.5657 -75.2794,45.5664 -75.2711,45.5691 -75.2652,45.5715 -75.2576,45.5754 -75.2495,45.579 -75.2454,45.5812 -75.2439,45.5826 -75.2409,45.5841 -75.2379,45.5846 -75.23,45.5845 -75.2218,45.5857 -75.2155,45.5859 -75.211,45.5853 -75.1969,45.5851 -75.1809,45.5838 -75.1662,45.5819 -75.1576,45.5799 -75.147,45.5758 -75.1434,45.5752 -75.1236,45.5768 -75.1172,45.5778 -75.1125,45.5788 -75.0951,45.5846 -75.0856,45.5867 -75.0596,45.5888 -75.0338,45.5941 -75.0109,45.6004 -75.0038,45.6032 -74.9936,45.608 -74.9852,45.6134 -74.9811,45.6172 -74.9768,45.6204 -74.9666,45.629 -74.9541,45.6368 -74.9456,45.6415 -74.9432,45.6428 -74.9379,45.6447 -74.9288,45.6455 -74.9218,45.6455 -74.9013,45.6436 -74.8729,45.6416 -74.8567,45.6379 -74.8501,45.6368 -74.8436,45.6363 -74.827,45.6369 -74.8121,45.6382 -74.7889,45.6396 -74.7822,45.6396 -74.7733,45.6387 -74.7523,45.6313 -74.746,45.63 -74.741,45.6295 -74.7324,45.6296 -74.7053,45.6316 -74.6963,45.6312 -74.6921,45.6316 -74.6783,45.6341 -74.6601,45.6367 -74.6485,45.6407 -74.6441,45.6413 -74.6386,45.6409 -74.635,45.6403 -74.6279,45.6372 -74.626,45.6358 -74.6212,45.6317 -74.6163,45.6241 -74.6152,45.623 -74.6123,45.6214 -74.6021,45.6175 -74.5972,45.6165 -74.5808,45.612 -74.554,45.6035 -74.5364,45.595 -74.5308,45.593 -74.5264,45.592 -74.5241,45.5919 -74.5056,45.592 -74.4954,45.5931 -74.4848,45.5958 -74.4811,45.596 -74.4704,45.5932 -74.4605,45.5886 -74.456,45.5858 -74.4489,45.5795 -74.4453,45.5757 -74.4416,45.5734 -74.437,45.5724 -74.4303,45.5718 -74.3991,45.5703 -74.3927,45.5697 -74.3874,45.5683 -74.3817,45.5662 -74.3822,45.5635 -74.4018,45.5002 -74.4008,45.5002 -74.4286,45.4203 -74.4722,45.3027 -74.4141,45.259 -74.3435,45.2048 -74.3394,45.1831 -74.42,45.1332 -74.4815,45.078 -74.4898,45.0763 -74.5118,45.0574 -74.5203,45.0552 -74.5348,45.0487 -74.5592,45.0433 -74.5691,45.0459 -74.5877,45.0437 -74.6643,45.0151 -74.6638,45.0141 -74.6639,45.0134 -74.666,45.0117 -74.6662,45.0111 -74.6708,45.0088 -74.6715,45.0079 -74.6703,45.0062 -74.6615,44.9996 -74.5588,44.9989 -74.4647,44.9972 -74.4126,44.9955 -74.3354,44.992 -74.193,44.9921 -74.147,44.9914 -73.9057,45.0002 -73.8383,45.0022 -73.7567,45.0032 -73.6512,45.0029 -73.6397,45.0035 -73.6394,45.0033 -73.499,45.0077 -73.4344,45.0093 -73.251,45.0122 -73.2411,45.0128 -73.0637,45.0159 -73.0013,45.0147 -72.9965,45.015 -72.9678,45.0145 -72.8457,45.0167 -72.8271,45.0163 -72.6419,45.015 -72.6192,45.0142 -72.5855,45.0119 -72.5559,45.0083 -72.5366,45.0079 -72.4858,45.0088 -72.447,45.0085 -72.3904,45.0063 -72.3746,45.0063 -72.3209,45.0046 -72.2837,45.0045 -72.2746,45.0042 -72.1605,45.0062 -72.1105,45.0056 -72.0825,45.0061 -72.0721,45.006 -72.015,45.007 -71.9506,45.0086 -71.9146,45.0079 -71.8012,45.0108 -71.7531,45.0116 -71.7331,45.0118 -71.6919,45.0114 -71.6524,45.0121 -71.6422,45.012 -71.6141,45.0127 -71.5855,45.0125 -71.5573,45.0128 -71.5557,45.0125 -71.5497,45.0129 -71.5025,45.0134 -71.5023,45.0138 -71.4996,45.0148 -71.5011,45.0155 -71.5013,45.0159 -71.4995,45.0166 -71.4995,45.0169 -71.5006,45.017 -71.5007,45.0173 -71.5004,45.0176 -71.4995,45.0175 -71.4991,45.0179 -71.4991,45.0183 -71.5001,45.0185 -71.4988,45.0199 -71.499,45.0204 -71.5,45.0205 -71.5002,45.0209 -71.4999,45.0223 -71.5,45.0238 -71.4983,45.0234 -71.4973,45.0236 -71.4974,45.0243 -71.4992,45.0249 -71.4999,45.0263 -71.4979,45.0268 -71.4987,45.0286 -71.4973,45.0286 -71.4977,45.0294 -71.4976,45.03 -71.497,45.0304 -71.4959,45.0321 -71.4947,45.0327 -71.4947,45.0336 -71.4926,45.0348 -71.4922,45.0354 -71.4913,45.0423 -71.492,45.0447 -71.4932,45.0458 -71.4972,45.0446 -71.4996,45.0447 -71.501,45.0452 -71.5026,45.0467 -71.5027,45.048 -71.5046,45.0481 -71.5052,45.0488 -71.5051,45.0515 -71.5045,45.0524 -71.5039,45.0527 -71.5028,45.0526 -71.5013,45.0519 -71.5005,45.0519 -71.5,45.0527 -71.4989,45.0532 -71.4974,45.0556 -71.4974,45.0561 -71.4979,45.0563 -71.4991,45.0562 -71.4989,45.0569 -71.4977,45.0571 -71.4979,45.0576 -71.5011,45.0578 -71.5015,45.0582 -71.5014,45.0588 -71.501,45.0591 -71.499,45.0588 -71.497,45.0607 -71.4972,45.0621 -71.4965,45.0632 -71.4961,45.0651 -71.4975,45.0666 -71.4975,45.0679 -71.4978,45.069 -71.4984,45.0696 -71.4983,45.0701 -71.4979,45.0706 -71.4973,45.0705 -71.4959,45.0691 -71.4942,45.0701 -71.4941,45.0705 -71.4946,45.071 -71.4942,45.0714 -71.4903,45.0709 -71.489,45.0712 -71.4891,45.0736 -71.4887,45.0745 -71.4879,45.075 -71.4873,45.0769 -71.4863,45.0785 -71.4829,45.0791 -71.4824,45.0796 -71.4832,45.0803 -71.4831,45.0808 -71.4823,45.081 -71.4818,45.0805 -71.4812,45.0806 -71.4802,45.0813 -71.4799,45.0821 -71.4809,45.083 -71.4808,45.0836 -71.4792,45.084 -71.4771,45.0833 -71.4759,45.0844 -71.4714,45.0842 -71.4695,45.0838 -71.4683,45.0844 -71.4673,45.0856 -71.4673,45.0873 -71.4649,45.0929 -71.4637,45.0934 -71.4621,45.0935 -71.46,45.0951 -71.4591,45.0952 -71.4589,45.0954 -71.4593,45.0968 -71.4583,45.0988 -71.4568,45.0997 -71.4555,45.1015 -71.4518,45.1026 -71.451,45.1036 -71.4493,45.1045 -71.4495,45.1061 -71.45,45.1063 -71.4502,45.1068 -71.4484,45.1079 -71.4484,45.1084 -71.4487,45.109 -71.4501,45.1098 -71.4496,45.1106 -71.4486,45.1109 -71.448,45.1129 -71.4465,45.1135 -71.4443,45.1128 -71.4404,45.1134 -71.44,45.1141 -71.4406,45.1145 -71.4405,45.115 -71.4402,45.1161 -71.4396,45.1167 -71.438,45.118 -71.4353,45.1185 -71.4349,45.1197 -71.4324,45.1205 -71.4288,45.1239 -71.429,45.1246 -71.4288,45.1251 -71.4276,45.1263 -71.4272,45.1274 -71.4272,45.1285 -71.4267,45.1292 -71.4269,45.1299 -71.4281,45.1306 -71.4291,45.1317 -71.4294,45.1331 -71.431,45.1343 -71.4312,45.1355 -71.432,45.1365 -71.4358,45.1397 -71.4378,45.1409 -71.4382,45.1416 -71.4381,45.142 -71.4372,45.1423 -71.4359,45.1422 -71.4355,45.1451 -71.4351,45.1455 -71.434,45.1457 -71.4337,45.1484 -71.4332,45.1492 -71.4322,45.1501 -71.4311,45.1504 -71.43,45.1515 -71.4277,45.1523 -71.4267,45.1533 -71.4263,45.1555 -71.4265,45.1561 -71.4257,45.1566 -71.4256,45.1576 -71.4238,45.1598 -71.4243,45.1604 -71.4236,45.1611 -71.4243,45.1627 -71.4243,45.1634 -71.4233,45.1647 -71.4243,45.1649 -71.4247,45.1654 -71.4246,45.1659 -71.4242,45.1664 -71.422,45.1675 -71.4215,45.1686 -71.4191,45.1705 -71.4189,45.1716 -71.4183,45.1722 -71.4179,45.1744 -71.4173,45.1753 -71.4166,45.1756 -71.4162,45.1773 -71.4146,45.1787 -71.4151,45.1808 -71.4158,45.1811 -71.4155,45.1833 -71.4149,45.1849 -71.4129,45.1863 -71.4088,45.188 -71.4081,45.1898 -71.4075,45.1905 -71.4076,45.1918 -71.4068,45.1932 -71.4053,45.194 -71.405,45.1955 -71.4058,45.1974 -71.4056,45.1981 -71.4042,45.1991 -71.4033,45.1993 -71.4023,45.2006 -71.4008,45.2005 -71.4004,45.2009 -71.4003,45.2022 -71.3988,45.2026 -71.3978,45.2036 -71.398,45.206 -71.3988,45.2073 -71.399,45.2084 -71.3994,45.209 -71.4003,45.2094 -71.4005,45.2105 -71.4017,45.2117 -71.4021,45.2139 -71.4032,45.2153 -71.4048,45.2156 -71.4078,45.2169 -71.4091,45.2166 -71.4109,45.2174 -71.4127,45.2173 -71.4156,45.218 -71.4161,45.2183 -71.4162,45.2195 -71.4172,45.2213 -71.419,45.2222 -71.4212,45.2239 -71.4235,45.2248 -71.4253,45.2248 -71.4265,45.2254 -71.4277,45.2271 -71.4312,45.2284 -71.4353,45.2313 -71.4366,45.2315 -71.4386,45.2328 -71.4408,45.235 -71.4432,45.2348 -71.4439,45.2359 -71.4439,45.2371 -71.4423,45.2385 -71.4372,45.2388 -71.4327,45.2375 -71.4306,45.2362 -71.4292,45.2342 -71.4284,45.2339 -71.4277,45.2341 -71.4258,45.2336 -71.4236,45.2337 -71.4213,45.2327 -71.4203,45.2327 -71.4186,45.2338 -71.4169,45.2357 -71.4125,45.2364 -71.4119,45.2388 -71.4085,45.2399 -71.407,45.2415 -71.4027,45.2426 -71.4009,45.2425 -71.3943,45.2412 -71.392,45.2373 -71.3894,45.235 -71.3856,45.2332 -71.3849,45.2333 -71.3831,45.2349 -71.3815,45.2375 -71.3802,45.2389 -71.3799,45.2405 -71.3782,45.2434 -71.3767,45.2449 -71.3753,45.2455 -71.3736,45.2455 -71.3719,45.2463 -71.3683,45.2466 -71.3661,45.2476 -71.363,45.2482 -71.362,45.2493 -71.3592,45.2509 -71.3581,45.2527 -71.3573,45.2533 -71.3567,45.2548 -71.3568,45.2572 -71.3582,45.2584 -71.3596,45.2627 -71.3627,45.2652 -71.3632,45.2664 -71.3628,45.2676 -71.3607,45.2698 -71.3604,45.27 -71.3556,45.2686 -71.3528,45.2687 -71.3509,45.2696 -71.3503,45.2696 -71.3477,45.2721 -71.3441,45.2712 -71.3364,45.2731 -71.3345,45.2746 -71.3337,45.276 -71.3337,45.2768 -71.3318,45.2799 -71.3311,45.2803 -71.3285,45.2811 -71.321,45.2823 -71.3196,45.2832 -71.3171,45.2856 -71.3143,45.287 -71.309,45.2872 -71.3069,45.2888 -71.3063,45.2903 -71.3049,45.2924 -71.3036,45.2932 -71.3011,45.2966 -71.2987,45.2977 -71.2971,45.299 -71.2957,45.2993 -71.292,45.2989 -71.2887,45.3009 -71.2872,45.3013 -71.2861,45.301 -71.2852,45.3012 -71.2848,45.3023 -71.2844,45.3024 -71.2837,45.302 -71.2837,45.3008 -71.2826,45.2993 -71.2827,45.2975 -71.281,45.2955 -71.28,45.2949 -71.2775,45.2952 -71.2723,45.2967 -71.2666,45.2946 -71.2649,45.2934 -71.2649,45.2931 -71.2663,45.2921 -71.2668,45.2912 -71.2644,45.2868 -71.2631,45.2779 -71.2621,45.2761 -71.2601,45.2743 -71.2595,45.2724 -71.2561,45.2732 -71.2552,45.2721 -71.2532,45.2712 -71.2504,45.2692 -71.2495,45.2681 -71.2484,45.268 -71.2455,45.2689 -71.2445,45.2681 -71.242,45.2648 -71.2395,45.2633 -71.2393,45.2619 -71.2363,45.2611 -71.2354,45.2603 -71.2351,45.2589 -71.2333,45.2571 -71.233,45.2558 -71.2317,45.2541 -71.2316,45.2535 -71.2329,45.252 -71.233,45.2515 -71.2323,45.2505 -71.2311,45.2497 -71.228,45.2497 -71.2262,45.2514 -71.2241,45.2522 -71.2219,45.2536 -71.2213,45.252 -71.2206,45.2511 -71.2115,45.2505 -71.2089,45.2518 -71.2081,45.2527 -71.2054,45.253 -71.2034,45.2542 -71.2024,45.2543 -71.2009,45.2536 -71.1983,45.2543 -71.1971,45.254 -71.1967,45.2536 -71.1964,45.2526 -71.1949,45.2505 -71.1922,45.25 -71.1904,45.2482 -71.1874,45.2477 -71.1871,45.2472 -71.1875,45.245 -71.1871,45.2447 -71.1858,45.2446 -71.1842,45.2452 -71.1838,45.2449 -71.1836,45.2439 -71.1828,45.2427 -71.1823,45.2406 -71.1806,45.2399 -71.1798,45.2402 -71.1786,45.2414 -71.1775,45.2436 -71.1757,45.2445 -71.1734,45.2463 -71.1713,45.2461 -71.1674,45.2475 -71.1658,45.2488 -71.164,45.2493 -71.1628,45.2503 -71.1621,45.2503 -71.1575,45.2483 -71.1571,45.2474 -71.1547,45.2458 -71.1491,45.2433 -71.1478,45.2417 -71.148,45.2398 -71.1477,45.2396 -71.146,45.2408 -71.1448,45.2423 -71.1394,45.243 -71.1372,45.2438 -71.134,45.2442 -71.132,45.2454 -71.1295,45.2512 -71.128,45.2537 -71.1265,45.2541 -71.1245,45.2553 -71.124,45.2562 -71.1239,45.2586 -71.122,45.26 -71.1199,45.2623 -71.1201,45.2659 -71.1196,45.2669 -71.1175,45.2687 -71.1163,45.2704 -71.1163,45.2723 -71.1166,45.2726 -71.1167,45.2739 -71.1159,45.2746 -71.1107,45.2755 -71.1102,45.2758 -71.11,45.2766 -71.1073,45.2786 -71.1065,45.2806 -71.1066,45.2813 -71.1057,45.2821 -71.1057,45.2825 -71.1084,45.282 -71.1093,45.2822 -71.1102,45.283 -71.1107,45.2846 -71.11,45.285 -71.1089,45.2866 -71.1087,45.289 -71.1081,45.2899 -71.1044,45.2918 -71.1044,45.2923 -71.1053,45.2936 -71.1053,45.2944 -71.1038,45.2956 -71.1022,45.2976 -71.0986,45.3004 -71.0978,45.3019 -71.0895,45.3046 -71.0873,45.3047 -71.0856,45.3055 -71.0843,45.3053 -71.083,45.3057 -71.0828,45.3062 -71.0817,45.3063 -71.08,45.307 -71.0786,45.3064 -71.0774,45.3066 -71.0767,45.3071 -71.075,45.307 -71.0744,45.3076 -71.0723,45.3084 -71.0706,45.3095 -71.0685,45.3097 -71.0687,45.3102 -71.0673,45.3105 -71.067,45.3111 -71.0652,45.3117 -71.0655,45.3125 -71.0647,45.3124 -71.0627,45.3131 -71.0623,45.3128 -71.0612,45.3128 -71.0603,45.3135 -71.0592,45.3138 -71.056,45.3129 -71.0538,45.3115 -71.0531,45.3114 -71.0467,45.3131 -71.0394,45.3125 -71.0358,45.3107 -71.0348,45.3107 -71.0339,45.3101 -71.0331,45.31 -71.0306,45.3127 -71.0274,45.3142 -71.0269,45.3147 -71.024,45.3153 -71.0226,45.3145 -71.0215,45.3144 -71.0212,45.3149 -71.0196,45.3154 -71.0164,45.3155 -71.0161,45.3163 -71.0129,45.317 -71.0107,45.3184 -71.0084,45.3192 -71.0083,45.3213 -71.0056,45.3245 -71.004,45.3273 -71.0023,45.328 -71.002,45.3284 -71.0034,45.3294 -71.0044,45.3311 -71.0067,45.3327 -71.0084,45.3333 -71.0121,45.3339 -71.0119,45.3344 -71.0112,45.3344 -71.0109,45.3347 -71.0109,45.3362 -71.0113,45.3365 -71.0115,45.3373 -71.0113,45.3379 -71.0106,45.3382 -71.0113,45.3391 -71.011,45.3396 -71.0113,45.3402 -71.0125,45.3412 -71.0125,45.3437 -71.0129,45.3443 -71.0116,45.3458 -71.011,45.3474 -71.0103,45.3476 -71.0041,45.3452 -71.0027,45.3443 -71.0014,45.3441 -71.0005,45.3421 -70.9936,45.3383 -70.991,45.3382 -70.9902,45.337 -70.99,45.3354 -70.9891,45.3342 -70.9857,45.333 -70.9849,45.3319 -70.983,45.3326 -70.9817,45.3326 -70.981,45.3322 -70.9783,45.3324 -70.9771,45.3327 -70.9765,45.3334 -70.9733,45.3336 -70.9717,45.3329 -70.9698,45.3329 -70.9686,45.3321 -70.9673,45.3321 -70.9662,45.3335 -70.9657,45.3333 -70.9646,45.3339 -70.9615,45.3365 -70.9592,45.3371 -70.9576,45.3381 -70.9564,45.3381 -70.9531,45.3391 -70.9524,45.3391 -70.9509,45.3384 -70.9502,45.3375 -70.9509,45.3348 -70.9492,45.3326 -70.949,45.3319 -70.9494,45.3313 -70.9481,45.3303 -70.9452,45.329 -70.9444,45.3274 -70.9452,45.3257 -70.9435,45.3239 -70.9407,45.3233 -70.9389,45.3199 -70.9304,45.3189 -70.9299,45.3185 -70.9294,45.3166 -70.9275,45.3159 -70.9271,45.3149 -70.9249,45.3148 -70.9236,45.3141 -70.9206,45.3135 -70.9179,45.3117 -70.9199,45.3079 -70.9191,45.3065 -70.9196,45.3053 -70.9138,45.3003 -70.912,45.2963 -70.9132,45.2948 -70.9138,45.2917 -70.9146,45.2917 -70.9149,45.2905 -70.916,45.2901 -70.9186,45.2873 -70.9186,45.2859 -70.9196,45.2852 -70.9207,45.281 -70.9216,45.2805 -70.9213,45.2792 -70.921,45.2788 -70.9164,45.2774 -70.9162,45.2761 -70.9136,45.2728 -70.9119,45.2718 -70.9112,45.27 -70.9085,45.2695 -70.9078,45.2687 -70.9051,45.2652 -70.9057,45.2648 -70.9061,45.2622 -70.9066,45.2616 -70.9059,45.2609 -70.9047,45.2605 -70.9033,45.2607 -70.9001,45.2588 -70.8989,45.2586 -70.8984,45.2582 -70.8981,45.2545 -70.8966,45.2531 -70.8958,45.253 -70.8951,45.2522 -70.8976,45.2482 -70.8982,45.2441 -70.8978,45.2433 -70.8965,45.2431 -70.8963,45.2426 -70.8969,45.2419 -70.8955,45.2411 -70.895,45.2403 -70.8926,45.239 -70.891,45.2391 -70.8893,45.2387 -70.889,45.2378 -70.8847,45.2349 -70.8833,45.2351 -70.8828,45.2343 -70.8808,45.2343 -70.8795,45.2334 -70.8747,45.2341 -70.8667,45.2314 -70.8637,45.231 -70.862,45.23 -70.8576,45.2291 -70.8533,45.2317 -70.8514,45.2321 -70.8461,45.2344 -70.8394,45.2342 -70.8381,45.2346 -70.8376,45.2351 -70.8366,45.2373 -70.8381,45.2372 -70.8392,45.2375 -70.8483,45.2444 -70.8487,45.2453 -70.8488,45.2466 -70.8479,45.2491 -70.848,45.2497 -70.8465,45.2533 -70.8482,45.2543 -70.8496,45.2559 -70.8481,45.2589 -70.8481,45.2604 -70.8489,45.2631 -70.8463,45.2646 -70.8438,45.2653 -70.841,45.2672 -70.8392,45.269 -70.8376,45.2737 -70.8371,45.2749 -70.8365,45.2752 -70.8364,45.276 -70.8344,45.2776 -70.8319,45.2789 -70.8312,45.2835 -70.83,45.2869 -70.8298,45.2899 -70.8304,45.2909 -70.8325,45.2911 -70.8347,45.293 -70.8353,45.2932 -70.8357,45.2936 -70.8355,45.2939 -70.8348,45.294 -70.8332,45.295 -70.8312,45.2953 -70.8276,45.2967 -70.8193,45.2989 -70.8176,45.2986 -70.8169,45.298 -70.8162,45.2982 -70.8159,45.2994 -70.814,45.3005 -70.8135,45.3013 -70.8123,45.302 -70.8115,45.3037 -70.8118,45.3056 -70.8129,45.3073 -70.8147,45.3082 -70.814,45.309 -70.8125,45.3095 -70.8102,45.3113 -70.8084,45.3119 -70.8087,45.3135 -70.8079,45.3151 -70.808,45.3167 -70.8077,45.3182 -70.8069,45.3196 -70.8069,45.3203 -70.8063,45.3206 -70.806,45.3214 -70.808,45.325 -70.8081,45.3267 -70.8076,45.3277 -70.8086,45.3284 -70.8113,45.3278 -70.8127,45.3279 -70.814,45.329 -70.8144,45.3299 -70.8152,45.3305 -70.8164,45.3308 -70.8169,45.3319 -70.818,45.3326 -70.819,45.3354 -70.8183,45.3376 -70.8179,45.3379 -70.8193,45.3391 -70.8198,45.3402 -70.8195,45.3415 -70.8172,45.3449 -70.8158,45.3459 -70.8127,45.3463 -70.8098,45.3487 -70.8095,45.3515 -70.8116,45.3521 -70.8138,45.3547 -70.8144,45.3566 -70.8138,45.3573 -70.8118,45.3571 -70.8098,45.3579 -70.8098,45.3595 -70.8085,45.3619 -70.8084,45.3631 -70.8067,45.364 -70.8031,45.365 -70.8026,45.3656 -70.8025,45.3667 -70.8045,45.3703 -70.8049,45.3729 -70.8066,45.3774 -70.8075,45.3785 -70.8083,45.3787 -70.8087,45.3794 -70.8097,45.38 -70.8104,45.3817 -70.8124,45.3835 -70.8129,45.386 -70.8136,45.3876 -70.817,45.3903 -70.8229,45.3905 -70.8239,45.3911 -70.8238,45.392 -70.8252,45.3931 -70.8242,45.3951 -70.8243,45.3967 -70.8259,45.3983 -70.8257,45.4003 -70.8188,45.4049 -70.8171,45.4082 -70.816,45.4086 -70.8145,45.4097 -70.8133,45.4112 -70.8127,45.4114 -70.812,45.413 -70.8113,45.4162 -70.8076,45.4165 -70.8027,45.4179 -70.8009,45.4211 -70.7984,45.4242 -70.7986,45.4258 -70.798,45.4265 -70.7953,45.428 -70.7928,45.4283 -70.7916,45.4281 -70.7898,45.4268 -70.789,45.4269 -70.7876,45.4265 -70.7856,45.4275 -70.7815,45.4312 -70.7796,45.4301 -70.7773,45.43 -70.7739,45.4289 -70.7678,45.4284 -70.7652,45.4262 -70.7643,45.426 -70.76,45.4272 -70.758,45.4282 -70.7547,45.4284 -70.7516,45.4263 -70.7506,45.4237 -70.7502,45.4234 -70.7492,45.4228 -70.7466,45.4222 -70.744,45.4211 -70.7443,45.4175 -70.7453,45.4162 -70.7449,45.415 -70.7437,45.4136 -70.7435,45.4118 -70.7423,45.4109 -70.7381,45.4089 -70.7367,45.4076 -70.7346,45.4063 -70.732,45.4054 -70.7304,45.4044 -70.7316,45.4018 -70.73,45.3994 -70.7282,45.3982 -70.7252,45.3969 -70.7239,45.3956 -70.7207,45.3947 -70.7175,45.393 -70.7145,45.392 -70.7119,45.3905 -70.7098,45.3909 -70.7074,45.392 -70.7073,45.3927 -70.7067,45.3931 -70.7043,45.3936 -70.7023,45.3935 -70.6995,45.3946 -70.6975,45.3938 -70.6974,45.393 -70.697,45.3927 -70.6958,45.3924 -70.692,45.3926 -70.6906,45.3932 -70.6876,45.3929 -70.6847,45.3947 -70.6828,45.3952 -70.6809,45.3946 -70.6781,45.3943 -70.6753,45.3929 -70.6743,45.3927 -70.6644,45.3877 -70.6633,45.3867 -70.6616,45.3863 -70.6611,45.3856 -70.6609,45.3829 -70.6611,45.3819 -70.6601,45.3793 -70.6608,45.3781 -70.6588,45.3777 -70.6555,45.3778 -70.653,45.3775 -70.6518,45.3769 -70.6465,45.3787 -70.6408,45.3813 -70.6368,45.3823 -70.6355,45.3834 -70.6349,45.3834 -70.6346,45.3838 -70.6351,45.3845 -70.6349,45.3853 -70.6371,45.3872 -70.6376,45.3882 -70.6388,45.3888 -70.6381,45.3906 -70.6365,45.3925 -70.6363,45.3953 -70.6343,45.3975 -70.6306,45.3993 -70.6293,45.3992 -70.6284,45.3998 -70.6262,45.3996 -70.6233,45.4002 -70.6212,45.4028 -70.6226,45.4041 -70.6236,45.4057 -70.6243,45.4061 -70.6301,45.407 -70.6308,45.4074 -70.6314,45.4083 -70.6329,45.4086 -70.635,45.4111 -70.635,45.4118 -70.6356,45.4128 -70.6355,45.4149 -70.6343,45.4159 -70.632,45.4156 -70.6311,45.4159 -70.6311,45.4178 -70.6303,45.4181 -70.6304,45.4187 -70.6287,45.4192 -70.6288,45.4199 -70.6277,45.4207 -70.628,45.4215 -70.6279,45.4227 -70.6297,45.4246 -70.6298,45.4263 -70.6305,45.4268 -70.6361,45.4274 -70.6369,45.4286 -70.6404,45.4308 -70.6431,45.4337 -70.6433,45.4344 -70.6426,45.4363 -70.6448,45.4369 -70.6462,45.4378 -70.6501,45.4429 -70.6502,45.4441 -70.6507,45.4449 -70.6544,45.4456 -70.6624,45.4458 -70.6632,45.4461 -70.6662,45.4484 -70.6749,45.4518 -70.681,45.4521 -70.6815,45.4527 -70.6815,45.4535 -70.6809,45.4561 -70.681,45.4584 -70.6819,45.4618 -70.6832,45.4627 -70.6856,45.4633 -70.6903,45.4636 -70.6915,45.4642 -70.6928,45.4664 -70.6917,45.4697 -70.6917,45.4742 -70.6922,45.4747 -70.6953,45.4759 -70.6968,45.4774 -70.6989,45.4787 -70.7037,45.4792 -70.7046,45.4789 -70.706,45.4795 -70.7074,45.4803 -70.7104,45.483 -70.7164,45.4865 -70.7178,45.4902 -70.7166,45.4923 -70.7133,45.4954 -70.7116,45.4975 -70.7113,45.4992 -70.7122,45.5009 -70.7115,45.5017 -70.7128,45.5029 -70.714,45.5032 -70.7154,45.5045 -70.7168,45.5043 -70.7223,45.5062 -70.7236,45.5094 -70.7229,45.5128 -70.7214,45.5153 -70.7198,45.5165 -70.7176,45.5175 -70.7168,45.5183 -70.7157,45.5188 -70.7144,45.5186 -70.711,45.5196 -70.7091,45.5248 -70.7069,45.526 -70.7067,45.5276 -70.7062,45.5281 -70.7023,45.5297 -70.699,45.5301 -70.6991,45.5306 -70.7007,45.5315 -70.7009,45.5325 -70.698,45.5355 -70.6964,45.5386 -70.6965,45.54 -70.6959,45.5408 -70.6921,45.543 -70.687,45.5494 -70.6844,45.551 -70.679,45.5512 -70.6775,45.5516 -70.6771,45.5522 -70.6794,45.554 -70.6841,45.5568 -70.6861,45.5594 -70.6876,45.56 -70.6892,45.5622 -70.6883,45.5641 -70.6869,45.5643 -70.6856,45.5652 -70.6858,45.5661 -70.6851,45.5666 -70.6861,45.568 -70.6879,45.5684 -70.6881,45.5689 -70.6876,45.5694 -70.6861,45.5695 -70.6842,45.569 -70.678,45.5705 -70.6776,45.5714 -70.6758,45.5729 -70.6749,45.5742 -70.672,45.5762 -70.6725,45.5779 -70.6721,45.5785 -70.6653,45.5826 -70.6641,45.5828 -70.6635,45.5836 -70.6637,45.5845 -70.6635,45.5847 -70.6615,45.5854 -70.6591,45.5872 -70.6591,45.5897 -70.6569,45.5905 -70.6542,45.5925 -70.6519,45.5955 -70.6496,45.5978 -70.6496,45.5983 -70.6508,45.5994 -70.6492,45.6005 -70.6461,45.6039 -70.6449,45.6068 -70.6376,45.6091 -70.636,45.6099 -70.6349,45.6101 -70.6329,45.6093 -70.6316,45.6092 -70.6296,45.6101 -70.6268,45.6101 -70.6244,45.6116 -70.6231,45.6112 -70.6195,45.6119 -70.6188,45.6127 -70.6189,45.6144 -70.6183,45.6148 -70.6182,45.6155 -70.6171,45.6167 -70.6155,45.6178 -70.6156,45.6183 -70.612,45.6198 -70.6111,45.621 -70.6085,45.6218 -70.6071,45.6238 -70.607,45.6257 -70.605,45.6266 -70.6027,45.6268 -70.5996,45.6276 -70.5969,45.6297 -70.5923,45.6295 -70.5915,45.63 -70.5909,45.6305 -70.5905,45.632 -70.5906,45.6329 -70.5899,45.6338 -70.5867,45.6353 -70.586,45.6377 -70.5838,45.639 -70.584,45.6395 -70.5836,45.6405 -70.5836,45.6422 -70.5812,45.6426 -70.5795,45.6435 -70.5785,45.6447 -70.5771,45.6457 -70.577,45.6466 -70.5763,45.647 -70.5756,45.6482 -70.5729,45.6488 -70.5725,45.6496 -70.5684,45.652 -70.567,45.6539 -70.5649,45.6548 -70.5647,45.6553 -70.5653,45.6569 -70.5634,45.6581 -70.5622,45.6602 -70.5637,45.662 -70.5637,45.6626 -70.5603,45.6639 -70.5605,45.6646 -70.5584,45.6666 -70.5574,45.667 -70.5557,45.6666 -70.5529,45.6679 -70.5468,45.666 -70.5458,45.6662 -70.5448,45.6669 -70.5423,45.6664 -70.5393,45.6679 -70.538,45.6689 -70.5351,45.6698 -70.5339,45.671 -70.5332,45.671 -70.5305,45.6696 -70.5279,45.6671 -70.5264,45.6664 -70.5258,45.6666 -70.523,45.6683 -70.5199,45.6691 -70.5198,45.6696 -70.5193,45.6698 -70.5197,45.6714 -70.5177,45.6727 -70.5179,45.6733 -70.5172,45.674 -70.5125,45.6768 -70.5108,45.6782 -70.5108,45.6791 -70.5059,45.6812 -70.5024,45.6818 -70.5027,45.6826 -70.5024,45.6833 -70.4966,45.6855 -70.4971,45.6863 -70.4945,45.6876 -70.4943,45.6886 -70.4919,45.6895 -70.4911,45.6894 -70.4861,45.6918 -70.4851,45.6926 -70.4847,45.6936 -70.4837,45.6934 -70.4834,45.6937 -70.4827,45.6936 -70.4806,45.6943 -70.4794,45.6949 -70.4778,45.6963 -70.476,45.6969 -70.4751,45.6977 -70.4749,45.6986 -70.4691,45.7017 -70.4704,45.7027 -70.4705,45.7031 -70.4671,45.7046 -70.4671,45.7052 -70.4655,45.7065 -70.4617,45.7055 -70.46,45.7065 -70.4559,45.707 -70.4544,45.7067 -70.4509,45.704 -70.4495,45.7044 -70.4476,45.7042 -70.4463,45.7037 -70.4445,45.7037 -70.441,45.7053 -70.4404,45.7045 -70.4392,45.7039 -70.4328,45.7067 -70.4299,45.7071 -70.4295,45.7074 -70.4287,45.7073 -70.4283,45.7076 -70.4259,45.7071 -70.4255,45.7074 -70.4255,45.7078 -70.4268,45.7083 -70.4289,45.708 -70.4289,45.7088 -70.4296,45.71 -70.4293,45.7104 -70.4284,45.7103 -70.4257,45.7117 -70.423,45.7118 -70.4177,45.7134 -70.413,45.7155 -70.4132,45.7161 -70.413,45.7165 -70.4107,45.7163 -70.4077,45.7167 -70.4073,45.7173 -70.4065,45.7177 -70.4036,45.7184 -70.4027,45.7192 -70.4003,45.7197 -70.4001,45.7203 -70.3995,45.7205 -70.3996,45.721 -70.4006,45.7216 -70.3975,45.7232 -70.3977,45.7241 -70.3971,45.7244 -70.3967,45.7252 -70.3973,45.7256 -70.3976,45.7264 -70.3968,45.7268 -70.397,45.7286 -70.3967,45.7289 -70.3951,45.7296 -70.3925,45.7292 -70.3911,45.7285 -70.39,45.7286 -70.3858,45.7326 -70.3857,45.7335 -70.3841,45.7341 -70.3839,45.7345 -70.3843,45.7348 -70.3853,45.7345 -70.3857,45.7347 -70.3858,45.7352 -70.3848,45.7357 -70.3853,45.7363 -70.3872,45.7364 -70.3879,45.736 -70.3892,45.7359 -70.3901,45.7361 -70.3903,45.737 -70.3894,45.7374 -70.3896,45.7377 -70.3908,45.7375 -70.392,45.7381 -70.3924,45.7386 -70.3919,45.7393 -70.3935,45.7396 -70.3939,45.7401 -70.3936,45.7411 -70.393,45.7415 -70.3932,45.7419 -70.3944,45.7422 -70.3945,45.7436 -70.3942,45.7441 -70.393,45.7443 -70.3921,45.7457 -70.3904,45.7462 -70.3891,45.747 -70.388,45.7484 -70.3886,45.7491 -70.3884,45.7501 -70.3946,45.7548 -70.3959,45.7566 -70.3976,45.7571 -70.4007,45.7573 -70.407,45.7627 -70.407,45.7639 -70.4063,45.7647 -70.4064,45.7684 -70.406,45.7697 -70.4054,45.77 -70.4062,45.7712 -70.4074,45.7722 -70.4076,45.7732 -70.4064,45.7756 -70.4056,45.7765 -70.4058,45.7769 -70.4069,45.7774 -70.4083,45.7799 -70.4082,45.7804 -70.4088,45.7811 -70.4093,45.7829 -70.4102,45.7843 -70.411,45.7847 -70.415,45.7844 -70.4157,45.7854 -70.4151,45.7868 -70.4152,45.7874 -70.4144,45.7901 -70.4148,45.7914 -70.4166,45.7935 -70.4177,45.7939 -70.4169,45.7955 -70.4132,45.7961 -70.4083,45.7977 -70.4067,45.7977 -70.404,45.7963 -70.4014,45.7959 -70.399,45.7966 -70.3961,45.7986 -70.3957,45.7995 -70.3964,45.7997 -70.3966,45.8001 -70.3964,45.8016 -70.3957,45.8025 -70.3979,45.8038 -70.3969,45.8051 -70.3967,45.8064 -70.3971,45.8075 -70.3953,45.8092 -70.3904,45.8121 -70.3902,45.8133 -70.3881,45.8139 -70.3878,45.8144 -70.3878,45.8156 -70.3883,45.8165 -70.388,45.8188 -70.384,45.8217 -70.3818,45.8228 -70.3802,45.8246 -70.3767,45.8267 -70.3752,45.8275 -70.3728,45.8276 -70.3722,45.828 -70.3716,45.8295 -70.3694,45.8312 -70.3703,45.8317 -70.3698,45.8325 -70.3719,45.834 -70.3709,45.8351 -70.3687,45.836 -70.3675,45.8357 -70.3669,45.8348 -70.3644,45.8347 -70.3617,45.8358 -70.3594,45.8355 -70.3561,45.8379 -70.3565,45.8388 -70.3555,45.8396 -70.3522,45.8409 -70.3523,45.842 -70.3529,45.8424 -70.3517,45.844 -70.3504,45.8445 -70.3494,45.8456 -70.3493,45.847 -70.3471,45.8482 -70.3464,45.849 -70.3436,45.8499 -70.343,45.8511 -70.3419,45.8523 -70.3378,45.8527 -70.3358,45.8533 -70.333,45.8531 -70.3308,45.8542 -70.3291,45.8541 -70.329,45.8549 -70.3234,45.8553 -70.3217,45.8562 -70.32,45.8557 -70.3176,45.8563 -70.3144,45.8578 -70.3117,45.8585 -70.3098,45.8584 -70.3077,45.859 -70.3057,45.8602 -70.3034,45.8628 -70.2967,45.8649 -70.2929,45.8674 -70.2916,45.8679 -70.2904,45.869 -70.2897,45.8691 -70.2877,45.8708 -70.2844,45.8718 -70.2825,45.8736 -70.2812,45.8741 -70.2807,45.8747 -70.2807,45.8755 -70.2795,45.8766 -70.2774,45.8776 -70.277,45.8783 -70.2737,45.8798 -70.2737,45.8804 -70.2743,45.8804 -70.2745,45.881 -70.2736,45.8814 -70.2724,45.8829 -70.2675,45.8858 -70.266,45.8861 -70.2636,45.8876 -70.262,45.8881 -70.2597,45.89 -70.2599,45.8904 -70.2592,45.891 -70.2593,45.8913 -70.2618,45.8924 -70.2623,45.8921 -70.2639,45.8926 -70.2656,45.8933 -70.2657,45.8938 -70.2644,45.8943 -70.263,45.8964 -70.2614,45.8969 -70.2606,45.8984 -70.2597,45.8992 -70.2582,45.8997 -70.2572,45.9006 -70.2558,45.901 -70.2552,45.9018 -70.2538,45.9026 -70.2533,45.9034 -70.2539,45.904 -70.2535,45.905 -70.2538,45.9058 -70.2534,45.9074 -70.2543,45.9076 -70.2553,45.909 -70.257,45.9089 -70.2593,45.9094 -70.2596,45.9106 -70.2584,45.912 -70.2585,45.9142 -70.2589,45.915 -70.2585,45.9155 -70.2576,45.9157 -70.2573,45.9162 -70.2577,45.9173 -70.2572,45.9176 -70.2574,45.9183 -70.2591,45.9188 -70.2605,45.9204 -70.2623,45.92 -70.2625,45.9214 -70.2622,45.9226 -70.2631,45.9239 -70.2619,45.9252 -70.2589,45.9267 -70.2587,45.9285 -70.256,45.929 -70.254,45.9308 -70.2533,45.9325 -70.2514,45.9338 -70.2503,45.934 -70.2483,45.935 -70.2468,45.9362 -70.2439,45.9371 -70.2435,45.9369 -70.2426,45.9379 -70.2402,45.9391 -70.2395,45.9398 -70.2402,45.9409 -70.2397,45.9415 -70.2404,45.942 -70.2403,45.9429 -70.2391,45.9435 -70.2392,45.9439 -70.2405,45.9438 -70.2413,45.9446 -70.2423,45.9443 -70.2443,45.9447 -70.2427,45.9458 -70.2428,45.9462 -70.2424,45.9466 -70.2447,45.9476 -70.2459,45.9491 -70.248,45.9496 -70.2485,45.9502 -70.2481,45.951 -70.2484,45.9515 -70.249,45.9517 -70.2492,45.9521 -70.249,45.9524 -70.2507,45.9531 -70.2518,45.9542 -70.2514,45.9546 -70.2525,45.9553 -70.2533,45.9552 -70.2549,45.9543 -70.2552,45.9538 -70.2549,45.9531 -70.2563,45.952 -70.2577,45.9526 -70.2589,45.952 -70.2605,45.9523 -70.2609,45.9529 -70.2604,45.9536 -70.2586,45.9546 -70.2586,45.9553 -70.2594,45.9557 -70.2601,45.9575 -70.258,45.959 -70.2614,45.96 -70.2633,45.962 -70.2644,45.9622 -70.2643,45.9627 -70.2653,45.9628 -70.2654,45.964 -70.2657,45.9642 -70.2674,45.9628 -70.2701,45.9621 -70.2712,45.9614 -70.2735,45.9611 -70.2744,45.9614 -70.275,45.9627 -70.2749,45.9634 -70.2729,45.9641 -70.2728,45.9644 -70.2736,45.9642 -70.2748,45.9662 -70.2757,45.9669 -70.277,45.9672 -70.2774,45.9665 -70.2801,45.9655 -70.2801,45.965 -70.2812,45.9641 -70.2821,45.9643 -70.283,45.9638 -70.2842,45.9645 -70.2867,45.9645 -70.2884,45.9639 -70.289,45.9632 -70.2908,45.9636 -70.295,45.9629 -70.2968,45.9635 -70.2983,45.9629 -70.3007,45.9642 -70.3035,45.9641 -70.3038,45.9648 -70.3051,45.9648 -70.3067,45.9643 -70.3093,45.9628 -70.3125,45.9621 -70.3134,45.963 -70.3159,45.963 -70.316,45.9639 -70.3122,45.9657 -70.3117,45.9664 -70.3124,45.9692 -70.3112,45.9712 -70.3113,45.972 -70.3102,45.9725 -70.3107,45.9736 -70.3119,45.9739 -70.312,45.9744 -70.3115,45.9751 -70.3102,45.9757 -70.31,45.9772 -70.3071,45.9783 -70.3085,45.9796 -70.3089,45.9804 -70.3088,45.9807 -70.3081,45.9807 -70.307,45.9827 -70.3017,45.9844 -70.2998,45.9859 -70.2955,45.9859 -70.2946,45.9862 -70.293,45.9879 -70.2916,45.9887 -70.2911,45.9897 -70.2864,45.9925 -70.2872,45.993 -70.2871,45.9935 -70.284,45.9953 -70.2887,45.994 -70.2889,45.9944 -70.2884,45.9947 -70.2888,45.9953 -70.2908,45.9948 -70.2911,45.995 -70.2911,45.9953 -70.2905,45.9954 -70.2904,45.9959 -70.2914,45.9961 -70.2919,45.9966 -70.2915,45.9972 -70.292,45.9974 -70.294,45.9969 -70.2954,45.997 -70.2966,45.9977 -70.2981,45.9979 -70.2989,45.9985 -70.2994,45.9983 -70.3005,45.9989 -70.3023,45.9987 -70.3028,45.999 -70.304,46.0012 -70.3027,46.0019 -70.3031,46.0032 -70.3043,46.0032 -70.3051,46.0038 -70.3055,46.0052 -70.305,46.007 -70.3056,46.0098 -70.3068,46.0109 -70.3081,46.0106 -70.3107,46.0122 -70.3103,46.0141 -70.3109,46.0156 -70.3117,46.0159 -70.3121,46.0166 -70.3142,46.0166 -70.3147,46.017 -70.3151,46.0182 -70.3176,46.0191 -70.3176,46.0195 -70.316,46.02 -70.3151,46.0213 -70.3134,46.0224 -70.304,46.0264 -70.3014,46.0279 -70.3014,46.0288 -70.2993,46.0297 -70.2988,46.0302 -70.299,46.0311 -70.3015,46.032 -70.3017,46.0326 -70.3008,46.0339 -70.3008,46.0351 -70.2995,46.0363 -70.2997,46.0369 -70.2991,46.0384 -70.2964,46.041 -70.2932,46.0416 -70.2919,46.0436 -70.2904,46.0444 -70.2889,46.0467 -70.2813,46.0505 -70.2796,46.0524 -70.2804,46.0532 -70.2805,46.054 -70.2784,46.0571 -70.2788,46.0575 -70.279,46.0591 -70.2782,46.0596 -70.2785,46.0603 -70.2789,46.0606 -70.2819,46.0606 -70.2832,46.0625 -70.2841,46.0627 -70.2879,46.0625 -70.2922,46.0607 -70.2974,46.0607 -70.2984,46.0611 -70.3008,46.0609 -70.3017,46.0612 -70.3028,46.0622 -70.3062,46.0614 -70.3076,46.0615 -70.3093,46.0629 -70.3107,46.0646 -70.3086,46.0659 -70.3079,46.0669 -70.3058,46.0687 -70.3051,46.07 -70.3036,46.0702 -70.3031,46.0706 -70.3037,46.0714 -70.3048,46.0717 -70.3047,46.0722 -70.3021,46.0735 -70.3027,46.0751 -70.3025,46.0761 -70.3005,46.0778 -70.3001,46.0792 -70.3021,46.0809 -70.3023,46.0813 -70.3018,46.0824 -70.3003,46.0837 -70.2938,46.0857 -70.2917,46.0873 -70.2911,46.0886 -70.2909,46.0917 -70.29,46.0941 -70.2893,46.0949 -70.285,46.0975 -70.2846,46.0987 -70.2853,46.0999 -70.2818,46.1004 -70.2778,46.1002 -70.2727,46.1023 -70.2705,46.1013 -70.2686,46.1015 -70.2644,46.1009 -70.2593,46.1011 -70.2583,46.1009 -70.2572,46.1002 -70.2544,46.0996 -70.2534,46.0997 -70.2528,46.1001 -70.2523,46.1015 -70.2529,46.1029 -70.2531,46.1044 -70.2524,46.1062 -70.2527,46.1073 -70.2551,46.1083 -70.2553,46.109 -70.255,46.1099 -70.2554,46.1107 -70.2542,46.1114 -70.2539,46.1128 -70.2546,46.1135 -70.2524,46.1153 -70.2525,46.1159 -70.2512,46.1181 -70.2513,46.1193 -70.2507,46.1202 -70.2478,46.1228 -70.248,46.1239 -70.2474,46.1245 -70.2474,46.1255 -70.2458,46.126 -70.2447,46.1272 -70.2446,46.1282 -70.2436,46.1291 -70.2437,46.1308 -70.2426,46.1318 -70.2428,46.133 -70.2418,46.1346 -70.242,46.1352 -70.2403,46.1368 -70.2399,46.1377 -70.2396,46.1428 -70.2394,46.1433 -70.237,46.1449 -70.2369,46.1459 -70.2404,46.1504 -70.2425,46.15 -70.2481,46.152 -70.2481,46.1534 -70.2495,46.1538 -70.2503,46.1544 -70.2499,46.156 -70.2505,46.1567 -70.2521,46.1574 -70.2531,46.1585 -70.2551,46.1586 -70.2559,46.1598 -70.257,46.1599 -70.2576,46.1609 -70.2587,46.1613 -70.2585,46.1622 -70.2591,46.1632 -70.2599,46.1638 -70.2608,46.1639 -70.2619,46.1647 -70.2635,46.1648 -70.2642,46.1652 -70.2648,46.1677 -70.2659,46.1683 -70.2663,46.1694 -70.2672,46.1696 -70.2684,46.1705 -70.27,46.1706 -70.2712,46.1721 -70.273,46.1723 -70.2751,46.1733 -70.275,46.1744 -70.2776,46.1748 -70.2796,46.1763 -70.2801,46.1776 -70.2823,46.1788 -70.2829,46.1799 -70.284,46.1807 -70.2841,46.1817 -70.286,46.1826 -70.2862,46.1847 -70.2902,46.1854 -70.2909,46.1859 -70.2909,46.1872 -70.2904,46.188 -70.2904,46.189 -70.2915,46.1896 -70.2915,46.1902 -70.2925,46.1905 -70.2927,46.1916 -70.2891,46.1931 -70.2889,46.1939 -70.2881,46.1939 -70.2881,46.1951 -70.2878,46.1953 -70.2861,46.1955 -70.2855,46.197 -70.2838,46.1987 -70.2818,46.1998 -70.2813,46.2012 -70.2796,46.2015 -70.2775,46.2037 -70.2773,46.2042 -70.2775,46.2047 -70.2764,46.2074 -70.272,46.2099 -70.2721,46.2107 -70.2714,46.2111 -70.2713,46.2115 -70.2721,46.2125 -70.2721,46.2135 -70.274,46.2143 -70.2745,46.2149 -70.2733,46.2164 -70.2727,46.2166 -70.2727,46.2171 -70.2715,46.2169 -70.2704,46.2173 -70.2673,46.2194 -70.268,46.2209 -70.2664,46.2231 -70.2666,46.2253 -70.2646,46.2276 -70.2606,46.231 -70.2606,46.2315 -70.2599,46.2324 -70.26,46.2336 -70.2589,46.235 -70.2584,46.2363 -70.2585,46.2375 -70.259,46.2386 -70.2568,46.2406 -70.257,46.2417 -70.2563,46.2428 -70.2566,46.2434 -70.2555,46.2446 -70.2538,46.2455 -70.2551,46.2459 -70.2552,46.2462 -70.2508,46.2489 -70.2507,46.2492 -70.2516,46.2504 -70.2516,46.252 -70.2545,46.2536 -70.2544,46.2542 -70.2529,46.2549 -70.2532,46.2568 -70.2525,46.2595 -70.2504,46.2609 -70.2502,46.2632 -70.2483,46.2654 -70.2484,46.2672 -70.2431,46.2715 -70.2434,46.2727 -70.2432,46.2729 -70.2423,46.2732 -70.2414,46.2725 -70.2407,46.2727 -70.2404,46.2732 -70.2405,46.2746 -70.2394,46.2757 -70.2399,46.2766 -70.2397,46.2788 -70.2378,46.2805 -70.2358,46.2811 -70.2343,46.2831 -70.2328,46.2842 -70.2316,46.2877 -70.2313,46.291 -70.2288,46.2915 -70.2285,46.2923 -70.2274,46.292 -70.2253,46.2926 -70.2213,46.2929 -70.2165,46.2942 -70.2169,46.2949 -70.2163,46.2952 -70.2152,46.2945 -70.2138,46.2965 -70.2141,46.2972 -70.2129,46.2979 -70.2118,46.2983 -70.2106,46.298 -70.2065,46.2991 -70.2058,46.2996 -70.2056,46.3003 -70.2065,46.3011 -70.2065,46.3015 -70.2051,46.3027 -70.2064,46.3056 -70.206,46.3078 -70.2061,46.3092 -70.2038,46.3121 -70.203,46.3143 -70.2047,46.3169 -70.2064,46.3182 -70.207,46.3195 -70.207,46.32 -70.2066,46.3204 -70.2071,46.322 -70.2062,46.3233 -70.2059,46.3244 -70.2067,46.3254 -70.2075,46.328 -70.2087,46.3294 -70.207,46.3315 -70.2064,46.3316 -70.2052,46.3326 -70.2041,46.334 -70.202,46.3352 -70.2005,46.3371 -70.1953,46.3411 -70.1953,46.3438 -70.1933,46.3458 -70.1929,46.3471 -70.1911,46.3477 -70.1917,46.349 -70.1913,46.3497 -70.1899,46.3503 -70.1884,46.3498 -70.1878,46.3499 -70.1848,46.3517 -70.1825,46.3517 -70.1816,46.352 -70.1808,46.3541 -70.1774,46.3555 -70.1765,46.3562 -70.1749,46.3584 -70.1727,46.3591 -70.1708,46.3592 -70.1693,46.3589 -70.1662,46.357 -70.1643,46.3585 -70.1624,46.3591 -70.1622,46.3603 -70.1617,46.3606 -70.1601,46.3607 -70.1596,46.3603 -70.1601,46.3595 -70.159,46.359 -70.1577,46.3594 -70.1577,46.3606 -70.1565,46.3613 -70.1533,46.3597 -70.1492,46.3586 -70.1478,46.3588 -70.1445,46.3619 -70.1421,46.3619 -70.1405,46.3625 -70.1402,46.3634 -70.1412,46.3644 -70.1388,46.3656 -70.1382,46.3664 -70.1379,46.3684 -70.1363,46.3697 -70.1356,46.3697 -70.1352,46.369 -70.1346,46.3687 -70.1335,46.3686 -70.1324,46.3693 -70.1291,46.3695 -70.1287,46.3705 -70.1266,46.3706 -70.1273,46.3721 -70.1275,46.3787 -70.1263,46.3808 -70.1186,46.3842 -70.1159,46.3858 -70.1159,46.3868 -70.1168,46.3871 -70.1172,46.3876 -70.1163,46.388 -70.1152,46.388 -70.1149,46.3876 -70.1148,46.3853 -70.1145,46.3851 -70.1137,46.3851 -70.112,46.3859 -70.1106,46.3858 -70.1107,46.3862 -70.1126,46.3875 -70.112,46.388 -70.1113,46.388 -70.1107,46.3872 -70.1098,46.3873 -70.1095,46.388 -70.1099,46.3887 -70.1085,46.3888 -70.1081,46.3893 -70.1091,46.3905 -70.1083,46.3911 -70.1077,46.3911 -70.1069,46.3905 -70.1062,46.3907 -70.1069,46.3926 -70.1067,46.3929 -70.1041,46.3937 -70.104,46.3945 -70.1004,46.3979 -70.1002,46.3984 -70.1006,46.3993 -70.1006,46.401 -70.1003,46.4012 -70.0985,46.4009 -70.0996,46.4021 -70.099,46.4027 -70.1002,46.4032 -70.0978,46.404 -70.1008,46.4048 -70.1002,46.4052 -70.0958,46.4055 -70.0952,46.4066 -70.0967,46.4068 -70.0943,46.4078 -70.095,46.4084 -70.0961,46.4085 -70.0963,46.4094 -70.0947,46.4096 -70.0922,46.4092 -70.0899,46.4105 -70.0891,46.4106 -70.0884,46.4104 -70.0874,46.4093 -70.0868,46.4091 -70.0827,46.4103 -70.0788,46.4104 -70.0779,46.4095 -70.0757,46.4094 -70.0711,46.4112 -70.0664,46.4121 -70.0656,46.4126 -70.0647,46.4138 -70.0618,46.4139 -70.0572,46.415 -70.0565,46.4157 -70.0566,46.4166 -70.0594,46.4199 -70.0598,46.4216 -70.0593,46.4222 -70.0547,46.4248 -70.0442,46.4742 -70.0426,46.4793 -70.0421,46.4842 -70.0407,46.4916 -70.0261,46.559 -70.0197,46.5922 -70.0123,46.6249 -69.9995,46.6854 -69.9971,46.6952 -69.9959,46.6967 -69.9538,46.7387 -69.9405,46.7526 -69.8744,46.8182 -69.8186,46.875 -69.5873,47.1039 -69.5542,47.1371 -69.4178,47.271 -69.2495,47.4355 -69.2244,47.4597 -69.2191,47.4569 -69.2154,47.4565 -69.2123,47.4548 -69.2054,47.4537 -69.205,47.4528 -69.2039,47.4522 -69.1965,47.455 -69.1941,47.4552 -69.1899,47.4535 -69.1881,47.4546 -69.1849,47.4551 -69.1842,47.4558 -69.1798,47.4558 -69.1784,47.4566 -69.1775,47.4561 -69.1756,47.4559 -69.1749,47.4553 -69.1731,47.4552 -69.1722,47.4535 -69.1714,47.4531 -69.1694,47.4529 -69.1644,47.451 -69.1632,47.4503 -69.163,47.4498 -69.163,47.4495 -69.1642,47.4488 -69.1616,47.4476 -69.161,47.4476 -69.1591,47.4485 -69.1568,47.4509 -69.1554,47.4507 -69.1509,47.4489 -69.1459,47.4487 -69.1419,47.4453 -69.141,47.4441 -69.1401,47.4441 -69.1398,47.4463 -69.1387,47.4466 -69.1345,47.4448 -69.126,47.4427 -69.1235,47.4411 -69.1226,47.4412 -69.1222,47.4421 -69.1217,47.4421 -69.1176,47.4388 -69.1128,47.4379 -69.1124,47.4375 -69.1131,47.4367 -69.1129,47.4361 -69.112,47.4358 -69.1082,47.4358 -69.1076,47.435 -69.1075,47.4333 -69.1071,47.4322 -69.1065,47.4314 -69.1067,47.4303 -69.1077,47.4285 -69.1073,47.4278 -69.1058,47.4276 -69.1049,47.428 -69.1038,47.4295 -69.1037,47.4306 -69.1007,47.4308 -69.0999,47.4303 -69.0993,47.4304 -69.0988,47.4312 -69.0985,47.4312 -69.0974,47.4303 -69.0968,47.427 -69.0912,47.4269 -69.0909,47.4266 -69.0907,47.4246 -69.0903,47.4244 -69.0883,47.4254 -69.0874,47.4255 -69.0825,47.424 -69.0806,47.424 -69.0776,47.426 -69.076,47.4262 -69.074,47.4273 -69.0699,47.4271 -69.0682,47.4275 -69.0676,47.4293 -69.0667,47.4302 -69.0653,47.4309 -69.0645,47.4311 -69.0619,47.4306 -69.062,47.4316 -69.0632,47.4328 -69.0632,47.4335 -69.062,47.434 -69.0616,47.4333 -69.0596,47.4327 -69.0552,47.4322 -69.0562,47.4301 -69.0552,47.4299 -69.0543,47.4292 -69.0532,47.429 -69.0529,47.4293 -69.0528,47.4305 -69.0523,47.4306 -69.0517,47.4301 -69.052,47.4285 -69.0494,47.4263 -69.0482,47.4248 -69.049,47.424 -69.0515,47.4232 -69.0518,47.4225 -69.0498,47.4223 -69.0472,47.4233 -69.0463,47.424 -69.046,47.4244 -69.0462,47.4257 -69.0475,47.427 -69.0471,47.4277 -69.0447,47.4278 -69.0439,47.4276 -69.0427,47.4267 -69.0417,47.4234 -69.0393,47.4222 -69.0393,47.419 -69.0416,47.4168 -69.0418,47.4158 -69.0412,47.4152 -69.0389,47.4147 -69.0346,47.4149 -69.0342,47.4144 -69.0355,47.413 -69.0355,47.4109 -69.0369,47.4089 -69.0369,47.408 -69.0359,47.4075 -69.0338,47.4076 -69.032,47.4086 -69.031,47.4088 -69.0304,47.4084 -69.0304,47.4078 -69.0328,47.4052 -69.0323,47.4044 -69.0313,47.4037 -69.0311,47.4031 -69.0327,47.4029 -69.0384,47.4043 -69.0398,47.4037 -69.0399,47.4031 -69.0407,47.4023 -69.0417,47.4019 -69.0424,47.4011 -69.0416,47.3987 -69.0408,47.3981 -69.0385,47.3976 -69.0381,47.3971 -69.0389,47.396 -69.0396,47.3957 -69.0417,47.3973 -69.0432,47.3972 -69.0437,47.395 -69.0451,47.3928 -69.0451,47.3912 -69.0443,47.3893 -69.0398,47.3863 -69.0393,47.3851 -69.0398,47.3839 -69.0405,47.3831 -69.042,47.3826 -69.0436,47.3831 -69.044,47.3837 -69.0447,47.3839 -69.0472,47.3838 -69.0474,47.3832 -69.0484,47.3822 -69.0501,47.3813 -69.0494,47.3797 -69.0497,47.3793 -69.0509,47.3787 -69.0526,47.3785 -69.0539,47.3769 -69.0533,47.3386 -69.0536,47.3227 -69.0546,47.3159 -69.0491,47.3065 -69.0502,47.3043 -69.0504,47.3025 -69.0512,47.3 -68.7999,47.3488 -68.7479,47.3665 -68.7326,47.372 -68.7288,47.373 -68.5692,47.4271 -68.4621,47.5001 -68.3835,47.5532 -68.3831,47.7365 -68.3825,47.7908 -68.3827,47.9162 -68.2854,47.9164 -68.2062,47.9161 -68.1222,47.9165 -68.1222,48.0001 -67.5984,48 -67.5986,47.9997 -67.5977,47.9964 -67.5981,47.9957 -67.6028,47.9941 -67.6109,47.9898 -67.6112,47.989 -67.6109,47.9873 -67.6126,47.985 -67.6121,47.9841 -67.6145,47.9806 -67.6137,47.9788 -67.613,47.9784 -67.6052,47.977 -67.6039,47.9762 -67.6024,47.9735 -67.601,47.9719 -67.5998,47.9711 -67.5989,47.9698 -67.5987,47.9685 -67.5989,47.9676 -67.6007,47.9637 -67.6015,47.963 -67.6067,47.9613 -67.6076,47.9605 -67.6083,47.9593 -67.6085,47.958 -67.6082,47.9557 -67.6065,47.9547 -67.6034,47.9536 -67.6026,47.9529 -67.603,47.9519 -67.6082,47.9489 -67.6087,47.9483 -67.6089,47.9474 -67.6087,47.9464 -67.6071,47.9438 -67.606,47.941 -67.608,47.9372 -67.608,47.9363 -67.6068,47.935 -67.6036,47.9332 -67.5982,47.9319 -67.5966,47.9311 -67.5961,47.9304 -67.5959,47.9275 -67.5949,47.9249 -67.5933,47.924 -67.5913,47.9239 -67.5895,47.9242 -67.5835,47.9262 -67.5822,47.9263 -67.5658,47.9202 -67.5597,47.9188 -67.5575,47.9187 -67.5524,47.9202 -67.5488,47.9202 -67.5465,47.9194 -67.5432,47.917 -67.5388,47.9152 -67.5363,47.9155 -67.529,47.9142 -67.5269,47.9133 -67.5215,47.9142 -67.5149,47.9128 -67.5131,47.9122 -67.5102,47.9104 -67.5071,47.9075 -67.5037,47.9061 -67.4995,47.9051 -67.498,47.9052 -67.4918,47.9037 -67.4834,47.9035 -67.4819,47.9018 -67.481,47.8996 -67.4799,47.8983 -67.4751,47.897 -67.4721,47.894 -67.4671,47.8935 -67.4589,47.8899 -67.4571,47.8896 -67.4529,47.8896 -67.4514,47.8891 -67.4476,47.8865 -67.4417,47.8854 -67.4406,47.8846 -67.4381,47.8805 -67.428,47.8779 -67.4224,47.8784 -67.4186,47.8751 -67.4166,47.8743 -67.4108,47.8735 -67.4057,47.8712 -67.4029,47.8705 -67.401,47.8696 -67.4001,47.8679 -67.3996,47.8677 -67.3981,47.8672 -67.3943,47.8683 -67.3925,47.8674 -67.3921,47.866 -67.394,47.8618 -67.394,47.8602 -67.3897,47.8585 -67.383,47.8583 -67.3809,47.8574 -67.3806,47.8557 -67.3823,47.8538 -67.385,47.853 -67.3878,47.8526 -67.3904,47.8513 -67.3898,47.8499 -67.3879,47.8485 -67.3849,47.8474 -67.3791,47.8462 -67.3754,47.8443 -67.3744,47.8443 -67.3725,47.8453 -67.3625,47.8454 -67.3605,47.8459 -67.3587,47.8469 -67.3575,47.8491 -67.3582,47.8514 -67.3602,47.8535 -67.3633,47.8547 -67.3647,47.8562 -67.3643,47.858 -67.3624,47.86 -67.3573,47.8627 -67.3519,47.8667 -67.3514,47.869 -67.3528,47.8712 -67.3523,47.874 -67.35,47.8744 -67.3471,47.874 -67.3467,47.8728 -67.3468,47.8711 -67.3459,47.8692 -67.3438,47.868 -67.3418,47.868 -67.3388,47.8701 -67.3367,47.8728 -67.3381,47.8786 -67.3375,47.8848 -67.3383,47.8881 -67.3408,47.8898 -67.3468,47.892 -67.3494,47.8939 -67.3486,47.8959 -67.3467,47.8964 -67.3426,47.8952 -67.3385,47.8927 -67.3361,47.8908 -67.3342,47.8903 -67.3229,47.8889 -67.3155,47.8888 -67.3139,47.8879 -67.3048,47.8857 -67.3005,47.8862 -67.2947,47.8886 -67.294,47.8916 -67.2985,47.8963 -67.2978,47.8992 -67.296,47.8995 -67.2868,47.8987 -67.2837,47.8977 -67.2815,47.8961 -67.2808,47.8947 -67.2789,47.893 -67.2764,47.8921 -67.269,47.8904 -67.2661,47.8914 -67.2624,47.8918 -67.2584,47.891 -67.2567,47.8898 -67.2529,47.8855 -67.2475,47.8824 -67.243,47.8818 -67.2398,47.8827 -67.2351,47.8859 -67.2316,47.8874 -67.2282,47.8873 -67.2249,47.8854 -67.2213,47.8812 -67.217,47.8773 -67.2132,47.8756 -67.2105,47.8755 -67.2035,47.8766 -67.192,47.8813 -67.1847,47.8818 -67.1809,47.8817 -67.1751,47.8827 -67.1735,47.885 -67.1733,47.8879 -67.1717,47.892 -67.1685,47.8957 -67.1651,47.8972 -67.1612,47.8963 -67.1563,47.8925 -67.15,47.8904 -67.1417,47.8929 -67.1376,47.8946 -67.1334,47.8993 -67.1326,47.9038 -67.1353,47.9087 -67.1358,47.9121 -67.133,47.9153 -67.1206,47.9154 -67.1137,47.914 -67.1066,47.9134 -67.1003,47.9161 -67.0951,47.9191 -67.0937,47.9195 -67.0868,47.9212 -67.073,47.922 -67.0691,47.9237 -67.0655,47.93 -67.0646,47.9322 -67.0621,47.9351 -67.0593,47.9358 -67.0534,47.9351 -67.049,47.9335 -67.0481,47.9325 -67.0486,47.9319 -67.0476,47.9301 -67.0466,47.9297 -67.0467,47.9305 -67.0477,47.9323 -67.0469,47.9315 -67.0459,47.9289 -67.0431,47.9256 -67.0395,47.9238 -67.035,47.9227 -67.0336,47.9212 -67.0197,47.915 -67.0066,47.911 -66.9979,47.9032 -66.9943,47.9015 -66.9914,47.8996 -66.9866,47.8979 -66.9792,47.8942 -66.9759,47.8932 -66.9574,47.8921 -66.9538,47.8934 -66.9475,47.8971 -66.9442,47.9009 -66.9447,47.9049 -66.9505,47.9094 -66.9619,47.9109 -66.9688,47.9138 -66.97,47.9156 -66.9698,47.9176 -66.9668,47.9228 -66.9645,47.9337 -66.9646,47.9407</coordinates></LinearRing></outerBoundaryIs></Polygon>"
12,533,Ontario,region,CA,Canada,True,True,Polygons not found.
