,key,name,type,country_code,country_name,supports_region,supports_city,kml
0,671,Magallanes y la Antártica Chilena Region,region,CL,Chile,True,True,Polygons not found.
1,668,Coquimbo Region,region,CL,Chile,True,True,Polygons not found.
2,674,Tarapacá Region,region,CL,Chile,True,True,Polygons not found.
3,673,Santiago Metropolitan Region,region,CL,Chile,True,True,Polygons not found.
4,670,Los Lagos Region,region,CL,Chile,True,True,Polygons not found.
5,666,Atacama Region,region,CL,Chile,True,True,Polygons not found.
6,4197,Los Ríos Region,region,CL,Chile,True,True,Polygons not found.
7,663,Aysén Region,region,CL,Chile,True,True,Polygons not found.
8,665,Araucanía Region,region,CL,Chile,True,True,Polygons not found.
9,672,Maule Region,region,CL,Chile,True,True,Polygons not found.
10,664,Antofagasta Region,region,CL,Chile,True,True,"<Polygon><outerBoundaryIs><LinearRing><coordinates> -70.20998,-22.09026 -70.21012,-22.09086 -70.20949,-22.09027 -70.20916,-22.08973 -70.20998,-22.09026</coordinates></LinearRing></outerBoundaryIs></Polygon><Polygon><outerBoundaryIs><LinearRing><coordinates> -70.44589,-25.17426 -70.4445,-25.17659 -70.44385,-25.17733 -70.4427,-25.17975 -70.44195,-25.18066 -70.44196,-25.18109 -70.44173,-25.18148 -70.44102,-25.182 -70.44057,-25.18326 -70.44024,-25.18356 -70.4401,-25.18416 -70.43982,-25.18434 -70.43978,-25.18472 -70.44044,-25.18489 -70.44064,-25.18545 -70.4398,-25.18632 -70.43995,-25.18752 -70.43963,-25.18774 -70.43892,-25.18753 -70.4384,-25.18783 -70.43779,-25.18866 -70.43795,-25.18982 -70.43743,-25.19008 -70.43707,-25.1912 -70.43741,-25.19189 -70.43652,-25.1928 -70.43676,-25.19344 -70.43663,-25.19409 -70.43682,-25.19451 -70.43603,-25.19521 -70.43589,-25.19551 -70.43618,-25.19637 -70.43619,-25.1971 -70.43569,-25.19835 -70.43499,-25.19939 -70.435,-25.19982 -70.43514,-25.20025 -70.43562,-25.2008 -70.43652,-25.20118 -70.43874,-25.20099 -70.43936,-25.20116 -70.43984,-25.20188 -70.43953,-25.2036 -70.44072,-25.20467 -70.44032,-25.20609 -70.43895,-25.20688 -70.43877,-25.20731 -70.43892,-25.2077 -70.4393,-25.20804 -70.43991,-25.2082 -70.44049,-25.2088 -70.44082,-25.20892 -70.44111,-25.20927 -70.44112,-25.20982 -70.43886,-25.21071 -70.43844,-25.21114 -70.43792,-25.21123 -70.43754,-25.21149 -70.43755,-25.21201 -70.4376,-25.21244 -70.43818,-25.21368 -70.43899,-25.2144 -70.43895,-25.21488 -70.43924,-25.21513 -70.43915,-25.21556 -70.43954,-25.21612 -70.4403,-25.21658 -70.44059,-25.21705 -70.44064,-25.21744 -70.44022,-25.21843 -70.44084,-25.21886 -70.4412,-25.22087 -70.44012,-25.22166 -70.43998,-25.22205 -70.44033,-25.22299 -70.44104,-25.22346 -70.44015,-25.22407 -70.44011,-25.22458 -70.44049,-25.22522 -70.44007,-25.22562 -70.43889,-25.22571 -70.43833,-25.22611 -70.43871,-25.22653 -70.43844,-25.22718 -70.43868,-25.22808 -70.43775,-25.22895 -70.4378,-25.22951 -70.43814,-25.22989 -70.43829,-25.23075 -70.43806,-25.23127 -70.4383,-25.23157 -70.43808,-25.23325 -70.43823,-25.23346 -70.43824,-25.23445 -70.43801,-25.23492 -70.43811,-25.23553 -70.43793,-25.23613 -70.43808,-25.23703 -70.43738,-25.23824 -70.43778,-25.23936 -70.43755,-25.24009 -70.4376,-25.24043 -70.43704,-25.24104 -70.43633,-25.24122 -70.43619,-25.24139 -70.43629,-25.24178 -70.43611,-25.24208 -70.43512,-25.24269 -70.43498,-25.24304 -70.43555,-25.24355 -70.43556,-25.24372 -70.43547,-25.24406 -70.43467,-25.24463 -70.43454,-25.24532 -70.43482,-25.24575 -70.43483,-25.24631 -70.43432,-25.24687 -70.43357,-25.24735 -70.43405,-25.24816 -70.43396,-25.2489 -70.43435,-25.24967 -70.43436,-25.25065 -70.4346,-25.25104 -70.43447,-25.25168 -70.43419,-25.25186 -70.4343,-25.25298 -70.43477,-25.25327 -70.43469,-25.25409 -70.43493,-25.25473 -70.43415,-25.25655 -70.43516,-25.25783 -70.43597,-25.25851 -70.43646,-25.26035 -70.43823,-25.26214 -70.43866,-25.26235 -70.43975,-25.26221 -70.44069,-25.26182 -70.44131,-25.26207 -70.44192,-25.26189 -70.44202,-25.26215 -70.44239,-25.26206 -70.44231,-25.26288 -70.44241,-25.26322 -70.44284,-25.2636 -70.44284,-25.26403 -70.44162,-25.26473 -70.44163,-25.26528 -70.44183,-25.26671 -70.44246,-25.26735 -70.44119,-25.26848 -70.44119,-25.26873 -70.44082,-25.269 -70.44092,-25.26981 -70.44165,-25.27114 -70.44156,-25.27148 -70.44095,-25.27222 -70.44096,-25.27256 -70.44158,-25.27299 -70.44225,-25.27393 -70.44258,-25.27397 -70.44311,-25.27439 -70.44312,-25.27512 -70.44335,-25.27525 -70.44382,-25.27507 -70.44411,-25.27516 -70.44422,-25.27619 -70.4447,-25.27709 -70.44702,-25.27775 -70.44773,-25.27766 -70.44742,-25.27904 -70.44809,-25.28028 -70.44881,-25.281 -70.44849,-25.28165 -70.44821,-25.28169 -70.44765,-25.2823 -70.44812,-25.28251 -70.44845,-25.28247 -70.44898,-25.28281 -70.44916,-25.28267 -70.4495,-25.28276 -70.45015,-25.28211 -70.45058,-25.28262 -70.45139,-25.28308 -70.45117,-25.2842 -70.45118,-25.28536 -70.45034,-25.28627 -70.4504,-25.28696 -70.44936,-25.28749 -70.44923,-25.28788 -70.44957,-25.28903 -70.44948,-25.28951 -70.44864,-25.2902 -70.44864,-25.29068 -70.44908,-25.29171 -70.44994,-25.29247 -70.45019,-25.29316 -70.45091,-25.29405 -70.45152,-25.29409 -70.45171,-25.29439 -70.45153,-25.29482 -70.45163,-25.29529 -70.45211,-25.29593 -70.4524,-25.29614 -70.45282,-25.29605 -70.45396,-25.29621 -70.4543,-25.29677 -70.45482,-25.29707 -70.45487,-25.29741 -70.45474,-25.29775 -70.45399,-25.29854 -70.45385,-25.29888 -70.4541,-25.30004 -70.45326,-25.30117 -70.45317,-25.30151 -70.45355,-25.30168 -70.45384,-25.30228 -70.45427,-25.30228 -70.45455,-25.30244 -70.45489,-25.30304 -70.45277,-25.30362 -70.45254,-25.30431 -70.45255,-25.30487 -70.45284,-25.30539 -70.45299,-25.30611 -70.45276,-25.30659 -70.45196,-25.30711 -70.45178,-25.30763 -70.45192,-25.30797 -70.45204,-25.30995 -70.45305,-25.31136 -70.45249,-25.31175 -70.45203,-25.31249 -70.45217,-25.31287 -70.45204,-25.31382 -70.45219,-25.31459 -70.45238,-25.31472 -70.45225,-25.31563 -70.45254,-25.31584 -70.45278,-25.31635 -70.45284,-25.317 -70.45233,-25.31777 -70.45138,-25.31821 -70.4514,-25.31955 -70.45056,-25.3202 -70.45005,-25.32106 -70.45016,-25.32235 -70.45054,-25.32295 -70.45083,-25.32312 -70.45103,-25.32428 -70.45166,-25.32526 -70.45252,-25.32607 -70.45262,-25.32646 -70.45123,-25.32892 -70.44953,-25.32945 -70.44874,-25.33041 -70.44808,-25.33037 -70.44851,-25.33084 -70.44851,-25.3311 -70.44809,-25.33188 -70.44744,-25.33261 -70.44745,-25.3336 -70.44731,-25.33373 -70.44741,-25.33408 -70.44774,-25.33437 -70.44757,-25.33545 -70.44777,-25.33618 -70.44829,-25.33665 -70.4482,-25.33704 -70.44745,-25.33709 -70.44674,-25.33735 -70.44595,-25.33856 -70.44591,-25.33895 -70.44615,-25.33964 -70.44601,-25.34002 -70.44531,-25.34093 -70.44542,-25.34158 -70.44528,-25.3421 -70.4456,-25.34515 -70.44542,-25.34558 -70.44606,-25.34781 -70.44608,-25.34965 -70.44648,-25.35098 -70.44625,-25.35172 -70.44635,-25.35266 -70.44593,-25.35284 -70.44584,-25.35318 -70.44594,-25.35357 -70.44656,-25.35399 -70.44685,-25.35446 -70.44614,-25.3549 -70.44587,-25.35568 -70.44597,-25.35658 -70.44617,-25.35705 -70.44679,-25.35778 -70.44685,-25.35842 -70.44659,-25.36096 -70.44674,-25.36139 -70.44651,-25.36208 -70.44661,-25.36246 -70.44643,-25.36354 -70.4462,-25.36376 -70.44598,-25.36466 -70.44603,-25.36535 -70.44652,-25.36685 -70.44653,-25.36763 -70.44697,-25.36827 -70.44721,-25.36904 -70.44788,-25.36998 -70.44794,-25.37066 -70.44929,-25.3731 -70.45087,-25.37399 -70.4512,-25.37381 -70.45129,-25.37407 -70.45097,-25.37493 -70.45055,-25.37528 -70.45065,-25.37584 -70.45089,-25.37614 -70.45081,-25.37704 -70.45095,-25.37743 -70.45278,-25.3796 -70.4534,-25.38003 -70.45495,-25.38285 -70.45638,-25.38365 -70.45818,-25.38415 -70.45933,-25.38517 -70.45977,-25.38586 -70.46139,-25.38687 -70.46177,-25.38691 -70.46323,-25.38621 -70.46479,-25.38606 -70.46512,-25.3861 -70.46541,-25.3864 -70.46589,-25.3873 -70.46627,-25.38764 -70.46764,-25.38754 -70.47025,-25.38803 -70.47072,-25.38751 -70.47152,-25.38742 -70.47229,-25.38814 -70.47307,-25.38998 -70.4743,-25.39001 -70.47486,-25.38944 -70.47514,-25.38888 -70.47543,-25.38931 -70.47576,-25.38944 -70.47614,-25.38939 -70.47689,-25.38895 -70.47727,-25.38908 -70.47775,-25.38942 -70.47799,-25.39015 -70.47781,-25.39066 -70.478,-25.39075 -70.47801,-25.39109 -70.47749,-25.39161 -70.47722,-25.39243 -70.47666,-25.39312 -70.47658,-25.39424 -70.47634,-25.3945 -70.47905,-25.39934 -70.48268,-25.40205 -70.48384,-25.40359 -70.48484,-25.40444 -70.48771,-25.40647 -70.48809,-25.4066 -70.48895,-25.40753 -70.49243,-25.40913 -70.49451,-25.40933 -70.49522,-25.40906 -70.49655,-25.40944 -70.49736,-25.40951 -70.49816,-25.40938 -70.49924,-25.40842 -70.49966,-25.40786 -70.4997,-25.40747 -70.50007,-25.40682 -70.50152,-25.40573 -70.50205,-25.40581 -70.50251,-25.40529 -70.50284,-25.4052 -70.50337,-25.40558 -70.5036,-25.40511 -70.50421,-25.40489 -70.5044,-25.40463 -70.50567,-25.40388 -70.50714,-25.40408 -70.50802,-25.40313 -70.5082,-25.40209 -70.50796,-25.40175 -70.50711,-25.40155 -70.50659,-25.40164 -70.50653,-25.40078 -70.50789,-25.39995 -70.50832,-25.40007 -70.50879,-25.39989 -70.50897,-25.39925 -70.50934,-25.39877 -70.50991,-25.39872 -70.51024,-25.39889 -70.5102,-25.39923 -70.5109,-25.39875 -70.51157,-25.39858 -70.51156,-25.39797 -70.51211,-25.39676 -70.51329,-25.39632 -70.51343,-25.39602 -70.5138,-25.39576 -70.51372,-25.39658 -70.51508,-25.39562 -70.51664,-25.39551 -70.51707,-25.39585 -70.51689,-25.3962 -70.51632,-25.39612 -70.51495,-25.39699 -70.51496,-25.39729 -70.51576,-25.3972 -70.51605,-25.39741 -70.51497,-25.39824 -70.51474,-25.39876 -70.51498,-25.3991 -70.5163,-25.39896 -70.51688,-25.3996 -70.51665,-25.40016 -70.51623,-25.40055 -70.51505,-25.40121 -70.51459,-25.40216 -70.51456,-25.40332 -70.51428,-25.40358 -70.51399,-25.4035 -70.51352,-25.40363 -70.51329,-25.40393 -70.51297,-25.40467 -70.51312,-25.40527 -70.51288,-25.40557 -70.5129,-25.40656 -70.51352,-25.40716 -70.51485,-25.40766 -70.51514,-25.40791 -70.51608,-25.40764 -70.51708,-25.40815 -70.51799,-25.40883 -70.51886,-25.40985 -70.51924,-25.41002 -70.51994,-25.40941 -70.5206,-25.40928 -70.52103,-25.40979 -70.52113,-25.41 -70.52043,-25.41091 -70.52034,-25.4113 -70.52049,-25.41177 -70.51997,-25.41212 -70.51993,-25.41234 -70.52012,-25.41263 -70.51999,-25.41328 -70.52052,-25.41444 -70.52105,-25.41508 -70.5212,-25.41585 -70.52188,-25.4167 -70.52249,-25.41682 -70.52338,-25.41613 -70.52405,-25.41616 -70.52462,-25.41637 -70.52482,-25.41706 -70.52534,-25.41735 -70.52549,-25.4177 -70.52488,-25.41848 -70.52436,-25.41852 -70.52253,-25.42005 -70.52216,-25.42018 -70.52264,-25.42095 -70.5234,-25.42129 -70.52355,-25.42201 -70.52417,-25.42218 -70.52484,-25.42273 -70.52499,-25.42338 -70.52528,-25.4238 -70.52514,-25.42423 -70.52553,-25.42466 -70.52539,-25.42479 -70.52544,-25.42505 -70.52578,-25.42569 -70.52517,-25.42664 -70.52505,-25.42789 -70.52486,-25.42824 -70.52539,-25.42862 -70.52596,-25.42861 -70.52624,-25.42882 -70.5262,-25.42943 -70.52692,-25.42989 -70.52745,-25.4307 -70.5275,-25.43105 -70.52699,-25.43153 -70.5268,-25.432 -70.5262,-25.43252 -70.52611,-25.43321 -70.52564,-25.43369 -70.52513,-25.43473 -70.52466,-25.4349 -70.52418,-25.43409 -70.52284,-25.43269 -70.52289,-25.43312 -70.52266,-25.43359 -70.52258,-25.43493 -70.52325,-25.43591 -70.52345,-25.43651 -70.52327,-25.43698 -70.52223,-25.43708 -70.52185,-25.43738 -70.52181,-25.43811 -70.52111,-25.43855 -70.51917,-25.43905 -70.51828,-25.43953 -70.51763,-25.44069 -70.51773,-25.44125 -70.5175,-25.44181 -70.51747,-25.44259 -70.51906,-25.44481 -70.51972,-25.44489 -70.52049,-25.44552 -70.52059,-25.44604 -70.52102,-25.44651 -70.52113,-25.44767 -70.52185,-25.44848 -70.52229,-25.44925 -70.52234,-25.44955 -70.52136,-25.45102 -70.52075,-25.45158 -70.52062,-25.45206 -70.52081,-25.45274 -70.52069,-25.45391 -70.52079,-25.45438 -70.52127,-25.45519 -70.52138,-25.45605 -70.52205,-25.45664 -70.52263,-25.45793 -70.52269,-25.45905 -70.52228,-25.46004 -70.52229,-25.46086 -70.52263,-25.46128 -70.52329,-25.46136 -70.52368,-25.46209 -70.5244,-25.4626 -70.52474,-25.46375 -70.52461,-25.46479 -70.52387,-25.46596 -70.52401,-25.46617 -70.52463,-25.46638 -70.52497,-25.46715 -70.52493,-25.46754 -70.52428,-25.46853 -70.5243,-25.47012 -70.52412,-25.47103 -70.52436,-25.47141 -70.52513,-25.47201 -70.52728,-25.4774 -70.52806,-25.4786 -70.52945,-25.48009 -70.52984,-25.48094 -70.53287,-25.48083 -70.53325,-25.48099 -70.53378,-25.48155 -70.53458,-25.48163 -70.53511,-25.48209 -70.53545,-25.48278 -70.53679,-25.48345 -70.53756,-25.48482 -70.5389,-25.48545 -70.54074,-25.48556 -70.54245,-25.48533 -70.54319,-25.48441 -70.54371,-25.48424 -70.54457,-25.48453 -70.54651,-25.48438 -70.54837,-25.48509 -70.54861,-25.48543 -70.55136,-25.48605 -70.55146,-25.48626 -70.55208,-25.4866 -70.55246,-25.48651 -70.55355,-25.48689 -70.55422,-25.48748 -70.55475,-25.48765 -70.55531,-25.4873 -70.55569,-25.48725 -70.55673,-25.4875 -70.55722,-25.48848 -70.55842,-25.48989 -70.55843,-25.49023 -70.55948,-25.49104 -70.56062,-25.4909 -70.56081,-25.49107 -70.56081,-25.49162 -70.5603,-25.49249 -70.56088,-25.49287 -70.56179,-25.49411 -70.56277,-25.49612 -70.56373,-25.49714 -70.56497,-25.49799 -70.56544,-25.49781 -70.56616,-25.49815 -70.56658,-25.49814 -70.56705,-25.49779 -70.56757,-25.49783 -70.56772,-25.49817 -70.5681,-25.49834 -70.57,-25.49858 -70.57076,-25.499 -70.57163,-25.49981 -70.57195,-25.49946 -70.57281,-25.49954 -70.57324,-25.49992 -70.57358,-25.50073 -70.57425,-25.50116 -70.57464,-25.50223 -70.57531,-25.50282 -70.57514,-25.50416 -70.57529,-25.50463 -70.57501,-25.50515 -70.57507,-25.5057 -70.57493,-25.50614 -70.57498,-25.50639 -70.57561,-25.50695 -70.57726,-25.50675 -70.57745,-25.50688 -70.57783,-25.50671 -70.57876,-25.50575 -70.57932,-25.50488 -70.5798,-25.50488 -70.58022,-25.505 -70.58009,-25.50569 -70.58143,-25.50632 -70.58313,-25.50652 -70.58484,-25.50646 -70.58555,-25.50624 -70.58592,-25.50567 -70.58696,-25.50558 -70.58748,-25.50583 -70.58911,-25.50719 -70.59077,-25.50678 -70.59124,-25.50682 -70.59168,-25.50759 -70.59268,-25.50805 -70.5941,-25.50816 -70.59467,-25.50842 -70.59613,-25.50763 -70.597,-25.50852 -70.59747,-25.50856 -70.59846,-25.50838 -70.59874,-25.50786 -70.59908,-25.50815 -70.60026,-25.50836 -70.60187,-25.50774 -70.60409,-25.50784 -70.60461,-25.50771 -70.60631,-25.50713 -70.60691,-25.50618 -70.60762,-25.50561 -70.60937,-25.50563 -70.61028,-25.50605 -70.61198,-25.50603 -70.61274,-25.50633 -70.61628,-25.50517 -70.61661,-25.50495 -70.61712,-25.50421 -70.61783,-25.50412 -70.61874,-25.50476 -70.61918,-25.50565 -70.61975,-25.50612 -70.62052,-25.5065 -70.62075,-25.50641 -70.62108,-25.50658 -70.62157,-25.50717 -70.62224,-25.50751 -70.62276,-25.50746 -70.62346,-25.50698 -70.62403,-25.5068 -70.62494,-25.50774 -70.62522,-25.50748 -70.62531,-25.50713 -70.62592,-25.5067 -70.6264,-25.50738 -70.62688,-25.50759 -70.62763,-25.50728 -70.62816,-25.50788 -70.62945,-25.50868 -70.6296,-25.50902 -70.62966,-25.50984 -70.62952,-25.5104 -70.62877,-25.51045 -70.62863,-25.51105 -70.62954,-25.51199 -70.62969,-25.51186 -70.63011,-25.5119 -70.63102,-25.51244 -70.63321,-25.51319 -70.63389,-25.51426 -70.63385,-25.51508 -70.63357,-25.5156 -70.6332,-25.51569 -70.63196,-25.51527 -70.63172,-25.5154 -70.63154,-25.51571 -70.63183,-25.51622 -70.63174,-25.51648 -70.63132,-25.517 -70.6307,-25.51714 -70.62991,-25.51783 -70.63001,-25.51822 -70.63034,-25.51839 -70.63045,-25.51924 -70.63108,-25.52023 -70.6308,-25.521 -70.63137,-25.52113 -70.63161,-25.52099 -70.63213,-25.5212 -70.63228,-25.5215 -70.63209,-25.52155 -70.6321,-25.52241 -70.63225,-25.52258 -70.63248,-25.52249 -70.63272,-25.52275 -70.63231,-25.52348 -70.63245,-25.52382 -70.63252,-25.52537 -70.63231,-25.52714 -70.63266,-25.52881 -70.63291,-25.52928 -70.63381,-25.52983 -70.63524,-25.53037 -70.63554,-25.53131 -70.6355,-25.53183 -70.63579,-25.53196 -70.63617,-25.53255 -70.63708,-25.53284 -70.63737,-25.53318 -70.63784,-25.53305 -70.63936,-25.53342 -70.64258,-25.53338 -70.64395,-25.53298 -70.64437,-25.53272 -70.64456,-25.53233 -70.6446,-25.53156 -70.64439,-25.5304 -70.64448,-25.53005 -70.64566,-25.52995 -70.64595,-25.53025 -70.64654,-25.53205 -70.64693,-25.53248 -70.64651,-25.53325 -70.64671,-25.5339 -70.647,-25.53385 -70.64776,-25.53444 -70.64786,-25.53466 -70.64763,-25.53556 -70.64808,-25.53663 -70.64957,-25.53812 -70.64982,-25.53941 -70.64954,-25.53941 -70.64886,-25.53882 -70.64751,-25.5406 -70.6469,-25.54052 -70.64614,-25.54083 -70.6459,-25.54061 -70.64522,-25.53894 -70.64498,-25.53882 -70.6446,-25.53891 -70.64417,-25.53857 -70.64313,-25.5388 -70.64294,-25.53901 -70.6424,-25.54095 -70.64189,-25.54195 -70.6391,-25.54546 -70.63878,-25.5465 -70.63739,-25.54901 -70.63726,-25.54944 -70.63745,-25.54961 -70.63727,-25.55047 -70.63786,-25.55201 -70.63763,-25.55262 -70.63687,-25.55258 -70.63673,-25.55293 -70.63742,-25.55421 -70.63752,-25.55472 -70.63734,-25.55541 -70.63749,-25.5561 -70.63722,-25.55718 -70.63727,-25.55756 -70.6378,-25.55838 -70.63828,-25.5588 -70.63834,-25.55949 -70.6393,-25.56068 -70.6396,-25.56162 -70.64008,-25.56192 -70.64104,-25.56307 -70.64167,-25.56353 -70.64186,-25.56388 -70.64212,-25.56525 -70.64245,-25.56576 -70.6428,-25.56705 -70.64271,-25.56735 -70.64162,-25.56732 -70.64031,-25.56806 -70.63981,-25.56988 -70.64011,-25.5709 -70.63932,-25.57225 -70.63948,-25.57323 -70.63883,-25.57432 -70.63883,-25.57479 -70.63908,-25.57577 -70.63966,-25.57628 -70.63976,-25.57663 -70.63997,-25.57826 -70.63985,-25.58019 -70.64015,-25.58131 -70.6395,-25.58218 -70.63956,-25.58286 -70.63933,-25.58351 -70.63979,-25.58604 -70.64027,-25.5866 -70.64028,-25.58733 -70.63981,-25.58716 -70.63962,-25.58738 -70.63984,-25.58961 -70.63971,-25.59017 -70.63928,-25.59026 -70.63933,-25.59061 -70.63993,-25.59262 -70.64012,-25.59296 -70.64075,-25.59334 -70.64066,-25.59377 -70.641,-25.59459 -70.64186,-25.59492 -70.64224,-25.59547 -70.64211,-25.59604 -70.64178,-25.59651 -70.64232,-25.59732 -70.64232,-25.59788 -70.64257,-25.59814 -70.64253,-25.59891 -70.64325,-25.59998 -70.64294,-25.60123 -70.64305,-25.60226 -70.64273,-25.60308 -70.64183,-25.60322 -70.64131,-25.6037 -70.64189,-25.60434 -70.64297,-25.60703 -70.64289,-25.60789 -70.64247,-25.60876 -70.64139,-25.60963 -70.64184,-25.61109 -70.64232,-25.61177 -70.64323,-25.61232 -70.64348,-25.61279 -70.64365,-25.61532 -70.64405,-25.61622 -70.64405,-25.61657 -70.64312,-25.61769 -70.64313,-25.61864 -70.64338,-25.6195 -70.64315,-25.62049 -70.64292,-25.62079 -70.6424,-25.62105 -70.64112,-25.6206 -70.64049,-25.62013 -70.6395,-25.62006 -70.63926,-25.6201 -70.63889,-25.62058 -70.63832,-25.62093 -70.63742,-25.6209 -70.63685,-25.6206 -70.63633,-25.62061 -70.6352,-25.62139 -70.63474,-25.62256 -70.63409,-25.62347 -70.63244,-25.62749 -70.6326,-25.62882 -70.63318,-25.63006 -70.63333,-25.63027 -70.63385,-25.63044 -70.63472,-25.63129 -70.63569,-25.63274 -70.63608,-25.63407 -70.63595,-25.63454 -70.63548,-25.63481 -70.63572,-25.63558 -70.63522,-25.63644 -70.63527,-25.63691 -70.63546,-25.63717 -70.63528,-25.63747 -70.63576,-25.6382 -70.63601,-25.63906 -70.63584,-25.64065 -70.63552,-25.64164 -70.63582,-25.6428 -70.63569,-25.6437 -70.63613,-25.64469 -70.63645,-25.64679 -70.63684,-25.64752 -70.63872,-25.6499 -70.64155,-25.65237 -70.64423,-25.65367 -70.64527,-25.65387 -70.64617,-25.65352 -70.64653,-25.65231 -70.647,-25.65196 -70.64709,-25.65127 -70.64755,-25.65062 -70.64784,-25.65053 -70.64803,-25.65087 -70.64831,-25.65057 -70.64874,-25.65056 -70.64925,-25.64979 -70.6507,-25.64826 -70.65145,-25.64783 -70.65259,-25.64764 -70.65359,-25.64823 -70.65479,-25.64951 -70.65439,-25.6511 -70.65471,-25.65402 -70.65496,-25.65458 -70.65553,-25.65449 -70.65672,-25.6546 -70.65694,-25.65391 -70.65751,-25.65382 -70.65919,-25.65522 -70.65963,-25.65607 -70.65959,-25.65646 -70.65898,-25.6575 -70.65979,-25.65741 -70.66021,-25.65697 -70.66064,-25.65701 -70.66107,-25.65739 -70.66159,-25.65756 -70.66227,-25.65828 -70.66274,-25.65836 -70.66303,-25.65857 -70.66303,-25.65874 -70.66351,-25.65865 -70.66399,-25.65934 -70.66466,-25.65971 -70.66542,-25.65979 -70.66638,-25.66034 -70.66743,-25.66067 -70.6679,-25.66067 -70.66885,-25.66104 -70.66848,-25.66152 -70.66877,-25.66195 -70.66968,-25.66237 -70.67125,-25.66261 -70.67177,-25.6629 -70.6723,-25.66298 -70.6733,-25.66374 -70.67388,-25.66395 -70.67479,-25.66476 -70.67522,-25.66484 -70.67554,-25.66449 -70.67758,-25.66395 -70.6791,-25.66411 -70.67947,-25.66359 -70.67951,-25.6629 -70.67912,-25.66221 -70.67948,-25.66114 -70.68029,-25.66134 -70.6802,-25.66186 -70.68067,-25.66125 -70.68086,-25.66151 -70.68115,-25.66137 -70.68202,-25.66278 -70.68244,-25.66265 -70.68264,-25.66308 -70.6825,-25.66355 -70.68217,-25.66356 -70.6817,-25.6639 -70.68096,-25.66473 -70.68059,-25.66551 -70.68026,-25.66568 -70.68022,-25.66611 -70.68041,-25.66637 -70.68052,-25.6674 -70.68096,-25.66808 -70.68143,-25.66838 -70.68111,-25.66881 -70.68139,-25.66894 -70.68169,-25.67005 -70.68146,-25.67023 -70.68151,-25.67074 -70.68204,-25.67125 -70.68148,-25.6719 -70.68178,-25.67267 -70.68207,-25.67297 -70.68227,-25.67383 -70.68323,-25.67481 -70.68229,-25.67538 -70.6822,-25.67568 -70.68286,-25.67537 -70.68329,-25.67545 -70.68358,-25.67609 -70.68406,-25.6766 -70.68414,-25.67862 -70.68377,-25.6791 -70.68372,-25.6794 -70.68406,-25.67948 -70.68516,-25.68055 -70.68565,-25.68174 -70.68637,-25.68195 -70.68746,-25.68168 -70.68788,-25.68146 -70.6883,-25.68064 -70.68877,-25.68068 -70.68925,-25.68097 -70.68925,-25.68123 -70.68949,-25.68153 -70.68991,-25.68075 -70.69024,-25.68087 -70.69058,-25.68134 -70.69012,-25.68182 -70.69012,-25.68208 -70.68956,-25.68252 -70.68952,-25.68333 -70.68987,-25.68449 -70.69025,-25.6847 -70.69067,-25.68444 -70.69094,-25.68667 -70.69061,-25.68693 -70.68985,-25.68651 -70.68933,-25.68652 -70.68886,-25.68708 -70.6892,-25.68777 -70.68973,-25.68832 -70.69002,-25.68853 -70.69073,-25.68852 -70.6915,-25.68929 -70.69146,-25.68972 -70.69099,-25.69015 -70.69024,-25.69051 -70.69015,-25.69085 -70.69058,-25.69149 -70.69078,-25.69222 -70.69046,-25.693 -70.69053,-25.69437 -70.69035,-25.69489 -70.69097,-25.6954 -70.69165,-25.69664 -70.69152,-25.69746 -70.69096,-25.69824 -70.69222,-25.6999 -70.69228,-25.70033 -70.69224,-25.7014 -70.69192,-25.70179 -70.69197,-25.70257 -70.69175,-25.70321 -70.6918,-25.70356 -70.69147,-25.70382 -70.69207,-25.70566 -70.69265,-25.70664 -70.69295,-25.70802 -70.69334,-25.7084 -70.69437,-25.71054 -70.69432,-25.71101 -70.694,-25.71123 -70.69271,-25.71129 -70.69262,-25.71159 -70.69339,-25.71227 -70.69335,-25.71253 -70.69269,-25.71314 -70.69275,-25.71382 -70.69314,-25.71455 -70.69255,-25.71627 -70.69265,-25.71679 -70.6939,-25.71772 -70.69404,-25.71802 -70.69367,-25.71858 -70.69377,-25.71906 -70.6934,-25.71958 -70.6937,-25.72039 -70.69366,-25.72073 -70.69409,-25.72129 -70.69419,-25.72198 -70.69392,-25.72241 -70.69344,-25.72233 -70.69325,-25.72254 -70.69421,-25.72322 -70.69408,-25.72357 -70.69379,-25.72361 -70.6937,-25.72396 -70.69399,-25.72443 -70.69395,-25.72477 -70.69362,-25.72482 -70.69328,-25.72465 -70.69295,-25.72478 -70.69301,-25.7253 -70.69291,-25.72521 -70.69188,-25.72596 -70.69179,-25.72665 -70.69152,-25.72717 -70.69128,-25.72725 -70.69144,-25.72837 -70.69121,-25.72897 -70.69127,-25.72979 -70.69062,-25.73105 -70.69053,-25.73165 -70.69074,-25.73255 -70.69141,-25.73336 -70.69138,-25.7343 -70.69082,-25.73534 -70.69074,-25.73582 -70.69003,-25.73643 -70.68924,-25.73764 -70.68859,-25.73816 -70.68708,-25.73891 -70.686,-25.73983 -70.68567,-25.74043 -70.68559,-25.74134 -70.68523,-25.74224 -70.6849,-25.74276 -70.68438,-25.74307 -70.6841,-25.7435 -70.68426,-25.74436 -70.68465,-25.74526 -70.68556,-25.74602 -70.68587,-25.7477 -70.68645,-25.74821 -70.68745,-25.74871 -70.68831,-25.74883 -70.68941,-25.74929 -70.69002,-25.7492 -70.69079,-25.74945 -70.69121,-25.74914 -70.69296,-25.74882 -70.6939,-25.74812 -70.69476,-25.74815 -70.69553,-25.74913 -70.69654,-25.75002 -70.69654,-25.75032 -70.69712,-25.75101 -70.69785,-25.75177 -70.69823,-25.75194 -70.69852,-25.75236 -70.69838,-25.75275 -70.69791,-25.75293 -70.69748,-25.75285 -70.69725,-25.75324 -70.69726,-25.75367 -70.69651,-25.75475 -70.6961,-25.75609 -70.69531,-25.75674 -70.69478,-25.75658 -70.69431,-25.75714 -70.69432,-25.7574 -70.69456,-25.75757 -70.69477,-25.75881 -70.69483,-25.75972 -70.69469,-25.76041 -70.69489,-25.76083 -70.69609,-25.76207 -70.69735,-25.76377 -70.6985,-25.7644 -70.69803,-25.76497 -70.69829,-25.76613 -70.69863,-25.76668 -70.70069,-25.76786 -70.70239,-25.7678 -70.70283,-25.76814 -70.70292,-25.76831 -70.70265,-25.76921 -70.70334,-25.77114 -70.70303,-25.77226 -70.70318,-25.77312 -70.70333,-25.77368 -70.70386,-25.77406 -70.70416,-25.77474 -70.70473,-25.77486 -70.70545,-25.77529 -70.70601,-25.77528 -70.7063,-25.7754 -70.70612,-25.77566 -70.70631,-25.77583 -70.70674,-25.77579 -70.70779,-25.7762 -70.70846,-25.77671 -70.70936,-25.777 -70.70998,-25.77687 -70.71017,-25.77704 -70.71093,-25.77686 -70.71141,-25.77728 -70.71235,-25.77688 -70.71274,-25.77718 -70.71326,-25.7773 -70.71364,-25.77695 -70.71407,-25.77712 -70.71425,-25.77677 -70.71491,-25.77651 -70.71473,-25.77715 -70.71483,-25.77763 -70.71549,-25.77676 -70.71572,-25.77676 -70.71573,-25.77697 -70.71616,-25.77735 -70.71668,-25.77739 -70.71659,-25.77769 -70.71736,-25.77854 -70.71765,-25.77854 -70.71812,-25.77823 -70.7184,-25.77776 -70.71868,-25.77767 -70.71887,-25.77792 -70.71855,-25.77849 -70.71912,-25.77822 -70.7195,-25.7783 -70.7196,-25.77877 -70.72114,-25.78009 -70.72454,-25.77876 -70.72506,-25.77901 -70.72502,-25.77944 -70.72738,-25.77821 -70.72781,-25.7782 -70.72829,-25.77854 -70.729,-25.77845 -70.72924,-25.77883 -70.72916,-25.77956 -70.72935,-25.77978 -70.72968,-25.77981 -70.72974,-25.78046 -70.72837,-25.78082 -70.72785,-25.78138 -70.72739,-25.78238 -70.72664,-25.78316 -70.72646,-25.78385 -70.72557,-25.78464 -70.72543,-25.78494 -70.72558,-25.78515 -70.72577,-25.78506 -70.7255,-25.78593 -70.72584,-25.7867 -70.72622,-25.78652 -70.72627,-25.78695 -70.72741,-25.78702 -70.7276,-25.78685 -70.72807,-25.7868 -70.72826,-25.78693 -70.72822,-25.78718 -70.72841,-25.78727 -70.72865,-25.78718 -70.72869,-25.78675 -70.72888,-25.78657 -70.72944,-25.78639 -70.72941,-25.78734 -70.72904,-25.78808 -70.72848,-25.7886 -70.72868,-25.78963 -70.7295,-25.79001 -70.7296,-25.79039 -70.72927,-25.79091 -70.72885,-25.79109 -70.72866,-25.79156 -70.72886,-25.79208 -70.72792,-25.79286 -70.72745,-25.79304 -70.72665,-25.79382 -70.72723,-25.7942 -70.72705,-25.79494 -70.72634,-25.79529 -70.72488,-25.79561 -70.72474,-25.79578 -70.72455,-25.79634 -70.72495,-25.79711 -70.72462,-25.79755 -70.7252,-25.79836 -70.72328,-25.80014 -70.72321,-25.80212 -70.72284,-25.80285 -70.72295,-25.80354 -70.72338,-25.8041 -70.724,-25.804 -70.7242,-25.80434 -70.72568,-25.80544 -70.72594,-25.8069 -70.72661,-25.80737 -70.72647,-25.80767 -70.72719,-25.80805 -70.72715,-25.80844 -70.72734,-25.80852 -70.72788,-25.80946 -70.72841,-25.8098 -70.72894,-25.81082 -70.72918,-25.81103 -70.72985,-25.81098 -70.73037,-25.81072 -70.73051,-25.81085 -70.73047,-25.81106 -70.73089,-25.81093 -70.731,-25.81153 -70.73062,-25.81201 -70.73115,-25.81239 -70.73092,-25.81291 -70.73116,-25.81303 -70.73158,-25.81268 -70.7322,-25.81276 -70.73169,-25.81333 -70.73193,-25.81384 -70.7327,-25.8143 -70.73275,-25.8146 -70.73214,-25.81517 -70.73253,-25.81542 -70.73239,-25.81573 -70.73288,-25.81692 -70.73379,-25.81769 -70.7338,-25.81812 -70.73433,-25.81845 -70.73504,-25.81857 -70.73523,-25.8184 -70.73559,-25.81719 -70.73634,-25.81624 -70.73729,-25.8161 -70.73748,-25.81622 -70.73758,-25.81648 -70.73688,-25.81743 -70.73674,-25.81791 -70.73623,-25.81847 -70.73634,-25.81942 -70.73606,-25.82019 -70.73664,-25.82096 -70.73638,-25.82217 -70.73672,-25.82324 -70.73784,-25.82495 -70.73771,-25.82598 -70.73629,-25.82578 -70.73493,-25.82378 -70.73455,-25.82378 -70.73431,-25.824 -70.73437,-25.8246 -70.73423,-25.82473 -70.73385,-25.82465 -70.73338,-25.82504 -70.7329,-25.82513 -70.73244,-25.82596 -70.73135,-25.82636 -70.73103,-25.82671 -70.73084,-25.82705 -70.73081,-25.82782 -70.73129,-25.82821 -70.73149,-25.82889 -70.73173,-25.82902 -70.73168,-25.82932 -70.73112,-25.82967 -70.73036,-25.82985 -70.72903,-25.82961 -70.72832,-25.83005 -70.72756,-25.8298 -70.72722,-25.8298 -70.7269,-25.83002 -70.72665,-25.82985 -70.72618,-25.82986 -70.72566,-25.83008 -70.72519,-25.83064 -70.72467,-25.83082 -70.72386,-25.8307 -70.72349,-25.83079 -70.7225,-25.83145 -70.72179,-25.83163 -70.72037,-25.83242 -70.72019,-25.83277 -70.72067,-25.83302 -70.72054,-25.83392 -70.7197,-25.83505 -70.71938,-25.836 -70.71943,-25.83626 -70.71962,-25.8363 -70.71963,-25.8366 -70.71888,-25.83743 -70.71803,-25.83774 -70.71726,-25.83719 -70.71622,-25.8375 -70.71589,-25.83781 -70.7157,-25.83751 -70.71504,-25.83782 -70.71337,-25.83766 -70.71271,-25.83801 -70.7119,-25.83785 -70.71129,-25.83833 -70.71106,-25.83876 -70.71098,-25.83967 -70.71018,-25.84011 -70.71023,-25.84084 -70.7101,-25.84136 -70.71025,-25.84196 -70.7095,-25.84304 -70.70952,-25.84429 -70.70915,-25.84463 -70.70911,-25.84537 -70.70841,-25.84645 -70.70847,-25.84684 -70.70809,-25.84736 -70.70727,-25.84982 -70.70681,-25.85064 -70.70624,-25.85082 -70.70554,-25.85143 -70.70554,-25.85173 -70.70588,-25.85177 -70.70541,-25.85268 -70.70494,-25.85268 -70.70466,-25.85294 -70.70448,-25.85398 -70.70478,-25.85466 -70.70474,-25.85518 -70.70488,-25.85552 -70.70471,-25.8566 -70.70397,-25.85807 -70.70326,-25.85803 -70.70298,-25.85855 -70.70236,-25.85856 -70.70203,-25.85878 -70.70252,-25.85942 -70.70257,-25.8598 -70.70239,-25.86015 -70.70107,-25.86098 -70.70093,-25.86124 -70.70128,-25.86235 -70.70149,-25.8639 -70.70207,-25.86467 -70.70193,-25.86505 -70.70146,-25.86523 -70.70134,-25.86674 -70.70079,-25.86804 -70.70133,-25.86945 -70.70172,-25.86983 -70.70163,-25.87035 -70.70184,-25.87159 -70.70203,-25.8718 -70.70279,-25.87167 -70.70327,-25.87187 -70.70393,-25.87191 -70.70417,-25.87217 -70.70399,-25.87251 -70.70366,-25.87269 -70.70343,-25.87316 -70.70343,-25.87359 -70.70296,-25.8736 -70.70206,-25.87417 -70.70226,-25.8746 -70.70227,-25.87528 -70.7019,-25.87606 -70.70219,-25.87657 -70.70187,-25.87709 -70.70159,-25.87735 -70.70088,-25.87758 -70.6994,-25.87751 -70.69893,-25.87786 -70.69875,-25.87868 -70.69895,-25.87885 -70.6991,-25.87992 -70.69878,-25.88066 -70.69836,-25.8807 -70.69783,-25.8805 -70.6975,-25.88067 -70.69723,-25.88214 -70.69668,-25.88322 -70.69623,-25.88464 -70.69468,-25.88604 -70.69335,-25.88609 -70.69235,-25.88649 -70.69184,-25.88706 -70.69161,-25.88779 -70.69101,-25.88866 -70.69151,-25.89089 -70.69258,-25.89229 -70.69211,-25.89282 -70.69189,-25.89381 -70.69205,-25.89505 -70.69239,-25.89561 -70.69272,-25.89565 -70.69282,-25.89582 -70.69293,-25.89706 -70.69385,-25.8983 -70.69353,-25.8989 -70.69373,-25.8995 -70.69341,-25.90037 -70.69327,-25.90058 -70.69265,-25.90046 -70.69247,-25.90158 -70.69277,-25.90244 -70.69306,-25.90265 -70.69273,-25.90308 -70.69164,-25.90322 -70.69103,-25.90349 -70.69028,-25.90419 -70.68942,-25.9042 -70.68838,-25.90464 -70.68825,-25.90541 -70.68783,-25.90559 -70.68755,-25.90594 -70.68755,-25.9062 -70.68822,-25.90645 -70.68817,-25.90662 -70.68732,-25.9071 -70.68718,-25.9071 -70.68699,-25.90668 -70.68599,-25.90725 -70.68614,-25.9075 -70.68615,-25.90832 -70.68583,-25.90888 -70.68446,-25.90946 -70.68427,-25.90963 -70.68423,-25.9101 -70.68333,-25.91037 -70.68266,-25.90986 -70.6819,-25.90979 -70.6809,-25.91036 -70.68067,-25.91096 -70.68097,-25.9116 -70.68093,-25.91208 -70.68151,-25.91267 -70.68156,-25.91319 -70.68195,-25.91387 -70.68191,-25.91413 -70.68129,-25.91397 -70.68082,-25.91427 -70.68025,-25.91419 -70.67978,-25.9145 -70.67959,-25.91489 -70.67902,-25.91464 -70.6777,-25.91564 -70.67756,-25.91551 -70.67684,-25.91561 -70.67641,-25.9154 -70.67585,-25.91566 -70.67571,-25.91588 -70.67567,-25.91687 -70.67592,-25.91738 -70.67588,-25.91798 -70.6756,-25.91859 -70.67375,-25.91908 -70.67361,-25.91921 -70.67371,-25.91951 -70.67395,-25.91964 -70.67396,-25.91994 -70.67368,-25.92037 -70.67274,-25.92111 -70.67193,-25.92138 -70.67136,-25.92109 -70.6708,-25.9217 -70.6699,-25.92222 -70.66981,-25.92291 -70.67001,-25.92312 -70.67002,-25.92407 -70.66964,-25.9242 -70.6699,-25.92549 -70.66971,-25.92584 -70.66924,-25.92597 -70.66881,-25.9258 -70.66806,-25.92684 -70.66789,-25.92779 -70.66818,-25.92805 -70.6679,-25.92869 -70.6681,-25.92938 -70.66796,-25.9299 -70.66759,-25.93025 -70.66663,-25.92948 -70.66572,-25.92949 -70.66462,-25.92903 -70.66434,-25.92917 -70.6642,-25.92955 -70.66349,-25.92939 -70.66325,-25.92918 -70.66268,-25.92918 -70.66188,-25.93027 -70.66189,-25.931 -70.66149,-25.93264 -70.66154,-25.93315 -70.66114,-25.93462 -70.66129,-25.93539 -70.66111,-25.93582 -70.66082,-25.936 -70.66041,-25.93746 -70.65995,-25.93807 -70.65976,-25.93863 -70.65836,-25.93981 -70.65737,-25.94098 -70.65681,-25.94129 -70.65599,-25.94083 -70.65527,-25.93985 -70.65498,-25.93985 -70.65413,-25.94038 -70.65409,-25.94072 -70.65357,-25.94103 -70.65353,-25.94146 -70.65396,-25.94154 -70.65392,-25.94201 -70.65416,-25.9424 -70.65394,-25.94334 -70.65476,-25.94424 -70.6542,-25.9454 -70.65401,-25.94532 -70.65349,-25.94576 -70.65325,-25.94567 -70.65301,-25.94516 -70.65282,-25.94538 -70.65274,-25.94598 -70.65221,-25.94586 -70.65169,-25.94608 -70.65026,-25.94566 -70.64932,-25.94645 -70.64894,-25.9465 -70.64877,-25.94792 -70.64858,-25.94805 -70.64787,-25.94806 -70.64726,-25.94879 -70.64727,-25.94948 -70.64637,-25.94966 -70.64609,-25.95023 -70.64663,-25.95155 -70.64589,-25.95307 -70.64542,-25.95354 -70.64538,-25.95428 -70.64515,-25.95454 -70.64539,-25.95505 -70.64469,-25.95587 -70.64389,-25.95636 -70.6438,-25.95674 -70.64343,-25.95722 -70.64359,-25.95864 -70.64297,-25.95882 -70.6426,-25.95934 -70.64252,-25.9602 -70.64168,-25.96176 -70.64156,-25.96292 -70.64175,-25.96326 -70.64262,-25.96389 -70.64267,-25.96432 -70.64253,-25.96467 -70.64102,-25.96529 -70.64065,-25.96598 -70.64061,-25.96671 -70.64119,-25.96744 -70.64106,-25.96795 -70.6404,-25.96852 -70.64045,-25.96886 -70.63985,-25.97007 -70.64005,-25.97067 -70.63991,-25.97123 -70.63916,-25.97184 -70.63974,-25.97283 -70.63951,-25.9733 -70.63866,-25.97353 -70.63872,-25.97404 -70.6382,-25.97456 -70.63821,-25.97547 -70.63841,-25.9762 -70.63828,-25.97719 -70.63748,-25.97775 -70.63644,-25.9779 -70.63574,-25.97928 -70.63589,-25.97958 -70.63576,-25.98035 -70.63441,-25.98252 -70.63394,-25.98287 -70.6335,-25.98201 -70.63307,-25.9818 -70.63156,-25.98264 -70.63192,-25.98491 -70.63179,-25.98569 -70.63205,-25.98758 -70.63096,-25.98746 -70.63034,-25.98755 -70.62959,-25.98842 -70.62937,-25.98937 -70.62937,-25.9901 -70.62896,-25.99096 -70.62908,-25.99277 -70.62734,-25.99399 -70.62739,-25.99464 -70.62764,-25.99506 -70.62797,-25.99506 -70.62802,-25.99549 -70.62836,-25.996 -70.62762,-25.99725 -70.62762,-25.99756 -70.62801,-25.99785 -70.62773,-25.99863 -70.62798,-25.99919 -70.6277,-25.99958 -70.62771,-26.00031 -70.62705,-26.00113 -70.62692,-26.00178 -70.6264,-26.00196 -70.62612,-26.00247 -70.62666,-26.00363 -70.62634,-26.00475 -70.62689,-26.00646 -70.62666,-26.00711 -70.6272,-26.00801 -70.62774,-26.00964 -70.62808,-26.01011 -70.62809,-26.01071 -70.62844,-26.01191 -70.62882,-26.0122 -70.62893,-26.01272 -70.62985,-26.01408 -70.62995,-26.01451 -70.63043,-26.01489 -70.63087,-26.01571 -70.63102,-26.01622 -70.63088,-26.01665 -70.63051,-26.01687 -70.63056,-26.01752 -70.63148,-26.01854 -70.63253,-26.01887 -70.6325,-26.01986 -70.63265,-26.02033 -70.63233,-26.02145 -70.63296,-26.02248 -70.63232,-26.02386 -70.63257,-26.02502 -70.63234,-26.02566 -70.63235,-26.02622 -70.6326,-26.02691 -70.63246,-26.02764 -70.63286,-26.02888 -70.63339,-26.02944 -70.6333,-26.02965 -70.63351,-26.03098 -70.63324,-26.03227 -70.63354,-26.03309 -70.63332,-26.03481 -70.63358,-26.03584 -70.63316,-26.03636 -70.63326,-26.03722 -70.63308,-26.03769 -70.63318,-26.03838 -70.63305,-26.03886 -70.6333,-26.03988 -70.63321,-26.04019 -70.6335,-26.04074 -70.63366,-26.0419 -70.63348,-26.04246 -70.63379,-26.04405 -70.63399,-26.04478 -70.63437,-26.04516 -70.63429,-26.04598 -70.63448,-26.04623 -70.63464,-26.04726 -70.63436,-26.04804 -70.63461,-26.04881 -70.63579,-26.05121 -70.63627,-26.05167 -70.63689,-26.0518 -70.63714,-26.05252 -70.6381,-26.0529 -70.63863,-26.05384 -70.63916,-26.05401 -70.64032,-26.05528 -70.64157,-26.05609 -70.64377,-26.05683 -70.64405,-26.0567 -70.64448,-26.05687 -70.64505,-26.05682 -70.64558,-26.05707 -70.64601,-26.05698 -70.64658,-26.05736 -70.64687,-26.05744 -70.6472,-26.05731 -70.64835,-26.05773 -70.64873,-26.05777 -70.64873,-26.05755 -70.64921,-26.05772 -70.64921,-26.05811 -70.64964,-26.05832 -70.65127,-26.05851 -70.65146,-26.05881 -70.6527,-26.0591 -70.65279,-26.05867 -70.65403,-26.05874 -70.65445,-26.05843 -70.65521,-26.05838 -70.65565,-26.05889 -70.65495,-26.05959 -70.65495,-26.05989 -70.65524,-26.05993 -70.65539,-26.0604 -70.65586,-26.06044 -70.65644,-26.06073 -70.65766,-26.05951 -70.65833,-26.06011 -70.65805,-26.06045 -70.65734,-26.06085 -70.65863,-26.06092 -70.65878,-26.06165 -70.65864,-26.06195 -70.65817,-26.06191 -70.65754,-26.06149 -70.62174,-26.06173 -70.62124,-26.06145 -70.62057,-26.0606 -70.61882,-26.06001 -70.61734,-26.05905 -70.61692,-26.05887 -70.61564,-26.05885 -70.61518,-26.05861 -70.61445,-26.05753 -70.61446,-26.05559 -70.6155,-26.05425 -70.61586,-26.05325 -70.61577,-26.05185 -70.61545,-26.05097 -70.61544,-26.04978 -70.61504,-26.04828 -70.61423,-26.0473 -70.61365,-26.04695 -70.60964,-26.04579 -70.60877,-26.04535 -70.60786,-26.04526 -70.60729,-26.04489 -70.60728,-26.04387 -70.60857,-26.04218 -70.61011,-26.04097 -70.61129,-26.03891 -70.61212,-26.03444 -70.61347,-26.02912 -70.61346,-26.02668 -70.61294,-26.02436 -70.61166,-26.0223 -70.6108,-26.01999 -70.61068,-26.01907 -70.60923,-26.01446 -70.6061,-26.00744 -70.6058,-26.00587 -70.60508,-26.00466 -70.60399,-26.00396 -70.60261,-26.00408 -70.59692,-26.00651 -70.59487,-26.00693 -70.59421,-26.0068 -70.59365,-26.00641 -70.59176,-26.0056 -70.58621,-26.00499 -70.58217,-26.00399 -70.57754,-26.00159 -70.57098,-26.00141 -70.56825,-26.00047 -70.56639,-26.00013 -70.56494,-26.00004 -70.56454,-26.00017 -70.56332,-26.00147 -70.56194,-26.00407 -70.56116,-26.00507 -70.55973,-26.0058 -70.55754,-26.00582 -70.55687,-26.00596 -70.55506,-26.00711 -70.5505,-26.00682 -70.54695,-26.00689 -70.54544,-26.00705 -70.54228,-26.00769 -70.53734,-26.00805 -70.53565,-26.00837 -70.53195,-26.00853 -70.53056,-26.00906 -70.52565,-26.00891 -70.52524,-26.00871 -70.52454,-26.00776 -70.5243,-26.00677 -70.52442,-26.00404 -70.52395,-26.00258 -70.5233,-26.00215 -70.52126,-26.00162 -70.51931,-26.00168 -70.5148,-26.00068 -70.51248,-25.99876 -70.50995,-25.99712 -70.50954,-25.9962 -70.50951,-25.99442 -70.50891,-25.99267 -70.50824,-25.99189 -70.50667,-25.99171 -70.50549,-25.99086 -70.5053,-25.99057 -70.50512,-25.98908 -70.50444,-25.98691 -70.50385,-25.98576 -70.50307,-25.98471 -70.50261,-25.98424 -70.50186,-25.9839 -70.49932,-25.98173 -70.49592,-25.97952 -70.49226,-25.97767 -70.48961,-25.97561 -70.4885,-25.97424 -70.48817,-25.97283 -70.48785,-25.97241 -70.48507,-25.97072 -70.48365,-25.96915 -70.48312,-25.96768 -70.48289,-25.9674 -70.48222,-25.96723 -70.48168,-25.96731 -70.47971,-25.96895 -70.47836,-25.96977 -70.47756,-25.97069 -70.47682,-25.97084 -70.47484,-25.97074 -70.47244,-25.96912 -70.47083,-25.96837 -70.46817,-25.96746 -70.46395,-25.96564 -70.46341,-25.96551 -70.46154,-25.96553 -70.46076,-25.96529 -70.45941,-25.96344 -70.45573,-25.96126 -70.4529,-25.9589 -70.44989,-25.9578 -70.447,-25.95751 -70.44493,-25.9563 -70.44086,-25.95451 -70.43817,-25.95373 -70.43722,-25.95276 -70.43636,-25.9523 -70.43499,-25.95207 -70.43406,-25.95216 -70.43355,-25.95249 -70.4328,-25.95396 -70.43253,-25.95421 -70.43039,-25.95434 -70.42876,-25.95484 -70.42791,-25.95478 -70.42724,-25.95426 -70.42638,-25.95395 -70.42354,-25.95419 -70.4221,-25.95399 -70.42069,-25.95303 -70.42017,-25.95229 -70.41802,-25.9476 -70.41734,-25.94648 -70.41255,-25.94244 -70.40839,-25.93964 -70.40655,-25.93856 -70.40343,-25.93775 -70.40128,-25.93767 -70.40043,-25.93781 -70.39846,-25.93924 -70.39773,-25.93949 -70.39485,-25.93948 -70.39387,-25.93907 -70.39363,-25.93862 -70.39353,-25.93654 -70.39401,-25.93418 -70.39404,-25.93066 -70.39376,-25.92926 -70.39316,-25.92831 -70.39277,-25.92811 -70.39094,-25.92795 -70.38849,-25.92833 -70.38466,-25.92842 -70.38391,-25.9286 -70.381,-25.92989 -70.37377,-25.93024 -70.36658,-25.93139 -70.36101,-25.93104 -70.35264,-25.93096 -70.34925,-25.93018 -70.34716,-25.93018 -70.34442,-25.93213 -70.34287,-25.9328 -70.34163,-25.93278 -70.34073,-25.93215 -70.33899,-25.93027 -70.33769,-25.92828 -70.33721,-25.92708 -70.33523,-25.92394 -70.33417,-25.92321 -70.33339,-25.92314 -70.33227,-25.92344 -70.33042,-25.92493 -70.32869,-25.92695 -70.3275,-25.92865 -70.32673,-25.92943 -70.32522,-25.93001 -70.32421,-25.92991 -70.32335,-25.9295 -70.32225,-25.92835 -70.32007,-25.92506 -70.31978,-25.92359 -70.31871,-25.92138 -70.31814,-25.91962 -70.31742,-25.91812 -70.31664,-25.91721 -70.31483,-25.91596 -70.3142,-25.9153 -70.3137,-25.91228 -70.31331,-25.91154 -70.31264,-25.91092 -70.31267,-25.91028 -70.31386,-25.90887 -70.31423,-25.90739 -70.31515,-25.90551 -70.31498,-25.90428 -70.31419,-25.90345 -70.31083,-25.90182 -70.30926,-25.90085 -70.30691,-25.89993 -70.30186,-25.89655 -70.3002,-25.89587 -70.29726,-25.89572 -70.29416,-25.89666 -70.29293,-25.89758 -70.28929,-25.89959 -70.28809,-25.89981 -70.28455,-25.89988 -70.28397,-25.90006 -70.28339,-25.90052 -70.28309,-25.90105 -70.28279,-25.90274 -70.2816,-25.90412 -70.28065,-25.90603 -70.27999,-25.90632 -70.27712,-25.90641 -70.27553,-25.90696 -70.273,-25.90698 -70.2726,-25.90924 -70.27203,-25.91114 -70.27157,-25.91177 -70.27092,-25.91231 -70.27018,-25.91263 -70.26845,-25.91414 -70.26642,-25.91764 -70.26563,-25.92011 -70.26523,-25.92226 -70.26542,-25.92578 -70.26653,-25.92777 -70.26639,-25.92879 -70.26493,-25.93032 -70.26388,-25.93089 -70.26267,-25.93076 -70.26178,-25.93042 -70.26104,-25.93039 -70.25439,-25.93127 -70.2537,-25.93111 -70.25209,-25.92982 -70.25174,-25.92922 -70.25137,-25.92692 -70.25109,-25.92635 -70.25055,-25.92594 -70.24901,-25.92521 -70.24407,-25.92359 -70.24197,-25.92245 -70.24147,-25.92198 -70.24083,-25.92117 -70.24021,-25.9199 -70.24051,-25.9159 -70.24016,-25.91554 -70.2394,-25.91554 -70.23598,-25.91711 -70.23095,-25.91894 -70.22792,-25.91918 -70.22558,-25.91839 -70.22509,-25.91839 -70.2237,-25.91929 -70.22121,-25.92043 -70.22096,-25.92078 -70.22096,-25.9211 -70.22159,-25.92177 -70.22172,-25.92223 -70.22154,-25.92472 -70.22128,-25.92691 -70.22027,-25.92851 -70.21958,-25.92893 -70.21717,-25.92961 -70.21644,-25.93044 -70.21608,-25.93159 -70.21504,-25.93319 -70.21227,-25.93507 -70.21088,-25.93574 -70.20806,-25.93629 -70.20598,-25.93727 -70.20304,-25.93833 -70.20185,-25.93897 -70.20002,-25.94128 -70.19844,-25.94155 -70.19529,-25.94243 -70.1928,-25.94276 -70.18993,-25.94344 -70.1885,-25.94352 -70.18792,-25.94342 -70.18714,-25.94287 -70.1866,-25.9428 -70.18357,-25.94305 -70.18185,-25.9428 -70.17697,-25.94269 -70.17479,-25.94205 -70.17219,-25.94047 -70.16993,-25.93964 -70.16812,-25.93925 -70.16591,-25.93934 -70.16509,-25.93953 -70.16354,-25.94021 -70.16032,-25.9419 -70.15678,-25.94423 -70.15613,-25.94483 -70.15552,-25.94579 -70.15327,-25.95029 -70.15222,-25.95193 -70.15174,-25.95261 -70.15121,-25.95287 -70.14985,-25.95288 -70.14878,-25.95245 -70.1478,-25.95242 -70.14661,-25.95257 -70.14473,-25.95326 -70.14215,-25.95331 -70.14067,-25.9528 -70.13976,-25.95203 -70.13877,-25.95029 -70.13775,-25.94946 -70.13571,-25.94906 -70.13326,-25.94923 -70.1324,-25.94946 -70.13126,-25.95021 -70.12976,-25.95185 -70.12919,-25.95256 -70.12883,-25.95342 -70.12852,-25.95505 -70.12835,-25.95535 -70.12795,-25.9555 -70.12721,-25.95547 -70.12647,-25.95521 -70.12362,-25.95313 -70.12148,-25.95184 -70.11832,-25.95186 -70.11729,-25.95173 -70.11462,-25.9506 -70.11379,-25.95001 -70.11014,-25.94945 -70.10924,-25.94942 -70.10752,-25.94965 -70.10434,-25.95101 -70.10036,-25.95119 -70.0969,-25.95193 -70.09618,-25.95178 -70.09528,-25.95119 -70.09428,-25.95001 -70.09358,-25.94972 -70.09243,-25.94977 -70.09067,-25.95015 -70.08873,-25.95149 -70.08807,-25.95245 -70.08766,-25.95346 -70.08747,-25.95349 -70.08644,-25.95346 -70.08258,-25.95282 -70.07974,-25.95173 -70.07794,-25.95175 -70.07598,-25.95291 -70.07525,-25.95373 -70.07471,-25.95651 -70.07475,-25.96155 -70.07522,-25.96377 -70.0758,-25.96544 -70.02288,-25.91959 -69.9583,-25.901 -69.90793,-25.89428 -69.86789,-25.92346 -69.85412,-25.94618 -69.85191,-25.94407 -69.85053,-25.94355 -69.84928,-25.94239 -69.8472,-25.94209 -69.84337,-25.94187 -69.84242,-25.94161 -69.84127,-25.94089 -69.84099,-25.94034 -69.84049,-25.93994 -69.83634,-25.93853 -69.83563,-25.93782 -69.83552,-25.93734 -69.83444,-25.93586 -69.8334,-25.9354 -69.83213,-25.93352 -69.8309,-25.93273 -69.82758,-25.92962 -69.82463,-25.92649 -69.82384,-25.92604 -69.82036,-25.9254 -69.81898,-25.92478 -69.8182,-25.92414 -69.8177,-25.92398 -69.81713,-25.92403 -69.81583,-25.92463 -69.81115,-25.92521 -69.80836,-25.9261 -69.80549,-25.92556 -69.80545,-25.92511 -69.80344,-25.92471 -69.80145,-25.92491 -69.80035,-25.92484 -69.79973,-25.92498 -69.79882,-25.92561 -69.79758,-25.92534 -69.7956,-25.92557 -69.79522,-25.92577 -69.79462,-25.92531 -69.79434,-25.92533 -69.79369,-25.92471 -69.79316,-25.92493 -69.79241,-25.92423 -69.79135,-25.92413 -69.79072,-25.92372 -69.79049,-25.92275 -69.79017,-25.92266 -69.78941,-25.923 -69.78842,-25.92304 -69.7876,-25.92261 -69.78666,-25.92254 -69.78507,-25.922 -69.7838,-25.92237 -69.78107,-25.92235 -69.77856,-25.92152 -69.77486,-25.92137 -69.77412,-25.92122 -69.77198,-25.92021 -69.76914,-25.91985 -69.7688,-25.91965 -69.76744,-25.91958 -69.76595,-25.91867 -69.7623,-25.91701 -69.76042,-25.91679 -69.75817,-25.91702 -69.75686,-25.91679 -69.75362,-25.91747 -69.75266,-25.91793 -69.75012,-25.91826 -69.74917,-25.9182 -69.74775,-25.91884 -69.74597,-25.91934 -69.74492,-25.92003 -69.74319,-25.9203 -69.74223,-25.92024 -69.73984,-25.91927 -69.73873,-25.91913 -69.73427,-25.91885 -69.73242,-25.91858 -69.7299,-25.91872 -69.72752,-25.91973 -69.72384,-25.92169 -69.72163,-25.92222 -69.71815,-25.92368 -69.71705,-25.92484 -69.71516,-25.92642 -69.71473,-25.92698 -69.71434,-25.92805 -69.71228,-25.9296 -69.70576,-25.93212 -69.70282,-25.93363 -69.702,-25.9342 -69.70103,-25.93423 -69.69862,-25.93471 -69.69627,-25.93545 -69.69423,-25.93561 -69.69307,-25.93602 -69.69188,-25.93675 -69.6899,-25.93759 -69.68902,-25.93847 -69.68766,-25.93912 -69.68545,-25.93924 -69.68442,-25.93873 -69.68252,-25.93913 -69.68193,-25.93942 -69.68085,-25.93939 -69.68023,-25.93963 -69.6798,-25.94007 -69.67838,-25.94033 -69.67776,-25.94061 -69.67558,-25.94218 -69.67422,-25.94257 -69.67164,-25.94261 -69.6707,-25.94292 -69.66931,-25.94311 -69.66539,-25.94203 -69.6646,-25.94198 -69.66224,-25.94269 -69.66032,-25.94374 -69.65924,-25.94395 -69.65688,-25.94399 -69.65265,-25.94308 -69.65071,-25.94207 -69.64861,-25.94141 -69.64636,-25.94117 -69.64298,-25.9415 -69.64074,-25.94097 -69.6377,-25.94099 -69.63622,-25.94088 -69.63457,-25.94043 -69.63188,-25.94036 -69.62725,-25.94108 -69.62499,-25.94176 -69.62459,-25.94207 -69.62149,-25.942 -69.62036,-25.9421 -69.6188,-25.94257 -69.61789,-25.94252 -69.61462,-25.94141 -69.6136,-25.94123 -69.61272,-25.9413 -69.61056,-25.94162 -69.60971,-25.94203 -69.6035,-25.9437 -69.60092,-25.94389 -69.59504,-25.94342 -69.59177,-25.94279 -69.58844,-25.94188 -69.58708,-25.94174 -69.58586,-25.94182 -69.58106,-25.94146 -69.57893,-25.94153 -69.5776,-25.94189 -69.57448,-25.94232 -69.57081,-25.94211 -69.56587,-25.94216 -69.56451,-25.9426 -69.56238,-25.94278 -69.56059,-25.9425 -69.55957,-25.94202 -69.55778,-25.94174 -69.55108,-25.94263 -69.54938,-25.94294 -69.54646,-25.94397 -69.54421,-25.94408 -69.54314,-25.94439 -69.5409,-25.94473 -69.54022,-25.94494 -69.53894,-25.94576 -69.53656,-25.94692 -69.53554,-25.94728 -69.53248,-25.94763 -69.53009,-25.9473 -69.52929,-25.94748 -69.52562,-25.95036 -69.52406,-25.95083 -69.52318,-25.95083 -69.52252,-25.95076 -69.51829,-25.94922 -69.51584,-25.94922 -69.51332,-25.94947 -69.51133,-25.9493 -69.50945,-25.94936 -69.50531,-25.9484 -69.50322,-25.94825 -69.50316,-25.91462 -69.50205,-25.91463 -69.49992,-25.91396 -69.49611,-25.91198 -69.49383,-25.91136 -69.49271,-25.91129 -69.48161,-25.91172 -69.47797,-25.9115 -69.47622,-25.9111 -69.47591,-25.91003 -69.47647,-25.90532 -69.47638,-25.90419 -69.47601,-25.90341 -69.47447,-25.90224 -69.47123,-25.90085 -69.47016,-25.89994 -69.46883,-25.89802 -69.46839,-25.89555 -69.46785,-25.89416 -69.46736,-25.89386 -69.46657,-25.89407 -69.46593,-25.8945 -69.46448,-25.89607 -69.46382,-25.89639 -69.46191,-25.89646 -69.45773,-25.89593 -69.45623,-25.8956 -69.45185,-25.89364 -69.45117,-25.89245 -69.4508,-25.88946 -69.45053,-25.88848 -69.44971,-25.8874 -69.44745,-25.88526 -69.44632,-25.88387 -69.44589,-25.88288 -69.44554,-25.87851 -69.44506,-25.87726 -69.44326,-25.87537 -69.44206,-25.87442 -69.44096,-25.87313 -69.44016,-25.87176 -69.43967,-25.86994 -69.43997,-25.86859 -69.44173,-25.86506 -69.44176,-25.86392 -69.44128,-25.86302 -69.44044,-25.86204 -69.43907,-25.8614 -69.43607,-25.86126 -69.43469,-25.86093 -69.43335,-25.8603 -69.43223,-25.85949 -69.42894,-25.85616 -69.42786,-25.85568 -69.42721,-25.85564 -69.4262,-25.85603 -69.42295,-25.85771 -69.41899,-25.86008 -69.41566,-25.8617 -69.41238,-25.86278 -69.40724,-25.86416 -69.40268,-25.86628 -69.39847,-25.86858 -69.38839,-25.87666 -69.38721,-25.87747 -69.38594,-25.87808 -69.38316,-25.87887 -69.38138,-25.87917 -69.37227,-25.88009 -69.36932,-25.87999 -69.36291,-25.87682 -69.35729,-25.8718 -69.35608,-25.87099 -69.35398,-25.8687 -69.35306,-25.8669 -69.35187,-25.86623 -69.34946,-25.86675 -69.34679,-25.86755 -69.34554,-25.86747 -69.33943,-25.86589 -69.33679,-25.86551 -69.33526,-25.86535 -69.33129,-25.86534 -69.32354,-25.86443 -69.31988,-25.86415 -69.31816,-25.86434 -69.31674,-25.8648 -69.31401,-25.86654 -69.31233,-25.86715 -69.31086,-25.86731 -69.30934,-25.86719 -69.30176,-25.86749 -69.29773,-25.8675 -69.29503,-25.86742 -69.28796,-25.86686 -69.28668,-25.86655 -69.28554,-25.86588 -69.28318,-25.86368 -69.27887,-25.86011 -69.27568,-25.85772 -69.27383,-25.85703 -69.27232,-25.85691 -69.26732,-25.85734 -69.26652,-25.85756 -69.26482,-25.85857 -69.26408,-25.85983 -69.26393,-25.86162 -69.26367,-25.86255 -69.2627,-25.86368 -69.26174,-25.86425 -69.26103,-25.86438 -69.25995,-25.86416 -69.25897,-25.86365 -69.25651,-25.86203 -69.25564,-25.86186 -69.2535,-25.86182 -69.252,-25.86221 -69.25112,-25.86204 -69.24929,-25.86026 -69.24476,-25.8567 -69.24378,-25.85505 -69.24313,-25.85316 -69.24306,-25.85 -69.24347,-25.84671 -69.24311,-25.84513 -69.24228,-25.84491 -69.23928,-25.84498 -69.23682,-25.84469 -69.234,-25.84355 -69.23314,-25.84164 -69.23009,-25.83867 -69.22705,-25.83655 -69.22107,-25.8337 -69.21762,-25.83313 -69.21635,-25.83336 -69.21323,-25.83318 -69.20831,-25.8333 -69.20427,-25.83303 -69.20091,-25.83162 -69.1962,-25.82881 -69.17915,-25.82103 -69.17487,-25.8182 -69.17238,-25.81685 -69.16852,-25.81614 -69.16379,-25.81619 -69.15853,-25.8173 -69.15076,-25.81929 -69.14854,-25.81942 -69.14718,-25.81923 -69.14005,-25.81721 -69.13812,-25.81635 -69.13245,-25.81335 -69.12803,-25.80997 -69.12674,-25.80916 -69.12524,-25.80862 -69.12147,-25.80765 -69.117,-25.80733 -69.11549,-25.80694 -69.11401,-25.80628 -69.11227,-25.80449 -69.1115,-25.80262 -69.11103,-25.80187 -69.1079,-25.80193 -69.10571,-25.80229 -69.10154,-25.80226 -69.09859,-25.80199 -69.09782,-25.80124 -69.09652,-25.79943 -69.09611,-25.79825 -69.09458,-25.79548 -69.09392,-25.79329 -69.09386,-25.79212 -69.09439,-25.78971 -69.09522,-25.78801 -69.09639,-25.78689 -69.09677,-25.78593 -69.09691,-25.78453 -69.0965,-25.78312 -69.09526,-25.78048 -69.09285,-25.7764 -69.09172,-25.77468 -69.08958,-25.77207 -69.08706,-25.76843 -69.08563,-25.76601 -69.082,-25.75906 -69.07957,-25.75357 -69.0791,-25.75326 -69.07867,-25.75089 -69.07866,-25.74994 -69.07879,-25.74886 -69.07997,-25.74553 -69.07998,-25.74463 -69.07964,-25.74375 -69.07876,-25.74282 -69.07735,-25.74234 -69.07546,-25.74204 -69.07188,-25.7399 -69.07059,-25.73874 -69.06655,-25.73583 -69.06456,-25.73389 -69.06384,-25.73255 -69.06365,-25.73163 -69.06387,-25.73009 -69.06421,-25.72932 -69.0655,-25.72785 -69.06685,-25.72689 -69.06979,-25.7255 -69.07231,-25.72477 -69.07568,-25.72455 -69.07896,-25.72345 -69.08267,-25.72044 -69.08429,-25.71972 -69.08557,-25.71943 -69.08678,-25.71959 -69.08769,-25.71987 -69.09038,-25.72027 -69.09561,-25.72159 -69.09566,-25.7208 -69.09333,-25.71761 -69.09275,-25.71658 -69.09124,-25.71235 -69.08933,-25.70935 -69.0882,-25.70694 -69.08165,-25.70351 -69.08051,-25.70263 -69.07856,-25.69978 -69.07731,-25.69851 -69.07341,-25.69567 -69.07124,-25.69312 -69.0714,-25.6914 -69.07265,-25.68831 -69.07316,-25.68593 -69.07307,-25.6847 -69.07016,-25.67883 -69.06774,-25.67485 -69.06402,-25.67028 -69.06187,-25.66733 -69.06109,-25.66592 -69.05951,-25.66173 -69.05874,-25.65568 -69.05621,-25.64515 -69.05173,-25.63643 -69.05138,-25.63478 -69.05144,-25.6334 -69.0526,-25.63141 -69.05573,-25.62827 -69.05662,-25.62684 -69.0584,-25.62292 -69.06034,-25.61638 -69.06083,-25.61496 -69.0617,-25.61316 -69.06274,-25.61168 -69.06485,-25.60948 -69.06708,-25.60573 -69.06806,-25.60216 -69.06897,-25.59787 -69.06986,-25.58899 -69.07043,-25.58543 -69.07142,-25.58496 -69.07491,-25.58479 -69.0784,-25.58518 -69.08017,-25.58522 -69.08262,-25.58495 -69.08376,-25.58444 -69.08466,-25.58362 -69.08456,-25.58225 -69.08345,-25.58085 -69.08128,-25.57972 -69.08,-25.57928 -69.07546,-25.57847 -69.07173,-25.57815 -69.0685,-25.57705 -69.0659,-25.57519 -69.06486,-25.57406 -69.06292,-25.57134 -69.05694,-25.56517 -69.05627,-25.56395 -69.05599,-25.56228 -69.05588,-25.55826 -69.05562,-25.55677 -69.05451,-25.55344 -69.05413,-25.55164 -69.0548,-25.5464 -69.05471,-25.54437 -69.05415,-25.54287 -69.05211,-25.541 -69.04899,-25.53938 -69.04732,-25.53824 -69.04608,-25.5372 -69.0447,-25.53561 -69.04319,-25.53428 -69.03987,-25.53254 -69.03871,-25.53207 -69.03697,-25.53184 -69.03122,-25.53283 -69.02918,-25.53263 -69.02868,-25.53196 -69.02833,-25.53037 -69.02872,-25.52807 -69.02868,-25.52652 -69.02755,-25.51787 -69.02678,-25.51558 -69.02612,-25.51432 -69.02287,-25.51035 -69.02177,-25.50938 -69.01827,-25.50679 -69.01613,-25.50572 -69.01144,-25.50429 -69.00993,-25.50399 -69.00605,-25.50365 -69.00429,-25.5037 -69.00113,-25.5047 -68.99974,-25.5054 -68.99689,-25.50735 -68.99604,-25.50751 -68.99524,-25.50656 -68.99425,-25.50129 -68.99374,-25.49702 -68.99425,-25.49534 -68.99554,-25.4923 -68.9973,-25.48928 -69.00305,-25.4812 -69.00428,-25.47864 -69.0049,-25.47642 -69.00456,-25.47142 -69.00335,-25.46467 -69.00239,-25.46119 -69.00265,-25.46009 -69.00348,-25.45922 -69.00937,-25.45416 -69.01328,-25.45143 -69.01379,-25.45062 -69.01398,-25.44986 -69.0136,-25.44835 -69.01027,-25.44425 -69.00742,-25.44162 -69.00461,-25.43938 -69.00198,-25.43666 -69.0007,-25.43556 -68.99711,-25.4312 -68.99255,-25.42464 -68.99171,-25.42323 -68.98989,-25.41923 -68.98826,-25.41426 -68.98788,-25.41264 -68.98667,-25.40538 -68.98622,-25.40148 -68.98616,-25.39922 -68.98643,-25.39529 -68.98726,-25.3888 -68.98727,-25.38602 -68.98775,-25.38312 -68.98868,-25.37941 -68.98805,-25.37694 -68.98702,-25.37595 -68.98589,-25.37514 -68.9847,-25.3749 -68.98252,-25.37509 -68.97779,-25.37605 -68.97474,-25.37642 -68.97338,-25.37689 -68.97117,-25.37706 -68.97034,-25.37777 -68.96965,-25.37938 -68.96944,-25.38065 -68.96881,-25.38212 -68.9678,-25.38263 -68.96426,-25.38274 -68.9633,-25.38299 -68.96304,-25.38337 -68.96277,-25.38439 -68.96256,-25.38639 -68.96155,-25.38931 -68.96107,-25.3897 -68.95777,-25.38887 -68.95581,-25.38752 -68.95357,-25.3853 -68.95257,-25.38457 -68.95177,-25.38428 -68.95129,-25.38424 -68.94815,-25.38474 -68.94746,-25.38503 -68.94693,-25.38561 -68.94534,-25.38609 -68.94345,-25.38546 -68.94122,-25.38393 -68.93852,-25.38282 -68.93592,-25.38249 -68.92937,-25.38285 -68.92782,-25.38265 -68.92626,-25.38218 -68.92457,-25.38133 -68.92277,-25.38005 -68.91806,-25.37563 -68.91699,-25.3751 -68.91551,-25.37472 -68.91411,-25.37464 -68.91213,-25.37476 -68.91105,-25.37523 -68.90765,-25.37528 -68.90641,-25.37553 -68.90448,-25.37564 -68.90307,-25.37538 -68.89503,-25.37504 -68.89121,-25.37504 -68.88948,-25.37496 -68.88567,-25.37338 -68.88394,-25.37323 -68.87648,-25.37503 -68.87414,-25.37574 -68.87119,-25.37715 -68.86712,-25.37817 -68.86582,-25.37864 -68.8588,-25.37887 -68.85689,-25.37911 -68.85577,-25.3795 -68.85256,-25.37934 -68.84996,-25.37965 -68.84849,-25.3802 -68.84675,-25.38051 -68.84329,-25.38059 -68.84138,-25.38043 -68.84008,-25.37996 -68.83696,-25.37743 -68.83539,-25.37536 -68.83345,-25.37344 -68.83066,-25.37131 -68.82977,-25.371 -68.82899,-25.37045 -68.82777,-25.36918 -68.82665,-25.36877 -68.82565,-25.36877 -68.82414,-25.36928 -68.82152,-25.36937 -68.82074,-25.36978 -68.82002,-25.37048 -68.81901,-25.37054 -68.81885,-25.37069 -68.81857,-25.3716 -68.81884,-25.37388 -68.819,-25.37747 -68.81822,-25.37879 -68.81697,-25.37909 -68.81498,-25.3788 -68.81103,-25.37777 -68.80983,-25.37769 -68.80499,-25.37904 -68.80253,-25.38049 -68.80162,-25.38138 -68.80132,-25.38213 -68.79989,-25.38418 -68.79778,-25.38527 -68.79605,-25.38677 -68.79522,-25.38787 -68.79107,-25.39148 -68.79024,-25.39285 -68.79009,-25.39387 -68.78933,-25.39599 -68.78767,-25.39735 -68.78737,-25.3979 -68.78654,-25.39879 -68.78604,-25.39903 -68.78527,-25.39995 -68.78424,-25.4007 -68.78378,-25.40145 -68.78254,-25.40213 -68.78176,-25.40204 -68.7813,-25.4018 -68.77965,-25.40086 -68.778,-25.3996 -68.77667,-25.39908 -68.77321,-25.39846 -68.77151,-25.39799 -68.77038,-25.39733 -68.76914,-25.39701 -68.76615,-25.39672 -68.76531,-25.39587 -68.7636,-25.39477 -68.76321,-25.39415 -68.76299,-25.39203 -68.76164,-25.38949 -68.76105,-25.38696 -68.75909,-25.38436 -68.75647,-25.38135 -68.75549,-25.3806 -68.75459,-25.37943 -68.75271,-25.37834 -68.75157,-25.37712 -68.75045,-25.37712 -68.74995,-25.3774 -68.74933,-25.37841 -68.74921,-25.37914 -68.74871,-25.37964 -68.74759,-25.38034 -68.74563,-25.38088 -68.74171,-25.38122 -68.74068,-25.38161 -68.73923,-25.38245 -68.7386,-25.38261 -68.73802,-25.38259 -68.73729,-25.3821 -68.73572,-25.38213 -68.73085,-25.38593 -68.72883,-25.38694 -68.72806,-25.38728 -68.72687,-25.38749 -68.72492,-25.38829 -68.72348,-25.38912 -68.72258,-25.38932 -68.72168,-25.38897 -68.7207,-25.38577 -68.71982,-25.38458 -68.7176,-25.38227 -68.7171,-25.38152 -68.71658,-25.38008 -68.71635,-25.3783 -68.7159,-25.37782 -68.71387,-25.37775 -68.71345,-25.37745 -68.71214,-25.37768 -68.71124,-25.37693 -68.70944,-25.37419 -68.70854,-25.3733 -68.70531,-25.37137 -68.7038,-25.37082 -68.69982,-25.37013 -68.69786,-25.36999 -68.69402,-25.36909 -68.69259,-25.36909 -68.68928,-25.36826 -68.68762,-25.36832 -68.68601,-25.36895 -68.68334,-25.36933 -68.68243,-25.36876 -68.68201,-25.36818 -68.68181,-25.36582 -68.68118,-25.36346 -68.68119,-25.36162 -68.67944,-25.36021 -68.6758,-25.35829 -68.67468,-25.35683 -68.67385,-25.35425 -68.67287,-25.35271 -68.67252,-25.35163 -68.67197,-25.34787 -68.67085,-25.34628 -68.66988,-25.34264 -68.6701,-25.33854 -68.67039,-25.33745 -68.67152,-25.33472 -68.67292,-25.33249 -68.6737,-25.33058 -68.67392,-25.32784 -68.67371,-25.32733 -68.67287,-25.32676 -68.67154,-25.32523 -68.67126,-25.32433 -68.67043,-25.3228 -68.66987,-25.32102 -68.66925,-25.31662 -68.66904,-25.31618 -68.66877,-25.31458 -68.66835,-25.31318 -68.66786,-25.31229 -68.6664,-25.30999 -68.66577,-25.30941 -68.665,-25.30808 -68.66178,-25.30616 -68.66032,-25.30554 -68.65732,-25.30464 -68.65473,-25.30355 -68.65326,-25.30316 -68.65133,-25.30298 -68.64633,-25.30391 -68.64374,-25.3048 -68.64185,-25.30504 -68.63138,-25.30492 -68.62936,-25.30441 -68.62677,-25.30301 -68.62533,-25.30242 -68.6239,-25.30223 -68.62061,-25.30229 -68.61887,-25.30165 -68.61705,-25.30126 -68.61468,-25.29985 -68.61309,-25.29854 -68.61163,-25.29764 -68.60943,-25.29651 -68.60408,-25.29483 -68.60184,-25.2931 -68.60107,-25.29275 -68.60034,-25.29275 -68.59976,-25.29307 -68.59845,-25.29429 -68.59737,-25.29469 -68.59598,-25.29476 -68.59529,-25.29458 -68.5939,-25.29317 -68.593,-25.29126 -68.59223,-25.29069 -68.59048,-25.28986 -68.58895,-25.28941 -68.58573,-25.28908 -68.58482,-25.28857 -68.58245,-25.28653 -68.58089,-25.28576 -68.57903,-25.28544 -68.57755,-25.28486 -68.57636,-25.28479 -68.57566,-25.28524 -68.57566,-25.28568 -68.57636,-25.28644 -68.57643,-25.28702 -68.57586,-25.28778 -68.5746,-25.28835 -68.57152,-25.28847 -68.57089,-25.28866 -68.56843,-25.29075 -68.56468,-25.29287 -68.56398,-25.29414 -68.56335,-25.29484 -68.56152,-25.29623 -68.56011,-25.29864 -68.55948,-25.29915 -68.55857,-25.30061 -68.55731,-25.30112 -68.55556,-25.30105 -68.55444,-25.30117 -68.55318,-25.30104 -68.55157,-25.30053 -68.55066,-25.3004 -68.54933,-25.29976 -68.54835,-25.29962 -68.54744,-25.29924 -68.54654,-25.29841 -68.54511,-25.29803 -68.54323,-25.2981 -68.53987,-25.29789 -68.53895,-25.29749 -68.53778,-25.29526 -68.53578,-25.29311 -68.5346,-25.29251 -68.5339,-25.29243 -68.53159,-25.29151 -68.52889,-25.28975 -68.52863,-25.28872 -68.52872,-25.28856 -68.52924,-25.2882 -68.53108,-25.28789 -68.53174,-25.28726 -68.53214,-25.28605 -68.53223,-25.28458 -68.53289,-25.28212 -68.53373,-25.28145 -68.53648,-25.27983 -68.53959,-25.27773 -68.54196,-25.27547 -68.54236,-25.27438 -68.54232,-25.27406 -68.54179,-25.27355 -68.54162,-25.27263 -68.5418,-25.27204 -68.54312,-25.27065 -68.54356,-25.26946 -68.54488,-25.26712 -68.54597,-25.26605 -68.54728,-25.26554 -68.54785,-25.26499 -68.54952,-25.26253 -68.54953,-25.26189 -68.54988,-25.26106 -68.54975,-25.2607 -68.54826,-25.26062 -68.54647,-25.26097 -68.54521,-25.26065 -68.54494,-25.26093 -68.54311,-25.26088 -68.54276,-25.26044 -68.54246,-25.25917 -68.5436,-25.25798 -68.5436,-25.25671 -68.54335,-25.2558 -68.54445,-25.25373 -68.54441,-25.25232 -68.54415,-25.25197 -68.54231,-25.25148 -68.54092,-25.25065 -68.5407,-25.25033 -68.54062,-25.24923 -68.53883,-25.24815 -68.53783,-25.24712 -68.53714,-25.24612 -68.53692,-25.24545 -68.53509,-25.24314 -68.53466,-25.24202 -68.53466,-25.24167 -68.53432,-25.24107 -68.52945,-25.23561 -68.52814,-25.23446 -68.52622,-25.23342 -68.52439,-25.2327 -68.5216,-25.23189 -68.52029,-25.23074 -68.51856,-25.22839 -68.51844,-25.22589 -68.51861,-25.22485 -68.51844,-25.2241 -68.51796,-25.22362 -68.51456,-25.22222 -68.50942,-25.22081 -68.50802,-25.21989 -68.5058,-25.2177 -68.50546,-25.21682 -68.5053,-25.21329 -68.50478,-25.21229 -68.50457,-25.21102 -68.50457,-25.20919 -68.50475,-25.20896 -68.50523,-25.20876 -68.50598,-25.20773 -68.50634,-25.20336 -68.50669,-25.20221 -68.50762,-25.20019 -68.50881,-25.19845 -68.50894,-25.19781 -68.50856,-25.19512 -68.5087,-25.19262 -68.50766,-25.18948 -68.5079,-25.1839 -68.51047,-25.17604 -68.50978,-25.17462 -68.50865,-25.17342 -68.50808,-25.17242 -68.5077,-25.16905 -68.50636,-25.16741 -68.50423,-25.16526 -68.50323,-25.16454 -68.5019,-25.16414 -68.49844,-25.16131 -68.4977,-25.16099 -68.49691,-25.16094 -68.49355,-25.16133 -68.49132,-25.1614 -68.48984,-25.16044 -68.48745,-25.15849 -68.48562,-25.15832 -68.4844,-25.15769 -68.48357,-25.15665 -68.48258,-25.15368 -68.48018,-25.15364 -68.47922,-25.15324 -68.47879,-25.15324 -68.47687,-25.15228 -68.47578,-25.15227 -68.47408,-25.15179 -68.47234,-25.15055 -68.46956,-25.14748 -68.46895,-25.14577 -68.46905,-25.14331 -68.46745,-25.14114 -68.46728,-25.14054 -68.46745,-25.14019 -68.46746,-25.13876 -68.46707,-25.13824 -68.46633,-25.13768 -68.4652,-25.13565 -68.46382,-25.13362 -68.46386,-25.13263 -68.46488,-25.13092 -68.46492,-25.13032 -68.46231,-25.12892 -68.46148,-25.12829 -68.45927,-25.1259 -68.45801,-25.12505 -68.45718,-25.12509 -68.45687,-25.12549 -68.45695,-25.1274 -68.45651,-25.12779 -68.45494,-25.1285 -68.45249,-25.12913 -68.44952,-25.12884 -68.44712,-25.12976 -68.44668,-25.13008 -68.44545,-25.13226 -68.4444,-25.13309 -68.4437,-25.13309 -68.44357,-25.13257 -68.4431,-25.13178 -68.44249,-25.13142 -68.44201,-25.13137 -68.44153,-25.13073 -68.44145,-25.13042 -68.44193,-25.1297 -68.44241,-25.12939 -68.44276,-25.12847 -68.44255,-25.12804 -68.44198,-25.12752 -68.4402,-25.12656 -68.44003,-25.12529 -68.44017,-25.12235 -68.43978,-25.12215 -68.43887,-25.1221 -68.4366,-25.12222 -68.43616,-25.12297 -68.43619,-25.12503 -68.43474,-25.1267 -68.43461,-25.12714 -68.43364,-25.12836 -68.43351,-25.12951 -68.43368,-25.13047 -68.43341,-25.13086 -68.43293,-25.13094 -68.43237,-25.13078 -68.43089,-25.13002 -68.42853,-25.12983 -68.42674,-25.12978 -68.426,-25.12998 -68.4246,-25.12986 -68.42334,-25.13021 -68.42332,-25.13279 -68.42354,-25.13399 -68.42332,-25.13442 -68.42039,-25.13568 -68.4164,-25.13837 -68.41523,-25.1386 -68.41439,-25.13915 -68.41421,-25.13975 -68.4133,-25.1401 -68.41119,-25.14196 -68.41014,-25.14346 -68.40974,-25.14447 -68.39294,-25.136 -68.34342,-25.11017 -68.3449,-25.11018 -68.3463,-25.10971 -68.34735,-25.109 -68.3481,-25.10789 -68.34819,-25.10713 -68.34912,-25.10486 -68.35083,-25.10339 -68.35301,-25.10304 -68.35323,-25.10289 -68.3531,-25.10201 -68.35328,-25.10169 -68.35424,-25.1011 -68.35631,-25.09837 -68.35653,-25.09746 -68.35627,-25.09682 -68.35527,-25.09551 -68.35519,-25.09443 -68.35542,-25.09275 -68.35586,-25.09164 -68.35771,-25.08819 -68.35837,-25.08716 -68.35881,-25.08688 -68.35925,-25.08562 -68.35948,-25.08359 -68.36023,-25.08236 -68.36198,-25.08113 -68.36272,-25.08098 -68.36372,-25.08115 -68.36472,-25.0819 -68.36551,-25.08214 -68.36629,-25.08179 -68.36647,-25.08121 -68.36604,-25.0797 -68.36614,-25.07835 -68.36544,-25.07704 -68.36537,-25.07553 -68.36481,-25.07378 -68.36468,-25.07275 -68.36468,-25.07247 -68.36534,-25.07148 -68.36535,-25.07124 -68.36461,-25.0704 -68.36448,-25.06977 -68.36545,-25.06792 -68.36589,-25.06753 -68.36689,-25.06702 -68.36759,-25.06698 -68.36837,-25.06734 -68.36933,-25.06746 -68.3702,-25.06782 -68.37081,-25.06783 -68.3713,-25.06755 -68.37191,-25.06688 -68.3727,-25.06529 -68.37288,-25.06438 -68.37254,-25.06255 -68.37185,-25.06175 -68.37089,-25.06127 -68.36976,-25.05996 -68.36929,-25.0598 -68.36872,-25.05983 -68.36828,-25.05959 -68.36807,-25.05927 -68.36807,-25.05892 -68.36974,-25.05692 -68.36993,-25.05358 -68.37089,-25.05244 -68.3719,-25.05157 -68.37375,-25.04863 -68.37423,-25.0482 -68.37515,-25.0482 -68.37589,-25.04662 -68.37665,-25.0443 -68.37832,-25.04188 -68.37863,-25.04101 -68.37863,-25.04041 -68.37841,-25.03993 -68.37642,-25.03826 -68.37603,-25.03758 -68.37594,-25.03706 -68.37644,-25.03389 -68.37745,-25.03206 -68.37837,-25.03127 -68.38154,-25.03321 -68.38976,-25.03877 -68.39186,-25.03607 -68.39318,-25.03489 -68.39427,-25.03422 -68.39908,-25.03191 -68.40043,-25.03157 -68.40204,-25.03141 -68.40353,-25.03066 -68.40545,-25.03011 -68.40615,-25.0294 -68.40642,-25.02801 -68.40574,-25.0238 -68.40628,-25.02102 -68.40663,-25.02041 -68.40856,-25.01859 -68.41088,-25.01713 -68.4114,-25.01626 -68.41176,-25.01486 -68.41203,-25.01268 -68.41191,-25.00982 -68.4121,-25.00804 -68.41249,-25.0078 -68.41362,-25.0076 -68.41402,-25.00713 -68.41446,-25.00586 -68.41447,-25.00459 -68.41469,-25.0032 -68.41561,-25.00339 -68.41551,-25.00277 -68.41442,-25.00114 -68.414,-25.00009 -68.414,-24.99942 -68.41438,-24.99847 -68.41496,-24.9978 -68.41586,-24.99556 -68.41597,-24.99465 -68.41572,-24.99235 -68.4152,-24.99113 -68.41368,-24.98955 -68.41348,-24.98878 -68.41355,-24.98553 -68.41287,-24.98471 -68.41261,-24.98409 -68.41266,-24.98328 -68.41225,-24.98265 -68.41194,-24.98112 -68.41017,-24.9782 -68.41002,-24.97655 -68.41013,-24.97536 -68.40993,-24.97444 -68.40857,-24.97301 -68.40863,-24.97176 -68.40879,-24.97124 -68.41,-24.97 -68.41163,-24.9691 -68.41337,-24.96738 -68.41442,-24.96695 -68.41616,-24.96567 -68.41705,-24.96481 -68.41769,-24.96343 -68.41811,-24.96272 -68.41843,-24.96248 -68.41943,-24.96188 -68.42011,-24.96169 -68.422,-24.96156 -68.42446,-24.96176 -68.42641,-24.96133 -68.42667,-24.96096 -68.42684,-24.95947 -68.42832,-24.95661 -68.42833,-24.95494 -68.42807,-24.95245 -68.42724,-24.95134 -68.42704,-24.94938 -68.42746,-24.94843 -68.42794,-24.9481 -68.42827,-24.94315 -68.43086,-24.9401 -68.43107,-24.93962 -68.43097,-24.93756 -68.43115,-24.933 -68.43153,-24.93147 -68.43253,-24.93038 -68.43311,-24.93028 -68.43337,-24.92999 -68.43358,-24.92947 -68.43391,-24.92737 -68.43454,-24.9256 -68.43534,-24.92417 -68.43544,-24.92364 -68.4365,-24.92169 -68.43866,-24.9189 -68.43882,-24.91847 -68.43883,-24.91799 -68.43585,-24.91573 -68.43371,-24.91371 -68.43287,-24.91352 -68.43171,-24.91352 -68.43124,-24.91323 -68.43093,-24.91256 -68.43099,-24.91155 -68.4321,-24.90859 -68.43247,-24.90812 -68.43248,-24.90582 -68.43186,-24.9052 -68.43191,-24.90467 -68.43228,-24.90443 -68.43407,-24.90415 -68.4369,-24.90426 -68.43936,-24.90506 -68.44187,-24.90497 -68.44423,-24.90465 -68.44481,-24.90441 -68.44576,-24.90245 -68.44587,-24.90178 -68.4464,-24.90131 -68.44734,-24.90102 -68.44944,-24.90098 -68.45122,-24.90042 -68.4551,-24.90053 -68.45987,-24.9004 -68.46402,-24.89994 -68.46837,-24.89893 -68.46942,-24.89898 -68.47063,-24.89956 -68.47194,-24.89975 -68.47598,-24.8978 -68.48144,-24.89648 -68.48349,-24.89568 -68.48511,-24.89535 -68.48596,-24.89449 -68.48617,-24.89387 -68.48618,-24.89053 -68.48635,-24.88902 -68.48698,-24.88773 -68.4873,-24.88567 -68.48778,-24.88458 -68.48778,-24.88434 -68.48684,-24.884 -68.48642,-24.88328 -68.48648,-24.88299 -68.48889,-24.88128 -68.49047,-24.88086 -68.49241,-24.8801 -68.49415,-24.87848 -68.49641,-24.87672 -68.49725,-24.87581 -68.50035,-24.87422 -68.50507,-24.87457 -68.50742,-24.87529 -68.50983,-24.8754 -68.51067,-24.87536 -68.51146,-24.87512 -68.51345,-24.87412 -68.5166,-24.87404 -68.51733,-24.87375 -68.51859,-24.87366 -68.51917,-24.87342 -68.51975,-24.87271 -68.51986,-24.87058 -68.52012,-24.86996 -68.52134,-24.86843 -68.52192,-24.86795 -68.52383,-24.86208 -68.52467,-24.86079 -68.52504,-24.86036 -68.52582,-24.86032 -68.52635,-24.86008 -68.52688,-24.85908 -68.52745,-24.85884 -68.5304,-24.85648 -68.5326,-24.85611 -68.53313,-24.85539 -68.53318,-24.85448 -68.53209,-24.85271 -68.53209,-24.85175 -68.53315,-24.85018 -68.53304,-24.84994 -68.53321,-24.84779 -68.53352,-24.84707 -68.534,-24.8465 -68.53521,-24.84564 -68.53521,-24.84516 -68.53516,-24.84373 -68.53292,-24.84111 -68.53276,-24.84045 -68.53282,-24.83939 -68.53367,-24.83562 -68.5342,-24.83447 -68.5353,-24.83323 -68.53615,-24.83276 -68.53599,-24.83142 -68.53433,-24.82785 -68.53423,-24.82685 -68.53481,-24.8258 -68.53523,-24.82546 -68.53754,-24.82461 -68.5375,-24.82184 -68.53914,-24.81625 -68.54051,-24.81453 -68.54251,-24.81245 -68.54429,-24.81107 -68.54629,-24.81017 -68.54718,-24.80908 -68.54793,-24.80635 -68.54861,-24.80616 -68.55071,-24.80473 -68.55338,-24.80355 -68.55611,-24.80303 -68.55831,-24.80303 -68.55925,-24.8028 -68.55999,-24.8028 -68.56167,-24.80223 -68.56202,-24.80176 -68.56186,-24.80074 -68.56195,-24.79863 -68.56243,-24.79768 -68.56563,-24.79624 -68.56667,-24.79536 -68.56794,-24.7953 -68.5681,-24.79479 -68.56819,-24.7934 -68.56764,-24.79223 -68.56756,-24.79144 -68.56565,-24.78924 -68.56422,-24.78833 -68.56423,-24.786 -68.56344,-24.78381 -68.56225,-24.78191 -68.56161,-24.78045 -68.56186,-24.77754 -68.56147,-24.7763 -68.56124,-24.77324 -68.56084,-24.77259 -68.56062,-24.76879 -68.5607,-24.76763 -68.56151,-24.76487 -68.56136,-24.76275 -68.56032,-24.76158 -68.55937,-24.76129 -68.55666,-24.75931 -68.55571,-24.7588 -68.55523,-24.75858 -68.55196,-24.75814 -68.55045,-24.75689 -68.54917,-24.75623 -68.54774,-24.75499 -68.54615,-24.75331 -68.54511,-24.75274 -68.5432,-24.75069 -68.54195,-24.74603 -68.54198,-24.73642 -68.54042,-24.72798 -68.53948,-24.72419 -68.5379,-24.71983 -68.5341,-24.71341 -68.52965,-24.7102 -68.52169,-24.70784 -68.51915,-24.70638 -68.5163,-24.70258 -68.51282,-24.69733 -68.50997,-24.69238 -68.50648,-24.688 -68.50427,-24.68363 -68.50428,-24.68101 -68.50302,-24.6778 -68.50175,-24.67518 -68.49571,-24.67342 -68.49223,-24.66787 -68.49065,-24.66321 -68.49035,-24.66059 -68.49036,-24.65768 -68.49165,-24.65303 -68.49071,-24.64924 -68.48786,-24.64603 -68.48692,-24.64195 -68.48693,-24.63875 -68.4895,-24.63497 -68.49333,-24.63149 -68.4943,-24.62801 -68.4959,-24.62452 -68.49687,-24.6219 -68.50007,-24.619 -68.50103,-24.61639 -68.50104,-24.61435 -68.49883,-24.61085 -68.49565,-24.60793 -68.49376,-24.60443 -68.49187,-24.5986 -68.48901,-24.59685 -68.48678,-24.59742 -68.48263,-24.60148 -68.47814,-24.6102 -68.47429,-24.61542 -68.46855,-24.61948 -68.46027,-24.61944 -68.45709,-24.61885 -68.45391,-24.61768 -68.45203,-24.61069 -68.44887,-24.60456 -68.44729,-24.60223 -68.44507,-24.60106 -68.44156,-24.6025 -68.43932,-24.60424 -68.43614,-24.6051 -68.43392,-24.60363 -68.43361,-24.60101 -68.43267,-24.59752 -68.43141,-24.59431 -68.4311,-24.59286 -68.43143,-24.58966 -68.43114,-24.58383 -68.42957,-24.57917 -68.42705,-24.57363 -68.42294,-24.56721 -68.42106,-24.56197 -68.41822,-24.55643 -68.41348,-24.54855 -68.41286,-24.54592 -68.41287,-24.54389 -68.41192,-24.54156 -68.41034,-24.53952 -68.40908,-24.53689 -68.4075,-24.53485 -68.4053,-24.5296 -68.40246,-24.52347 -68.40216,-24.52057 -68.40221,-24.51038 -68.40064,-24.50601 -68.39905,-24.50454 -68.39468,-24.50312 -68.39381,-24.50382 -68.39262,-24.50425 -68.38928,-24.50467 -68.38643,-24.50335 -68.38596,-24.50204 -68.38836,-24.49856 -68.38956,-24.49551 -68.39053,-24.49137 -68.39029,-24.48981 -68.38988,-24.48889 -68.38824,-24.48655 -68.38824,-24.48552 -68.38765,-24.48483 -68.3875,-24.48352 -68.38683,-24.48325 -68.38645,-24.48352 -68.38509,-24.48626 -68.38441,-24.48681 -68.38216,-24.48721 -68.3796,-24.48884 -68.37892,-24.4896 -68.3784,-24.48994 -68.37727,-24.49035 -68.37629,-24.49151 -68.37531,-24.49199 -68.37239,-24.49149 -68.37074,-24.49073 -68.36954,-24.49059 -68.36729,-24.49078 -68.36586,-24.4917 -68.36534,-24.49156 -68.36504,-24.49108 -68.36451,-24.49088 -68.36406,-24.49087 -68.36354,-24.49053 -68.36249,-24.49045 -68.36174,-24.48997 -68.36107,-24.48921 -68.35995,-24.48873 -68.3592,-24.48859 -68.35837,-24.48872 -68.35499,-24.48994 -68.35102,-24.49041 -68.34614,-24.49059 -68.34434,-24.4912 -68.34216,-24.49126 -68.34013,-24.49166 -68.33728,-24.49152 -68.33503,-24.49109 -68.33233,-24.49129 -68.33128,-24.49121 -68.32829,-24.48996 -68.3226,-24.48905 -68.31591,-24.49011 -68.31456,-24.49011 -68.31321,-24.49051 -68.31194,-24.49051 -68.31051,-24.49091 -68.30841,-24.49097 -68.30826,-24.49077 -68.30834,-24.49042 -68.30887,-24.48967 -68.30985,-24.48754 -68.31008,-24.48672 -68.31017,-24.48453 -68.30965,-24.48329 -68.30726,-24.48182 -68.30651,-24.4817 -68.30554,-24.48128 -68.30539,-24.47984 -68.30548,-24.47881 -68.30496,-24.4775 -68.30481,-24.47613 -68.30512,-24.47565 -68.30512,-24.4751 -68.30475,-24.47455 -68.30333,-24.47413 -68.30243,-24.47337 -68.30221,-24.47241 -68.30162,-24.47158 -68.3008,-24.46939 -68.29969,-24.4676 -68.29969,-24.46629 -68.29895,-24.46484 -68.29866,-24.46361 -68.29911,-24.46279 -68.29906,-24.45915 -68.29876,-24.45853 -68.29809,-24.45784 -68.29809,-24.45736 -68.29765,-24.45606 -68.29751,-24.45509 -68.29706,-24.45399 -68.29429,-24.45384 -68.29257,-24.45356 -68.29122,-24.45266 -68.28981,-24.45094 -68.28892,-24.44942 -68.2881,-24.44743 -68.28714,-24.44578 -68.28639,-24.44495 -68.28475,-24.44398 -68.28303,-24.44328 -68.27966,-24.44231 -68.27787,-24.44086 -68.27705,-24.43948 -68.276,-24.43835 -68.27413,-24.43743 -68.27207,-24.43679 -68.2711,-24.43535 -68.27002,-24.43454 -68.26874,-24.43417 -68.26787,-24.4336 -68.26666,-24.4293 -68.26543,-24.42816 -68.26504,-24.42749 -68.2652,-24.42681 -68.26559,-24.42632 -68.2656,-24.42546 -68.26399,-24.42284 -68.26365,-24.42176 -68.26312,-24.42095 -68.26273,-24.41942 -68.26264,-24.41739 -68.26216,-24.41644 -68.26227,-24.41376 -68.26288,-24.41205 -68.26284,-24.41038 -68.26262,-24.40897 -68.26196,-24.40684 -68.26237,-24.40593 -68.2626,-24.40473 -68.26243,-24.40377 -68.26148,-24.40277 -68.25958,-24.40176 -68.25768,-24.40105 -68.25591,-24.40125 -68.25427,-24.40174 -68.25255,-24.40144 -68.25173,-24.40147 -68.24567,-24.39564 -68.06794,-24.32654 -67.81237,-24.22679 -67.32248,-24.03375 -67.31279,-24.00348 -67.3115,-23.99863 -67.24523,-23.794 -67.23619,-23.76509 -67.21283,-23.69389 -67.08978,-23.31063 -67.0302,-23.12383 -67,-23.02853 -67,-22.9903 -67.08606,-22.90564 -67.14459,-22.84853 -67.18718,-22.80938 -67.19371,-22.81683 -67.24888,-22.82856 -67.3109,-22.84203 -67.33945,-22.848 -67.40902,-22.86306 -67.46026,-22.87438 -67.56835,-22.89768 -67.74063,-22.88464 -67.76321,-22.88329 -67.79641,-22.88087 -67.79916,-22.88082 -67.79963,-22.88059 -67.80014,-22.8791 -67.80081,-22.87781 -67.80235,-22.8763 -67.8034,-22.87607 -67.80417,-22.8756 -67.80613,-22.87399 -67.81252,-22.8697 -67.81484,-22.86593 -67.81923,-22.86147 -67.82535,-22.85723 -67.82646,-22.85692 -67.82754,-22.8569 -67.8297,-22.85611 -67.82979,-22.85535 -67.82737,-22.85388 -67.82512,-22.85158 -67.82468,-22.85026 -67.82438,-22.84876 -67.82439,-22.84713 -67.82505,-22.84592 -67.82674,-22.84462 -67.82833,-22.84419 -67.83037,-22.84391 -67.83216,-22.84398 -67.83445,-22.84434 -67.8375,-22.84588 -67.83832,-22.84678 -67.83857,-22.84755 -67.83888,-22.84782 -67.84251,-22.84755 -67.84657,-22.84498 -67.85309,-22.84261 -67.8549,-22.84243 -67.8557,-22.84212 -67.85656,-22.84103 -67.85903,-22.83689 -67.86043,-22.83591 -67.86721,-22.83361 -67.8696,-22.83313 -67.87292,-22.8332 -67.88141,-22.83392 -67.882,-22.83385 -67.88226,-22.83309 -67.88309,-22.8322 -67.88373,-22.82924 -67.8837,-22.82855 -67.88235,-22.82773 -67.8819,-22.82709 -67.88158,-22.82596 -67.88157,-22.82428 -67.88094,-22.82004 -67.87984,-22.81562 -67.87921,-22.81488 -67.87899,-22.81414 -67.87957,-22.8122 -67.87983,-22.81026 -67.88018,-22.80926 -67.88087,-22.80803 -67.88204,-22.80677 -67.88204,-22.80638 -67.88051,-22.80472 -67.87936,-22.80313 -67.87849,-22.80173 -67.87805,-22.80067 -67.87782,-22.79854 -67.87788,-22.7951 -67.87682,-22.79149 -67.87513,-22.78893 -67.87485,-22.7879 -67.87481,-22.78564 -67.87567,-22.78355 -67.87576,-22.78241 -67.8756,-22.78113 -67.87398,-22.77883 -67.87377,-22.77751 -67.87381,-22.7758 -67.8733,-22.77365 -67.8734,-22.77251 -67.87404,-22.77086 -67.87323,-22.76952 -67.87296,-22.76826 -67.87311,-22.76497 -67.87304,-22.76303 -67.87336,-22.7625 -67.8744,-22.75843 -67.87549,-22.75663 -67.87666,-22.7553 -67.87704,-22.75462 -67.87698,-22.75414 -67.87631,-22.75382 -67.87492,-22.7536 -67.87223,-22.75109 -67.87089,-22.74921 -67.86996,-22.74726 -67.869,-22.74622 -67.86838,-22.74456 -67.86681,-22.7414 -67.8669,-22.74111 -67.86724,-22.74096 -67.86922,-22.74126 -67.8706,-22.73993 -67.87331,-22.73858 -67.87505,-22.73812 -67.87559,-22.73778 -67.87685,-22.73564 -67.87759,-22.73251 -67.87814,-22.73123 -67.87931,-22.72929 -67.88046,-22.72801 -67.88117,-22.72765 -67.8821,-22.72773 -67.88287,-22.72732 -67.88381,-22.72711 -67.8857,-22.72779 -67.88574,-22.72489 -67.88552,-22.72373 -67.88498,-22.72344 -67.88493,-22.72313 -67.88592,-22.72326 -67.88638,-22.72313 -67.88695,-22.72251 -67.88738,-22.72167 -67.88757,-22.72067 -67.88934,-22.71908 -67.89025,-22.71882 -67.89062,-22.71849 -67.89054,-22.71812 -67.88992,-22.71798 -67.88832,-22.71697 -67.88706,-22.71578 -67.88684,-22.71499 -67.88663,-22.70718 -67.88692,-22.70626 -67.88767,-22.70538 -67.88778,-22.70504 -67.88767,-22.70446 -67.88718,-22.70369 -67.88589,-22.70213 -67.88537,-22.70026 -67.88475,-22.69952 -67.88422,-22.69928 -67.88113,-22.69868 -67.88048,-22.69841 -67.8793,-22.69746 -67.87371,-22.69495 -67.87047,-22.69293 -67.87036,-22.69248 -67.87051,-22.69201 -67.87225,-22.69089 -67.87222,-22.69023 -67.87099,-22.68899 -67.86938,-22.68453 -67.86888,-22.68167 -67.86807,-22.67998 -67.8682,-22.67856 -67.8694,-22.67576 -67.87054,-22.67429 -67.87172,-22.67206 -67.87193,-22.67125 -67.88916,-22.66567 -67.878,-22.66572 -67.87775,-22.66501 -67.87771,-22.66343 -67.8768,-22.66169 -67.87642,-22.66048 -67.87637,-22.65961 -67.87663,-22.65898 -67.87728,-22.65857 -67.87737,-22.65804 -67.87648,-22.65288 -67.87638,-22.65117 -67.87639,-22.65012 -67.877,-22.64781 -67.87698,-22.64689 -67.87629,-22.64465 -67.87545,-22.64339 -67.8754,-22.64302 -67.8758,-22.64218 -67.87569,-22.64176 -67.87491,-22.64078 -67.8749,-22.63844 -67.87518,-22.63802 -67.87638,-22.63766 -67.8775,-22.63757 -67.87964,-22.63798 -67.87999,-22.63753 -67.88015,-22.63566 -67.87936,-22.63461 -67.87862,-22.63408 -67.87842,-22.63337 -67.88127,-22.63089 -67.88174,-22.62984 -67.88432,-22.62739 -67.88432,-22.62686 -67.88421,-22.62641 -67.88368,-22.62625 -67.87977,-22.6261 -67.87876,-22.62538 -67.87794,-22.62437 -67.87636,-22.62423 -67.87321,-22.62431 -67.87245,-22.6246 -67.87108,-22.62606 -67.86802,-22.62622 -67.86626,-22.62655 -67.86561,-22.62633 -67.86486,-22.6258 -67.86293,-22.62387 -67.86191,-22.62313 -67.86115,-22.62281 -67.85991,-22.62172 -67.85921,-22.6213 -67.85768,-22.62097 -67.8572,-22.62065 -67.85723,-22.61971 -67.85751,-22.61913 -67.85842,-22.6189 -67.85882,-22.61848 -67.859,-22.6174 -67.85881,-22.6164 -67.85819,-22.6158 -67.85726,-22.61521 -67.85517,-22.61469 -67.855,-22.61451 -67.85521,-22.61399 -67.85618,-22.61286 -67.85718,-22.6119 -67.8578,-22.61166 -67.85829,-22.6112 -67.85846,-22.61059 -67.85844,-22.60991 -67.86026,-22.60882 -67.86219,-22.60838 -67.86357,-22.60718 -67.86341,-22.60215 -67.86284,-22.59859 -67.86186,-22.59762 -67.86154,-22.5969 -67.86094,-22.59624 -67.86007,-22.59577 -67.85793,-22.59596 -67.85113,-22.59388 -67.84839,-22.59376 -67.84774,-22.5935 -67.84649,-22.59257 -67.84495,-22.59327 -67.84407,-22.59332 -67.8432,-22.59296 -67.84271,-22.59204 -67.84245,-22.59076 -67.84213,-22.5901 -67.84142,-22.58964 -67.8406,-22.58948 -67.83989,-22.58907 -67.83774,-22.58743 -67.83753,-22.58666 -67.83748,-22.58524 -67.83711,-22.58416 -67.83651,-22.58314 -67.83553,-22.58268 -67.83286,-22.58185 -67.83259,-22.58118 -67.83254,-22.58037 -67.83293,-22.57905 -67.83371,-22.57834 -67.83475,-22.57789 -67.8371,-22.57862 -67.83952,-22.57808 -67.84034,-22.57712 -67.84044,-22.57616 -67.84012,-22.57402 -67.84057,-22.57356 -67.84364,-22.57277 -67.84458,-22.57186 -67.84597,-22.56887 -67.84559,-22.56831 -67.84377,-22.56748 -67.8435,-22.56702 -67.84389,-22.56596 -67.84587,-22.56531 -67.84587,-22.56454 -67.84478,-22.56362 -67.84381,-22.56235 -67.84343,-22.56143 -67.8436,-22.56071 -67.84473,-22.55975 -67.84655,-22.5587 -67.84886,-22.55775 -67.85094,-22.55751 -67.85264,-22.55691 -67.85303,-22.55631 -67.85287,-22.55564 -67.85162,-22.55482 -67.85021,-22.55339 -67.84955,-22.55307 -67.8489,-22.55312 -67.84727,-22.55143 -67.84618,-22.55076 -67.84404,-22.54724 -67.84372,-22.54622 -67.84379,-22.54531 -67.84423,-22.54465 -67.845,-22.54394 -67.84627,-22.54339 -67.84682,-22.54294 -67.84693,-22.54223 -67.84607,-22.5412 -67.84476,-22.54043 -67.8424,-22.53807 -67.84152,-22.53781 -67.8407,-22.53781 -67.8401,-22.53739 -67.83951,-22.53663 -67.8394,-22.53571 -67.83958,-22.53475 -67.84084,-22.53374 -67.84102,-22.53216 -67.84163,-22.53196 -67.84217,-22.53227 -67.84388,-22.53137 -67.84613,-22.52971 -67.85334,-22.52925 -67.85547,-22.52957 -67.85695,-22.52999 -67.85809,-22.53101 -67.85879,-22.53239 -67.85971,-22.53326 -67.86091,-22.53368 -67.8637,-22.5336 -67.86632,-22.53194 -67.86928,-22.5316 -67.87032,-22.5311 -67.8712,-22.53029 -67.87222,-22.52725 -67.87217,-22.52638 -67.87261,-22.52567 -67.87312,-22.52395 -67.87684,-22.52077 -67.8774,-22.51945 -67.87741,-22.51823 -67.87666,-22.51543 -67.87672,-22.51451 -67.87761,-22.51376 -67.88636,-22.50797 -67.88724,-22.50716 -67.88741,-22.50614 -67.88794,-22.50467 -67.89066,-22.50082 -67.89278,-22.49888 -67.89308,-22.4983 -67.8926,-22.44678 -67.89239,-22.44631 -67.89198,-22.44597 -67.89048,-22.44576 -67.88845,-22.44659 -67.88743,-22.44653 -67.88442,-22.44399 -67.88413,-22.4436 -67.88402,-22.44259 -67.88443,-22.44063 -67.88516,-22.43902 -67.88707,-22.43721 -67.88834,-22.43656 -67.88972,-22.43618 -67.8918,-22.43609 -67.89413,-22.43636 -67.89458,-22.43625 -67.89477,-22.43545 -67.89487,-22.43289 -67.89542,-22.43032 -67.8959,-22.42924 -67.89633,-22.42855 -67.89738,-22.42779 -67.89987,-22.42712 -67.90049,-22.42648 -67.90067,-22.42582 -67.9004,-22.42514 -67.89985,-22.42463 -67.89771,-22.42354 -67.89747,-22.42317 -67.89766,-22.42189 -67.89816,-22.42129 -67.8986,-22.42134 -67.89999,-22.42286 -67.90076,-22.42301 -67.90206,-22.42278 -67.90266,-22.4222 -67.90294,-22.42141 -67.90319,-22.41972 -67.90353,-22.41912 -67.90377,-22.41903 -67.9047,-22.41927 -67.90492,-22.41902 -67.9049,-22.41786 -67.90521,-22.41617 -67.90531,-22.41255 -67.90506,-22.41222 -67.90407,-22.41203 -67.90384,-22.41098 -67.90222,-22.41112 -67.90085,-22.40988 -67.90044,-22.40907 -67.89854,-22.40753 -67.89807,-22.40678 -67.8962,-22.4052 -67.89607,-22.40489 -67.89658,-22.40441 -67.89807,-22.40352 -67.90065,-22.40223 -67.90386,-22.40119 -67.90501,-22.40054 -67.90747,-22.39991 -67.90884,-22.39867 -67.90988,-22.39745 -67.91037,-22.39725 -67.91064,-22.39729 -67.91138,-22.39827 -67.91205,-22.39868 -67.91282,-22.39864 -67.91369,-22.39832 -67.91498,-22.39812 -67.91654,-22.39733 -67.91939,-22.39551 -67.9214,-22.39365 -67.92254,-22.39226 -67.92315,-22.39201 -67.92893,-22.39052 -67.93358,-22.39 -67.9341,-22.38927 -67.93443,-22.38813 -67.93489,-22.38738 -67.93831,-22.38287 -67.93972,-22.38174 -67.94128,-22.38144 -67.94154,-22.38078 -67.94151,-22.38048 -67.94125,-22.38033 -67.93992,-22.37992 -67.93849,-22.3791 -67.93593,-22.37703 -67.93374,-22.37494 -67.93336,-22.37448 -67.93313,-22.37374 -67.93321,-22.37084 -67.93277,-22.36639 -67.93287,-22.36479 -67.93416,-22.363 -67.93535,-22.36235 -67.93949,-22.3591 -67.94087,-22.3583 -67.94108,-22.35779 -67.9409,-22.3575 -67.93945,-22.35649 -67.93712,-22.35357 -67.93473,-22.34956 -67.93109,-22.34409 -67.93084,-22.34346 -67.9309,-22.34246 -67.93116,-22.34191 -67.93166,-22.34123 -67.93242,-22.34072 -67.93426,-22.34029 -67.93593,-22.33852 -67.93831,-22.33718 -67.93962,-22.33682 -67.94137,-22.33672 -67.94193,-22.33623 -67.94205,-22.3359 -67.94191,-22.33303 -67.94206,-22.33261 -67.94193,-22.33094 -67.94206,-22.33 -67.94334,-22.32771 -67.94338,-22.32738 -67.94304,-22.32723 -67.94166,-22.32726 -67.94062,-22.32696 -67.94056,-22.32635 -67.94117,-22.32421 -67.94064,-22.32358 -67.93904,-22.32262 -67.93853,-22.32189 -67.9387,-22.32114 -67.94042,-22.31697 -67.9404,-22.31636 -67.93982,-22.31534 -67.93959,-22.31441 -67.93994,-22.31288 -67.93973,-22.31178 -67.94031,-22.31092 -67.94016,-22.31076 -67.9384,-22.31067 -67.9371,-22.30979 -67.93607,-22.30854 -67.93524,-22.30701 -67.93343,-22.30588 -67.93247,-22.30473 -67.93217,-22.30387 -67.93219,-22.3028 -67.93239,-22.30218 -67.93405,-22.29967 -67.93412,-22.29854 -67.93458,-22.29765 -67.93504,-22.29694 -67.93641,-22.29581 -67.93767,-22.29448 -67.93851,-22.29347 -67.93867,-22.29303 -67.93866,-22.29274 -67.93842,-22.29246 -67.93697,-22.29172 -67.9342,-22.28977 -67.93287,-22.28836 -67.93282,-22.28809 -67.93282,-22.28772 -67.93358,-22.28659 -67.9338,-22.28589 -67.93401,-22.28374 -67.93248,-22.28193 -67.93239,-22.28063 -67.9326,-22.27859 -67.93481,-22.27544 -67.93709,-22.27407 -67.93735,-22.27291 -67.93684,-22.27272 -67.93412,-22.27267 -67.93304,-22.27206 -67.93223,-22.27189 -67.9317,-22.2719 -67.93047,-22.27279 -67.92981,-22.27293 -67.9278,-22.2727 -67.92672,-22.2723 -67.92591,-22.27232 -67.92412,-22.2744 -67.9213,-22.2755 -67.92001,-22.27584 -67.91829,-22.2735 -67.91755,-22.27296 -67.91636,-22.27284 -67.91606,-22.27268 -67.91576,-22.27227 -67.91565,-22.2717 -67.91618,-22.26959 -67.91694,-22.26838 -67.9175,-22.26802 -67.91813,-22.26786 -67.92032,-22.26802 -67.92101,-22.26769 -67.92353,-22.26499 -67.92399,-22.25978 -67.9238,-22.25682 -67.92317,-22.25393 -67.92321,-22.25331 -67.92333,-22.25216 -67.92421,-22.2514 -67.9244,-22.25089 -67.92468,-22.24927 -67.92466,-22.24833 -67.92453,-22.24737 -67.92404,-22.24589 -67.92326,-22.2446 -67.92258,-22.243 -67.92125,-22.24114 -67.9212,-22.24085 -67.9216,-22.24001 -67.92269,-22.23918 -67.92466,-22.23818 -67.92527,-22.2377 -67.92631,-22.23637 -67.92671,-22.23562 -67.92713,-22.23274 -67.929,-22.22996 -67.92923,-22.22782 -67.92903,-22.22613 -67.93029,-22.22488 -67.93114,-22.22328 -67.93205,-22.22267 -67.93292,-22.2224 -67.93306,-22.22187 -67.93273,-22.21962 -67.93264,-22.21726 -67.93287,-22.21593 -67.93393,-22.2149 -67.93478,-22.21454 -67.93558,-22.21385 -67.93548,-22.21255 -67.93397,-22.20988 -67.93314,-22.20783 -67.93304,-22.20711 -67.93334,-22.20581 -67.93425,-22.20427 -67.93399,-22.20382 -67.93217,-22.20295 -67.93212,-22.20226 -67.93253,-22.20152 -67.9334,-22.20084 -67.93607,-22.20103 -67.9364,-22.20039 -67.93566,-22.1994 -67.93585,-22.19888 -67.93736,-22.19813 -67.93835,-22.19703 -67.93991,-22.19669 -67.94039,-22.1963 -67.94071,-22.19566 -67.94099,-22.19387 -67.94148,-22.19289 -67.94154,-22.19171 -67.94152,-22.19025 -67.94137,-22.18974 -67.94018,-22.18899 -67.94003,-22.18862 -67.94041,-22.18707 -67.9414,-22.18597 -67.94296,-22.18551 -67.94599,-22.18366 -67.94798,-22.18209 -67.94956,-22.18033 -67.95033,-22.17928 -67.95057,-22.17837 -67.95058,-22.1778 -67.9499,-22.17642 -67.94993,-22.17595 -67.95012,-22.1758 -67.95059,-22.17581 -67.95196,-22.17653 -67.95249,-22.17653 -67.95444,-22.17714 -67.95503,-22.17707 -67.95585,-22.17663 -67.95585,-22.17621 -67.95533,-22.17468 -67.95538,-22.17251 -67.9571,-22.16841 -67.95716,-22.16765 -67.95786,-22.16573 -67.95792,-22.16428 -67.95811,-22.16367 -67.957,-22.16058 -67.95693,-22.15972 -67.95707,-22.15778 -67.95761,-22.15608 -67.95706,-22.15255 -67.95747,-22.15081 -67.95543,-22.1504 -67.95467,-22.14983 -67.95384,-22.14854 -67.95315,-22.14805 -67.95162,-22.14777 -67.94943,-22.14763 -67.94919,-22.14723 -67.94912,-22.14654 -67.94935,-22.14399 -67.94871,-22.14119 -67.94729,-22.137 -67.94611,-22.13512 -67.94383,-22.13279 -67.94349,-22.13203 -67.94297,-22.13136 -67.94142,-22.13027 -67.94137,-22.12876 -67.94226,-22.12685 -67.94254,-22.12523 -67.94247,-22.12338 -67.94167,-22.12123 -67.94131,-22.11911 -67.94133,-22.11667 -67.94059,-22.11346 -67.9404,-22.11066 -67.93943,-22.10726 -67.9396,-22.10677 -67.94181,-22.10418 -67.94275,-22.10226 -67.94336,-22.10143 -67.94424,-22.10062 -67.94467,-22.09991 -67.94508,-22.09858 -67.94564,-22.09778 -67.94787,-22.09582 -67.94838,-22.09511 -67.94875,-22.09412 -67.94876,-22.09331 -67.94827,-22.09149 -67.94818,-22.089 -67.94851,-22.08777 -67.94883,-22.08735 -67.95026,-22.08729 -67.95253,-22.08669 -67.95564,-22.08498 -67.95736,-22.0846 -67.95983,-22.08245 -67.96259,-22.08136 -67.96325,-22.08062 -67.96384,-22.07944 -67.96439,-22.07736 -67.96437,-22.07593 -67.9641,-22.07388 -67.9645,-22.07349 -67.96555,-22.07337 -67.96598,-22.07298 -67.96685,-22.07011 -67.96665,-22.06752 -67.96679,-22.06701 -67.96772,-22.06578 -67.96663,-22.06366 -67.96625,-22.06171 -67.96628,-22.06016 -67.96688,-22.0578 -67.96675,-22.0571 -67.96476,-22.05473 -67.96461,-22.05382 -67.96501,-22.05306 -67.96554,-22.05284 -67.9662,-22.05282 -67.97019,-22.05393 -67.97132,-22.05391 -67.97352,-22.05328 -67.97442,-22.05287 -67.97673,-22.05148 -67.98008,-22.04864 -67.98129,-22.04818 -67.98241,-22.04738 -67.98746,-22.04273 -67.98945,-22.04168 -67.98998,-22.04151 -67.99167,-22.04147 -67.99337,-22.04094 -67.99601,-22.04093 -67.99794,-22.0407 -67.99934,-22.04 -68.00064,-22.03875 -68.00182,-22.0388 -68.0021,-22.0391 -68.00283,-22.03914 -68.00769,-22.03909 -68.01056,-22.03291 -68.01143,-22.03233 -68.01226,-22.03146 -68.01297,-22.03028 -68.01415,-22.02937 -68.01419,-22.02698 -68.01376,-22.0251 -68.01494,-22.02358 -68.03528,-22.0086 -68.07215,-21.97866 -68.06362,-21.85372 -68.06122,-21.80424 -68.06008,-21.77033 -68.06107,-21.76899 -68.06214,-21.76807 -68.06541,-21.76583 -68.06853,-21.76401 -68.07011,-21.76268 -68.07147,-21.76202 -68.07324,-21.76067 -68.07458,-21.7593 -68.07762,-21.75559 -68.07884,-21.75336 -68.08111,-21.7515 -68.08413,-21.74949 -68.08551,-21.74815 -68.08695,-21.74595 -68.08781,-21.74392 -68.08945,-21.74109 -68.09067,-21.73961 -68.09163,-21.73904 -68.09257,-21.73785 -68.09478,-21.73314 -68.09838,-21.72423 -68.10103,-21.71621 -68.10159,-21.71354 -68.10328,-21.70969 -68.1056,-21.70542 -68.10839,-21.70184 -68.11009,-21.69926 -68.11191,-21.69724 -68.11435,-21.69197 -68.1173,-21.68219 -68.11997,-21.67917 -68.12264,-21.67547 -68.14656,-21.64624 -68.18092,-21.60481 -68.18055,-21.50314 -68.17976,-21.46989 -68.17993,-21.41371 -68.17918,-21.30558 -68.17933,-21.30145 -68.25178,-21.17386 -68.26505,-21.15003 -68.29501,-21.09747 -68.32369,-21.05887 -68.34538,-21.02762 -68.36487,-21.0002 -68.36756,-20.99701 -68.3844,-20.97285 -68.40718,-20.94112 -68.41215,-20.93429 -68.41258,-20.93393 -68.4128,-20.93764 -68.41295,-20.93824 -68.41351,-20.93903 -68.41536,-20.9404 -68.41859,-20.94026 -68.41975,-20.94054 -68.42385,-20.94226 -68.42617,-20.94355 -68.42722,-20.94487 -68.42731,-20.94583 -68.42782,-20.94578 -68.4281,-20.94538 -68.42868,-20.94509 -68.43442,-20.94558 -68.43494,-20.9454 -68.43557,-20.94465 -68.43623,-20.94445 -68.43689,-20.94458 -68.43878,-20.94558 -68.43993,-20.94559 -68.44126,-20.94522 -68.44283,-20.94433 -68.44405,-20.94395 -68.44528,-20.94394 -68.44649,-20.94426 -68.44715,-20.94451 -68.44825,-20.94526 -68.44927,-20.94543 -68.45233,-20.94508 -68.45368,-20.94515 -68.4558,-20.94475 -68.46049,-20.94319 -68.46174,-20.94413 -68.46407,-20.945 -68.465,-20.94509 -68.46584,-20.94497 -68.46673,-20.94447 -68.46792,-20.94422 -68.46946,-20.94427 -68.47096,-20.94456 -68.47452,-20.94571 -68.53577,-21.06431 -68.86063,-21.28457 -69.31284,-21.3977 -69.55279,-21.62835 -69.55317,-21.62783 -69.55342,-21.62626 -69.55362,-21.62599 -69.55493,-21.62526 -69.55776,-21.62459 -69.55799,-21.62424 -69.55793,-21.62354 -69.55712,-21.6229 -69.55698,-21.6225 -69.55752,-21.62161 -69.55789,-21.62132 -69.55832,-21.62124 -69.55916,-21.62189 -69.55917,-21.62221 -69.559,-21.62237 -69.55831,-21.62262 -69.55865,-21.62288 -69.55957,-21.62283 -69.56094,-21.62229 -69.56269,-21.62269 -69.5628,-21.62113 -69.56319,-21.62043 -69.56396,-21.62027 -69.56545,-21.62062 -69.56591,-21.62045 -69.56622,-21.61973 -69.56619,-21.61871 -69.56578,-21.61687 -69.56611,-21.61581 -69.56716,-21.61453 -69.56936,-21.61283 -69.57004,-21.61283 -69.57181,-21.61221 -69.57241,-21.61065 -69.57235,-21.60948 -69.57349,-21.60939 -69.574,-21.60912 -69.57489,-21.60805 -69.57506,-21.60743 -69.5754,-21.60722 -69.57617,-21.60719 -69.57684,-21.60618 -69.57721,-21.60589 -69.57838,-21.60551 -69.57883,-21.60366 -69.57862,-21.6019 -69.57893,-21.59882 -69.57861,-21.59791 -69.57749,-21.59701 -69.57798,-21.59565 -69.57835,-21.59525 -69.57913,-21.5949 -69.58004,-21.59399 -69.58072,-21.593 -69.58266,-21.59208 -69.58295,-21.59062 -69.58358,-21.59033 -69.58403,-21.58869 -69.58406,-21.58808 -69.58488,-21.5866 -69.58531,-21.58631 -69.58628,-21.58604 -69.58636,-21.58504 -69.58602,-21.58414 -69.58598,-21.58325 -69.58734,-21.58252 -69.58771,-21.58212 -69.58836,-21.58064 -69.58925,-21.58005 -69.5897,-21.57906 -69.59038,-21.57828 -69.59072,-21.57664 -69.59149,-21.57595 -69.59134,-21.5745 -69.59218,-21.57404 -69.59332,-21.57309 -69.59378,-21.57248 -69.59411,-21.57127 -69.59368,-21.57063 -69.59439,-21.56943 -69.59424,-21.5679 -69.59473,-21.56734 -69.59546,-21.56692 -69.5966,-21.56673 -69.59688,-21.56641 -69.59694,-21.56592 -69.59662,-21.56483 -69.59696,-21.56325 -69.59724,-21.56218 -69.59846,-21.56025 -69.60264,-21.55717 -69.60343,-21.55597 -69.60474,-21.55548 -69.60517,-21.55393 -69.60556,-21.55344 -69.60685,-21.55253 -69.61016,-21.55156 -69.6105,-21.55123 -69.61056,-21.55086 -69.60976,-21.55054 -69.60964,-21.55035 -69.60993,-21.55006 -69.61328,-21.54832 -69.61382,-21.54832 -69.61499,-21.54898 -69.61574,-21.5489 -69.61625,-21.54871 -69.61751,-21.54758 -69.61819,-21.54734 -69.62085,-21.54727 -69.62125,-21.54714 -69.62304,-21.54537 -69.62339,-21.54539 -69.62402,-21.5459 -69.62459,-21.54613 -69.62488,-21.54606 -69.62577,-21.54529 -69.62597,-21.54369 -69.62582,-21.54307 -69.62539,-21.5423 -69.62498,-21.5401 -69.62518,-21.53962 -69.62703,-21.53857 -69.6276,-21.53798 -69.628,-21.53715 -69.62812,-21.53682 -69.62737,-21.53492 -69.62766,-21.53433 -69.62914,-21.53363 -69.63137,-21.53306 -69.63268,-21.5319 -69.63305,-21.53137 -69.63302,-21.53102 -69.63273,-21.53086 -69.63107,-21.53132 -69.62724,-21.5312 -69.6269,-21.53094 -69.62595,-21.52939 -69.62589,-21.52861 -69.62738,-21.52691 -69.62884,-21.52642 -69.62941,-21.52607 -69.62966,-21.52564 -69.62966,-21.5253 -69.62909,-21.52441 -69.62914,-21.52404 -69.62982,-21.52321 -69.62991,-21.52275 -69.62922,-21.52179 -69.62936,-21.52062 -69.62972,-21.51962 -69.63107,-21.51814 -69.63441,-21.51545 -69.63515,-21.51467 -69.6354,-21.51411 -69.63508,-21.51248 -69.63582,-21.51156 -69.63553,-21.51014 -69.63567,-21.50964 -69.63604,-21.50937 -69.63701,-21.50907 -69.63834,-21.50709 -69.64062,-21.50588 -69.64068,-21.50521 -69.64045,-21.50467 -69.64011,-21.50262 -69.63961,-21.5013 -69.63928,-21.4995 -69.63957,-21.49903 -69.64012,-21.49887 -69.64408,-21.4988 -69.64484,-21.49808 -69.64504,-21.49746 -69.64665,-21.49685 -69.64794,-21.49558 -69.64971,-21.49527 -69.65008,-21.49498 -69.65051,-21.49433 -69.65082,-21.49252 -69.65137,-21.492 -69.65174,-21.49094 -69.65217,-21.49062 -69.65237,-21.48986 -69.65349,-21.48915 -69.65461,-21.48812 -69.65484,-21.48772 -69.65473,-21.48641 -69.65557,-21.48516 -69.6562,-21.48448 -69.65853,-21.48342 -69.65916,-21.48271 -69.66023,-21.48201 -69.66049,-21.48155 -69.66112,-21.48138 -69.6619,-21.48092 -69.66216,-21.48048 -69.66221,-21.47959 -69.66114,-21.47887 -69.66102,-21.47819 -69.66243,-21.47599 -69.66424,-21.4748 -69.66487,-21.47418 -69.66547,-21.47198 -69.66637,-21.47002 -69.66685,-21.46662 -69.66675,-21.46526 -69.66649,-21.4647 -69.66654,-21.46335 -69.66697,-21.46161 -69.66822,-21.46149 -69.67076,-21.46091 -69.67134,-21.46091 -69.67258,-21.46136 -69.67319,-21.46125 -69.67388,-21.46138 -69.67452,-21.46127 -69.67584,-21.46137 -69.67662,-21.46072 -69.67717,-21.46048 -69.67766,-21.46053 -69.67847,-21.46117 -69.6787,-21.46117 -69.67922,-21.46069 -69.67977,-21.46039 -69.68055,-21.46022 -69.68364,-21.45833 -69.68442,-21.45822 -69.68624,-21.45854 -69.68794,-21.45856 -69.68843,-21.4582 -69.6888,-21.45726 -69.68883,-21.45633 -69.68854,-21.45564 -69.68844,-21.45401 -69.68959,-21.45287 -69.69282,-21.45105 -69.69284,-21.45048 -69.69304,-21.45026 -69.69408,-21.44996 -69.69573,-21.45025 -69.69625,-21.45074 -69.69646,-21.45184 -69.69744,-21.45241 -69.69814,-21.45257 -69.69923,-21.45235 -69.70111,-21.45274 -69.70169,-21.45342 -69.70172,-21.45382 -69.70158,-21.45423 -69.70092,-21.45434 -69.7008,-21.4545 -69.70103,-21.45474 -69.70161,-21.45474 -69.70341,-21.45426 -69.70531,-21.45279 -69.70655,-21.45268 -69.7073,-21.45203 -69.70736,-21.45181 -69.70689,-21.45098 -69.70692,-21.45057 -69.70709,-21.45006 -69.70749,-21.44967 -69.70804,-21.44962 -69.70923,-21.45032 -69.70954,-21.45031 -69.71012,-21.44999 -69.71164,-21.45008 -69.71222,-21.4504 -69.71315,-21.45204 -69.7139,-21.45215 -69.71497,-21.45201 -69.71721,-21.45022 -69.71787,-21.45008 -69.71877,-21.45005 -69.72041,-21.45031 -69.72207,-21.45144 -69.72282,-21.45157 -69.72333,-21.45005 -69.7237,-21.44978 -69.72422,-21.44981 -69.72474,-21.45007 -69.72512,-21.4498 -69.72523,-21.44956 -69.72504,-21.44839 -69.7253,-21.44816 -69.72585,-21.4483 -69.7264,-21.44881 -69.72729,-21.44881 -69.72851,-21.44905 -69.72919,-21.44801 -69.73052,-21.44782 -69.73118,-21.44654 -69.73198,-21.44579 -69.73285,-21.44579 -69.73346,-21.44648 -69.73363,-21.44692 -69.73427,-21.44708 -69.73456,-21.44675 -69.73445,-21.44479 -69.73456,-21.44441 -69.73488,-21.44408 -69.73531,-21.44387 -69.73589,-21.44389 -69.73716,-21.44432 -69.73802,-21.4441 -69.73906,-21.44331 -69.74133,-21.44208 -69.74165,-21.44176 -69.74202,-21.44054 -69.74231,-21.4404 -69.7434,-21.44048 -69.74444,-21.44028 -69.74476,-21.43971 -69.74548,-21.43917 -69.74685,-21.43741 -69.74792,-21.43689 -69.74893,-21.43678 -69.75051,-21.43634 -69.7514,-21.43501 -69.7519,-21.43471 -69.75447,-21.43391 -69.75509,-21.43339 -69.75545,-21.43209 -69.75631,-21.43035 -69.7557,-21.42829 -69.7559,-21.42764 -69.75677,-21.42689 -69.75837,-21.42676 -69.75887,-21.42645 -69.75979,-21.42627 -69.76233,-21.42535 -69.7628,-21.42505 -69.76305,-21.42465 -69.76315,-21.42394 -69.76326,-21.42151 -69.76348,-21.42104 -69.76465,-21.42002 -69.7657,-21.41983 -69.7673,-21.42048 -69.76786,-21.42102 -69.76833,-21.42302 -69.77021,-21.42378 -69.77207,-21.42494 -69.77277,-21.42522 -69.77383,-21.42483 -69.77428,-21.4249 -69.77486,-21.42606 -69.77521,-21.42628 -69.77634,-21.42648 -69.77692,-21.42687 -69.7804,-21.43104 -69.78133,-21.43129 -69.78236,-21.43183 -69.78259,-21.43232 -69.78259,-21.43292 -69.78239,-21.43351 -69.78118,-21.43509 -69.78033,-21.4365 -69.77971,-21.43857 -69.77973,-21.43916 -69.78026,-21.43993 -69.78162,-21.44051 -69.78227,-21.44053 -69.78362,-21.44003 -69.78447,-21.439 -69.78579,-21.43792 -69.78659,-21.43747 -69.78804,-21.43712 -69.78892,-21.43746 -69.79078,-21.43923 -69.79161,-21.43988 -69.79211,-21.44 -69.79276,-21.43981 -69.79535,-21.4383 -69.79651,-21.43812 -69.79714,-21.43826 -69.79892,-21.4393 -69.80073,-21.43968 -69.80166,-21.44021 -69.80216,-21.44033 -69.80471,-21.43938 -69.80561,-21.43928 -69.80819,-21.43953 -69.80966,-21.43938 -69.81031,-21.43912 -69.81203,-21.4378 -69.81726,-21.43636 -69.81884,-21.43628 -69.81929,-21.43639 -69.82052,-21.43777 -69.8214,-21.43809 -69.82306,-21.43967 -69.82404,-21.43976 -69.82516,-21.43891 -69.82739,-21.43928 -69.82879,-21.44012 -69.8304,-21.44191 -69.83123,-21.4421 -69.83205,-21.44193 -69.83347,-21.44108 -69.83516,-21.43945 -69.83664,-21.43933 -69.83929,-21.43833 -69.84084,-21.43681 -69.84189,-21.43643 -69.84271,-21.43652 -69.84445,-21.43743 -69.84695,-21.43741 -69.84747,-21.43753 -69.84872,-21.43828 -69.85084,-21.43846 -69.85132,-21.43857 -69.85175,-21.43893 -69.85295,-21.43918 -69.85345,-21.4391 -69.8539,-21.43875 -69.85504,-21.43718 -69.85568,-21.43672 -69.85687,-21.43738 -69.85794,-21.43758 -69.85854,-21.43749 -69.85991,-21.43665 -69.86159,-21.43639 -69.86189,-21.4362 -69.86283,-21.43458 -69.86325,-21.43409 -69.86367,-21.43388 -69.86461,-21.43376 -69.86589,-21.43427 -69.86654,-21.43431 -69.86933,-21.43325 -69.87014,-21.43318 -69.87071,-21.43326 -69.87181,-21.43377 -69.87365,-21.43592 -69.87673,-21.43546 -69.87876,-21.43643 -69.88096,-21.43661 -69.88226,-21.4363 -69.8836,-21.43465 -69.88465,-21.4338 -69.88534,-21.4335 -69.88744,-21.43327 -69.88957,-21.43215 -69.89087,-21.43127 -69.89297,-21.43103 -69.8939,-21.4314 -69.89432,-21.4314 -69.89567,-21.43057 -69.89727,-21.43068 -69.89957,-21.4298 -69.89994,-21.42956 -69.90057,-21.42819 -69.90221,-21.42698 -69.9032,-21.42551 -69.90425,-21.42484 -69.90492,-21.42475 -69.90661,-21.42605 -69.90891,-21.42663 -69.91018,-21.42716 -69.91118,-21.42786 -69.91166,-21.42854 -69.91209,-21.42884 -69.91254,-21.42888 -69.91581,-21.42802 -69.91896,-21.42542 -69.91941,-21.42525 -69.92101,-21.42557 -69.92271,-21.42547 -69.92409,-21.4257 -69.92522,-21.42567 -69.92576,-21.42555 -69.92731,-21.4246 -69.92786,-21.42443 -69.93052,-21.42418 -69.93245,-21.42444 -69.93292,-21.42432 -69.93442,-21.42343 -69.93787,-21.42355 -69.93844,-21.42342 -69.93956,-21.42274 -69.94021,-21.42262 -69.94145,-21.42302 -69.94206,-21.42459 -69.94234,-21.42489 -69.94284,-21.42503 -69.94489,-21.42467 -69.94527,-21.42471 -69.94628,-21.42535 -69.94668,-21.42542 -69.94997,-21.42497 -69.95215,-21.42507 -69.95265,-21.42523 -69.95476,-21.42641 -69.95706,-21.42715 -69.95917,-21.42807 -69.95942,-21.42826 -69.96007,-21.42951 -69.96042,-21.42988 -69.9608,-21.43002 -69.96194,-21.42997 -69.96252,-21.43029 -69.96388,-21.43066 -69.96595,-21.43072 -69.96623,-21.43081 -69.96666,-21.43156 -69.96698,-21.43181 -69.96783,-21.43183 -69.96903,-21.43126 -69.96951,-21.43124 -69.97051,-21.43219 -69.97181,-21.43282 -69.97458,-21.43279 -69.97774,-21.43343 -69.97912,-21.43412 -69.98099,-21.43387 -69.9828,-21.4345 -69.98367,-21.43444 -69.98548,-21.43327 -69.98665,-21.43291 -69.98823,-21.43277 -69.99003,-21.43303 -69.99151,-21.43389 -69.99254,-21.43501 -69.9945,-21.43575 -69.99636,-21.43709 -69.99716,-21.43707 -69.99858,-21.43656 -70.00034,-21.43745 -70.0024,-21.43815 -70.0047,-21.43803 -70.00659,-21.43844 -70.00758,-21.43845 -70.00849,-21.43815 -70.00928,-21.43734 -70.00941,-21.43695 -70.00995,-21.4363 -70.01079,-21.43578 -70.02059,-21.43396 -70.02194,-21.43307 -70.0233,-21.43176 -70.02533,-21.43064 -70.0261,-21.42936 -70.02708,-21.42875 -70.02748,-21.42864 -70.02943,-21.42879 -70.03118,-21.4294 -70.03267,-21.42926 -70.03349,-21.42869 -70.03392,-21.42787 -70.03522,-21.42702 -70.03552,-21.42623 -70.03585,-21.42593 -70.03781,-21.42535 -70.04001,-21.42429 -70.04105,-21.42431 -70.04198,-21.42455 -70.04433,-21.4257 -70.04665,-21.42529 -70.04809,-21.4255 -70.04889,-21.42587 -70.05103,-21.4277 -70.052,-21.4278 -70.05343,-21.42756 -70.05478,-21.42767 -70.05567,-21.42815 -70.05666,-21.42921 -70.05912,-21.42981 -70.05897,-21.43018 -70.05748,-21.43273 -70.05744,-21.4344 -70.05595,-21.43794 -70.056,-21.4385 -70.05633,-21.43923 -70.05615,-21.44056 -70.05658,-21.44233 -70.05723,-21.4437 -70.05807,-21.44494 -70.05794,-21.44619 -70.05818,-21.44683 -70.05873,-21.44722 -70.05965,-21.44738 -70.05998,-21.44923 -70.06082,-21.45035 -70.06091,-21.45069 -70.06198,-21.45184 -70.06212,-21.45245 -70.06125,-21.45318 -70.06112,-21.45361 -70.06109,-21.45594 -70.06169,-21.45645 -70.06367,-21.45695 -70.06404,-21.45691 -70.06529,-21.45819 -70.06589,-21.45926 -70.06659,-21.45982 -70.06724,-21.46106 -70.06721,-21.4636 -70.06745,-21.46502 -70.06728,-21.46691 -70.06752,-21.46846 -70.06799,-21.46902 -70.06886,-21.46918 -70.06909,-21.4694 -70.07021,-21.4712 -70.07188,-21.47286 -70.07239,-21.47372 -70.07473,-21.479 -70.07505,-21.47942 -70.07597,-21.48006 -70.07722,-21.48053 -70.0793,-21.48198 -70.07981,-21.48266 -70.07991,-21.48391 -70.08019,-21.48494 -70.08047,-21.4855 -70.08135,-21.48644 -70.08145,-21.48726 -70.08118,-21.48764 -70.08114,-21.48808 -70.08142,-21.48894 -70.08216,-21.49026 -70.08139,-21.49122 -70.08144,-21.49169 -70.08205,-21.49319 -70.0816,-21.49436 -70.08193,-21.49543 -70.0817,-21.49573 -70.08179,-21.49616 -70.08143,-21.49651 -70.08048,-21.49927 -70.0804,-21.5 -70.08077,-21.50025 -70.07958,-21.50173 -70.07959,-21.50224 -70.07877,-21.50354 -70.07861,-21.50441 -70.07871,-21.50536 -70.07839,-21.50553 -70.07835,-21.50618 -70.0773,-21.50692 -70.07721,-21.50735 -70.07662,-21.50774 -70.07648,-21.50813 -70.07534,-21.50869 -70.07351,-21.50995 -70.07337,-21.51021 -70.07333,-21.51051 -70.07383,-21.5109 -70.07435,-21.51171 -70.07522,-21.51136 -70.07586,-21.51153 -70.07619,-21.51213 -70.07555,-21.51274 -70.07565,-21.51364 -70.07501,-21.51455 -70.07428,-21.51511 -70.07397,-21.51623 -70.07337,-21.51654 -70.07282,-21.51736 -70.07232,-21.5174 -70.07186,-21.51779 -70.07182,-21.51827 -70.07224,-21.51981 -70.07096,-21.5206 -70.07078,-21.52094 -70.07093,-21.52193 -70.07056,-21.52254 -70.07071,-21.52352 -70.07031,-21.52551 -70.07064,-21.52697 -70.07065,-21.52757 -70.07037,-21.52813 -70.07052,-21.5286 -70.07043,-21.52899 -70.07085,-21.53024 -70.07062,-21.5308 -70.07086,-21.53213 -70.0711,-21.53243 -70.07234,-21.53294 -70.07262,-21.53332 -70.07258,-21.53392 -70.07208,-21.53526 -70.07232,-21.53638 -70.0725,-21.53646 -70.07288,-21.53741 -70.0733,-21.53788 -70.07348,-21.53783 -70.07399,-21.53813 -70.07409,-21.53899 -70.07432,-21.53938 -70.07459,-21.53925 -70.07533,-21.53954 -70.0757,-21.5395 -70.07598,-21.54018 -70.07769,-21.5406 -70.07852,-21.54185 -70.07982,-21.54257 -70.08028,-21.54312 -70.08092,-21.54312 -70.08111,-21.54338 -70.08139,-21.54342 -70.0818,-21.54393 -70.08199,-21.54471 -70.08342,-21.54513 -70.08374,-21.54538 -70.08426,-21.54611 -70.08453,-21.54615 -70.08458,-21.54667 -70.085,-21.54688 -70.08509,-21.54731 -70.08593,-21.54864 -70.08662,-21.54906 -70.08741,-21.54923 -70.08778,-21.54957 -70.08792,-21.54992 -70.08751,-21.55022 -70.08751,-21.55061 -70.08774,-21.55069 -70.08858,-21.5518 -70.08844,-21.55224 -70.08807,-21.55228 -70.08822,-21.55288 -70.08849,-21.55305 -70.08937,-21.55287 -70.08946,-21.553 -70.09028,-21.55261 -70.09056,-21.55265 -70.09083,-21.552 -70.09129,-21.55166 -70.09152,-21.5517 -70.09166,-21.55196 -70.09198,-21.552 -70.09226,-21.55273 -70.09305,-21.55337 -70.09296,-21.55367 -70.09227,-21.55367 -70.09199,-21.55385 -70.09149,-21.55458 -70.09117,-21.55484 -70.09071,-21.55485 -70.09026,-21.55549 -70.09017,-21.55644 -70.09073,-21.557 -70.09059,-21.55734 -70.08973,-21.55816 -70.08978,-21.55877 -70.08928,-21.55976 -70.09012,-21.56212 -70.09013,-21.56298 -70.08995,-21.56354 -70.09023,-21.56401 -70.0901,-21.56505 -70.08923,-21.56608 -70.08951,-21.56647 -70.09039,-21.56702 -70.09067,-21.56745 -70.09122,-21.56771 -70.09137,-21.56809 -70.09137,-21.56917 -70.09165,-21.56964 -70.0918,-21.57127 -70.09171,-21.57166 -70.09139,-21.57201 -70.09195,-21.57235 -70.09209,-21.57334 -70.09251,-21.57398 -70.09481,-21.57358 -70.09541,-21.57418 -70.09565,-21.57486 -70.0956,-21.57525 -70.09497,-21.57637 -70.0953,-21.57706 -70.09557,-21.57727 -70.09567,-21.57787 -70.09526,-21.57852 -70.09489,-21.5787 -70.09439,-21.57866 -70.0943,-21.57883 -70.09426,-21.5796 -70.0939,-21.5809 -70.09195,-21.58538 -70.09196,-21.58642 -70.09216,-21.58753 -70.09244,-21.58818 -70.09226,-21.58891 -70.09259,-21.59016 -70.0931,-21.59041 -70.09356,-21.59097 -70.09352,-21.59135 -70.0944,-21.59294 -70.09446,-21.5938 -70.09483,-21.5941 -70.09538,-21.59414 -70.09603,-21.59452 -70.09649,-21.59542 -70.0971,-21.59606 -70.09734,-21.59748 -70.09836,-21.59889 -70.09906,-21.60061 -70.0993,-21.60186 -70.09953,-21.60228 -70.10023,-21.60284 -70.10056,-21.60409 -70.10158,-21.60464 -70.10167,-21.60502 -70.10131,-21.6055 -70.10131,-21.60597 -70.1016,-21.60709 -70.10323,-21.60992 -70.10387,-21.61022 -70.10525,-21.61021 -70.10636,-21.61076 -70.10664,-21.61145 -70.10687,-21.61162 -70.10665,-21.61243 -70.1073,-21.61312 -70.10781,-21.61406 -70.10832,-21.61436 -70.10998,-21.61448 -70.11104,-21.61421 -70.1115,-21.61434 -70.11238,-21.61528 -70.11436,-21.61578 -70.11473,-21.61608 -70.11538,-21.61741 -70.1158,-21.61792 -70.11659,-21.61839 -70.11738,-21.6192 -70.11932,-21.62027 -70.12015,-21.62125 -70.12122,-21.62189 -70.12224,-21.62356 -70.12224,-21.62399 -70.12332,-21.62562 -70.1232,-21.62837 -70.12334,-21.62871 -70.12524,-21.63094 -70.12594,-21.63124 -70.12663,-21.63179 -70.12824,-21.63221 -70.12912,-21.63212 -70.12968,-21.63302 -70.13157,-21.63425 -70.13323,-21.63411 -70.13508,-21.63543 -70.13646,-21.63538 -70.13664,-21.63516 -70.13668,-21.63465 -70.13687,-21.63447 -70.13765,-21.63434 -70.13769,-21.63412 -70.13838,-21.63425 -70.13893,-21.63394 -70.13999,-21.63385 -70.13963,-21.63428 -70.14018,-21.63458 -70.14046,-21.63522 -70.14092,-21.63531 -70.14166,-21.63513 -70.14184,-21.63457 -70.14211,-21.63448 -70.14239,-21.63413 -70.14271,-21.63448 -70.14349,-21.6346 -70.14382,-21.63503 -70.14484,-21.63554 -70.14553,-21.63635 -70.14622,-21.63656 -70.14641,-21.63738 -70.14614,-21.63768 -70.14573,-21.63867 -70.14546,-21.63885 -70.14588,-21.64009 -70.14548,-21.64091 -70.14543,-21.64117 -70.14571,-21.64168 -70.14539,-21.64229 -70.14535,-21.64293 -70.14545,-21.64315 -70.14637,-21.64374 -70.14656,-21.64469 -70.14625,-21.64555 -70.14699,-21.64585 -70.14732,-21.64658 -70.14686,-21.64718 -70.14677,-21.64757 -70.14691,-21.64783 -70.14779,-21.64834 -70.14803,-21.6492 -70.14849,-21.64919 -70.14877,-21.64949 -70.14836,-21.65027 -70.14869,-21.65108 -70.1491,-21.65143 -70.14892,-21.6519 -70.14967,-21.65293 -70.14958,-21.65349 -70.15009,-21.654 -70.15,-21.65448 -70.15042,-21.65486 -70.15061,-21.65537 -70.15038,-21.65611 -70.1509,-21.65765 -70.15022,-21.65903 -70.15009,-21.65977 -70.15046,-21.66054 -70.15039,-21.66252 -70.15048,-21.66295 -70.15095,-21.66346 -70.15086,-21.66398 -70.15105,-21.66428 -70.15082,-21.66449 -70.1511,-21.66583 -70.15111,-21.66634 -70.15088,-21.6669 -70.15112,-21.66798 -70.15118,-21.66995 -70.15102,-21.67262 -70.15121,-21.67309 -70.15155,-21.67576 -70.15147,-21.67701 -70.15167,-21.67873 -70.15154,-21.67985 -70.15182,-21.68079 -70.15156,-21.68243 -70.15166,-21.68329 -70.1513,-21.68505 -70.15223,-21.68535 -70.15242,-21.6866 -70.15283,-21.68655 -70.15334,-21.68706 -70.15363,-21.68784 -70.15423,-21.68826 -70.15442,-21.68908 -70.15379,-21.6908 -70.15389,-21.69196 -70.15358,-21.69399 -70.15317,-21.69472 -70.15318,-21.69507 -70.15213,-21.69697 -70.15095,-21.69844 -70.15063,-21.69952 -70.15018,-21.69999 -70.15009,-21.70055 -70.14886,-21.70224 -70.1481,-21.70435 -70.14755,-21.70483 -70.14623,-21.70776 -70.14588,-21.70949 -70.14598,-21.71009 -70.1458,-21.71099 -70.14614,-21.71374 -70.14583,-21.71456 -70.14565,-21.7159 -70.14529,-21.71672 -70.1453,-21.71723 -70.14503,-21.71784 -70.14503,-21.71853 -70.14588,-21.7208 -70.14608,-21.72304 -70.14747,-21.72432 -70.14844,-21.72487 -70.14859,-21.72551 -70.149,-21.72603 -70.14905,-21.72642 -70.1499,-21.72813 -70.14981,-21.72839 -70.15,-21.72968 -70.14978,-21.73067 -70.1495,-21.73089 -70.14956,-21.73256 -70.14938,-21.73308 -70.14975,-21.73325 -70.14989,-21.73351 -70.15018,-21.73518 -70.14991,-21.73575 -70.1501,-21.73622 -70.14973,-21.73678 -70.14974,-21.73764 -70.14984,-21.73794 -70.1503,-21.73802 -70.15058,-21.73858 -70.15085,-21.73862 -70.15109,-21.73918 -70.15086,-21.7397 -70.15138,-21.74098 -70.15143,-21.74189 -70.15102,-21.7421 -70.15056,-21.74271 -70.1507,-21.74288 -70.15066,-21.74348 -70.15021,-21.74392 -70.14984,-21.74487 -70.15004,-21.74585 -70.14954,-21.74659 -70.14936,-21.74719 -70.1495,-21.74745 -70.1501,-21.74779 -70.15024,-21.74813 -70.15047,-21.74813 -70.15098,-21.7492 -70.15121,-21.74937 -70.15195,-21.74937 -70.15255,-21.74885 -70.15337,-21.74858 -70.1536,-21.74837 -70.15475,-21.74845 -70.15494,-21.74896 -70.15472,-21.74965 -70.15481,-21.74999 -70.15395,-21.75155 -70.15383,-21.7534 -70.15411,-21.7543 -70.15457,-21.75468 -70.15449,-21.75533 -70.1549,-21.75572 -70.15569,-21.75597 -70.15569,-21.75618 -70.15551,-21.7564 -70.15538,-21.75713 -70.1551,-21.75726 -70.15447,-21.75882 -70.15461,-21.75916 -70.15493,-21.75937 -70.15659,-21.7594 -70.1571,-21.75966 -70.15784,-21.75974 -70.15915,-21.7621 -70.15942,-21.76231 -70.15856,-21.76296 -70.15847,-21.76442 -70.15802,-21.7652 -70.15702,-21.76624 -70.15656,-21.76646 -70.15666,-21.76779 -70.15698,-21.76796 -70.15727,-21.76878 -70.15705,-21.76998 -70.15562,-21.77081 -70.15463,-21.77258 -70.15344,-21.77388 -70.15308,-21.77505 -70.15253,-21.77557 -70.15212,-21.7766 -70.15116,-21.77717 -70.15085,-21.7788 -70.15039,-21.77915 -70.15026,-21.7795 -70.15009,-21.78113 -70.14936,-21.78174 -70.14927,-21.78226 -70.14946,-21.78294 -70.14932,-21.78329 -70.14882,-21.78368 -70.14877,-21.78389 -70.14799,-21.78424 -70.14781,-21.78493 -70.14695,-21.78645 -70.14677,-21.78701 -70.14682,-21.78748 -70.1461,-21.78942 -70.14579,-21.79101 -70.1452,-21.79158 -70.14506,-21.79214 -70.14539,-21.79278 -70.14489,-21.7936 -70.14504,-21.79498 -70.14527,-21.79558 -70.14538,-21.79756 -70.14494,-21.79937 -70.14486,-21.80096 -70.14408,-21.80187 -70.14289,-21.80252 -70.14266,-21.80325 -70.1428,-21.80351 -70.14354,-21.80389 -70.14345,-21.80411 -70.14322,-21.80428 -70.14313,-21.80471 -70.14254,-21.80571 -70.14126,-21.80627 -70.14085,-21.80692 -70.14081,-21.80727 -70.14141,-21.80778 -70.14146,-21.80847 -70.14165,-21.80868 -70.14294,-21.80863 -70.14414,-21.80888 -70.14506,-21.80952 -70.14521,-21.81077 -70.14499,-21.81154 -70.14512,-21.81176 -70.14508,-21.81231 -70.14523,-21.81287 -70.1455,-21.81309 -70.14584,-21.81493 -70.14557,-21.81528 -70.14562,-21.81653 -70.14633,-21.8179 -70.14614,-21.81824 -70.14619,-21.81872 -70.14542,-21.8198 -70.14561,-21.82027 -70.14521,-21.82199 -70.1454,-21.82272 -70.14536,-21.82328 -70.14458,-21.82454 -70.14463,-21.82522 -70.14404,-21.82609 -70.1423,-21.82688 -70.14202,-21.82731 -70.14207,-21.82769 -70.1424,-21.82804 -70.14268,-21.82885 -70.14328,-21.82919 -70.14283,-21.82988 -70.14289,-21.83139 -70.14165,-21.83252 -70.14152,-21.83329 -70.14199,-21.83436 -70.14277,-21.83479 -70.14315,-21.83522 -70.14306,-21.83603 -70.1439,-21.83766 -70.14401,-21.83964 -70.14439,-21.84071 -70.14416,-21.84093 -70.1443,-21.84136 -70.14408,-21.84209 -70.14459,-21.84261 -70.14459,-21.84291 -70.14413,-21.84351 -70.14441,-21.84398 -70.14437,-21.84429 -70.14341,-21.84528 -70.14323,-21.84576 -70.1425,-21.84615 -70.14233,-21.84804 -70.14243,-21.84929 -70.14322,-21.84963 -70.1434,-21.85027 -70.14401,-21.85061 -70.14401,-21.85134 -70.14378,-21.85169 -70.14393,-21.85225 -70.14501,-21.85448 -70.14575,-21.85512 -70.14566,-21.8555 -70.1458,-21.85602 -70.14636,-21.85726 -70.14743,-21.8585 -70.14726,-21.85924 -70.14744,-21.85975 -70.14745,-21.86109 -70.14723,-21.86195 -70.14807,-21.86366 -70.14808,-21.86431 -70.14827,-21.86461 -70.14749,-21.86556 -70.14754,-21.86672 -70.14787,-21.86758 -70.14829,-21.86805 -70.14862,-21.86809 -70.14858,-21.86882 -70.14881,-21.86912 -70.14886,-21.86977 -70.14946,-21.87036 -70.14933,-21.87071 -70.14956,-21.87127 -70.14879,-21.87222 -70.14861,-21.87329 -70.14876,-21.87415 -70.14899,-21.87458 -70.14955,-21.87484 -70.14955,-21.87535 -70.14974,-21.87574 -70.15039,-21.87612 -70.15072,-21.87694 -70.15045,-21.87771 -70.15059,-21.87836 -70.15263,-21.88049 -70.15278,-21.88105 -70.15361,-21.88152 -70.15361,-21.88191 -70.15394,-21.88242 -70.15459,-21.88332 -70.15515,-21.88362 -70.15548,-21.88422 -70.15589,-21.88456 -70.15594,-21.8849 -70.1565,-21.88576 -70.15789,-21.88622 -70.15849,-21.88686 -70.15997,-21.88694 -70.16067,-21.88805 -70.16192,-21.88899 -70.16243,-21.8892 -70.16471,-21.89172 -70.16545,-21.89189 -70.16605,-21.89258 -70.16693,-21.89257 -70.16707,-21.89274 -70.16757,-21.89256 -70.16868,-21.89286 -70.1692,-21.89363 -70.17003,-21.89358 -70.17087,-21.89542 -70.17138,-21.89576 -70.17203,-21.8958 -70.17249,-21.89606 -70.1729,-21.89601 -70.17337,-21.89622 -70.17365,-21.89682 -70.17356,-21.89721 -70.1737,-21.89742 -70.17407,-21.89755 -70.17554,-21.89741 -70.17615,-21.89797 -70.1767,-21.89822 -70.1768,-21.89869 -70.17726,-21.89908 -70.17763,-21.89882 -70.17883,-21.89881 -70.17979,-21.89816 -70.1809,-21.89811 -70.18167,-21.89728 -70.18222,-21.89706 -70.18403,-21.89744 -70.18495,-21.8979 -70.18537,-21.89786 -70.18593,-21.8991 -70.18635,-21.89936 -70.18755,-21.89973 -70.18805,-21.89956 -70.18916,-21.89985 -70.18917,-21.90045 -70.18885,-21.90076 -70.18954,-21.90131 -70.18922,-21.9017 -70.18835,-21.90184 -70.18826,-21.9021 -70.18845,-21.90253 -70.18831,-21.90278 -70.18776,-21.90292 -70.18767,-21.90318 -70.18772,-21.90348 -70.18836,-21.90373 -70.18814,-21.90408 -70.18777,-21.90416 -70.18709,-21.90512 -70.18667,-21.90525 -70.18603,-21.90586 -70.18492,-21.90565 -70.1846,-21.90578 -70.18391,-21.90639 -70.18383,-21.90673 -70.1836,-21.9069 -70.18254,-21.9076 -70.18043,-21.90861 -70.1797,-21.90939 -70.17952,-21.90982 -70.17966,-21.91046 -70.17912,-21.91141 -70.17903,-21.91253 -70.17775,-21.91383 -70.17785,-21.9143 -70.17841,-21.91503 -70.1785,-21.9155 -70.17796,-21.91637 -70.17695,-21.91676 -70.17534,-21.91793 -70.17484,-21.9185 -70.17261,-21.9223 -70.17193,-21.92308 -70.17175,-21.92368 -70.17084,-21.92502 -70.17079,-21.92549 -70.16976,-21.92821 -70.16981,-21.92894 -70.16958,-21.92929 -70.16941,-21.93106 -70.16974,-21.9317 -70.16965,-21.93282 -70.17012,-21.93333 -70.17027,-21.93449 -70.17064,-21.93556 -70.17061,-21.93672 -70.1708,-21.93728 -70.17112,-21.9378 -70.17215,-21.93856 -70.17196,-21.939 -70.171,-21.93939 -70.17091,-21.93999 -70.17124,-21.94089 -70.17125,-21.9415 -70.17261,-21.94532 -70.17281,-21.94652 -70.17352,-21.94854 -70.17367,-21.94965 -70.17413,-21.9503 -70.17414,-21.95128 -70.17461,-21.95214 -70.17504,-21.95369 -70.17504,-21.95437 -70.17468,-21.95481 -70.17427,-21.9558 -70.17428,-21.95696 -70.17405,-21.95757 -70.17415,-21.95851 -70.17374,-21.95899 -70.1747,-21.96311 -70.17536,-21.96448 -70.17587,-21.96499 -70.17606,-21.96585 -70.17671,-21.96632 -70.17709,-21.96765 -70.1776,-21.96795 -70.179,-21.96958 -70.18015,-21.97017 -70.18104,-21.97115 -70.18169,-21.97149 -70.18197,-21.97209 -70.18243,-21.97256 -70.1834,-21.97269 -70.18469,-21.97229 -70.18544,-21.97323 -70.18553,-21.97357 -70.18531,-21.97444 -70.18564,-21.97585 -70.18495,-21.9759 -70.18477,-21.97612 -70.1838,-21.97578 -70.18311,-21.97591 -70.18265,-21.97656 -70.18252,-21.97721 -70.18262,-21.97785 -70.1823,-21.97863 -70.18244,-21.97884 -70.18222,-21.97966 -70.18247,-21.98267 -70.18215,-21.98328 -70.18142,-21.9841 -70.18129,-21.98548 -70.18158,-21.98629 -70.18117,-21.98703 -70.18091,-21.98939 -70.1812,-21.99043 -70.18098,-21.99163 -70.1814,-21.99301 -70.18136,-21.99391 -70.18165,-21.99515 -70.18269,-21.99773 -70.18325,-21.99863 -70.1833,-21.99945 -70.1841,-22.00069 -70.18415,-22.00137 -70.18434,-22.00172 -70.18531,-22.0027 -70.18629,-22.0033 -70.18698,-22.00411 -70.18876,-22.00719 -70.19113,-22.00911 -70.19196,-22.00923 -70.19265,-22.0091 -70.19321,-22.00931 -70.19381,-22.00918 -70.19423,-22.01008 -70.19456,-22.01029 -70.19525,-22.01029 -70.19525,-22.01067 -70.19636,-22.01127 -70.19665,-22.0123 -70.1973,-22.01259 -70.19735,-22.01315 -70.19777,-22.01384 -70.19713,-22.01444 -70.19584,-22.01437 -70.19561,-22.0145 -70.19538,-22.01502 -70.19598,-22.01531 -70.19576,-22.01587 -70.1959,-22.01617 -70.1972,-22.01711 -70.19688,-22.01746 -70.19693,-22.01797 -70.19647,-22.01819 -70.19628,-22.01811 -70.19634,-22.01888 -70.19593,-22.02017 -70.19612,-22.02086 -70.19613,-22.02181 -70.19692,-22.02228 -70.19785,-22.0233 -70.19725,-22.02361 -70.1966,-22.0234 -70.19541,-22.02379 -70.19564,-22.02405 -70.19509,-22.02435 -70.19422,-22.02526 -70.19432,-22.02556 -70.19496,-22.0259 -70.19515,-22.02616 -70.19488,-22.02672 -70.19535,-22.02767 -70.19577,-22.02801 -70.19678,-22.02821 -70.19678,-22.02843 -70.19771,-22.02894 -70.19785,-22.0292 -70.1955,-22.02938 -70.19422,-22.03013 -70.1939,-22.03094 -70.19427,-22.03159 -70.19457,-22.03339 -70.19489,-22.03365 -70.19439,-22.03438 -70.19477,-22.03533 -70.19514,-22.0355 -70.19546,-22.03588 -70.19542,-22.03618 -70.19593,-22.03657 -70.1958,-22.03695 -70.19413,-22.03692 -70.19275,-22.03745 -70.19206,-22.03733 -70.19174,-22.03741 -70.19142,-22.03772 -70.19151,-22.03815 -70.19193,-22.03844 -70.1918,-22.0387 -70.19184,-22.03909 -70.1924,-22.03956 -70.19259,-22.04016 -70.19242,-22.04111 -70.19329,-22.04145 -70.19399,-22.04213 -70.19404,-22.04252 -70.19299,-22.04377 -70.19299,-22.04416 -70.19318,-22.04446 -70.19351,-22.04454 -70.19369,-22.04489 -70.19434,-22.04518 -70.19444,-22.04557 -70.19375,-22.04673 -70.19376,-22.04716 -70.19431,-22.04738 -70.19436,-22.04755 -70.19409,-22.04794 -70.19294,-22.04846 -70.19326,-22.04885 -70.19308,-22.04923 -70.1924,-22.0498 -70.19226,-22.05049 -70.19075,-22.05145 -70.19021,-22.05304 -70.19022,-22.0539 -70.18939,-22.05477 -70.18872,-22.05667 -70.18841,-22.05843 -70.18851,-22.05925 -70.18869,-22.05968 -70.1893,-22.0601 -70.19014,-22.06173 -70.19084,-22.06211 -70.19192,-22.06413 -70.19265,-22.06417 -70.19312,-22.06502 -70.19276,-22.06541 -70.19207,-22.06572 -70.19193,-22.06611 -70.19235,-22.06658 -70.19356,-22.0673 -70.19471,-22.06751 -70.19486,-22.06824 -70.19509,-22.06841 -70.19514,-22.06866 -70.19454,-22.06914 -70.19478,-22.06966 -70.19488,-22.0709 -70.19563,-22.0718 -70.19559,-22.07292 -70.19472,-22.07387 -70.19507,-22.07684 -70.19509,-22.07882 -70.19552,-22.08088 -70.1958,-22.08139 -70.1958,-22.08195 -70.19613,-22.08251 -70.19628,-22.0832 -70.19651,-22.08345 -70.19688,-22.08349 -70.19725,-22.08405 -70.19708,-22.08513 -70.19731,-22.08547 -70.19765,-22.08723 -70.19826,-22.08873 -70.19905,-22.08868 -70.19937,-22.08894 -70.20012,-22.08962 -70.20063,-22.09035 -70.20156,-22.09107 -70.20179,-22.09163 -70.20249,-22.09201 -70.20305,-22.09274 -70.20351,-22.093 -70.20407,-22.09303 -70.20448,-22.0926 -70.20614,-22.09289 -70.20666,-22.09336 -70.2067,-22.09362 -70.20606,-22.09422 -70.20639,-22.09461 -70.20671,-22.09474 -70.20875,-22.09524 -70.20916,-22.09467 -70.20935,-22.09485 -70.20949,-22.09553 -70.20968,-22.09557 -70.21004,-22.09536 -70.21064,-22.09548 -70.21119,-22.09509 -70.21147,-22.09526 -70.21235,-22.09482 -70.21364,-22.09468 -70.21525,-22.09394 -70.21562,-22.09394 -70.21631,-22.09441 -70.2167,-22.09604 -70.21665,-22.0963 -70.21592,-22.09725 -70.21579,-22.09781 -70.21529,-22.09846 -70.21464,-22.09889 -70.21418,-22.09907 -70.21321,-22.09899 -70.21354,-22.09955 -70.21391,-22.09972 -70.21391,-22.10002 -70.21527,-22.1019 -70.21509,-22.10263 -70.21528,-22.10341 -70.21584,-22.10418 -70.21668,-22.10469 -70.21691,-22.1052 -70.21743,-22.10567 -70.21692,-22.10619 -70.21711,-22.1067 -70.21679,-22.10718 -70.21693,-22.10752 -70.21647,-22.10787 -70.21629,-22.10826 -70.21602,-22.10826 -70.21565,-22.10908 -70.21391,-22.10978 -70.21304,-22.11073 -70.21301,-22.11254 -70.21445,-22.11421 -70.21455,-22.11533 -70.21568,-22.1176 -70.21574,-22.11928 -70.21635,-22.1197 -70.21626,-22.12005 -70.21593,-22.12018 -70.21594,-22.12061 -70.2165,-22.12155 -70.21627,-22.12215 -70.21646,-22.12241 -70.21624,-22.12306 -70.21651,-22.12319 -70.21666,-22.12447 -70.21713,-22.12546 -70.21769,-22.1261 -70.21797,-22.12601 -70.21834,-22.12623 -70.21845,-22.12769 -70.21794,-22.12812 -70.21683,-22.12804 -70.21647,-22.12848 -70.21638,-22.12912 -70.21597,-22.12951 -70.21616,-22.13016 -70.21612,-22.13063 -70.21584,-22.13089 -70.21483,-22.13128 -70.21484,-22.13219 -70.2154,-22.13283 -70.21499,-22.13348 -70.21495,-22.13412 -70.21593,-22.13571 -70.21658,-22.13626 -70.21714,-22.13729 -70.21743,-22.13879 -70.21794,-22.13913 -70.21841,-22.13973 -70.21901,-22.13977 -70.21938,-22.14029 -70.21976,-22.1405 -70.21976,-22.14136 -70.22019,-22.1426 -70.22006,-22.14303 -70.22057,-22.1438 -70.22058,-22.14479 -70.22114,-22.14578 -70.2211,-22.14638 -70.2218,-22.14681 -70.22194,-22.14723 -70.22185,-22.14784 -70.22251,-22.14882 -70.22251,-22.14925 -70.22367,-22.15041 -70.22372,-22.15062 -70.2234,-22.15092 -70.2235,-22.15118 -70.22323,-22.15196 -70.22361,-22.15393 -70.22436,-22.15518 -70.22428,-22.15621 -70.22405,-22.15681 -70.22415,-22.15741 -70.22466,-22.15797 -70.22444,-22.15896 -70.22463,-22.15935 -70.22459,-22.15995 -70.22473,-22.16029 -70.22464,-22.16111 -70.22483,-22.16141 -70.22484,-22.1618 -70.2242,-22.16279 -70.22457,-22.16326 -70.22467,-22.16386 -70.22533,-22.16519 -70.22533,-22.16554 -70.22446,-22.16623 -70.22447,-22.16726 -70.22489,-22.16773 -70.22526,-22.16782 -70.22526,-22.16868 -70.22573,-22.16902 -70.22619,-22.1691 -70.22642,-22.16893 -70.22689,-22.16961 -70.22768,-22.17016 -70.22782,-22.17008 -70.22828,-22.17025 -70.22879,-22.17063 -70.22963,-22.17092 -70.23013,-22.17083 -70.23083,-22.17152 -70.23097,-22.17186 -70.23033,-22.17191 -70.23033,-22.17242 -70.23061,-22.17285 -70.23016,-22.17341 -70.23025,-22.17367 -70.22961,-22.17406 -70.22956,-22.17432 -70.22813,-22.17464 -70.22771,-22.17425 -70.22721,-22.17421 -70.22615,-22.17491 -70.2257,-22.1759 -70.22515,-22.17634 -70.2251,-22.17651 -70.22538,-22.17689 -70.22443,-22.17892 -70.22448,-22.17922 -70.22411,-22.17974 -70.22366,-22.18134 -70.2239,-22.18172 -70.22363,-22.18233 -70.22372,-22.18271 -70.2241,-22.18318 -70.22322,-22.18375 -70.22327,-22.18418 -70.22296,-22.18474 -70.22301,-22.18539 -70.22329,-22.18577 -70.22315,-22.18603 -70.22334,-22.18633 -70.22325,-22.18706 -70.22363,-22.18745 -70.22321,-22.18796 -70.22331,-22.18827 -70.22401,-22.18895 -70.22383,-22.18955 -70.22406,-22.19015 -70.2237,-22.1905 -70.22519,-22.1926 -70.2252,-22.19303 -70.22497,-22.19342 -70.22451,-22.19402 -70.22414,-22.19411 -70.22396,-22.19433 -70.22392,-22.19497 -70.2242,-22.19536 -70.22476,-22.19565 -70.22454,-22.19712 -70.22468,-22.19733 -70.22538,-22.19767 -70.22654,-22.19908 -70.22655,-22.19951 -70.22738,-22.20007 -70.22739,-22.20045 -70.22781,-22.20097 -70.22753,-22.20114 -70.22795,-22.20157 -70.22745,-22.20209 -70.22773,-22.20273 -70.22755,-22.20308 -70.22811,-22.20389 -70.22816,-22.20458 -70.22794,-22.20527 -70.22794,-22.20604 -70.22712,-22.20665 -70.22708,-22.20747 -70.22657,-22.20777 -70.22593,-22.20778 -70.2245,-22.20908 -70.22462,-22.21131 -70.22481,-22.21179 -70.22518,-22.21191 -70.22518,-22.21213 -70.22486,-22.21239 -70.22472,-22.21278 -70.22496,-22.21329 -70.22542,-22.21363 -70.22548,-22.21509 -70.22609,-22.21552 -70.22609,-22.21591 -70.2267,-22.21663 -70.2267,-22.21693 -70.22689,-22.21719 -70.2273,-22.21723 -70.22795,-22.21766 -70.22814,-22.21804 -70.22773,-22.21882 -70.22875,-22.21928 -70.22903,-22.21967 -70.22913,-22.22053 -70.22863,-22.22152 -70.22961,-22.22195 -70.22989,-22.22233 -70.22962,-22.22285 -70.22925,-22.22307 -70.22874,-22.22311 -70.22838,-22.22372 -70.22903,-22.22419 -70.22898,-22.22462 -70.22964,-22.22547 -70.23001,-22.22556 -70.23029,-22.2262 -70.23066,-22.22633 -70.23062,-22.22663 -70.22851,-22.22845 -70.22842,-22.22879 -70.2288,-22.23008 -70.22862,-22.23094 -70.22863,-22.23198 -70.22924,-22.23279 -70.22985,-22.23407 -70.2305,-22.23476 -70.23121,-22.23643 -70.23209,-22.2369 -70.23247,-22.23758 -70.23212,-22.23956 -70.23235,-22.24008 -70.23305,-22.24037 -70.23269,-22.24128 -70.23288,-22.24192 -70.23381,-22.24286 -70.23395,-22.24334 -70.23563,-22.24453 -70.23609,-22.24504 -70.23614,-22.24543 -70.23661,-22.24577 -70.23652,-22.2465 -70.23722,-22.24671 -70.23722,-22.2471 -70.23778,-22.24735 -70.23746,-22.24753 -70.23746,-22.24783 -70.23806,-22.24791 -70.23881,-22.24898 -70.23955,-22.24871 -70.24053,-22.25 -70.23965,-22.24996 -70.23998,-22.25056 -70.23947,-22.25074 -70.23934,-22.25134 -70.2387,-22.25182 -70.23934,-22.25211 -70.23907,-22.25272 -70.23945,-22.2534 -70.23922,-22.25353 -70.23857,-22.2535 -70.23918,-22.25491 -70.23872,-22.25509 -70.2385,-22.25548 -70.23855,-22.25586 -70.23882,-22.25608 -70.23869,-22.25633 -70.23818,-22.2566 -70.2375,-22.2575 -70.23648,-22.25794 -70.23681,-22.25846 -70.23654,-22.2588 -70.23603,-22.25876 -70.23548,-22.25898 -70.23558,-22.2601 -70.2353,-22.26036 -70.23549,-22.26083 -70.23476,-22.2611 -70.23435,-22.2617 -70.23385,-22.26313 -70.23363,-22.26442 -70.2341,-22.2657 -70.23425,-22.26669 -70.23334,-22.26833 -70.23325,-22.26872 -70.23344,-22.26898 -70.23344,-22.26958 -70.23386,-22.26984 -70.23382,-22.27052 -70.23471,-22.27172 -70.2349,-22.27254 -70.23597,-22.27361 -70.23658,-22.27382 -70.23807,-22.27574 -70.2384,-22.27643 -70.23905,-22.27698 -70.23966,-22.27779 -70.23972,-22.2793 -70.24028,-22.27955 -70.24047,-22.28007 -70.24079,-22.28028 -70.24085,-22.28105 -70.24136,-22.28135 -70.24113,-22.28208 -70.24127,-22.2823 -70.24192,-22.28255 -70.24215,-22.28246 -70.24238,-22.28177 -70.24275,-22.28177 -70.24279,-22.28143 -70.24311,-22.28121 -70.24459,-22.28107 -70.24511,-22.28197 -70.24516,-22.2824 -70.246,-22.28308 -70.24651,-22.28325 -70.24646,-22.28381 -70.24661,-22.28406 -70.24647,-22.28441 -70.24606,-22.28471 -70.2462,-22.28493 -70.24592,-22.2851 -70.24541,-22.28506 -70.24505,-22.28537 -70.24515,-22.28653 -70.24501,-22.287 -70.24474,-22.28726 -70.244,-22.28697 -70.24367,-22.28701 -70.24349,-22.28727 -70.24368,-22.2877 -70.2435,-22.28809 -70.24258,-22.28853 -70.24253,-22.2887 -70.24323,-22.2896 -70.24324,-22.2899 -70.24296,-22.29011 -70.2431,-22.29046 -70.2439,-22.2917 -70.24395,-22.29213 -70.24377,-22.29265 -70.24349,-22.29282 -70.24252,-22.2927 -70.24087,-22.29366 -70.24026,-22.2934 -70.23999,-22.29349 -70.2393,-22.29406 -70.23926,-22.29475 -70.2388,-22.29466 -70.23847,-22.2951 -70.23825,-22.29613 -70.23863,-22.29647 -70.23864,-22.29798 -70.23786,-22.29884 -70.23782,-22.29936 -70.2375,-22.30009 -70.23746,-22.30082 -70.23765,-22.30108 -70.23687,-22.30173 -70.23711,-22.30311 -70.23698,-22.30337 -70.23624,-22.30389 -70.23639,-22.30483 -70.23625,-22.30527 -70.23653,-22.30556 -70.23663,-22.30612 -70.23747,-22.30685 -70.23761,-22.30732 -70.23757,-22.30749 -70.23701,-22.30745 -70.23706,-22.3078 -70.23734,-22.30797 -70.23744,-22.30831 -70.23716,-22.30866 -70.23717,-22.30913 -70.23689,-22.30939 -70.23671,-22.31012 -70.23686,-22.31068 -70.23742,-22.31162 -70.23821,-22.31239 -70.23859,-22.31316 -70.23914,-22.31346 -70.23842,-22.31463 -70.23833,-22.31506 -70.23847,-22.31579 -70.24053,-22.31822 -70.24164,-22.31895 -70.24211,-22.31967 -70.24226,-22.32023 -70.24328,-22.32091 -70.24352,-22.32164 -70.24463,-22.32245 -70.24496,-22.32288 -70.24552,-22.32318 -70.24566,-22.32365 -70.24543,-22.32386 -70.24548,-22.32416 -70.24642,-22.32571 -70.24702,-22.32592 -70.24753,-22.32544 -70.24827,-22.32522 -70.24882,-22.32526 -70.24938,-22.32577 -70.24934,-22.3262 -70.24962,-22.32654 -70.24945,-22.32814 -70.24987,-22.32916 -70.24978,-22.32951 -70.24928,-22.3299 -70.2491,-22.33055 -70.24929,-22.33106 -70.24925,-22.33154 -70.24861,-22.33227 -70.24865,-22.33257 -70.24833,-22.33296 -70.24853,-22.33361 -70.24844,-22.3349 -70.24808,-22.33546 -70.24836,-22.33589 -70.24837,-22.33658 -70.24874,-22.33705 -70.24884,-22.33747 -70.25,-22.33876 -70.24965,-22.33992 -70.24933,-22.3404 -70.2496,-22.34057 -70.25012,-22.34138 -70.25059,-22.34159 -70.25059,-22.34185 -70.25008,-22.34233 -70.25004,-22.34301 -70.24899,-22.34466 -70.24895,-22.34505 -70.24937,-22.34556 -70.2503,-22.34607 -70.2504,-22.34654 -70.2511,-22.34709 -70.25078,-22.34757 -70.25092,-22.34787 -70.25208,-22.34842 -70.25311,-22.34983 -70.25348,-22.35 -70.25362,-22.35034 -70.25479,-22.35111 -70.25493,-22.35162 -70.25484,-22.35188 -70.25456,-22.35184 -70.25373,-22.35241 -70.25388,-22.35297 -70.25444,-22.35335 -70.2549,-22.35412 -70.25618,-22.35673 -70.25613,-22.35699 -70.25545,-22.35777 -70.25541,-22.35919 -70.25617,-22.36134 -70.2559,-22.36181 -70.25557,-22.36156 -70.25567,-22.3622 -70.25512,-22.36272 -70.25522,-22.36341 -70.25338,-22.36471 -70.25311,-22.36523 -70.25316,-22.36553 -70.25358,-22.36605 -70.2533,-22.36639 -70.2534,-22.36699 -70.25327,-22.36725 -70.25248,-22.36739 -70.25234,-22.36765 -70.25248,-22.36777 -70.25244,-22.36833 -70.25217,-22.36859 -70.25166,-22.36868 -70.25171,-22.36903 -70.2513,-22.36937 -70.25079,-22.37028 -70.2508,-22.37054 -70.25057,-22.37071 -70.25038,-22.37063 -70.25011,-22.37102 -70.24992,-22.37085 -70.24946,-22.37098 -70.24933,-22.37219 -70.24777,-22.3731 -70.24786,-22.37362 -70.24712,-22.37367 -70.24657,-22.37402 -70.24617,-22.37501 -70.24575,-22.37527 -70.24533,-22.37523 -70.24492,-22.37549 -70.24474,-22.37588 -70.24419,-22.37597 -70.2435,-22.37731 -70.24369,-22.37782 -70.24504,-22.37863 -70.24435,-22.37945 -70.2444,-22.37962 -70.24395,-22.3804 -70.24409,-22.381 -70.24396,-22.38148 -70.24406,-22.38229 -70.24438,-22.38264 -70.24462,-22.38337 -70.24458,-22.38414 -70.24525,-22.38659 -70.24577,-22.38753 -70.24587,-22.3883 -70.24615,-22.38839 -70.24639,-22.38929 -70.24671,-22.38972 -70.24672,-22.39027 -70.24714,-22.39074 -70.24757,-22.39255 -70.24832,-22.39357 -70.24879,-22.39387 -70.24879,-22.39469 -70.24907,-22.39503 -70.25018,-22.3952 -70.25186,-22.39596 -70.25163,-22.39703 -70.25183,-22.39755 -70.25146,-22.39802 -70.25151,-22.39833 -70.25202,-22.39879 -70.25304,-22.39935 -70.25323,-22.39964 -70.25255,-22.40047 -70.25315,-22.40102 -70.25325,-22.40171 -70.25349,-22.40214 -70.25307,-22.40244 -70.25299,-22.40313 -70.25327,-22.40408 -70.25305,-22.40502 -70.25342,-22.40549 -70.25357,-22.40618 -70.25427,-22.40708 -70.25473,-22.40695 -70.25501,-22.40707 -70.25483,-22.40768 -70.25534,-22.4081 -70.25562,-22.40819 -70.25617,-22.40784 -70.25678,-22.40809 -70.25715,-22.40856 -70.25716,-22.40951 -70.25767,-22.41011 -70.25772,-22.41045 -70.25718,-22.4114 -70.25718,-22.4117 -70.25751,-22.4123 -70.25807,-22.41286 -70.2583,-22.41294 -70.25862,-22.41272 -70.25955,-22.41315 -70.26039,-22.41318 -70.26048,-22.41335 -70.26118,-22.41356 -70.26118,-22.41382 -70.26238,-22.41424 -70.26243,-22.41446 -70.26216,-22.4148 -70.26146,-22.41477 -70.26087,-22.41585 -70.26143,-22.41649 -70.26093,-22.41757 -70.26122,-22.41817 -70.26132,-22.41924 -70.26123,-22.4195 -70.26054,-22.41994 -70.26063,-22.42041 -70.26027,-22.42088 -70.26037,-22.42157 -70.2606,-22.42179 -70.26051,-22.42196 -70.2601,-22.42235 -70.25917,-22.42244 -70.25761,-22.42323 -70.25687,-22.42414 -70.25582,-22.42466 -70.25545,-22.42535 -70.25513,-22.42561 -70.25487,-22.42747 -70.25511,-22.42794 -70.2553,-22.42905 -70.25581,-22.42905 -70.25586,-22.42978 -70.25679,-22.4305 -70.25666,-22.43098 -70.25685,-22.43124 -70.2569,-22.43175 -70.25722,-22.43183 -70.25751,-22.43256 -70.25839,-22.43307 -70.25882,-22.43402 -70.25841,-22.43505 -70.25884,-22.43638 -70.25879,-22.43673 -70.25825,-22.43759 -70.25764,-22.43738 -70.25742,-22.4382 -70.25701,-22.43876 -70.25665,-22.44018 -70.25679,-22.44087 -70.25708,-22.44117 -70.25786,-22.44138 -70.25792,-22.44198 -70.25769,-22.44314 -70.25784,-22.44353 -70.25812,-22.44374 -70.25813,-22.4449 -70.25887,-22.44546 -70.25893,-22.44632 -70.25851,-22.44679 -70.25852,-22.44748 -70.25838,-22.44774 -70.25965,-22.44932 -70.25942,-22.45027 -70.25878,-22.45075 -70.25878,-22.45105 -70.25893,-22.45144 -70.25944,-22.45165 -70.26152,-22.45146 -70.26212,-22.45201 -70.26231,-22.45257 -70.26259,-22.45279 -70.26306,-22.45274 -70.26324,-22.45304 -70.26237,-22.45322 -70.26209,-22.45369 -70.26237,-22.4539 -70.26257,-22.45468 -70.26322,-22.45532 -70.26382,-22.45548 -70.26434,-22.45595 -70.26471,-22.45668 -70.26426,-22.45738 -70.26454,-22.45832 -70.26487,-22.45896 -70.26543,-22.45909 -70.26618,-22.45985 -70.26572,-22.46055 -70.26619,-22.46123 -70.26605,-22.46158 -70.26555,-22.46214 -70.26444,-22.46275 -70.26398,-22.46318 -70.26343,-22.46323 -70.2627,-22.46418 -70.26196,-22.4644 -70.26137,-22.46553 -70.26133,-22.466 -70.26105,-22.46618 -70.2604,-22.46609 -70.26022,-22.46623 -70.26013,-22.46691 -70.25879,-22.46744 -70.25847,-22.46787 -70.25774,-22.4684 -70.2576,-22.469 -70.25724,-22.46935 -70.25687,-22.46935 -70.25687,-22.46982 -70.25636,-22.47017 -70.25623,-22.4706 -70.25591,-22.47082 -70.25568,-22.47146 -70.25472,-22.47225 -70.25458,-22.47242 -70.25472,-22.47263 -70.25376,-22.47363 -70.25408,-22.47389 -70.25409,-22.47415 -70.25372,-22.47458 -70.25331,-22.47501 -70.2516,-22.47589 -70.251,-22.4758 -70.25064,-22.47641 -70.25087,-22.47679 -70.25073,-22.4771 -70.24995,-22.47758 -70.24987,-22.47852 -70.24783,-22.47871 -70.24747,-22.47914 -70.24729,-22.47975 -70.24627,-22.48031 -70.24618,-22.48062 -70.24508,-22.482 -70.24453,-22.48175 -70.24439,-22.48183 -70.24425,-22.48214 -70.24444,-22.48239 -70.24334,-22.48331 -70.24311,-22.48404 -70.24279,-22.48447 -70.24284,-22.48469 -70.2422,-22.48538 -70.24221,-22.4862 -70.24189,-22.48676 -70.24119,-22.48676 -70.24065,-22.48789 -70.2401,-22.48849 -70.23955,-22.48966 -70.23928,-22.49061 -70.2393,-22.49207 -70.23898,-22.49267 -70.23863,-22.49496 -70.23869,-22.49685 -70.23855,-22.49719 -70.23874,-22.49775 -70.2387,-22.49814 -70.23889,-22.49831 -70.2389,-22.49917 -70.23941,-22.49998 -70.23965,-22.50123 -70.23984,-22.50144 -70.24063,-22.50165 -70.24142,-22.50242 -70.24281,-22.50262 -70.24287,-22.50323 -70.24334,-22.50387 -70.24329,-22.50443 -70.24348,-22.50464 -70.2446,-22.50532 -70.24521,-22.50596 -70.24664,-22.50565 -70.24701,-22.50629 -70.24757,-22.50659 -70.24762,-22.50706 -70.2481,-22.50805 -70.24893,-22.50843 -70.24843,-22.50908 -70.24797,-22.50938 -70.24802,-22.50968 -70.24858,-22.51028 -70.24854,-22.51127 -70.24785,-22.51158 -70.2479,-22.51218 -70.24703,-22.51313 -70.24703,-22.5136 -70.24611,-22.51413 -70.24621,-22.51464 -70.24584,-22.51503 -70.24626,-22.51533 -70.24529,-22.51577 -70.2453,-22.51607 -70.24558,-22.51637 -70.24577,-22.51693 -70.24623,-22.51735 -70.24629,-22.5183 -70.24657,-22.51855 -70.24722,-22.51855 -70.24741,-22.51893 -70.24815,-22.51949 -70.2482,-22.51979 -70.24843,-22.52 -70.24899,-22.51974 -70.24936,-22.51978 -70.25001,-22.52068 -70.25016,-22.52128 -70.25049,-22.52175 -70.25073,-22.52338 -70.25055,-22.52373 -70.2512,-22.52411 -70.25148,-22.52398 -70.25162,-22.52437 -70.25057,-22.52554 -70.25048,-22.52601 -70.25067,-22.52639 -70.25132,-22.52686 -70.251,-22.52721 -70.25049,-22.52739 -70.25059,-22.52794 -70.24962,-22.52877 -70.24949,-22.52929 -70.25028,-22.52997 -70.25042,-22.53027 -70.25029,-22.53057 -70.24974,-22.53079 -70.24965,-22.53109 -70.25053,-22.53151 -70.25053,-22.53186 -70.25077,-22.53207 -70.25124,-22.53314 -70.25148,-22.5343 -70.25145,-22.53585 -70.25173,-22.53607 -70.25214,-22.53606 -70.25276,-22.53726 -70.25276,-22.53799 -70.25236,-22.53963 -70.25228,-22.54071 -70.25251,-22.54101 -70.25288,-22.54113 -70.25303,-22.54178 -70.25406,-22.54297 -70.25536,-22.54356 -70.25578,-22.54433 -70.25547,-22.54485 -70.25561,-22.54537 -70.25668,-22.54622 -70.25786,-22.54802 -70.25865,-22.54836 -70.25934,-22.54801 -70.2604,-22.54774 -70.26086,-22.54782 -70.26152,-22.54868 -70.2624,-22.54897 -70.26301,-22.5494 -70.26352,-22.54931 -70.26426,-22.5499 -70.26585,-22.55071 -70.267,-22.55083 -70.26894,-22.54965 -70.27023,-22.54926 -70.27144,-22.54942 -70.27255,-22.54937 -70.27306,-22.54988 -70.27409,-22.5503 -70.27409,-22.5506 -70.27353,-22.55073 -70.27275,-22.55066 -70.27256,-22.55109 -70.27141,-22.55161 -70.26974,-22.55162 -70.26886,-22.55142 -70.26776,-22.55207 -70.26771,-22.55233 -70.26795,-22.5528 -70.26758,-22.55349 -70.26777,-22.55383 -70.26773,-22.55444 -70.26839,-22.55551 -70.26881,-22.55585 -70.26932,-22.55584 -70.27025,-22.55657 -70.27058,-22.55704 -70.27017,-22.55751 -70.27017,-22.55777 -70.2705,-22.55829 -70.27041,-22.55885 -70.2707,-22.5597 -70.27006,-22.56031 -70.27001,-22.56066 -70.27067,-22.56186 -70.27106,-22.56336 -70.27195,-22.56468 -70.27344,-22.56575 -70.27451,-22.56617 -70.27479,-22.56643 -70.27545,-22.56745 -70.2761,-22.56796 -70.27634,-22.56874 -70.27737,-22.56985 -70.27881,-22.57069 -70.2796,-22.5709 -70.28067,-22.57176 -70.28243,-22.57166 -70.28336,-22.57216 -70.28439,-22.57233 -70.28425,-22.57263 -70.28374,-22.57276 -70.28222,-22.57385 -70.2819,-22.57377 -70.2813,-22.57399 -70.28047,-22.57473 -70.27992,-22.57482 -70.27964,-22.57516 -70.27997,-22.57602 -70.27965,-22.57654 -70.27989,-22.57701 -70.27948,-22.57732 -70.27948,-22.57779 -70.2793,-22.57809 -70.27949,-22.57878 -70.27871,-22.57977 -70.27811,-22.58016 -70.27729,-22.58189 -70.27725,-22.58219 -70.27748,-22.58249 -70.27717,-22.58314 -70.27708,-22.58392 -70.27806,-22.58498 -70.27881,-22.58532 -70.27974,-22.58609 -70.28003,-22.58669 -70.27994,-22.58751 -70.28008,-22.58781 -70.28014,-22.58935 -70.27992,-22.59073 -70.27942,-22.59151 -70.27882,-22.59199 -70.27815,-22.59393 -70.27681,-22.59493 -70.27696,-22.59618 -70.27679,-22.59721 -70.27684,-22.59811 -70.27708,-22.59841 -70.27722,-22.59927 -70.27774,-22.60013 -70.27803,-22.60137 -70.27762,-22.60168 -70.27771,-22.60206 -70.27758,-22.60258 -70.27443,-22.60329 -70.27313,-22.60309 -70.27092,-22.60362 -70.26986,-22.60479 -70.26855,-22.60799 -70.26749,-22.60855 -70.26671,-22.60994 -70.26658,-22.6105 -70.26688,-22.61269 -70.26661,-22.61381 -70.26676,-22.61471 -70.26648,-22.61532 -70.26681,-22.61609 -70.26793,-22.61668 -70.26798,-22.61702 -70.26785,-22.61741 -70.26786,-22.61879 -70.26754,-22.61909 -70.26741,-22.62056 -70.26751,-22.6209 -70.26724,-22.62202 -70.26752,-22.62279 -70.26702,-22.62331 -70.26693,-22.6237 -70.26665,-22.624 -70.26587,-22.62431 -70.26532,-22.62492 -70.26514,-22.62539 -70.26468,-22.62565 -70.26417,-22.62639 -70.26391,-22.62738 -70.26387,-22.62833 -70.26411,-22.62914 -70.26383,-22.62966 -70.26393,-22.63 -70.26367,-22.63173 -70.26312,-22.63216 -70.26321,-22.63233 -70.2628,-22.63302 -70.26209,-22.63712 -70.26224,-22.6375 -70.26382,-22.63848 -70.2648,-22.6386 -70.26494,-22.6392 -70.26653,-22.64048 -70.26839,-22.6418 -70.26895,-22.64184 -70.27021,-22.64286 -70.27179,-22.64336 -70.27318,-22.64344 -70.27351,-22.64369 -70.27439,-22.6439 -70.27462,-22.64377 -70.27597,-22.64393 -70.27648,-22.64419 -70.27778,-22.64409 -70.27847,-22.6443 -70.27945,-22.64481 -70.27978,-22.64519 -70.28015,-22.6454 -70.28052,-22.6454 -70.28108,-22.64578 -70.28128,-22.6469 -70.2817,-22.64746 -70.28212,-22.64771 -70.28239,-22.64745 -70.28262,-22.64685 -70.28294,-22.64676 -70.28401,-22.64692 -70.28485,-22.6473 -70.28578,-22.64794 -70.28612,-22.64931 -70.28706,-22.65051 -70.28706,-22.65124 -70.28744,-22.6521 -70.2875,-22.65292 -70.28727,-22.65309 -70.28783,-22.65395 -70.28793,-22.65502 -70.28863,-22.65557 -70.28808,-22.65579 -70.28799,-22.65631 -70.28758,-22.65666 -70.28745,-22.65761 -70.28704,-22.65868 -70.28756,-22.65967 -70.28771,-22.66049 -70.28748,-22.66066 -70.28396,-22.66116 -70.2822,-22.66182 -70.28124,-22.66239 -70.28101,-22.66273 -70.28134,-22.66398 -70.28116,-22.66441 -70.28001,-22.66515 -70.27992,-22.66558 -70.28016,-22.6661 -70.27984,-22.66687 -70.27947,-22.66726 -70.28042,-22.66988 -70.28089,-22.67048 -70.28053,-22.67113 -70.28072,-22.67194 -70.28068,-22.67259 -70.28096,-22.67293 -70.28078,-22.67332 -70.28092,-22.67375 -70.28006,-22.67577 -70.27933,-22.6769 -70.27929,-22.67733 -70.27943,-22.67759 -70.27897,-22.67789 -70.27911,-22.67853 -70.27889,-22.67927 -70.27815,-22.67966 -70.27853,-22.68026 -70.27853,-22.68056 -70.27895,-22.68103 -70.28044,-22.68171 -70.28072,-22.68205 -70.28077,-22.68226 -70.28018,-22.683 -70.28046,-22.68351 -70.28153,-22.68454 -70.28284,-22.68517 -70.28298,-22.68543 -70.28238,-22.68612 -70.2823,-22.68668 -70.28152,-22.68785 -70.28153,-22.68849 -70.28199,-22.68888 -70.28163,-22.6897 -70.28094,-22.69022 -70.28057,-22.69078 -70.28086,-22.69134 -70.28059,-22.69272 -70.27907,-22.69415 -70.27913,-22.69484 -70.27965,-22.69587 -70.27993,-22.69604 -70.28071,-22.69607 -70.28111,-22.69856 -70.28167,-22.69886 -70.2814,-22.69951 -70.28158,-22.69964 -70.28163,-22.69998 -70.28136,-22.70015 -70.28131,-22.70063 -70.28276,-22.70169 -70.28328,-22.70246 -70.28305,-22.70319 -70.28329,-22.70358 -70.28339,-22.70487 -70.28368,-22.70547 -70.28363,-22.70594 -70.28387,-22.70616 -70.28359,-22.70663 -70.28374,-22.70715 -70.28314,-22.70793 -70.28269,-22.70918 -70.28219,-22.7097 -70.28156,-22.71207 -70.2817,-22.71275 -70.28124,-22.71297 -70.28098,-22.71444 -70.28048,-22.71535 -70.28043,-22.71573 -70.28067,-22.71616 -70.28054,-22.71681 -70.28087,-22.71792 -70.28098,-22.7196 -70.28178,-22.72071 -70.28276,-22.72135 -70.2835,-22.72152 -70.28364,-22.72121 -70.28392,-22.7213 -70.28429,-22.72177 -70.28512,-22.72155 -70.28564,-22.7224 -70.28592,-22.72261 -70.28662,-22.7227 -70.28733,-22.72389 -70.28733,-22.72428 -70.2878,-22.72475 -70.288,-22.72625 -70.28828,-22.7266 -70.288,-22.72681 -70.28838,-22.72767 -70.28908,-22.72814 -70.28904,-22.7287 -70.28942,-22.72938 -70.28882,-22.73029 -70.28888,-22.73107 -70.28925,-22.73149 -70.28926,-22.73192 -70.28978,-22.73329 -70.28914,-22.73485 -70.28953,-22.73648 -70.29,-22.73708 -70.29121,-22.7378 -70.2921,-22.73809 -70.29224,-22.73852 -70.29207,-22.73986 -70.29184,-22.7402 -70.29082,-22.74077 -70.29101,-22.74111 -70.29102,-22.74159 -70.29074,-22.74228 -70.29103,-22.7427 -70.29121,-22.7427 -70.29131,-22.74305 -70.29071,-22.74348 -70.29062,-22.74378 -70.29096,-22.7455 -70.2906,-22.74688 -70.29074,-22.74718 -70.2907,-22.74774 -70.2909,-22.74847 -70.29122,-22.74885 -70.29151,-22.74963 -70.29221,-22.75018 -70.29267,-22.75026 -70.29324,-22.7509 -70.29375,-22.75111 -70.29436,-22.75171 -70.29571,-22.75243 -70.29585,-22.75273 -70.2966,-22.75303 -70.29711,-22.75388 -70.29814,-22.75491 -70.29866,-22.75516 -70.29894,-22.7555 -70.29964,-22.75576 -70.3002,-22.75661 -70.30063,-22.75815 -70.30171,-22.75875 -70.30255,-22.75965 -70.30362,-22.75964 -70.3039,-22.75981 -70.30381,-22.76019 -70.30446,-22.76049 -70.30455,-22.76079 -70.30488,-22.76105 -70.3059,-22.76125 -70.30739,-22.76189 -70.30768,-22.76214 -70.308,-22.76201 -70.30921,-22.76204 -70.30981,-22.7623 -70.31056,-22.76285 -70.31065,-22.76319 -70.31112,-22.76332 -70.31094,-22.76452 -70.31113,-22.76478 -70.31164,-22.76486 -70.31188,-22.76512 -70.31188,-22.76538 -70.31147,-22.76564 -70.31124,-22.76659 -70.31046,-22.76719 -70.30955,-22.76866 -70.3078,-22.77023 -70.30734,-22.77092 -70.30651,-22.77131 -70.30583,-22.77278 -70.30574,-22.77338 -70.30547,-22.77364 -70.30515,-22.77455 -70.30582,-22.77665 -70.3055,-22.77696 -70.30542,-22.77808 -70.30565,-22.77833 -70.30565,-22.77889 -70.30599,-22.77996 -70.30568,-22.78121 -70.30619,-22.78155 -70.30638,-22.78198 -70.30615,-22.78224 -70.30634,-22.78319 -70.30626,-22.78396 -70.30659,-22.7846 -70.30715,-22.78507 -70.30706,-22.78568 -70.30786,-22.78662 -70.30796,-22.78705 -70.30899,-22.78828 -70.30913,-22.78871 -70.30993,-22.78914 -70.31096,-22.79046 -70.31147,-22.79072 -70.31176,-22.79153 -70.31154,-22.79248 -70.31179,-22.79437 -70.31279,-22.79733 -70.3127,-22.79754 -70.31284,-22.79789 -70.31243,-22.79828 -70.31317,-22.79862 -70.31322,-22.79883 -70.31333,-22.79999 -70.31319,-22.80064 -70.31287,-22.80081 -70.31292,-22.80154 -70.31372,-22.80197 -70.31423,-22.80265 -70.31414,-22.80317 -70.31433,-22.80355 -70.31461,-22.80381 -70.31559,-22.80419 -70.31527,-22.80454 -70.31537,-22.80505 -70.31501,-22.80673 -70.31267,-22.80955 -70.31227,-22.81127 -70.31257,-22.81269 -70.31243,-22.81316 -70.31249,-22.81428 -70.31217,-22.81544 -70.31241,-22.81574 -70.31246,-22.81613 -70.31242,-22.81652 -70.31214,-22.81678 -70.31169,-22.81786 -70.31151,-22.81906 -70.31165,-22.81919 -70.31166,-22.82005 -70.31195,-22.82121 -70.31197,-22.82345 -70.31096,-22.82457 -70.31092,-22.82483 -70.31032,-22.82527 -70.30996,-22.82695 -70.30864,-22.8295 -70.30874,-22.82992 -70.3086,-22.83036 -70.3081,-22.83092 -70.30801,-22.83169 -70.3072,-22.83372 -70.30725,-22.83402 -70.30674,-22.83433 -70.30674,-22.83463 -70.30656,-22.83485 -70.30596,-22.83524 -70.30546,-22.83614 -70.30403,-22.83697 -70.30371,-22.83749 -70.30381,-22.83878 -70.30447,-22.83938 -70.30443,-22.83977 -70.30392,-22.84007 -70.30398,-22.84188 -70.30385,-22.84227 -70.30132,-22.84465 -70.30137,-22.845 -70.30109,-22.84534 -70.30055,-22.8472 -70.29918,-22.84983 -70.29937,-22.84996 -70.2986,-22.85177 -70.29869,-22.8519 -70.29824,-22.8532 -70.2983,-22.85418 -70.29812,-22.85479 -70.29775,-22.85522 -70.29776,-22.85608 -70.29717,-22.85763 -70.29736,-22.85836 -70.29719,-22.86034 -70.29669,-22.86125 -70.29609,-22.86177 -70.29624,-22.86225 -70.29564,-22.86277 -70.29518,-22.86359 -70.29492,-22.86492 -70.29414,-22.86648 -70.2941,-22.8673 -70.2937,-22.86889 -70.2938,-22.86949 -70.29321,-22.871 -70.29266,-22.87174 -70.29244,-22.87316 -70.29199,-22.87415 -70.29199,-22.87484 -70.29153,-22.87527 -70.29126,-22.87605 -70.29127,-22.87682 -70.29099,-22.87708 -70.29087,-22.87855 -70.29055,-22.87924 -70.29042,-22.88066 -70.29002,-22.882 -70.28985,-22.88393 -70.28954,-22.8851 -70.28959,-22.88566 -70.28892,-22.88824 -70.28902,-22.8888 -70.28884,-22.89018 -70.28839,-22.8916 -70.28822,-22.89328 -70.28824,-22.89543 -70.28802,-22.89642 -70.28817,-22.89788 -70.2879,-22.89866 -70.28819,-22.89943 -70.28792,-22.90008 -70.28797,-22.9012 -70.28779,-22.90163 -70.28797,-22.90571 -70.28789,-22.90713 -70.28839,-22.91087 -70.28901,-22.91315 -70.28897,-22.91366 -70.28944,-22.91431 -70.29016,-22.91606 -70.29067,-22.91632 -70.29105,-22.91735 -70.2919,-22.91863 -70.29223,-22.91889 -70.29306,-22.91901 -70.29362,-22.91939 -70.29437,-22.91956 -70.29497,-22.91942 -70.29525,-22.91912 -70.2964,-22.91872 -70.29696,-22.91885 -70.29752,-22.91914 -70.29822,-22.91927 -70.29944,-22.9205 -70.30009,-22.92084 -70.30056,-22.92131 -70.30154,-22.92135 -70.302,-22.92152 -70.3035,-22.92262 -70.30369,-22.92348 -70.30356,-22.92395 -70.30342,-22.92387 -70.30333,-22.92413 -70.30338,-22.92443 -70.30415,-22.92804 -70.30448,-22.92833 -70.30468,-22.92971 -70.30501,-22.93005 -70.30577,-22.93164 -70.30722,-22.93296 -70.30797,-22.93334 -70.30811,-22.93381 -70.30752,-22.93476 -70.30701,-22.93519 -70.3067,-22.93632 -70.30646,-22.93649 -70.30648,-22.93804 -70.30672,-22.93877 -70.30649,-22.93924 -70.30664,-22.93984 -70.3065,-22.94015 -70.30669,-22.94053 -70.30689,-22.94199 -70.30676,-22.94281 -70.30718,-22.9438 -70.30715,-22.94509 -70.30744,-22.94616 -70.30735,-22.94681 -70.30755,-22.94745 -70.3075,-22.94792 -70.30779,-22.94874 -70.30775,-22.94934 -70.30818,-22.95114 -70.30809,-22.95149 -70.30843,-22.95265 -70.30839,-22.95359 -70.30882,-22.95484 -70.30878,-22.95531 -70.30965,-22.95887 -70.30976,-22.96038 -70.31004,-22.96055 -70.31019,-22.96128 -70.31047,-22.96153 -70.31129,-22.96454 -70.31261,-22.96698 -70.31303,-22.96723 -70.31452,-22.96727 -70.31471,-22.96756 -70.31503,-22.96726 -70.31573,-22.96751 -70.31615,-22.96807 -70.31634,-22.9679 -70.31652,-22.96811 -70.31801,-22.96827 -70.31847,-22.96801 -70.31926,-22.96809 -70.31968,-22.96834 -70.31992,-22.96873 -70.32029,-22.96881 -70.32142,-22.96975 -70.32188,-22.96996 -70.32203,-22.97043 -70.32334,-22.97205 -70.32349,-22.97231 -70.3235,-22.97407 -70.32369,-22.97442 -70.32439,-22.97493 -70.32511,-22.9772 -70.32581,-22.97775 -70.32593,-22.98025 -70.3265,-22.98127 -70.3268,-22.98342 -70.32737,-22.98505 -70.32738,-22.98548 -70.32885,-22.98921 -70.32919,-22.99033 -70.3292,-22.99123 -70.32971,-22.99148 -70.33077,-22.9947 -70.33072,-22.995 -70.33177,-22.9977 -70.33219,-22.99804 -70.33229,-22.9986 -70.33324,-23.00053 -70.33372,-23.00195 -70.33447,-23.00314 -70.33538,-23.00542 -70.33599,-23.00623 -70.33732,-23.00957 -70.33784,-23.01039 -70.33794,-23.01094 -70.33855,-23.01167 -70.33865,-23.0121 -70.33936,-23.01304 -70.3395,-23.01373 -70.33998,-23.01458 -70.34059,-23.01535 -70.34087,-23.01612 -70.34305,-23.01959 -70.34419,-23.02203 -70.3447,-23.02263 -70.34513,-23.02361 -70.34574,-23.02421 -70.34772,-23.02733 -70.34819,-23.0278 -70.3482,-23.02819 -70.349,-23.02913 -70.3498,-23.03054 -70.35008,-23.03076 -70.3507,-23.032 -70.35131,-23.03268 -70.35164,-23.03354 -70.3523,-23.03396 -70.3531,-23.03533 -70.35357,-23.0355 -70.354,-23.03661 -70.35484,-23.03747 -70.35499,-23.03824 -70.35551,-23.03884 -70.35639,-23.03943 -70.35668,-23.04016 -70.35753,-23.04097 -70.35922,-23.04341 -70.36002,-23.0437 -70.36031,-23.04465 -70.36063,-23.04499 -70.36119,-23.0452 -70.36157,-23.04601 -70.36284,-23.04742 -70.36289,-23.04781 -70.36369,-23.04845 -70.36543,-23.0508 -70.36811,-23.05318 -70.36943,-23.05498 -70.36985,-23.05519 -70.37107,-23.05677 -70.37196,-23.05711 -70.37426,-23.06001 -70.3767,-23.06175 -70.37712,-23.06235 -70.37783,-23.06282 -70.37825,-23.06337 -70.37998,-23.06469 -70.38172,-23.06657 -70.3828,-23.06712 -70.38383,-23.06836 -70.38594,-23.07002 -70.38655,-23.07074 -70.38861,-23.07201 -70.38974,-23.07317 -70.39123,-23.07393 -70.39236,-23.07491 -70.3947,-23.07601 -70.39625,-23.07754 -70.39727,-23.07796 -70.39802,-23.07869 -70.40027,-23.08004 -70.40097,-23.08029 -70.40139,-23.08089 -70.4021,-23.0814 -70.40359,-23.08208 -70.40411,-23.08267 -70.40645,-23.08412 -70.40738,-23.08441 -70.40785,-23.08483 -70.40893,-23.08534 -70.40935,-23.08577 -70.41061,-23.0861 -70.41127,-23.08678 -70.41183,-23.08712 -70.41257,-23.08746 -70.41369,-23.08719 -70.41379,-23.08775 -70.41402,-23.08801 -70.41458,-23.08796 -70.41486,-23.08826 -70.41649,-23.08876 -70.41696,-23.08914 -70.41752,-23.08926 -70.4186,-23.0902 -70.41949,-23.09045 -70.42047,-23.09104 -70.42126,-23.09091 -70.42219,-23.09155 -70.42303,-23.09167 -70.42411,-23.09235 -70.42495,-23.09251 -70.42752,-23.09352 -70.43022,-23.09414 -70.43381,-23.09527 -70.43479,-23.09534 -70.43703,-23.09614 -70.43838,-23.0963 -70.44099,-23.09714 -70.44542,-23.09779 -70.44695,-23.09829 -70.44854,-23.09823 -70.45128,-23.09864 -70.45161,-23.09885 -70.4525,-23.09897 -70.45687,-23.09927 -70.45892,-23.0996 -70.46046,-23.10006 -70.46209,-23.10026 -70.46567,-23.10031 -70.47097,-23.10017 -70.47682,-23.09956 -70.47909,-23.09907 -70.48174,-23.09874 -70.48257,-23.09847 -70.48369,-23.09842 -70.48522,-23.09789 -70.48544,-23.09746 -70.48584,-23.09505 -70.48608,-23.09195 -70.48667,-23.09099 -70.48819,-23.08973 -70.48842,-23.08891 -70.48883,-23.08839 -70.49104,-23.08622 -70.49205,-23.0857 -70.49288,-23.08448 -70.49292,-23.08418 -70.49366,-23.08374 -70.49467,-23.08219 -70.49531,-23.08158 -70.4954,-23.08111 -70.49663,-23.07937 -70.49756,-23.07868 -70.49741,-23.07838 -70.49783,-23.07811 -70.49837,-23.07686 -70.4992,-23.07617 -70.49929,-23.07539 -70.50006,-23.07396 -70.50089,-23.07305 -70.50129,-23.07202 -70.50163,-23.06866 -70.50198,-23.06694 -70.5016,-23.06612 -70.50173,-23.06526 -70.50166,-23.06345 -70.50197,-23.06186 -70.5019,-23.05949 -70.50171,-23.05902 -70.50184,-23.05864 -70.50104,-23.05705 -70.49998,-23.05427 -70.49978,-23.0525 -70.49996,-23.05181 -70.49995,-23.05095 -70.49913,-23.04907 -70.49953,-23.04683 -70.49826,-23.04555 -70.49793,-23.04508 -70.49773,-23.04439 -70.49833,-23.04331 -70.50013,-23.04269 -70.50092,-23.04226 -70.50119,-23.04182 -70.50091,-23.04157 -70.50108,-23.04028 -70.50089,-23.03942 -70.50166,-23.03803 -70.50175,-23.03752 -70.50178,-23.03623 -70.5015,-23.03576 -70.50162,-23.03421 -70.5024,-23.03312 -70.50262,-23.03226 -70.50599,-23.02991 -70.50606,-23.02814 -70.50633,-23.02732 -70.50761,-23.02572 -70.50891,-23.02579 -70.51008,-23.02651 -70.51069,-23.02664 -70.5125,-23.02606 -70.51417,-23.02596 -70.51472,-23.02569 -70.51546,-23.025 -70.51667,-23.02542 -70.51695,-23.02567 -70.51714,-23.02619 -70.51757,-23.02657 -70.5179,-23.02738 -70.51796,-23.02855 -70.51769,-23.02975 -70.51897,-23.03124 -70.51851,-23.03194 -70.51861,-23.03271 -70.51941,-23.03331 -70.51993,-23.03438 -70.51985,-23.03528 -70.51966,-23.0355 -70.51972,-23.03618 -70.51931,-23.03675 -70.5195,-23.03743 -70.51979,-23.03803 -70.52016,-23.0382 -70.5203,-23.03846 -70.52021,-23.0388 -70.5204,-23.03915 -70.52115,-23.03953 -70.52143,-23.03987 -70.52145,-23.04159 -70.52179,-23.04262 -70.52368,-23.04531 -70.5241,-23.04569 -70.52503,-23.04603 -70.5255,-23.04589 -70.52578,-23.04598 -70.52779,-23.0469 -70.52932,-23.04715 -70.53081,-23.04705 -70.53193,-23.04768 -70.53324,-23.04805 -70.53352,-23.04805 -70.53499,-23.04726 -70.53537,-23.04765 -70.53583,-23.04751 -70.53714,-23.04815 -70.53948,-23.04963 -70.54023,-23.04992 -70.54167,-23.04973 -70.54194,-23.04948 -70.54227,-23.04951 -70.54251,-23.04986 -70.54269,-23.04985 -70.54366,-23.04933 -70.54408,-23.04928 -70.54436,-23.04967 -70.54511,-23.05 -70.54535,-23.05039 -70.54517,-23.05095 -70.54527,-23.05142 -70.54564,-23.05155 -70.54616,-23.05232 -70.54696,-23.05278 -70.54737,-23.05282 -70.54794,-23.05376 -70.54953,-23.05418 -70.54944,-23.05456 -70.54968,-23.05516 -70.54954,-23.05555 -70.54969,-23.05598 -70.55025,-23.05636 -70.55049,-23.05705 -70.55152,-23.05751 -70.55052,-23.05933 -70.55048,-23.05993 -70.55071,-23.06018 -70.55127,-23.06052 -70.55207,-23.06069 -70.55235,-23.06099 -70.5537,-23.06114 -70.55431,-23.0614 -70.55468,-23.06195 -70.55543,-23.06233 -70.55585,-23.06228 -70.55687,-23.06176 -70.55761,-23.06197 -70.55762,-23.06231 -70.5578,-23.06239 -70.55716,-23.06343 -70.55814,-23.06351 -70.55842,-23.06372 -70.55843,-23.06415 -70.55779,-23.06497 -70.55709,-23.06494 -70.55654,-23.06559 -70.55575,-23.06598 -70.55552,-23.06629 -70.5559,-23.06659 -70.55669,-23.06653 -70.5572,-23.06692 -70.5587,-23.06738 -70.55852,-23.06776 -70.55875,-23.06806 -70.55755,-23.06911 -70.55798,-23.06962 -70.55803,-23.06992 -70.55859,-23.0703 -70.55827,-23.07082 -70.55865,-23.07146 -70.55919,-23.07369 -70.55961,-23.07425 -70.56022,-23.07459 -70.56096,-23.07454 -70.56156,-23.07397 -70.5623,-23.07383 -70.56291,-23.07439 -70.56312,-23.07585 -70.56359,-23.07619 -70.56364,-23.07675 -70.56397,-23.07691 -70.56397,-23.07722 -70.5643,-23.07773 -70.56435,-23.07833 -70.565,-23.07824 -70.56543,-23.07896 -70.56539,-23.07974 -70.56611,-23.08115 -70.56685,-23.08144 -70.56951,-23.0815 -70.56965,-23.08202 -70.56989,-23.08219 -70.57109,-23.08226 -70.57138,-23.08243 -70.57152,-23.08269 -70.57138,-23.08291 -70.57162,-23.08312 -70.57325,-23.0837 -70.57382,-23.08447 -70.57405,-23.08456 -70.57442,-23.08455 -70.57604,-23.08368 -70.57679,-23.08397 -70.57771,-23.08362 -70.57827,-23.0837 -70.57897,-23.08412 -70.57926,-23.08463 -70.57913,-23.08558 -70.57941,-23.08588 -70.57956,-23.08657 -70.57956,-23.08691 -70.57915,-23.08769 -70.57869,-23.08795 -70.57855,-23.08769 -70.57743,-23.08723 -70.57571,-23.08725 -70.57543,-23.08695 -70.57459,-23.08726 -70.57474,-23.08756 -70.57456,-23.08842 -70.57489,-23.08885 -70.57504,-23.08958 -70.57407,-23.09002 -70.57402,-23.09036 -70.57473,-23.09113 -70.5746,-23.0916 -70.57506,-23.09177 -70.57525,-23.09203 -70.57421,-23.09427 -70.57333,-23.09454 -70.57296,-23.0951 -70.57311,-23.09536 -70.57371,-23.09535 -70.57344,-23.09592 -70.57363,-23.09626 -70.57424,-23.09668 -70.57461,-23.09655 -70.5754,-23.09676 -70.57665,-23.09662 -70.57778,-23.09733 -70.57798,-23.09832 -70.57882,-23.09887 -70.57855,-23.09931 -70.57963,-23.10029 -70.58039,-23.10161 -70.58054,-23.10299 -70.58107,-23.10414 -70.58182,-23.10482 -70.58192,-23.10529 -70.58178,-23.10581 -70.58012,-23.10699 -70.57957,-23.10695 -70.57883,-23.10735 -70.57893,-23.10851 -70.57801,-23.10946 -70.57802,-23.10985 -70.57868,-23.11092 -70.57888,-23.11195 -70.57921,-23.11225 -70.57922,-23.11298 -70.57839,-23.11346 -70.57783,-23.11351 -70.57741,-23.11373 -70.57751,-23.11416 -70.57719,-23.1145 -70.57715,-23.11519 -70.57696,-23.11519 -70.57641,-23.11576 -70.57613,-23.11589 -70.57446,-23.11552 -70.57348,-23.11549 -70.57302,-23.11592 -70.57196,-23.11645 -70.57155,-23.11701 -70.5715,-23.11731 -70.57174,-23.1177 -70.57152,-23.11864 -70.57181,-23.11959 -70.57158,-23.11998 -70.57102,-23.11994 -70.57056,-23.12037 -70.5689,-23.12134 -70.56821,-23.12225 -70.56813,-23.12298 -70.56707,-23.12381 -70.56712,-23.12415 -70.56676,-23.12514 -70.56625,-23.12554 -70.56612,-23.12605 -70.56552,-23.12653 -70.56525,-23.12757 -70.56526,-23.12817 -70.56457,-23.12882 -70.56439,-23.12981 -70.56488,-23.13127 -70.5647,-23.13205 -70.56498,-23.13247 -70.56509,-23.13398 -70.56562,-23.13505 -70.56581,-23.13603 -70.56536,-23.13729 -70.5656,-23.1378 -70.56576,-23.13978 -70.5671,-23.14256 -70.56706,-23.14299 -70.56739,-23.14389 -70.56843,-23.14465 -70.56931,-23.1449 -70.5695,-23.14546 -70.57017,-23.1464 -70.5712,-23.14759 -70.57148,-23.14772 -70.5714,-23.14832 -70.57246,-23.15141 -70.57275,-23.15261 -70.57266,-23.15304 -70.57318,-23.15325 -70.57327,-23.15364 -70.57272,-23.15407 -70.57296,-23.15476 -70.57287,-23.15519 -70.57312,-23.15609 -70.57359,-23.15686 -70.57262,-23.15743 -70.57151,-23.15783 -70.57105,-23.1583 -70.57073,-23.15895 -70.57088,-23.1593 -70.57024,-23.16076 -70.56969,-23.16094 -70.56955,-23.1612 -70.56964,-23.16142 -70.56891,-23.1619 -70.56807,-23.16203 -70.56789,-23.16229 -70.56803,-23.16289 -70.56795,-23.16328 -70.5673,-23.16372 -70.56643,-23.16463 -70.56606,-23.16532 -70.56521,-23.16808 -70.56475,-23.16856 -70.56475,-23.16895 -70.56453,-23.16921 -70.56458,-23.16964 -70.56426,-23.17011 -70.56408,-23.17089 -70.5641,-23.17231 -70.56387,-23.17253 -70.56392,-23.17283 -70.563,-23.17443 -70.56314,-23.17451 -70.5631,-23.17477 -70.56274,-23.17555 -70.56308,-23.17709 -70.56295,-23.17804 -70.56222,-23.17917 -70.56186,-23.18029 -70.56168,-23.18046 -70.56159,-23.18124 -70.56207,-23.18209 -70.56133,-23.18279 -70.56124,-23.18309 -70.56158,-23.18373 -70.56164,-23.18476 -70.56076,-23.18542 -70.56076,-23.18585 -70.56123,-23.18606 -70.56147,-23.1864 -70.56148,-23.18722 -70.56172,-23.18825 -70.56089,-23.18894 -70.56081,-23.18985 -70.56181,-23.19207 -70.5627,-23.19271 -70.56384,-23.19455 -70.56478,-23.19544 -70.56531,-23.19651 -70.5654,-23.19681 -70.56513,-23.1972 -70.56518,-23.19754 -70.56491,-23.19837 -70.56492,-23.1994 -70.56525,-23.19965 -70.56595,-23.19977 -70.56694,-23.20045 -70.56731,-23.20075 -70.56788,-23.20173 -70.56798,-23.20225 -70.56701,-23.20307 -70.56702,-23.20402 -70.5676,-23.20587 -70.56827,-23.20719 -70.56926,-23.20834 -70.5718,-23.21034 -70.57413,-23.21113 -70.57586,-23.21124 -70.5765,-23.21072 -70.57668,-23.20982 -70.57768,-23.20843 -70.57898,-23.20803 -70.5794,-23.20807 -70.57992,-23.20858 -70.57993,-23.20918 -70.57957,-23.21013 -70.57966,-23.21056 -70.58037,-23.21103 -70.58127,-23.21291 -70.58169,-23.21308 -70.58258,-23.2129 -70.58318,-23.2125 -70.58378,-23.21276 -70.58505,-23.21382 -70.5846,-23.2146 -70.5854,-23.21549 -70.58587,-23.21579 -70.58596,-23.21557 -70.58685,-23.21621 -70.58713,-23.21599 -70.5882,-23.21611 -70.58834,-23.21594 -70.58927,-23.21636 -70.59197,-23.21633 -70.59291,-23.21705 -70.59301,-23.21735 -70.59311,-23.21812 -70.59247,-23.21903 -70.59266,-23.21951 -70.59332,-23.2201 -70.59328,-23.2204 -70.59398,-23.22095 -70.59533,-23.22124 -70.59613,-23.22179 -70.59697,-23.22178 -70.59791,-23.22281 -70.5981,-23.22315 -70.59806,-23.22367 -70.59732,-23.22376 -70.59551,-23.22472 -70.59529,-23.22528 -70.59543,-23.22558 -70.59539,-23.22623 -70.59573,-23.22687 -70.59573,-23.2273 -70.59635,-23.22824 -70.59668,-23.22914 -70.59717,-23.23146 -70.59691,-23.23241 -70.59776,-23.23378 -70.59796,-23.23489 -70.59892,-23.23699 -70.5993,-23.2375 -70.59931,-23.23862 -70.59983,-23.23969 -70.59943,-23.24116 -70.60042,-23.24235 -70.60119,-23.24376 -70.6,-23.24554 -70.60034,-23.24682 -70.60076,-23.24751 -70.60077,-23.24789 -70.6011,-23.24854 -70.60148,-23.24888 -70.60214,-23.24995 -70.60364,-23.25079 -70.60426,-23.25199 -70.60362,-23.25234 -70.60343,-23.25225 -70.60344,-23.25333 -70.60363,-23.25363 -70.60308,-23.25411 -70.60337,-23.25531 -70.60329,-23.25621 -70.60381,-23.2569 -70.60377,-23.25711 -70.60192,-23.25816 -70.60174,-23.25864 -70.60174,-23.25894 -70.60202,-23.25937 -70.60193,-23.25954 -70.60119,-23.25942 -70.60063,-23.2599 -70.59989,-23.26016 -70.59928,-23.25969 -70.59891,-23.25966 -70.5979,-23.26057 -70.59631,-23.26024 -70.59603,-23.2605 -70.5959,-23.26102 -70.59618,-23.26149 -70.59643,-23.26265 -70.59695,-23.2632 -70.59719,-23.26427 -70.59757,-23.26474 -70.5982,-23.26641 -70.59807,-23.26702 -70.59752,-23.26784 -70.59766,-23.26857 -70.59809,-23.26887 -70.59819,-23.26942 -70.59796,-23.27016 -70.59914,-23.27139 -70.59986,-23.27281 -70.60093,-23.27275 -70.60167,-23.27236 -70.60228,-23.27295 -70.6041,-23.27341 -70.60415,-23.27371 -70.60365,-23.27436 -70.60328,-23.27462 -70.60304,-23.27454 -70.60226,-23.27536 -70.60166,-23.27567 -70.60148,-23.27606 -70.60158,-23.27679 -70.60145,-23.27743 -70.60169,-23.27803 -70.60165,-23.27842 -70.60207,-23.27898 -70.60249,-23.2791 -70.60292,-23.27987 -70.60285,-23.28155 -70.60253,-23.28207 -70.60263,-23.28275 -70.60339,-23.28369 -70.60297,-23.28387 -70.60269,-23.28374 -70.6025,-23.28383 -70.6026,-23.28439 -70.6022,-23.28556 -70.60235,-23.28629 -70.60273,-23.28688 -70.60293,-23.28804 -70.60274,-23.28839 -70.60331,-23.28886 -70.60378,-23.2898 -70.6036,-23.2901 -70.60291,-23.29037 -70.60277,-23.29063 -70.60287,-23.2911 -70.60213,-23.29166 -70.60228,-23.29209 -70.602,-23.29235 -70.60238,-23.29299 -70.60229,-23.29338 -70.60141,-23.29331 -70.60044,-23.29413 -70.60039,-23.29439 -70.60091,-23.29473 -70.60143,-23.29541 -70.60172,-23.29648 -70.60242,-23.29643 -70.60294,-23.29677 -70.60299,-23.29716 -70.60258,-23.29777 -70.60179,-23.29808 -70.60161,-23.29851 -70.60082,-23.29882 -70.60087,-23.29929 -70.60149,-23.30027 -70.60145,-23.30075 -70.60099,-23.30109 -70.60071,-23.30157 -70.601,-23.30204 -70.60077,-23.30264 -70.60115,-23.30316 -70.60106,-23.30359 -70.60083,-23.30381 -70.59995,-23.30377 -70.59855,-23.30409 -70.59809,-23.30435 -70.598,-23.30452 -70.59815,-23.30495 -70.59852,-23.30542 -70.59872,-23.30611 -70.5984,-23.30684 -70.59646,-23.30789 -70.59623,-23.30815 -70.59614,-23.30863 -70.59527,-23.30963 -70.59434,-23.30985 -70.59434,-23.31024 -70.59496,-23.31088 -70.59487,-23.31174 -70.59464,-23.31191 -70.59347,-23.31149 -70.59315,-23.31163 -70.59264,-23.31228 -70.59265,-23.31283 -70.59322,-23.31326 -70.59355,-23.31407 -70.59179,-23.31504 -70.59133,-23.31508 -70.59063,-23.31544 -70.59049,-23.31531 -70.59012,-23.31553 -70.58985,-23.31592 -70.58915,-23.3164 -70.58884,-23.31717 -70.58774,-23.31848 -70.58718,-23.31883 -70.58648,-23.31896 -70.58487,-23.3204 -70.58483,-23.32057 -70.58506,-23.32078 -70.58503,-23.32216 -70.5843,-23.32285 -70.58389,-23.32419 -70.58361,-23.32437 -70.58362,-23.32475 -70.58302,-23.32515 -70.58288,-23.32506 -70.58233,-23.32593 -70.58267,-23.32743 -70.5831,-23.32781 -70.58389,-23.32811 -70.58371,-23.32858 -70.584,-23.32927 -70.58456,-23.32982 -70.58512,-23.32999 -70.58522,-23.33029 -70.58574,-23.33054 -70.58625,-23.33049 -70.58668,-23.33113 -70.58724,-23.3313 -70.58724,-23.33173 -70.58628,-23.33286 -70.58633,-23.33316 -70.58722,-23.33362 -70.58718,-23.33431 -70.58695,-23.33483 -70.58882,-23.33515 -70.58924,-23.33571 -70.59084,-23.33651 -70.59219,-23.33662 -70.59262,-23.33748 -70.59267,-23.33791 -70.59352,-23.33876 -70.59348,-23.33971 -70.59377,-23.34005 -70.59414,-23.34017 -70.59439,-23.3412 -70.59533,-23.34205 -70.59519,-23.3424 -70.59538,-23.34274 -70.59502,-23.34369 -70.59572,-23.3473 -70.59568,-23.34764 -70.59513,-23.34864 -70.595,-23.34984 -70.59576,-23.35078 -70.59646,-23.35103 -70.59698,-23.3518 -70.5969,-23.35249 -70.59704,-23.35309 -70.59789,-23.35342 -70.5985,-23.35393 -70.59878,-23.35449 -70.59838,-23.35553 -70.59805,-23.35566 -70.59787,-23.35596 -70.59816,-23.35652 -70.599,-23.35681 -70.60007,-23.3568 -70.60124,-23.35709 -70.60256,-23.35819 -70.60289,-23.35875 -70.60317,-23.35875 -70.60373,-23.35926 -70.60485,-23.35886 -70.60582,-23.35885 -70.6063,-23.35962 -70.60603,-23.36009 -70.60604,-23.36091 -70.60613,-23.36138 -70.60642,-23.36172 -70.60629,-23.36237 -70.60652,-23.36271 -70.60643,-23.36301 -70.60606,-23.36319 -70.60579,-23.36384 -70.60603,-23.36409 -70.60603,-23.36439 -70.60581,-23.365 -70.60595,-23.3653 -70.60572,-23.36569 -70.60605,-23.36611 -70.60578,-23.36646 -70.60578,-23.36681 -70.60537,-23.36758 -70.60489,-23.36673 -70.60517,-23.36638 -70.60503,-23.36608 -70.6039,-23.36558 -70.60358,-23.36562 -70.60224,-23.36676 -70.60187,-23.36684 -70.60168,-23.36711 -70.60183,-23.36723 -70.60151,-23.36775 -70.60165,-23.36809 -70.60138,-23.36874 -70.60162,-23.36908 -70.60079,-23.37004 -70.60056,-23.37077 -70.60103,-23.37098 -70.60123,-23.37184 -70.60077,-23.37227 -70.60007,-23.37207 -70.59974,-23.37229 -70.59946,-23.37212 -70.59886,-23.37212 -70.59867,-23.37234 -70.5985,-23.37346 -70.59883,-23.37384 -70.59939,-23.37414 -70.59945,-23.3747 -70.59988,-23.37551 -70.59965,-23.3762 -70.59989,-23.37706 -70.60046,-23.37757 -70.60019,-23.378 -70.60037,-23.3783 -70.60038,-23.37869 -70.60006,-23.37925 -70.60049,-23.37985 -70.60072,-23.37959 -70.60077,-23.38036 -70.60031,-23.38097 -70.60041,-23.38127 -70.60027,-23.38157 -70.60056,-23.38178 -70.60052,-23.3826 -70.60019,-23.38265 -70.60006,-23.38286 -70.60025,-23.38338 -70.60026,-23.38432 -70.60097,-23.38488 -70.60079,-23.38544 -70.60028,-23.38578 -70.60085,-23.38711 -70.60097,-23.3887 -70.60083,-23.38913 -70.60102,-23.38952 -70.60135,-23.38969 -70.60186,-23.38942 -70.60252,-23.38976 -70.60345,-23.38997 -70.60356,-23.39113 -70.60328,-23.39165 -70.60339,-23.39293 -70.60386,-23.39323 -70.6042,-23.39387 -70.60495,-23.3943 -70.60509,-23.39464 -70.60467,-23.39477 -70.60491,-23.39524 -70.60552,-23.39554 -70.60567,-23.39609 -70.60609,-23.39656 -70.60605,-23.39682 -70.60657,-23.39772 -70.60709,-23.39823 -70.60668,-23.39914 -70.60701,-23.39961 -70.60717,-23.4006 -70.60638,-23.40125 -70.6063,-23.40185 -70.60653,-23.40237 -70.60626,-23.40301 -70.60664,-23.40365 -70.60665,-23.40413 -70.60703,-23.40455 -70.60624,-23.40469 -70.60596,-23.40517 -70.60616,-23.40564 -70.6057,-23.40616 -70.60532,-23.40621 -70.60505,-23.40668 -70.60449,-23.40686 -70.60417,-23.40673 -70.6037,-23.40687 -70.60295,-23.4064 -70.60248,-23.40645 -70.60221,-23.4068 -70.6017,-23.40671 -70.60141,-23.4065 -70.60113,-23.40655 -70.60086,-23.40685 -70.60072,-23.40707 -70.60082,-23.40767 -70.60101,-23.40788 -70.60088,-23.40857 -70.60131,-23.40969 -70.60104,-23.40995 -70.60095,-23.41072 -70.60016,-23.41052 -70.59954,-23.40966 -70.59861,-23.41002 -70.59847,-23.40985 -70.59828,-23.40989 -70.59801,-23.41028 -70.5982,-23.41088 -70.59821,-23.41161 -70.5984,-23.41178 -70.59874,-23.41298 -70.5988,-23.41419 -70.59774,-23.41493 -70.59761,-23.41544 -70.59635,-23.4155 -70.59492,-23.41306 -70.59436,-23.41285 -70.59292,-23.41321 -70.59264,-23.41343 -70.59242,-23.41421 -70.59214,-23.41455 -70.59145,-23.41495 -70.5909,-23.41564 -70.59081,-23.41599 -70.59021,-23.41655 -70.58994,-23.41741 -70.59027,-23.41793 -70.5906,-23.41814 -70.59153,-23.4183 -70.59168,-23.41864 -70.59159,-23.4192 -70.59062,-23.41939 -70.59053,-23.42008 -70.59109,-23.42033 -70.5911,-23.42059 -70.59143,-23.4208 -70.59111,-23.42132 -70.59041,-23.4218 -70.59028,-23.42219 -70.59034,-23.42395 -70.58993,-23.42464 -70.59023,-23.42606 -70.59014,-23.4267 -70.5895,-23.42714 -70.58965,-23.42813 -70.59013,-23.42911 -70.59009,-23.42971 -70.59033,-23.43027 -70.5904,-23.43255 -70.59102,-23.4334 -70.59116,-23.434 -70.59192,-23.4352 -70.59212,-23.4364 -70.59327,-23.43901 -70.59449,-23.43956 -70.59496,-23.43994 -70.59563,-23.4408 -70.59657,-23.44152 -70.5977,-23.44275 -70.59906,-23.44308 -70.59916,-23.44399 -70.59954,-23.44441 -70.59991,-23.44449 -70.6001,-23.44488 -70.59979,-23.44587 -70.60027,-23.44673 -70.60046,-23.44771 -70.60043,-23.44858 -70.601,-23.44999 -70.60101,-23.45063 -70.6012,-23.45089 -70.60204,-23.45118 -70.60224,-23.45204 -70.60276,-23.45285 -70.60249,-23.45324 -70.60166,-23.45385 -70.6012,-23.45472 -70.60132,-23.45665 -70.60114,-23.45743 -70.60082,-23.45782 -70.60087,-23.4582 -70.60073,-23.45846 -70.60088,-23.45902 -70.60042,-23.45971 -70.60043,-23.46006 -70.60067,-23.46079 -70.60133,-23.46181 -70.60139,-23.46241 -70.60177,-23.46349 -70.60333,-23.46485 -70.6033,-23.46609 -70.60355,-23.46738 -70.60338,-23.46915 -70.60358,-23.47013 -70.60424,-23.47099 -70.60471,-23.4712 -70.60514,-23.47162 -70.60538,-23.47222 -70.60539,-23.47304 -70.60676,-23.47518 -70.60723,-23.4756 -70.60919,-23.47541 -70.60966,-23.47553 -70.61031,-23.47527 -70.6107,-23.47298 -70.60998,-23.47157 -70.61007,-23.47084 -70.61048,-23.47058 -70.61071,-23.47006 -70.6108,-23.46563 -70.61176,-23.4639 -70.61203,-23.46372 -70.61315,-23.46367 -70.61385,-23.46396 -70.61557,-23.46339 -70.61576,-23.46381 -70.61511,-23.46416 -70.61531,-23.46446 -70.6161,-23.4648 -70.61601,-23.46532 -70.61578,-23.46549 -70.61602,-23.46583 -70.61653,-23.4657 -70.61635,-23.46613 -70.61575,-23.4667 -70.61716,-23.46746 -70.61763,-23.46818 -70.61764,-23.46848 -70.61868,-23.46937 -70.61892,-23.46997 -70.61897,-23.4707 -70.61921,-23.47096 -70.61921,-23.47152 -70.62005,-23.47134 -70.62062,-23.47245 -70.62105,-23.47266 -70.62124,-23.47322 -70.62147,-23.47339 -70.62116,-23.47421 -70.62131,-23.47494 -70.62159,-23.47524 -70.62159,-23.47554 -70.62146,-23.47563 -70.62202,-23.4757 -70.62221,-23.47609 -70.62249,-23.47609 -70.62338,-23.47677 -70.62366,-23.47681 -70.62357,-23.47715 -70.62307,-23.47772 -70.62294,-23.47845 -70.62275,-23.47871 -70.62238,-23.47867 -70.6221,-23.47914 -70.6223,-23.47996 -70.62316,-23.48128 -70.62355,-23.48279 -70.62355,-23.48313 -70.62328,-23.48348 -70.62319,-23.48391 -70.62343,-23.48425 -70.62343,-23.48468 -70.62325,-23.48494 -70.62325,-23.48537 -70.62279,-23.48593 -70.62313,-23.48696 -70.62314,-23.48774 -70.62296,-23.488 -70.6233,-23.48881 -70.6234,-23.48997 -70.62304,-23.49053 -70.62309,-23.49092 -70.62286,-23.49135 -70.62315,-23.49221 -70.62292,-23.4926 -70.62269,-23.49269 -70.62261,-23.49372 -70.62309,-23.49518 -70.62371,-23.49582 -70.62377,-23.4968 -70.623,-23.49905 -70.62258,-23.4991 -70.62197,-23.49863 -70.62136,-23.49842 -70.62113,-23.49842 -70.6209,-23.49881 -70.62104,-23.49915 -70.62208,-23.49962 -70.62254,-23.49957 -70.62422,-23.4999 -70.62446,-23.50037 -70.62593,-23.50194 -70.62617,-23.50284 -70.62702,-23.50378 -70.62769,-23.50528 -70.62798,-23.50549 -70.62798,-23.50579 -70.62719,-23.50636 -70.62715,-23.50687 -70.62716,-23.50713 -70.62782,-23.50764 -70.62764,-23.50829 -70.62798,-23.5094 -70.62728,-23.50976 -70.62715,-23.51001 -70.62757,-23.51014 -70.62757,-23.5104 -70.62785,-23.51061 -70.62734,-23.511 -70.62758,-23.51139 -70.62726,-23.51152 -70.62731,-23.51191 -70.62662,-23.51273 -70.62705,-23.51371 -70.62771,-23.51384 -70.62785,-23.51422 -70.62776,-23.51452 -70.62833,-23.51508 -70.62796,-23.51577 -70.6282,-23.51633 -70.62811,-23.51671 -70.62779,-23.51685 -70.62765,-23.5171 -70.62775,-23.51749 -70.62762,-23.51788 -70.62706,-23.51793 -70.62678,-23.51836 -70.62645,-23.51815 -70.62609,-23.51893 -70.62581,-23.51897 -70.62478,-23.5186 -70.6246,-23.51886 -70.62339,-23.51943 -70.62298,-23.51999 -70.62331,-23.5202 -70.62322,-23.52059 -70.62188,-23.52168 -70.62161,-23.52237 -70.62138,-23.52255 -70.62099,-23.52191 -70.62113,-23.52139 -70.62141,-23.52104 -70.62075,-23.52113 -70.62052,-23.52139 -70.61982,-23.52119 -70.61922,-23.52158 -70.61847,-23.52159 -70.61855,-23.52025 -70.61748,-23.52035 -70.61715,-23.52023 -70.6166,-23.52062 -70.61641,-23.52045 -70.61645,-23.51985 -70.61607,-23.51929 -70.61536,-23.51904 -70.61564,-23.51835 -70.61535,-23.51818 -70.61535,-23.51753 -70.61478,-23.51741 -70.61455,-23.5172 -70.61491,-23.51612 -70.61472,-23.51556 -70.61448,-23.51544 -70.61423,-23.51449 -70.61451,-23.5141 -70.61451,-23.51372 -70.61483,-23.51333 -70.61482,-23.51255 -70.61531,-23.51078 -70.61596,-23.51017 -70.61575,-23.50863 -70.61528,-23.5085 -70.61374,-23.50856 -70.61332,-23.5084 -70.61224,-23.5072 -70.61074,-23.50692 -70.60975,-23.50615 -70.60901,-23.50625 -70.60812,-23.50668 -70.60775,-23.5066 -70.60687,-23.50687 -70.60635,-23.50683 -70.60529,-23.50762 -70.60515,-23.50719 -70.60482,-23.50685 -70.60459,-23.50771 -70.60427,-23.50789 -70.60385,-23.5078 -70.60338,-23.50747 -70.60268,-23.50807 -70.60235,-23.50756 -70.60212,-23.50787 -70.60184,-23.50791 -70.60133,-23.50766 -70.6008,-23.50689 -70.60015,-23.50672 -70.5995,-23.50686 -70.59922,-23.50656 -70.59884,-23.50657 -70.59792,-23.50705 -70.59722,-23.5071 -70.59694,-23.50727 -70.59676,-23.50775 -70.5962,-23.50788 -70.59514,-23.50927 -70.59435,-23.50898 -70.59374,-23.50898 -70.59286,-23.50972 -70.59231,-23.50986 -70.59186,-23.51128 -70.59126,-23.51206 -70.59056,-23.5122 -70.59038,-23.51242 -70.59043,-23.51289 -70.59067,-23.51327 -70.59022,-23.5144 -70.58994,-23.51461 -70.58901,-23.51458 -70.58882,-23.51484 -70.58897,-23.51527 -70.58856,-23.51656 -70.58773,-23.51739 -70.5869,-23.51748 -70.58574,-23.51848 -70.58539,-23.52008 -70.58502,-23.52047 -70.58498,-23.52073 -70.5847,-23.52073 -70.58419,-23.52138 -70.58401,-23.52151 -70.58391,-23.52117 -70.58325,-23.52049 -70.58245,-23.52015 -70.58217,-23.5202 -70.58199,-23.52063 -70.58115,-23.52047 -70.58073,-23.52064 -70.58046,-23.52129 -70.5806,-23.52181 -70.58047,-23.52202 -70.57963,-23.52237 -70.57978,-23.52302 -70.57937,-23.52431 -70.57895,-23.52423 -70.57803,-23.52514 -70.57776,-23.52562 -70.57763,-23.52648 -70.57689,-23.52718 -70.57602,-23.52847 -70.57482,-23.5296 -70.57445,-23.52965 -70.57337,-23.52897 -70.57285,-23.52907 -70.57169,-23.52882 -70.57154,-23.52839 -70.57074,-23.52793 -70.57,-23.52836 -70.56953,-23.5282 -70.56877,-23.52721 -70.56855,-23.5276 -70.56733,-23.52774 -70.56637,-23.52866 -70.56599,-23.5284 -70.56525,-23.52923 -70.56455,-23.52885 -70.56404,-23.52881 -70.56358,-23.52929 -70.56306,-23.52946 -70.56297,-23.52929 -70.56232,-23.52965 -70.5612,-23.52931 -70.56069,-23.52992 -70.56013,-23.53001 -70.55939,-23.53066 -70.55963,-23.53092 -70.55921,-23.53122 -70.55899,-23.5317 -70.55932,-23.53208 -70.55927,-23.5323 -70.55956,-23.53286 -70.55882,-23.53342 -70.55855,-23.53433 -70.55855,-23.5345 -70.55893,-23.53475 -70.55898,-23.5351 -70.5573,-23.53503 -70.55678,-23.53473 -70.5566,-23.53486 -70.55656,-23.53555 -70.55624,-23.53581 -70.55563,-23.53603 -70.55521,-23.53599 -70.55474,-23.53591 -70.55446,-23.53562 -70.55313,-23.53369 -70.55276,-23.53396 -70.55164,-23.53384 -70.55076,-23.53432 -70.55007,-23.53514 -70.54946,-23.53519 -70.5489,-23.53472 -70.54858,-23.53537 -70.5485,-23.53641 -70.54791,-23.5377 -70.5474,-23.53784 -70.54674,-23.53776 -70.5465,-23.5372 -70.54486,-23.53601 -70.54443,-23.53597 -70.54304,-23.53646 -70.54281,-23.53616 -70.54177,-23.53561 -70.54125,-23.53502 -70.54088,-23.53493 -70.54055,-23.53451 -70.53919,-23.53387 -70.53859,-23.53427 -70.53835,-23.53418 -70.53741,-23.53329 -70.53712,-23.53273 -70.53683,-23.53205 -70.53682,-23.5308 -70.53649,-23.53063 -70.53565,-23.53068 -70.53523,-23.53043 -70.53471,-23.52988 -70.53479,-23.52919 -70.53419,-23.52902 -70.53391,-23.52911 -70.53363,-23.52894 -70.53212,-23.52749 -70.53202,-23.52689 -70.53169,-23.52664 -70.53113,-23.52664 -70.53084,-23.52639 -70.53126,-23.52621 -70.53167,-23.52548 -70.53204,-23.52534 -70.53185,-23.52483 -70.53072,-23.52381 -70.52963,-23.52218 -70.52834,-23.51936 -70.5291,-23.51716 -70.52947,-23.51672 -70.53031,-23.5168 -70.53045,-23.51667 -70.53095,-23.51533 -70.53099,-23.51503 -70.53071,-23.51478 -70.5301,-23.51491 -70.52945,-23.51445 -70.53055,-23.51314 -70.53144,-23.51348 -70.53223,-23.51326 -70.53305,-23.5117 -70.53322,-23.51045 -70.53303,-23.50994 -70.5327,-23.50977 -70.53288,-23.50882 -70.53165,-23.50771 -70.53085,-23.50656 -70.5307,-23.50609 -70.53028,-23.50575 -70.52966,-23.50442 -70.52895,-23.50391 -70.52871,-23.50349 -70.52791,-23.50276 -70.52707,-23.50247 -70.52623,-23.50256 -70.52503,-23.50391 -70.52466,-23.50413 -70.52387,-23.50383 -70.52331,-23.50414 -70.52261,-23.50393 -70.52288,-23.50281 -70.52199,-23.50252 -70.52165,-23.50179 -70.52072,-23.50189 -70.52039,-23.50172 -70.51931,-23.50048 -70.51901,-23.49894 -70.51844,-23.49851 -70.51774,-23.49843 -70.51751,-23.49826 -70.51797,-23.49757 -70.51801,-23.49718 -70.51833,-23.49683 -70.51828,-23.49653 -70.51739,-23.49633 -70.51626,-23.49531 -70.51616,-23.49496 -70.51546,-23.49433 -70.51503,-23.49334 -70.5152,-23.49222 -70.51552,-23.49157 -70.51528,-23.49071 -70.51531,-23.4899 -70.51526,-23.48951 -70.51474,-23.489 -70.51417,-23.48746 -70.51412,-23.48703 -70.51438,-23.48608 -70.51418,-23.48466 -70.51422,-23.48423 -70.51515,-23.48418 -70.51477,-23.48293 -70.51513,-23.48237 -70.51513,-23.4816 -70.51553,-23.4806 -70.51529,-23.47962 -70.51532,-23.47863 -70.51588,-23.47789 -70.5161,-23.4772 -70.51595,-23.47617 -70.51496,-23.4751 -70.51319,-23.4716 -70.51295,-23.47052 -70.51306,-23.46829 -70.51231,-23.46739 -70.51113,-23.46676 -70.51006,-23.46651 -70.50861,-23.46583 -70.50281,-23.46464 -70.50183,-23.46474 -70.50127,-23.46453 -70.49777,-23.46413 -70.49521,-23.46424 -70.48748,-23.46518 -70.48576,-23.46571 -70.48459,-23.46585 -70.48139,-23.46687 -70.47865,-23.4681 -70.47503,-23.46938 -70.47174,-23.47096 -70.46919,-23.4724 -70.46594,-23.47377 -70.46358,-23.47512 -70.46173,-23.47643 -70.45612,-23.47945 -70.45237,-23.48189 -70.45121,-23.48238 -70.45075,-23.48281 -70.45061,-23.48316 -70.45001,-23.48364 -70.44829,-23.48464 -70.44779,-23.48516 -70.44765,-23.48555 -70.44719,-23.4859 -70.44649,-23.48565 -70.44589,-23.48613 -70.44514,-23.48635 -70.44505,-23.48674 -70.44376,-23.48769 -70.44194,-23.48823 -70.44083,-23.4888 -70.44056,-23.48919 -70.43977,-23.48975 -70.43899,-23.49135 -70.43806,-23.49123 -70.43727,-23.49132 -70.4362,-23.49189 -70.43593,-23.49245 -70.43482,-23.49298 -70.43427,-23.49398 -70.43385,-23.49415 -70.43353,-23.49471 -70.43297,-23.49472 -70.43279,-23.49506 -70.43241,-23.49507 -70.43163,-23.49615 -70.43155,-23.49693 -70.42951,-23.49823 -70.42961,-23.49901 -70.42929,-23.49987 -70.42921,-23.50073 -70.4286,-23.50057 -70.42855,-23.50022 -70.42813,-23.50014 -70.42776,-23.50044 -70.42772,-23.50109 -70.42744,-23.50131 -70.42716,-23.50135 -70.42623,-23.50102 -70.42535,-23.50219 -70.42574,-23.50309 -70.42528,-23.50352 -70.42607,-23.5039 -70.42631,-23.50433 -70.4257,-23.50446 -70.42552,-23.50425 -70.42501,-23.50468 -70.4252,-23.50533 -70.42549,-23.50567 -70.42535,-23.50627 -70.42424,-23.50727 -70.4226,-23.50664 -70.42186,-23.50682 -70.42159,-23.50742 -70.42126,-23.50747 -70.42112,-23.50769 -70.42108,-23.50816 -70.42043,-23.5086 -70.4203,-23.50916 -70.41984,-23.50959 -70.4197,-23.51024 -70.41864,-23.51137 -70.41842,-23.5121 -70.41889,-23.51261 -70.4188,-23.51317 -70.41853,-23.51356 -70.41793,-23.514 -70.41727,-23.51357 -70.41685,-23.51358 -70.41559,-23.51406 -70.41522,-23.51436 -70.41472,-23.5151 -70.41472,-23.51544 -70.41501,-23.51579 -70.41403,-23.5164 -70.41385,-23.51687 -70.41413,-23.51708 -70.41423,-23.51743 -70.41344,-23.51786 -70.41308,-23.5186 -70.41355,-23.51898 -70.4136,-23.5192 -70.41351,-23.51971 -70.41323,-23.52002 -70.41348,-23.521 -70.41325,-23.52204 -70.41131,-23.5233 -70.41113,-23.52404 -70.41072,-23.52451 -70.40989,-23.52633 -70.40991,-23.52753 -70.40931,-23.52835 -70.40913,-23.52913 -70.40895,-23.52935 -70.40834,-23.52948 -70.40816,-23.52974 -70.40775,-23.5306 -70.40762,-23.53129 -70.40696,-23.53139 -70.40641,-23.53191 -70.40623,-23.53225 -70.40656,-23.53307 -70.40662,-23.53375 -70.40615,-23.5341 -70.40457,-23.53433 -70.40401,-23.53477 -70.40403,-23.53588 -70.4037,-23.53627 -70.403,-23.53628 -70.40258,-23.53585 -70.40216,-23.53599 -70.40256,-23.53831 -70.40219,-23.53887 -70.40178,-23.54012 -70.40161,-23.54141 -70.40064,-23.54254 -70.4006,-23.5428 -70.40112,-23.54395 -70.40104,-23.54434 -70.40049,-23.54525 -70.39974,-23.54521 -70.39937,-23.54552 -70.39938,-23.54685 -70.39962,-23.54724 -70.40018,-23.54736 -70.40047,-23.54826 -70.40044,-23.54938 -70.40124,-23.55002 -70.40208,-23.55001 -70.40217,-23.55018 -70.40255,-23.55026 -70.40274,-23.55065 -70.40246,-23.5513 -70.4028,-23.55211 -70.40254,-23.5537 -70.40278,-23.55448 -70.4032,-23.55499 -70.4033,-23.55581 -70.40396,-23.55623 -70.40555,-23.55652 -70.40616,-23.55707 -70.40627,-23.55819 -70.40572,-23.55922 -70.4053,-23.55936 -70.40512,-23.55975 -70.40465,-23.55996 -70.40433,-23.55992 -70.40433,-23.56053 -70.40327,-23.56118 -70.40393,-23.56161 -70.40408,-23.56259 -70.40371,-23.5629 -70.40254,-23.56295 -70.40143,-23.56339 -70.40143,-23.56391 -70.40083,-23.56482 -70.4006,-23.56473 -70.40023,-23.56491 -70.40009,-23.56525 -70.40043,-23.5662 -70.39993,-23.56788 -70.39957,-23.5684 -70.39921,-23.56986 -70.39865,-23.57017 -70.39837,-23.57056 -70.39848,-23.57138 -70.39811,-23.57198 -70.39821,-23.57237 -70.39863,-23.57288 -70.39836,-23.57396 -70.39842,-23.5749 -70.39763,-23.5753 -70.39588,-23.57763 -70.39556,-23.5779 -70.395,-23.57803 -70.3944,-23.57868 -70.39264,-23.57973 -70.39241,-23.58003 -70.39237,-23.58046 -70.39335,-23.58067 -70.39387,-23.58105 -70.39401,-23.58122 -70.39406,-23.58191 -70.39505,-23.58272 -70.39515,-23.58358 -70.39469,-23.58436 -70.39414,-23.5847 -70.39391,-23.58514 -70.39391,-23.58552 -70.39494,-23.58586 -70.395,-23.58637 -70.39556,-23.58719 -70.39624,-23.58946 -70.39738,-23.59121 -70.39743,-23.59186 -70.39801,-23.59323 -70.39779,-23.59426 -70.39751,-23.59457 -70.39771,-23.5962 -70.39758,-23.59667 -70.39623,-23.59742 -70.39591,-23.59815 -70.3961,-23.59849 -70.39545,-23.59884 -70.39518,-23.59971 -70.39412,-23.60062 -70.39381,-23.60191 -70.39395,-23.6023 -70.39372,-23.60264 -70.39346,-23.60398 -70.39278,-23.60596 -70.39256,-23.60721 -70.39247,-23.60833 -70.39277,-23.60992 -70.3925,-23.61078 -70.39264,-23.61117 -70.39261,-23.61259 -70.39211,-23.6135 -70.39284,-23.61598 -70.39304,-23.61775 -70.39287,-23.61908 -70.39295,-23.6197 -70.39378,-23.62134 -70.39618,-23.62305 -70.39632,-23.62369 -70.39604,-23.62485 -70.39659,-23.6256 -70.39677,-23.62631 -70.3973,-23.62725 -70.39746,-23.62919 -70.39723,-23.63018 -70.39725,-23.63134 -70.39716,-23.63173 -70.39628,-23.63294 -70.39606,-23.63415 -70.39672,-23.63487 -70.39735,-23.63655 -70.39745,-23.6374 -70.39722,-23.63805 -70.39732,-23.63878 -70.39818,-23.64002 -70.39847,-23.64088 -70.39833,-23.64127 -70.39694,-23.64244 -70.3971,-23.64291 -70.39779,-23.64387 -70.39874,-23.64449 -70.39939,-23.6444 -70.40055,-23.64348 -70.40074,-23.64357 -70.40079,-23.64404 -70.40056,-23.64482 -70.40075,-23.64507 -70.4016,-23.64532 -70.40202,-23.64523 -70.40224,-23.64467 -70.40266,-23.64441 -70.40374,-23.64466 -70.40472,-23.64534 -70.40491,-23.64568 -70.40483,-23.64667 -70.40534,-23.65075 -70.40521,-23.6514 -70.40527,-23.65269 -70.40463,-23.65446 -70.40654,-23.65384 -70.40766,-23.65323 -70.40841,-23.6493 -70.40871,-23.64664 -70.40894,-23.64659 -70.40904,-23.64693 -70.40831,-23.65335 -70.40808,-23.65365 -70.40678,-23.65444 -70.40381,-23.65567 -70.40297,-23.65632 -70.40295,-23.65804 -70.404,-23.66023 -70.404,-23.6607 -70.40424,-23.66113 -70.4042,-23.66186 -70.40402,-23.66207 -70.4044,-23.66277 -70.40445,-23.66383 -70.40633,-23.66609 -70.40758,-23.66917 -70.40755,-23.66953 -70.40826,-23.67034 -70.40855,-23.6712 -70.40892,-23.67132 -70.40948,-23.67102 -70.40995,-23.67118 -70.41094,-23.67238 -70.41221,-23.6731 -70.41255,-23.67387 -70.4134,-23.67494 -70.41364,-23.67588 -70.41422,-23.67712 -70.41423,-23.67876 -70.41471,-23.68 -70.41458,-23.6806 -70.41468,-23.68099 -70.41529,-23.68137 -70.41615,-23.68304 -70.41733,-23.68419 -70.41776,-23.68483 -70.41832,-23.68539 -70.41926,-23.68568 -70.41964,-23.68598 -70.41997,-23.68675 -70.42003,-23.68748 -70.42084,-23.68915 -70.42075,-23.68962 -70.42108,-23.69035 -70.42109,-23.69099 -70.42203,-23.6918 -70.42303,-23.69313 -70.4228,-23.69347 -70.42352,-23.69489 -70.42325,-23.69588 -70.42339,-23.69618 -70.42321,-23.69691 -70.42331,-23.69768 -70.42384,-23.69867 -70.42404,-23.70017 -70.42447,-23.70094 -70.42438,-23.7018 -70.42453,-23.70236 -70.42486,-23.7027 -70.42496,-23.70334 -70.42534,-23.70416 -70.42596,-23.70458 -70.42657,-23.70552 -70.42737,-23.70543 -70.42821,-23.70568 -70.42863,-23.70602 -70.42887,-23.70623 -70.42902,-23.70718 -70.42935,-23.70743 -70.43053,-23.70803 -70.43112,-23.70796 -70.4313,-23.70811 -70.43183,-23.70957 -70.43176,-23.70983 -70.43233,-23.71067 -70.43313,-23.71148 -70.43323,-23.71208 -70.43366,-23.71277 -70.434,-23.71444 -70.43482,-23.71616 -70.43487,-23.7168 -70.43506,-23.7171 -70.43508,-23.71912 -70.43561,-23.71998 -70.43556,-23.72032 -70.43585,-23.72127 -70.43685,-23.72259 -70.43692,-23.72517 -70.43847,-23.72958 -70.43843,-23.7301 -70.43886,-23.73113 -70.43911,-23.7328 -70.43954,-23.7334 -70.44057,-23.73382 -70.4409,-23.73451 -70.44161,-23.73497 -70.44166,-23.73523 -70.44138,-23.73562 -70.44163,-23.73687 -70.44182,-23.73721 -70.44234,-23.73759 -70.44253,-23.73811 -70.44428,-23.73994 -70.44457,-23.74084 -70.4449,-23.74131 -70.44497,-23.74268 -70.44568,-23.74384 -70.44573,-23.74453 -70.44612,-23.74538 -70.44585,-23.7465 -70.44676,-23.7486 -70.44742,-23.74959 -70.44892,-23.74979 -70.45005,-23.75025 -70.4508,-23.75076 -70.45136,-23.75071 -70.45193,-23.75109 -70.45244,-23.75117 -70.4541,-23.75313 -70.4542,-23.75365 -70.45586,-23.75587 -70.45714,-23.75728 -70.45794,-23.75792 -70.45855,-23.75817 -70.45902,-23.75864 -70.46,-23.75884 -70.46198,-23.75981 -70.46226,-23.75968 -70.46333,-23.75989 -70.46537,-23.75823 -70.46626,-23.7581 -70.46912,-23.75936 -70.46969,-23.75987 -70.47012,-23.7606 -70.47008,-23.7615 -70.47084,-23.76231 -70.4713,-23.76243 -70.4721,-23.76234 -70.47322,-23.7628 -70.47342,-23.76319 -70.47478,-23.76421 -70.47541,-23.76566 -70.47504,-23.76597 -70.475,-23.76687 -70.47365,-23.7677 -70.47282,-23.7687 -70.47256,-23.76991 -70.47279,-23.77012 -70.47275,-23.77064 -70.47253,-23.77133 -70.47319,-23.77235 -70.47428,-23.77346 -70.47526,-23.77384 -70.47605,-23.7734 -70.47825,-23.77372 -70.47938,-23.77444 -70.48093,-23.77494 -70.48159,-23.77498 -70.4821,-23.77528 -70.48374,-23.77526 -70.48463,-23.77547 -70.48576,-23.77649 -70.4861,-23.77743 -70.48601,-23.77795 -70.48569,-23.77834 -70.48579,-23.77881 -70.48698,-23.78039 -70.48703,-23.78129 -70.48746,-23.78163 -70.48737,-23.78228 -70.48818,-23.78318 -70.48851,-23.78412 -70.48989,-23.78561 -70.49003,-23.78634 -70.49046,-23.78702 -70.49107,-23.78728 -70.4915,-23.78813 -70.49249,-23.78842 -70.49235,-23.78877 -70.49189,-23.78903 -70.49223,-23.78993 -70.4926,-23.7901 -70.49382,-23.79017 -70.49438,-23.79068 -70.49607,-23.79136 -70.49608,-23.7917 -70.49636,-23.79183 -70.49701,-23.79178 -70.4972,-23.79212 -70.49964,-23.79235 -70.50068,-23.79316 -70.50115,-23.79415 -70.50019,-23.79579 -70.5017,-23.79672 -70.50203,-23.79728 -70.50237,-23.79843 -70.50265,-23.79865 -70.50349,-23.79821 -70.50438,-23.79807 -70.50514,-23.79914 -70.50539,-23.80043 -70.50572,-23.80102 -70.50549,-23.80154 -70.50448,-23.80284 -70.50323,-23.80359 -70.50304,-23.80393 -70.50427,-23.80491 -70.50423,-23.8053 -70.50372,-23.80625 -70.50401,-23.80698 -70.50519,-23.80778 -70.50572,-23.80872 -70.50564,-23.81023 -70.5064,-23.81134 -70.50627,-23.81259 -70.5055,-23.81419 -70.50499,-23.81441 -70.50471,-23.81488 -70.50482,-23.81609 -70.50436,-23.81648 -70.50436,-23.81678 -70.50498,-23.81811 -70.50461,-23.81867 -70.50383,-23.81919 -70.50346,-23.81984 -70.5036,-23.82014 -70.50347,-23.82057 -70.50291,-23.82109 -70.5033,-23.82229 -70.50303,-23.8229 -70.5021,-23.82342 -70.50258,-23.82432 -70.50244,-23.82471 -70.5018,-23.82549 -70.50189,-23.82592 -70.50148,-23.82635 -70.49957,-23.82723 -70.49897,-23.82767 -70.49883,-23.82797 -70.49893,-23.82831 -70.49865,-23.82883 -70.49904,-23.83012 -70.49915,-23.83124 -70.50136,-23.83272 -70.5019,-23.83431 -70.50176,-23.83487 -70.50206,-23.83633 -70.50192,-23.83667 -70.50209,-23.83921 -70.5017,-23.84166 -70.50147,-23.84188 -70.50152,-23.84222 -70.50195,-23.84304 -70.50195,-23.84342 -70.50244,-23.84462 -70.50395,-23.84603 -70.50428,-23.84658 -70.50434,-23.84714 -70.50355,-23.84814 -70.50356,-23.84866 -70.50319,-23.84943 -70.5033,-23.85038 -70.50377,-23.85093 -70.50471,-23.85144 -70.50565,-23.85152 -70.50597,-23.85134 -70.5064,-23.85172 -70.50687,-23.85159 -70.50832,-23.85214 -70.50878,-23.85179 -70.50995,-23.8516 -70.51037,-23.85173 -70.51103,-23.85224 -70.5116,-23.85232 -70.51184,-23.85287 -70.51258,-23.85278 -70.51278,-23.85342 -70.51523,-23.85491 -70.51551,-23.85525 -70.51538,-23.85568 -70.51547,-23.85581 -70.5164,-23.85558 -70.51692,-23.85566 -70.5172,-23.85596 -70.51748,-23.856 -70.51758,-23.85652 -70.51824,-23.85698 -70.51923,-23.85693 -70.5197,-23.85727 -70.51956,-23.8577 -70.51919,-23.85783 -70.51905,-23.85818 -70.51975,-23.85791 -70.52008,-23.85821 -70.52083,-23.85825 -70.52106,-23.8579 -70.52157,-23.85777 -70.52153,-23.85816 -70.52214,-23.85824 -70.52279,-23.85788 -70.52326,-23.85814 -70.52289,-23.85879 -70.5229,-23.85939 -70.52262,-23.85974 -70.52268,-23.86025 -70.52367,-23.86065 -70.52419,-23.86127 -70.52489,-23.86178 -70.52517,-23.8616 -70.52606,-23.86181 -70.52625,-23.86224 -70.52598,-23.86297 -70.52519,-23.86341 -70.52562,-23.86396 -70.52604,-23.86409 -70.52614,-23.86452 -70.52661,-23.86494 -70.52662,-23.8652 -70.52606,-23.86564 -70.52564,-23.86568 -70.5247,-23.86522 -70.52447,-23.86527 -70.52466,-23.86556 -70.52415,-23.86596 -70.52255,-23.86571 -70.52274,-23.86597 -70.52448,-23.86643 -70.52453,-23.86673 -70.52388,-23.86716 -70.52248,-23.86761 -70.52192,-23.86718 -70.52121,-23.8671 -70.52111,-23.86629 -70.52138,-23.86564 -70.52023,-23.86664 -70.51967,-23.8666 -70.51854,-23.86593 -70.5177,-23.86615 -70.51742,-23.86637 -70.51728,-23.86693 -70.51673,-23.86749 -70.5165,-23.86818 -70.51712,-23.86891 -70.51801,-23.86933 -70.51905,-23.87018 -70.52027,-23.87017 -70.52097,-23.87046 -70.52088,-23.87085 -70.51996,-23.87198 -70.51974,-23.87284 -70.51932,-23.87301 -70.51805,-23.87217 -70.51786,-23.872 -70.51775,-23.87118 -70.51714,-23.87071 -70.51644,-23.87089 -70.51612,-23.87167 -70.51477,-23.87203 -70.51366,-23.87298 -70.51331,-23.87535 -70.5143,-23.87586 -70.51491,-23.87594 -70.5151,-23.8762 -70.51469,-23.87727 -70.51409,-23.87797 -70.51392,-23.87883 -70.51416,-23.87952 -70.51467,-23.87968 -70.51449,-23.88024 -70.51422,-23.88059 -70.51301,-23.88103 -70.51193,-23.881 -70.51068,-23.88191 -70.50956,-23.88244 -70.50928,-23.88283 -70.50686,-23.88359 -70.50584,-23.88437 -70.50491,-23.88468 -70.50478,-23.8852 -70.50506,-23.88541 -70.50501,-23.88567 -70.5046,-23.8858 -70.50409,-23.88675 -70.50438,-23.88783 -70.50356,-23.88887 -70.50356,-23.88943 -70.50324,-23.88982 -70.50254,-23.88999 -70.5026,-23.8909 -70.50232,-23.89116 -70.50143,-23.89104 -70.50036,-23.89174 -70.50008,-23.89208 -70.49921,-23.89368 -70.49918,-23.89472 -70.49868,-23.89575 -70.49873,-23.89614 -70.49855,-23.89666 -70.49874,-23.89691 -70.49846,-23.89743 -70.49851,-23.89769 -70.49786,-23.898 -70.49643,-23.89934 -70.49562,-23.90223 -70.49568,-23.90365 -70.49602,-23.90438 -70.49561,-23.90559 -70.496,-23.90726 -70.49582,-23.90748 -70.49578,-23.90795 -70.49606,-23.90859 -70.4957,-23.90976 -70.49586,-23.91075 -70.49624,-23.9113 -70.4969,-23.91168 -70.49723,-23.91232 -70.49883,-23.91308 -70.49897,-23.91338 -70.49837,-23.91416 -70.49871,-23.91455 -70.49843,-23.91502 -70.49844,-23.91571 -70.49868,-23.91605 -70.49938,-23.91604 -70.49975,-23.91544 -70.50092,-23.91569 -70.50111,-23.91594 -70.50126,-23.91689 -70.5015,-23.91723 -70.50178,-23.91731 -70.50202,-23.91778 -70.50138,-23.91964 -70.50139,-23.92007 -70.50195,-23.92036 -70.50285,-23.92126 -70.50342,-23.92134 -70.5038,-23.92228 -70.50432,-23.92245 -70.50498,-23.92334 -70.50644,-23.92397 -70.50733,-23.92418 -70.5079,-23.92461 -70.50855,-23.92464 -70.5095,-23.92554 -70.51011,-23.92549 -70.51053,-23.92574 -70.51202,-23.92525 -70.51235,-23.92538 -70.51287,-23.92593 -70.51352,-23.92537 -70.51455,-23.92519 -70.51539,-23.92552 -70.51535,-23.92582 -70.51554,-23.92599 -70.51638,-23.92581 -70.51662,-23.92611 -70.51667,-23.92645 -70.51649,-23.92693 -70.51664,-23.92822 -70.51624,-23.92977 -70.51574,-23.93064 -70.51462,-23.93133 -70.51496,-23.93206 -70.51557,-23.9327 -70.51567,-23.9333 -70.51549,-23.93378 -70.51475,-23.93473 -70.514,-23.9347 -70.51237,-23.93536 -70.51215,-23.93626 -70.51246,-23.93837 -70.51227,-23.9388 -70.512,-23.93923 -70.51144,-23.93919 -70.51051,-23.93989 -70.50929,-23.9399 -70.50841,-23.9406 -70.50814,-23.94099 -70.50824,-23.9418 -70.50746,-23.94332 -70.50737,-23.94379 -70.50738,-23.94418 -70.50852,-23.94546 -70.50891,-23.947 -70.50887,-23.94739 -70.51042,-23.94832 -70.51047,-23.94858 -70.51015,-23.94944 -70.51054,-23.95021 -70.51139,-23.95115 -70.51154,-23.95205 -70.5122,-23.95256 -70.51287,-23.95354 -70.51302,-23.95445 -70.51284,-23.95496 -70.51317,-23.95522 -70.51332,-23.95603 -70.51272,-23.95716 -70.51282,-23.95754 -70.5124,-23.95789 -70.51265,-23.95914 -70.51332,-23.96059 -70.51319,-23.96111 -70.51249,-23.96099 -70.51211,-23.96121 -70.51245,-23.96211 -70.51185,-23.96267 -70.51186,-23.9634 -70.51214,-23.9637 -70.51206,-23.96417 -70.5115,-23.96457 -70.51146,-23.96508 -70.51213,-23.96654 -70.51214,-23.96697 -70.51275,-23.96774 -70.51338,-23.96949 -70.51376,-23.96992 -70.5147,-23.96995 -70.51488,-23.96965 -70.5153,-23.96977 -70.5154,-23.97025 -70.51528,-23.97188 -70.51468,-23.97241 -70.51488,-23.97356 -70.51456,-23.97387 -70.51451,-23.97417 -70.51485,-23.97477 -70.51476,-23.97537 -70.51444,-23.97615 -70.51393,-23.97671 -70.51361,-23.9774 -70.51362,-23.97792 -70.51246,-23.97888 -70.51191,-23.9797 -70.51103,-23.98023 -70.51082,-23.98242 -70.51003,-23.98312 -70.50859,-23.98382 -70.50818,-23.98516 -70.50866,-23.98571 -70.50898,-23.98566 -70.50936,-23.98592 -70.5096,-23.9863 -70.50924,-23.98768 -70.50992,-23.98983 -70.50989,-23.99077 -70.51007,-23.99094 -70.50994,-23.99181 -70.51023,-23.99232 -70.51061,-23.99253 -70.5109,-23.99321 -70.51178,-23.99665 -70.51151,-23.99768 -70.51171,-23.99841 -70.51318,-23.9999 -70.51337,-24.00072 -70.51296,-24.00111 -70.51282,-24.00188 -70.51339,-24.00239 -70.51382,-24.00321 -70.51388,-24.00372 -70.5132,-24.00566 -70.51343,-24.006 -70.51344,-24.00635 -70.51294,-24.00773 -70.51313,-24.00786 -70.51367,-24.00996 -70.5141,-24.01069 -70.51439,-24.0121 -70.51478,-24.01274 -70.51474,-24.0133 -70.51446,-24.01356 -70.51447,-24.01417 -70.51428,-24.01451 -70.51443,-24.01507 -70.51416,-24.01593 -70.51426,-24.01679 -70.51459,-24.01705 -70.51567,-24.01695 -70.51599,-24.01673 -70.51703,-24.01724 -70.51718,-24.01771 -70.51695,-24.01806 -70.51709,-24.01848 -70.51766,-24.01891 -70.51814,-24.02002 -70.51838,-24.02028 -70.51899,-24.02049 -70.51909,-24.02087 -70.51876,-24.02144 -70.51727,-24.02154 -70.51667,-24.02223 -70.51677,-24.02292 -70.51603,-24.02396 -70.51448,-24.0238 -70.51347,-24.0248 -70.51318,-24.02454 -70.51276,-24.02459 -70.51206,-24.0249 -70.5109,-24.02577 -70.51072,-24.02599 -70.51068,-24.0265 -70.51003,-24.0272 -70.50962,-24.02811 -70.50911,-24.02845 -70.50879,-24.02897 -70.50898,-24.02919 -70.50889,-24.02953 -70.50819,-24.03023 -70.50825,-24.03074 -70.5077,-24.03217 -70.5078,-24.03298 -70.50861,-24.03379 -70.50853,-24.03508 -70.50933,-24.03576 -70.50948,-24.03632 -70.50872,-24.03934 -70.50887,-24.04024 -70.50992,-24.04161 -70.50983,-24.04212 -70.51008,-24.04315 -70.50971,-24.04393 -70.50911,-24.04424 -70.50892,-24.0445 -70.5088,-24.04579 -70.50861,-24.04605 -70.50867,-24.04687 -70.50918,-24.04703 -70.50928,-24.04742 -70.50873,-24.04816 -70.50742,-24.04864 -70.50702,-24.05024 -70.50708,-24.0514 -70.50681,-24.05209 -70.50697,-24.05381 -70.50731,-24.05484 -70.50812,-24.05616 -70.50869,-24.05646 -70.50874,-24.0568 -70.50809,-24.05758 -70.50768,-24.05853 -70.5089,-24.05912 -70.50841,-24.06089 -70.50879,-24.06166 -70.50866,-24.06248 -70.50885,-24.06282 -70.50886,-24.06333 -70.50934,-24.06419 -70.50887,-24.06454 -70.50874,-24.0651 -70.50744,-24.06576 -70.50721,-24.06615 -70.5069,-24.06761 -70.50657,-24.06796 -70.50545,-24.06853 -70.50528,-24.06926 -70.50547,-24.06982 -70.50525,-24.07085 -70.50441,-24.07168 -70.50452,-24.07267 -70.50434,-24.07336 -70.50374,-24.07388 -70.50243,-24.07432 -70.50183,-24.07471 -70.50169,-24.07502 -70.50183,-24.07536 -70.5016,-24.07571 -70.50129,-24.07696 -70.5004,-24.07688 -70.49975,-24.07706 -70.49919,-24.07745 -70.49891,-24.07775 -70.4992,-24.07818 -70.49915,-24.07835 -70.49786,-24.07979 -70.49758,-24.08052 -70.49755,-24.08116 -70.49817,-24.0821 -70.49804,-24.0834 -70.49823,-24.0837 -70.49824,-24.08421 -70.49774,-24.08546 -70.49784,-24.08611 -70.49831,-24.08649 -70.49906,-24.08665 -70.49936,-24.08773 -70.49913,-24.0882 -70.49923,-24.08893 -70.499,-24.08979 -70.49872,-24.08993 -70.49835,-24.0898 -70.49812,-24.0901 -70.49851,-24.09178 -70.49955,-24.09276 -70.49975,-24.09349 -70.4998,-24.09379 -70.4992,-24.09452 -70.49902,-24.09504 -70.49968,-24.09585 -70.50011,-24.09606 -70.50002,-24.09697 -70.49975,-24.0974 -70.49989,-24.09774 -70.50079,-24.09812 -70.50127,-24.09962 -70.50124,-24.10052 -70.50083,-24.10143 -70.50102,-24.10177 -70.50135,-24.10194 -70.50131,-24.10242 -70.50034,-24.10354 -70.50025,-24.10406 -70.49997,-24.10423 -70.49917,-24.1042 -70.49862,-24.10476 -70.49914,-24.10562 -70.49905,-24.10618 -70.49934,-24.10643 -70.49949,-24.10708 -70.49908,-24.10846 -70.49918,-24.10889 -70.49965,-24.10918 -70.4999,-24.11021 -70.50023,-24.11051 -70.50056,-24.11055 -70.5007,-24.11089 -70.50175,-24.112 -70.5018,-24.11265 -70.50305,-24.11517 -70.50291,-24.11564 -70.50306,-24.11603 -70.50288,-24.11659 -70.50303,-24.11797 -70.50379,-24.11886 -70.50404,-24.11959 -70.50432,-24.11967 -70.50489,-24.12057 -70.50588,-24.12108 -70.50696,-24.12137 -70.50799,-24.12123 -70.50851,-24.12144 -70.50902,-24.12139 -70.5094,-24.12173 -70.51086,-24.12236 -70.51227,-24.12239 -70.51255,-24.12226 -70.51321,-24.12255 -70.5154,-24.12193 -70.51765,-24.12161 -70.51835,-24.12164 -70.51958,-24.12236 -70.52043,-24.12313 -70.52002,-24.12434 -70.52018,-24.12524 -70.5193,-24.12611 -70.51893,-24.1268 -70.51856,-24.12697 -70.51736,-24.12896 -70.51751,-24.12939 -70.51779,-24.12965 -70.51771,-24.13081 -70.51748,-24.13115 -70.51613,-24.13151 -70.51594,-24.13182 -70.51595,-24.1328 -70.5162,-24.13379 -70.51588,-24.13422 -70.51527,-24.13423 -70.51537,-24.13479 -70.515,-24.13557 -70.51501,-24.13591 -70.51524,-24.1363 -70.51595,-24.13655 -70.51605,-24.13702 -70.51564,-24.13762 -70.51523,-24.13892 -70.51481,-24.13905 -70.51463,-24.13961 -70.51491,-24.13987 -70.51483,-24.14051 -70.51531,-24.14146 -70.51526,-24.14184 -70.51462,-24.14249 -70.51343,-24.145 -70.51259,-24.14535 -70.51245,-24.14574 -70.51241,-24.14639 -70.51308,-24.14733 -70.51318,-24.14788 -70.51305,-24.1487 -70.51319,-24.14905 -70.51371,-24.14938 -70.51377,-24.15059 -70.51346,-24.15149 -70.51295,-24.15202 -70.51276,-24.15189 -70.51202,-24.15258 -70.51211,-24.15305 -70.51129,-24.1547 -70.51157,-24.155 -70.51163,-24.1559 -70.51154,-24.15607 -70.51103,-24.15621 -70.51038,-24.15686 -70.50921,-24.15708 -70.50851,-24.15756 -70.50833,-24.15787 -70.50748,-24.15783 -70.50716,-24.15805 -70.50688,-24.15861 -70.50708,-24.15891 -70.50681,-24.15999 -70.5062,-24.16004 -70.50588,-24.16073 -70.50564,-24.16077 -70.50551,-24.16108 -70.50396,-24.16152 -70.50234,-24.16257 -70.50171,-24.16477 -70.50163,-24.16589 -70.50197,-24.16683 -70.50291,-24.16768 -70.50213,-24.16919 -70.50206,-24.1707 -70.50248,-24.17113 -70.50236,-24.17281 -70.50294,-24.17435 -70.50291,-24.17517 -70.5033,-24.17654 -70.50336,-24.17761 -70.50304,-24.17822 -70.50304,-24.17873 -70.50338,-24.17959 -70.50371,-24.17993 -70.504,-24.18014 -70.50503,-24.18035 -70.50607,-24.18077 -70.50757,-24.18101 -70.50996,-24.18112 -70.51269,-24.18169 -70.51433,-24.18155 -70.5154,-24.18111 -70.51662,-24.18101 -70.51751,-24.18121 -70.51803,-24.18185 -70.51846,-24.18206 -70.51851,-24.18249 -70.51837,-24.1828 -70.51857,-24.18331 -70.51942,-24.1839 -70.52007,-24.18403 -70.5206,-24.18501 -70.52043,-24.18622 -70.52081,-24.1869 -70.52072,-24.18729 -70.52044,-24.18759 -70.52088,-24.18888 -70.52071,-24.18982 -70.51996,-24.18988 -70.5194,-24.19023 -70.51716,-24.19107 -70.51615,-24.19271 -70.5162,-24.19331 -70.51602,-24.19409 -70.51617,-24.19473 -70.51571,-24.1959 -70.51451,-24.19694 -70.51324,-24.19657 -70.51184,-24.19735 -70.51128,-24.19783 -70.51083,-24.19878 -70.51083,-24.19917 -70.51121,-24.19998 -70.51169,-24.20028 -70.51193,-24.20092 -70.51283,-24.20177 -70.51364,-24.20297 -70.51416,-24.20339 -70.51506,-24.20364 -70.5152,-24.20424 -70.51596,-24.20467 -70.5161,-24.2051 -70.51681,-24.20543 -70.51729,-24.20594 -70.5178,-24.20611 -70.5179,-24.20658 -70.51819,-24.20692 -70.5196,-24.20764 -70.52055,-24.20871 -70.52066,-24.20948 -70.52038,-24.20996 -70.51964,-24.21065 -70.51922,-24.21083 -70.51876,-24.21143 -70.51863,-24.21242 -70.51894,-24.21479 -70.51829,-24.21544 -70.51788,-24.21617 -70.51879,-24.21767 -70.51855,-24.21793 -70.51856,-24.21832 -70.5188,-24.21862 -70.519,-24.22025 -70.52011,-24.22264 -70.52044,-24.22299 -70.52059,-24.22354 -70.5214,-24.22448 -70.5215,-24.22508 -70.52183,-24.22521 -70.52241,-24.22641 -70.52227,-24.22692 -70.52195,-24.22731 -70.52205,-24.22761 -70.52191,-24.228 -70.5208,-24.22978 -70.52077,-24.23064 -70.52105,-24.23094 -70.5212,-24.23184 -70.52187,-24.23282 -70.52202,-24.23363 -70.5217,-24.23398 -70.52086,-24.23433 -70.52049,-24.23468 -70.51976,-24.23667 -70.51982,-24.2377 -70.51946,-24.23912 -70.52,-24.24101 -70.52052,-24.24161 -70.52106,-24.24311 -70.52148,-24.24353 -70.52224,-24.24387 -70.52364,-24.24377 -70.52384,-24.2442 -70.52497,-24.24492 -70.52558,-24.24487 -70.52657,-24.24524 -70.52685,-24.24515 -70.52745,-24.24463 -70.5282,-24.24441 -70.52853,-24.24406 -70.52879,-24.24303 -70.52931,-24.24298 -70.5296,-24.24341 -70.52946,-24.24362 -70.53129,-24.24386 -70.53168,-24.24468 -70.53154,-24.24519 -70.53206,-24.2454 -70.5324,-24.24609 -70.5332,-24.24677 -70.53391,-24.24698 -70.53383,-24.24818 -70.53317,-24.2484 -70.53323,-24.24879 -70.53253,-24.24953 -70.53226,-24.2503 -70.53156,-24.25091 -70.53134,-24.25203 -70.53144,-24.25281 -70.53239,-24.25378 -70.53208,-24.25495 -70.53162,-24.25547 -70.53087,-24.25587 -70.53041,-24.25652 -70.52939,-24.2573 -70.5287,-24.25894 -70.52977,-24.2622 -70.53058,-24.26284 -70.53218,-24.26338 -70.53308,-24.2641 -70.53337,-24.26509 -70.53344,-24.26625 -70.53269,-24.26681 -70.53285,-24.26797 -70.53347,-24.26883 -70.53362,-24.26956 -70.53264,-24.27073 -70.53209,-24.27168 -70.53042,-24.2726 -70.5301,-24.27342 -70.52801,-24.27516 -70.52792,-24.27559 -70.52806,-24.27572 -70.52821,-24.27658 -70.52695,-24.27706 -70.52705,-24.27745 -70.52692,-24.27848 -70.52712,-24.27934 -70.52765,-24.28041 -70.52836,-24.28122 -70.52832,-24.28191 -70.52867,-24.28332 -70.52915,-24.28414 -70.53026,-24.28696 -70.53114,-24.29014 -70.53367,-24.29321 -70.53369,-24.29493 -70.53355,-24.29527 -70.53253,-24.29627 -70.53207,-24.29752 -70.53195,-24.29903 -70.53216,-24.30058 -70.53165,-24.3011 -70.53133,-24.30175 -70.5312,-24.30304 -70.53207,-24.30479 -70.53283,-24.30582 -70.53303,-24.30689 -70.53341,-24.30732 -70.53454,-24.30735 -70.53478,-24.30756 -70.53469,-24.30795 -70.53296,-24.30865 -70.53288,-24.31016 -70.53313,-24.31089 -70.53351,-24.31123 -70.5338,-24.31191 -70.53461,-24.31289 -70.53514,-24.31431 -70.53547,-24.31478 -70.53548,-24.31538 -70.53577,-24.31602 -70.53662,-24.31687 -70.53709,-24.31696 -70.53766,-24.31747 -70.53757,-24.31777 -70.53791,-24.31819 -70.53819,-24.31841 -70.53871,-24.3184 -70.53933,-24.31904 -70.53934,-24.32007 -70.53953,-24.32041 -70.53986,-24.32058 -70.54009,-24.32049 -70.54109,-24.3216 -70.54209,-24.32215 -70.54242,-24.32228 -70.54293,-24.32201 -70.54359,-24.32248 -70.54382,-24.32231 -70.54374,-24.32282 -70.54332,-24.32321 -70.5421,-24.32318 -70.54177,-24.32349 -70.54178,-24.32409 -70.54279,-24.32589 -70.5434,-24.32605 -70.54421,-24.32677 -70.54458,-24.32698 -70.5451,-24.32702 -70.54614,-24.32774 -70.54732,-24.32812 -70.54812,-24.32807 -70.54836,-24.32884 -70.54813,-24.32953 -70.54829,-24.33099 -70.54821,-24.33202 -70.54854,-24.33228 -70.54855,-24.33314 -70.54888,-24.33313 -70.54907,-24.33335 -70.5488,-24.33382 -70.54862,-24.33499 -70.54821,-24.33559 -70.54789,-24.3368 -70.54729,-24.33732 -70.5464,-24.33767 -70.54497,-24.33932 -70.5447,-24.34053 -70.5435,-24.34213 -70.54178,-24.34327 -70.54183,-24.34365 -70.54249,-24.34421 -70.5426,-24.34532 -70.54241,-24.34545 -70.54218,-24.34537 -70.54175,-24.34499 -70.54147,-24.34529 -70.54152,-24.34555 -70.54092,-24.3459 -70.54079,-24.34681 -70.54033,-24.34754 -70.54034,-24.34819 -70.54001,-24.34849 -70.54003,-24.34978 -70.53989,-24.35047 -70.53953,-24.35112 -70.53982,-24.35202 -70.53955,-24.35344 -70.53986,-24.35559 -70.53964,-24.35714 -70.53995,-24.35929 -70.54029,-24.35984 -70.54035,-24.36079 -70.54116,-24.36233 -70.54168,-24.36266 -70.5419,-24.36481 -70.5423,-24.36666 -70.54282,-24.36708 -70.54335,-24.36854 -70.54364,-24.36892 -70.54402,-24.36918 -70.54448,-24.36891 -70.54467,-24.36908 -70.54496,-24.36947 -70.54496,-24.36994 -70.5452,-24.37037 -70.54544,-24.37054 -70.54572,-24.37045 -70.54634,-24.37083 -70.54695,-24.37087 -70.54737,-24.37125 -70.54748,-24.37177 -70.54805,-24.37245 -70.54856,-24.37257 -70.54928,-24.37312 -70.54965,-24.37303 -70.55026,-24.37324 -70.55101,-24.3731 -70.55129,-24.37293 -70.55157,-24.37228 -70.55245,-24.37146 -70.55357,-24.37076 -70.5538,-24.37093 -70.55493,-24.37079 -70.55498,-24.37113 -70.55479,-24.37139 -70.55499,-24.37182 -70.5548,-24.37199 -70.55528,-24.37263 -70.55575,-24.37271 -70.55678,-24.37249 -70.5572,-24.3727 -70.55646,-24.37357 -70.55642,-24.37395 -70.55676,-24.37485 -70.55653,-24.37546 -70.55616,-24.37572 -70.5555,-24.37555 -70.55541,-24.3759 -70.55556,-24.3762 -70.55491,-24.37711 -70.55337,-24.37742 -70.55286,-24.3782 -70.55278,-24.37941 -70.55217,-24.37985 -70.55209,-24.38045 -70.55125,-24.38089 -70.55106,-24.38119 -70.55078,-24.38106 -70.55041,-24.3812 -70.5493,-24.3831 -70.54884,-24.38362 -70.5476,-24.38626 -70.54729,-24.38733 -70.54655,-24.38837 -70.54728,-24.39009 -70.54701,-24.39108 -70.54716,-24.39189 -70.54775,-24.39395 -70.54871,-24.39601 -70.54845,-24.39799 -70.54788,-24.40083 -70.54714,-24.40174 -70.54634,-24.40222 -70.54508,-24.40232 -70.54475,-24.40263 -70.54416,-24.40388 -70.54393,-24.40487 -70.54319,-24.4057 -70.54168,-24.40881 -70.54132,-24.41006 -70.54129,-24.41118 -70.54111,-24.41178 -70.54126,-24.41264 -70.54145,-24.41307 -70.54231,-24.41392 -70.54166,-24.415 -70.54247,-24.41551 -70.54257,-24.41594 -70.54304,-24.41653 -70.54302,-24.41817 -70.54241,-24.41873 -70.54227,-24.41899 -70.54251,-24.41929 -70.54228,-24.41964 -70.54172,-24.41999 -70.54154,-24.42059 -70.54126,-24.4209 -70.54118,-24.42141 -70.54115,-24.42275 -70.54158,-24.42334 -70.54168,-24.42407 -70.54155,-24.42545 -70.54232,-24.42665 -70.54455,-24.42835 -70.54503,-24.42954 -70.54579,-24.43018 -70.54651,-24.43125 -70.54656,-24.43159 -70.54624,-24.43203 -70.54802,-24.43579 -70.54775,-24.43661 -70.54696,-24.43761 -70.54674,-24.4383 -70.5466,-24.43882 -70.54672,-24.44058 -70.54795,-24.44168 -70.54881,-24.44279 -70.54985,-24.44321 -70.55009,-24.44373 -70.54987,-24.44459 -70.54997,-24.44497 -70.55159,-24.44685 -70.55221,-24.44809 -70.55251,-24.44981 -70.55271,-24.45015 -70.55303,-24.45002 -70.55318,-24.45015 -70.55318,-24.45045 -70.55346,-24.4507 -70.55361,-24.45147 -70.55395,-24.45203 -70.554,-24.45224 -70.55349,-24.45281 -70.5534,-24.45328 -70.55393,-24.45444 -70.55277,-24.45522 -70.55282,-24.45587 -70.55315,-24.45599 -70.55311,-24.45647 -70.5534,-24.45672 -70.55355,-24.45741 -70.55327,-24.45793 -70.55324,-24.459 -70.5539,-24.45951 -70.55382,-24.46016 -70.55358,-24.46051 -70.55374,-24.46171 -70.55403,-24.46257 -70.55599,-24.46547 -70.556,-24.46577 -70.55701,-24.46748 -70.55738,-24.46769 -70.55771,-24.4673 -70.55827,-24.46699 -70.5593,-24.46673 -70.56089,-24.46649 -70.56127,-24.4667 -70.56147,-24.46713 -70.56167,-24.46872 -70.56259,-24.47078 -70.56259,-24.47099 -70.56232,-24.4713 -70.56242,-24.47181 -70.56332,-24.47275 -70.56323,-24.47309 -70.56281,-24.47357 -70.56239,-24.47383 -70.56122,-24.47414 -70.56219,-24.47637 -70.56281,-24.47692 -70.56315,-24.47761 -70.56311,-24.47817 -70.56235,-24.47826 -70.56203,-24.47848 -70.56208,-24.47878 -70.56143,-24.47922 -70.56125,-24.47995 -70.56163,-24.48046 -70.56183,-24.48141 -70.56009,-24.48172 -70.55934,-24.4813 -70.55892,-24.48139 -70.55785,-24.48274 -70.55734,-24.48296 -70.5565,-24.48374 -70.55637,-24.48452 -70.55694,-24.48533 -70.55685,-24.48563 -70.55615,-24.48607 -70.5558,-24.48749 -70.55604,-24.48826 -70.55544,-24.48904 -70.55522,-24.49007 -70.55475,-24.49042 -70.55476,-24.49081 -70.55519,-24.49158 -70.55492,-24.4924 -70.55493,-24.49339 -70.55527,-24.49442 -70.55499,-24.49498 -70.55509,-24.49545 -70.55567,-24.49643 -70.55607,-24.49815 -70.55664,-24.49909 -70.55689,-24.4999 -70.55769,-24.50028 -70.55807,-24.50067 -70.55822,-24.50131 -70.5589,-24.50264 -70.55956,-24.50297 -70.5606,-24.50322 -70.56111,-24.50279 -70.56181,-24.50261 -70.5619,-24.50239 -70.56237,-24.50213 -70.56303,-24.50216 -70.56416,-24.50262 -70.56482,-24.50305 -70.56501,-24.50335 -70.56539,-24.50343 -70.56578,-24.50441 -70.56725,-24.50543 -70.56698,-24.50612 -70.56717,-24.50646 -70.56759,-24.50646 -70.56807,-24.50697 -70.56906,-24.50718 -70.5711,-24.50887 -70.57139,-24.50969 -70.56928,-24.50975 -70.56838,-24.50942 -70.56702,-24.50943 -70.56534,-24.51091 -70.56417,-24.51449 -70.56431,-24.51514 -70.56392,-24.51721 -70.56402,-24.51802 -70.56436,-24.51905 -70.56579,-24.52041 -70.56626,-24.52058 -70.56641,-24.52079 -70.56585,-24.52127 -70.56567,-24.52175 -70.5669,-24.52289 -70.56696,-24.52371 -70.56715,-24.5241 -70.56777,-24.52465 -70.56933,-24.52545 -70.56957,-24.52575 -70.57061,-24.52612 -70.5707,-24.52629 -70.57057,-24.52668 -70.57133,-24.52711 -70.57166,-24.52766 -70.57261,-24.52821 -70.57317,-24.52829 -70.57426,-24.52897 -70.57471,-24.5312 -70.57505,-24.53184 -70.576,-24.53282 -70.57606,-24.53389 -70.5764,-24.53428 -70.57584,-24.53493 -70.57589,-24.53536 -70.57618,-24.53565 -70.57614,-24.53596 -70.57572,-24.53626 -70.57456,-24.53774 -70.57447,-24.53808 -70.57485,-24.53864 -70.57477,-24.53976 -70.57521,-24.54074 -70.57549,-24.54074 -70.57607,-24.54198 -70.57654,-24.54202 -70.57749,-24.54274 -70.57787,-24.54282 -70.57943,-24.54405 -70.57944,-24.54457 -70.57982,-24.54508 -70.57983,-24.54538 -70.57861,-24.54604 -70.57848,-24.54642 -70.57867,-24.54681 -70.57858,-24.54711 -70.57896,-24.5478 -70.57939,-24.54801 -70.57967,-24.54792 -70.57995,-24.54804 -70.57996,-24.54843 -70.58034,-24.54899 -70.57997,-24.54946 -70.57975,-24.55032 -70.57942,-24.55041 -70.57938,-24.55072 -70.5808,-24.55147 -70.57991,-24.55196 -70.57944,-24.55201 -70.57822,-24.55198 -70.57709,-24.55169 -70.57629,-24.552 -70.57502,-24.55192 -70.57422,-24.55202 -70.57357,-24.55232 -70.57319,-24.55224 -70.57268,-24.55255 -70.57212,-24.55316 -70.57185,-24.55389 -70.56994,-24.55589 -70.56972,-24.55645 -70.57011,-24.55756 -70.56978,-24.55795 -70.56988,-24.5586 -70.56956,-24.55903 -70.56929,-24.56015 -70.56944,-24.56041 -70.56847,-24.56223 -70.56777,-24.56275 -70.56793,-24.56374 -70.56784,-24.5643 -70.56798,-24.56464 -70.5678,-24.56529 -70.56795,-24.56563 -70.56753,-24.56619 -70.56773,-24.56649 -70.56712,-24.56718 -70.56671,-24.56809 -70.56611,-24.56883 -70.56508,-24.56905 -70.5647,-24.56897 -70.56325,-24.56959 -70.56255,-24.56968 -70.56194,-24.57016 -70.56181,-24.57107 -70.56153,-24.57141 -70.56065,-24.57228 -70.56009,-24.5725 -70.55935,-24.57333 -70.55885,-24.57493 -70.55662,-24.57697 -70.55532,-24.57866 -70.55528,-24.57948 -70.55505,-24.57995 -70.5552,-24.58017 -70.55516,-24.58064 -70.55483,-24.58077 -70.55437,-24.58146 -70.55405,-24.58259 -70.55402,-24.5834 -70.55337,-24.58401 -70.5522,-24.58454 -70.55169,-24.58549 -70.55156,-24.58614 -70.55091,-24.58679 -70.54977,-24.58981 -70.54979,-24.59166 -70.54999,-24.5926 -70.54973,-24.59433 -70.54979,-24.59575 -70.54999,-24.59643 -70.5508,-24.59746 -70.55096,-24.59853 -70.55168,-24.60003 -70.55179,-24.60127 -70.55289,-24.60251 -70.5538,-24.60409 -70.55414,-24.60512 -70.55472,-24.60593 -70.55525,-24.60721 -70.55602,-24.6085 -70.55745,-24.61037 -70.55922,-24.61595 -70.56032,-24.61791 -70.56096,-24.61988 -70.56107,-24.62134 -70.56009,-24.62226 -70.55991,-24.62252 -70.55987,-24.62303 -70.55931,-24.6236 -70.55932,-24.62472 -70.55891,-24.62567 -70.55896,-24.62601 -70.5578,-24.62705 -70.55795,-24.62757 -70.55768,-24.62835 -70.55721,-24.62874 -70.55688,-24.62878 -70.5567,-24.62943 -70.55718,-24.62986 -70.55709,-24.63037 -70.55752,-24.63118 -70.5573,-24.63213 -70.55829,-24.63634 -70.55806,-24.63681 -70.55813,-24.63815 -70.55851,-24.639 -70.55874,-24.64218 -70.55924,-24.64407 -70.55972,-24.64488 -70.56118,-24.64534 -70.56218,-24.64593 -70.56242,-24.64636 -70.56279,-24.64648 -70.56407,-24.64681 -70.5644,-24.64668 -70.5649,-24.64586 -70.56528,-24.64573 -70.56609,-24.64628 -70.56693,-24.64618 -70.56726,-24.64639 -70.56816,-24.64707 -70.5686,-24.64784 -70.5694,-24.64826 -70.56941,-24.64904 -70.57022,-24.64989 -70.57028,-24.65058 -70.57052,-24.65092 -70.5702,-24.6517 -70.57034,-24.65204 -70.57077,-24.65246 -70.57125,-24.65267 -70.5719,-24.65241 -70.57241,-24.65159 -70.57317,-24.65184 -70.57308,-24.65265 -70.57342,-24.65317 -70.57322,-24.65614 -70.57386,-24.65811 -70.57381,-24.65845 -70.57326,-24.65902 -70.57298,-24.65979 -70.57233,-24.66049 -70.57314,-24.66074 -70.573,-24.66126 -70.57268,-24.66173 -70.57132,-24.66243 -70.57081,-24.66287 -70.57082,-24.6636 -70.57041,-24.66459 -70.57047,-24.66554 -70.57019,-24.66619 -70.56998,-24.66795 -70.56938,-24.6689 -70.56944,-24.67011 -70.56847,-24.67171 -70.56853,-24.67253 -70.56896,-24.67308 -70.56897,-24.67342 -70.56869,-24.67373 -70.56908,-24.67471 -70.56852,-24.67575 -70.56862,-24.67618 -70.5683,-24.67678 -70.56847,-24.67859 -70.56815,-24.68005 -70.56893,-24.68181 -70.5682,-24.68358 -70.56778,-24.68414 -70.5677,-24.68475 -70.56742,-24.68496 -70.56614,-24.68489 -70.56568,-24.6852 -70.56545,-24.68567 -70.56545,-24.68615 -70.5664,-24.6867 -70.56664,-24.68708 -70.56665,-24.68751 -70.56637,-24.68768 -70.56623,-24.68807 -70.56652,-24.68863 -70.56638,-24.6891 -70.56578,-24.68971 -70.56593,-24.6904 -70.5658,-24.69087 -70.56477,-24.69187 -70.56494,-24.69415 -70.56561,-24.695 -70.56561,-24.69526 -70.56595,-24.69534 -70.56507,-24.69673 -70.56503,-24.69716 -70.56508,-24.69785 -70.56561,-24.69831 -70.56571,-24.69887 -70.56571,-24.69926 -70.56548,-24.69948 -70.56498,-24.70094 -70.56529,-24.70283 -70.56502,-24.70421 -70.56527,-24.70533 -70.56546,-24.7058 -70.56689,-24.70712 -70.56819,-24.70886 -70.56971,-24.7101 -70.57063,-24.71215 -70.57111,-24.71271 -70.57319,-24.71346 -70.57342,-24.71371 -70.5756,-24.71842 -70.57603,-24.71893 -70.57873,-24.72015 -70.5793,-24.72032 -70.58038,-24.72026 -70.58071,-24.72047 -70.5811,-24.72116 -70.58111,-24.72184 -70.58073,-24.72211 -70.58036,-24.72211 -70.57933,-24.72255 -70.57886,-24.72303 -70.57835,-24.72377 -70.57827,-24.72428 -70.5787,-24.7248 -70.57879,-24.72518 -70.57771,-24.72541 -70.57697,-24.7264 -70.57694,-24.72714 -70.57727,-24.72773 -70.57719,-24.72834 -70.57738,-24.72872 -70.57701,-24.72937 -70.57688,-24.72997 -70.5774,-24.73048 -70.57746,-24.73117 -70.57765,-24.7313 -70.5777,-24.73177 -70.57756,-24.73182 -70.5772,-24.73281 -70.57649,-24.73303 -70.57561,-24.73433 -70.57528,-24.73442 -70.57487,-24.73481 -70.57506,-24.73528 -70.57517,-24.73648 -70.5748,-24.73718 -70.57472,-24.73769 -70.57402,-24.7383 -70.57398,-24.73895 -70.57342,-24.73969 -70.57253,-24.74 -70.57211,-24.74043 -70.57189,-24.74108 -70.57151,-24.74138 -70.57071,-24.74113 -70.56968,-24.74136 -70.56915,-24.74102 -70.56855,-24.7415 -70.56802,-24.74108 -70.56713,-24.74091 -70.56675,-24.74117 -70.56567,-24.74132 -70.56539,-24.74153 -70.56512,-24.74222 -70.56353,-24.74289 -70.56227,-24.74367 -70.56043,-24.74361 -70.55992,-24.74417 -70.55993,-24.74499 -70.55969,-24.7452 -70.55951,-24.74581 -70.5593,-24.74749 -70.55902,-24.74796 -70.55903,-24.74882 -70.55862,-24.74995 -70.55866,-24.75313 -70.55857,-24.75343 -70.55778,-24.7543 -70.55803,-24.75554 -70.55795,-24.75597 -70.55753,-24.75649 -70.55769,-24.75791 -70.55704,-24.75861 -70.55699,-24.75904 -70.55748,-24.75981 -70.55715,-24.76054 -70.55641,-24.76132 -70.55628,-24.76253 -70.55653,-24.76343 -70.55612,-24.76425 -70.55509,-24.76473 -70.55514,-24.76525 -70.55453,-24.7656 -70.55408,-24.76685 -70.55366,-24.76707 -70.55295,-24.76682 -70.55257,-24.76695 -70.55215,-24.76739 -70.55173,-24.76743 -70.55132,-24.7683 -70.55052,-24.76856 -70.54833,-24.77026 -70.5476,-24.77229 -70.54766,-24.77311 -70.54743,-24.77371 -70.54701,-24.77423 -70.54674,-24.7754 -70.547,-24.77707 -70.54668,-24.77785 -70.54616,-24.77811 -70.54514,-24.77907 -70.54473,-24.78019 -70.54497,-24.7807 -70.54465,-24.78105 -70.5446,-24.78127 -70.54479,-24.78144 -70.5447,-24.78191 -70.54486,-24.78273 -70.54519,-24.78328 -70.54535,-24.78461 -70.54559,-24.78534 -70.54636,-24.7865 -70.5474,-24.78674 -70.54807,-24.78734 -70.54846,-24.78824 -70.54846,-24.78888 -70.54886,-24.79 -70.54938,-24.79081 -70.54929,-24.79111 -70.5497,-24.79326 -70.54952,-24.79399 -70.54868,-24.7946 -70.54865,-24.79602 -70.54775,-24.79616 -70.54743,-24.79706 -70.54674,-24.79772 -70.5467,-24.79849 -70.54714,-24.79947 -70.54823,-24.80049 -70.54881,-24.80126 -70.54797,-24.80235 -70.54779,-24.80308 -70.5481,-24.80475 -70.54749,-24.80562 -70.54745,-24.80601 -70.54756,-24.80725 -70.54809,-24.80789 -70.54814,-24.80819 -70.54749,-24.80945 -70.5476,-24.81013 -70.54689,-24.8104 -70.54676,-24.81117 -70.5463,-24.81195 -70.5464,-24.81243 -70.54683,-24.81307 -70.547,-24.81504 -70.54681,-24.81539 -70.54602,-24.81608 -70.54617,-24.81673 -70.54604,-24.8178 -70.54549,-24.81888 -70.54489,-24.81958 -70.54533,-24.82082 -70.54511,-24.8222 -70.54446,-24.82311 -70.54353,-24.82385 -70.54349,-24.82454 -70.54294,-24.82592 -70.54286,-24.82682 -70.54346,-24.82974 -70.54203,-24.83217 -70.54209,-24.83358 -70.54301,-24.83564 -70.54308,-24.83688 -70.54399,-24.8386 -70.54395,-24.83894 -70.54372,-24.83924 -70.54334,-24.83933 -70.54325,-24.83959 -70.54355,-24.84058 -70.54366,-24.84182 -70.54352,-24.84238 -70.54367,-24.84273 -70.54282,-24.84286 -70.54235,-24.8433 -70.54207,-24.84335 -70.54165,-24.84309 -70.53995,-24.84337 -70.53935,-24.84402 -70.53719,-24.84516 -70.53691,-24.84551 -70.53702,-24.84611 -70.53655,-24.84667 -70.53652,-24.84766 -70.53687,-24.84907 -70.53687,-24.84959 -70.53659,-24.84989 -70.53566,-24.85051 -70.53326,-24.85109 -70.53265,-24.85148 -70.53129,-24.85184 -70.53097,-24.8527 -70.53013,-24.85353 -70.52972,-24.8547 -70.5294,-24.85504 -70.52865,-24.85548 -70.52837,-24.85596 -70.528,-24.85622 -70.52636,-24.85679 -70.52565,-24.85689 -70.525,-24.85784 -70.52277,-24.86027 -70.52273,-24.86083 -70.52232,-24.86174 -70.52232,-24.86238 -70.52181,-24.86295 -70.52191,-24.86333 -70.5214,-24.86415 -70.52146,-24.86476 -70.52077,-24.8661 -70.52067,-24.86975 -70.52092,-24.87061 -70.52135,-24.87125 -70.5214,-24.87172 -70.52109,-24.8731 -70.5211,-24.87413 -70.5212,-24.87461 -70.52202,-24.87593 -70.52241,-24.87696 -70.52279,-24.88087 -70.52327,-24.88164 -70.52342,-24.88245 -70.52414,-24.88348 -70.52405,-24.88387 -70.52443,-24.88446 -70.52483,-24.88592 -70.52498,-24.88652 -70.52479,-24.88691 -70.52504,-24.88773 -70.52467,-24.88803 -70.52477,-24.88863 -70.52535,-24.88966 -70.52564,-24.8909 -70.52588,-24.89129 -70.52793,-24.89238 -70.52807,-24.89285 -70.52789,-24.89363 -70.52795,-24.89427 -70.5284,-24.89664 -70.52893,-24.89753 -70.52945,-24.89748 -70.52964,-24.89774 -70.5297,-24.89869 -70.5282,-24.89939 -70.52797,-24.89991 -70.52836,-24.90124 -70.52885,-24.90209 -70.5289,-24.90256 -70.52881,-24.90304 -70.52825,-24.9033 -70.52797,-24.90399 -70.52774,-24.90417 -70.52738,-24.90525 -70.52791,-24.90644 -70.52764,-24.90761 -70.52812,-24.90821 -70.52813,-24.90911 -70.52848,-24.91074 -70.5284,-24.91169 -70.52789,-24.91234 -70.52828,-24.91345 -70.52786,-24.91414 -70.5273,-24.91449 -70.52755,-24.91522 -70.52666,-24.91635 -70.52572,-24.91614 -70.52483,-24.91697 -70.52479,-24.91761 -70.52413,-24.91762 -70.52447,-24.918 -70.52414,-24.91818 -70.52424,-24.91857 -70.52495,-24.91873 -70.52298,-24.91995 -70.52271,-24.9203 -70.5228,-24.92073 -70.52238,-24.92108 -70.52205,-24.92108 -70.52135,-24.92169 -70.52145,-24.92208 -70.52132,-24.92238 -70.5208,-24.92273 -70.51971,-24.92252 -70.51948,-24.92279 -70.51963,-24.92326 -70.51902,-24.92382 -70.51885,-24.92494 -70.51833,-24.92533 -70.51792,-24.92603 -70.51774,-24.92693 -70.5178,-24.92783 -70.51757,-24.92861 -70.51768,-24.92955 -70.51797,-24.92989 -70.51792,-24.93033 -70.51727,-24.93094 -70.51691,-24.93197 -70.51448,-24.93389 -70.51406,-24.93449 -70.51373,-24.93454 -70.51345,-24.93489 -70.51313,-24.93588 -70.51243,-24.93645 -70.51004,-24.93733 -70.50948,-24.93811 -70.50892,-24.93855 -70.5086,-24.93928 -70.50719,-24.93998 -70.50503,-24.94035 -70.50386,-24.94088 -70.50284,-24.94243 -70.50266,-24.94299 -70.50271,-24.94364 -70.50197,-24.94433 -70.50131,-24.9446 -70.50085,-24.94564 -70.49982,-24.94629 -70.49992,-24.94715 -70.49979,-24.94784 -70.49937,-24.94797 -70.49914,-24.94836 -70.49848,-24.94871 -70.49796,-24.94876 -70.49675,-24.94955 -70.49618,-24.94942 -70.49547,-24.94956 -70.49462,-24.94948 -70.49238,-24.95084 -70.492,-24.95071 -70.49025,-24.95103 -70.48927,-24.95173 -70.48872,-24.95294 -70.4891,-24.95323 -70.48963,-24.95409 -70.48917,-24.95461 -70.48691,-24.95536 -70.4863,-24.95576 -70.48608,-24.95658 -70.48561,-24.95736 -70.48449,-24.95818 -70.48427,-24.9593 -70.48437,-24.9596 -70.48418,-24.95999 -70.48334,-24.96086 -70.48242,-24.96238 -70.48209,-24.96259 -70.48163,-24.96333 -70.48212,-24.96522 -70.48199,-24.96599 -70.4812,-24.96725 -70.48121,-24.96776 -70.48103,-24.96819 -70.48146,-24.96927 -70.48071,-24.96936 -70.48024,-24.96966 -70.47958,-24.9698 -70.47859,-24.96972 -70.47803,-24.97012 -70.47728,-24.97025 -70.477,-24.97051 -70.47629,-24.97074 -70.47559,-24.97152 -70.47519,-24.97285 -70.47463,-24.97363 -70.47369,-24.97407 -70.47211,-24.97611 -70.47147,-24.97801 -70.47095,-24.97801 -70.47068,-24.97853 -70.47073,-24.97905 -70.47055,-24.97957 -70.46989,-24.97987 -70.46952,-24.98048 -70.46963,-24.98151 -70.46907,-24.98182 -70.46879,-24.98242 -70.46889,-24.98306 -70.46876,-24.98423 -70.46896,-24.98496 -70.46818,-24.98651 -70.468,-24.98759 -70.46839,-24.98836 -70.46943,-24.98891 -70.46972,-24.98929 -70.46883,-24.9896 -70.46827,-24.99017 -70.46813,-24.9906 -70.46819,-24.99124 -70.46861,-24.99141 -70.46876,-24.99167 -70.4682,-24.9921 -70.4682,-24.9924 -70.46797,-24.99266 -70.46754,-24.99275 -70.46722,-24.9931 -70.46747,-24.99439 -70.46691,-24.99478 -70.46668,-24.99543 -70.46736,-24.99714 -70.46708,-24.99779 -70.46718,-24.99809 -70.46672,-24.99874 -70.46702,-25.00037 -70.46736,-25.00075 -70.46736,-25.0011 -70.46685,-25.00179 -70.46699,-25.00196 -70.46686,-25.00252 -70.46715,-25.00321 -70.46668,-25.00347 -70.4665,-25.00425 -70.4666,-25.00489 -70.46647,-25.00562 -70.46671,-25.00626 -70.46662,-25.00665 -70.46682,-25.00738 -70.46716,-25.00794 -70.4673,-25.00811 -70.46796,-25.00823 -70.46853,-25.00865 -70.46859,-25.0096 -70.46925,-25.00959 -70.46964,-25.01023 -70.46828,-25.01111 -70.46819,-25.01154 -70.46952,-25.01238 -70.46971,-25.01273 -70.46944,-25.01307 -70.46949,-25.01376 -70.46988,-25.01445 -70.47026,-25.01479 -70.47003,-25.01552 -70.47032,-25.01582 -70.47028,-25.01625 -70.47,-25.01664 -70.47001,-25.0175 -70.46959,-25.0181 -70.46965,-25.01926 -70.47008,-25.01982 -70.47014,-25.02085 -70.47077,-25.02162 -70.47106,-25.02278 -70.47164,-25.02346 -70.47169,-25.02384 -70.47207,-25.02436 -70.47213,-25.02483 -70.47347,-25.02662 -70.47411,-25.02872 -70.47526,-25.03052 -70.47551,-25.03129 -70.47557,-25.03254 -70.476,-25.03335 -70.47653,-25.03386 -70.47707,-25.03609 -70.47838,-25.03849 -70.47881,-25.039 -70.47849,-25.0396 -70.47882,-25.04012 -70.47931,-25.04162 -70.47984,-25.04221 -70.48093,-25.04254 -70.48126,-25.04258 -70.48201,-25.04206 -70.48234,-25.04219 -70.48244,-25.04244 -70.4826,-25.04416 -70.48337,-25.04527 -70.48267,-25.04588 -70.48268,-25.04657 -70.48287,-25.04683 -70.48217,-25.04778 -70.48241,-25.04812 -70.48209,-25.04903 -70.48224,-25.04967 -70.48253,-25.04988 -70.48188,-25.05071 -70.48126,-25.05101 -70.48108,-25.05127 -70.48176,-25.05329 -70.48229,-25.05393 -70.48244,-25.05487 -70.4832,-25.05516 -70.48321,-25.05555 -70.4835,-25.05593 -70.48317,-25.0562 -70.48327,-25.05658 -70.48365,-25.05679 -70.48379,-25.05709 -70.48398,-25.05705 -70.48432,-25.05782 -70.48508,-25.05807 -70.4857,-25.05849 -70.48561,-25.05867 -70.48619,-25.05978 -70.48624,-25.06042 -70.48682,-25.06115 -70.48626,-25.06176 -70.48585,-25.06331 -70.48605,-25.06395 -70.48591,-25.06464 -70.48612,-25.0661 -70.48603,-25.06657 -70.48661,-25.06713 -70.48648,-25.06808 -70.48658,-25.06893 -70.4882,-25.07055 -70.48821,-25.07102 -70.48845,-25.07149 -70.48828,-25.07283 -70.48867,-25.07425 -70.48929,-25.0745 -70.49006,-25.07552 -70.4904,-25.07642 -70.49046,-25.07728 -70.49083,-25.07723 -70.49188,-25.07791 -70.49165,-25.07813 -70.4917,-25.07834 -70.49222,-25.0789 -70.49274,-25.07898 -70.49322,-25.07945 -70.49323,-25.08035 -70.49273,-25.0816 -70.49283,-25.08203 -70.49312,-25.08237 -70.49377,-25.08206 -70.49433,-25.08128 -70.49565,-25.08131 -70.49618,-25.08182 -70.49656,-25.08251 -70.49676,-25.08332 -70.49805,-25.08439 -70.49848,-25.08494 -70.49929,-25.08528 -70.49991,-25.08587 -70.50015,-25.0863 -70.50006,-25.08669 -70.50059,-25.08724 -70.50098,-25.08797 -70.50192,-25.08822 -70.50239,-25.08808 -70.50301,-25.08842 -70.50406,-25.0894 -70.50453,-25.08939 -70.50472,-25.08918 -70.50515,-25.08921 -70.50553,-25.08947 -70.50572,-25.09003 -70.50639,-25.09062 -70.50602,-25.09123 -70.50603,-25.09183 -70.50627,-25.09226 -70.50609,-25.09316 -70.50657,-25.09337 -70.50705,-25.09401 -70.50729,-25.09474 -70.50707,-25.0959 -70.50783,-25.09658 -70.50788,-25.09688 -70.50737,-25.09715 -70.50676,-25.09789 -70.5065,-25.09969 -70.50478,-25.10169 -70.50521,-25.10224 -70.50522,-25.10276 -70.50479,-25.10272 -70.50431,-25.10221 -70.50413,-25.1023 -70.50395,-25.10333 -70.50306,-25.10429 -70.5026,-25.10528 -70.50289,-25.10588 -70.50285,-25.10648 -70.50253,-25.10726 -70.5025,-25.10808 -70.50251,-25.10889 -70.50275,-25.10919 -70.50271,-25.11018 -70.50324,-25.11091 -70.50344,-25.11181 -70.50378,-25.11245 -70.50364,-25.11292 -70.50308,-25.11357 -70.50244,-25.11474 -70.50163,-25.11466 -70.50018,-25.11571 -70.49956,-25.11542 -70.49928,-25.11551 -70.49904,-25.11486 -70.49907,-25.11362 -70.49863,-25.1128 -70.4982,-25.11238 -70.4973,-25.11196 -70.49602,-25.11163 -70.49376,-25.11208 -70.49324,-25.11234 -70.49268,-25.11235 -70.49033,-25.11314 -70.48654,-25.11632 -70.48612,-25.1165 -70.48522,-25.11638 -70.48475,-25.11664 -70.48456,-25.11694 -70.48334,-25.11734 -70.48254,-25.11795 -70.48133,-25.119 -70.47909,-25.12143 -70.47806,-25.12208 -70.47741,-25.12299 -70.4768,-25.12347 -70.47638,-25.12416 -70.47512,-25.12495 -70.474,-25.12634 -70.47279,-25.12734 -70.47256,-25.12799 -70.47134,-25.12881 -70.4704,-25.12968 -70.46956,-25.13017 -70.46788,-25.13207 -70.46648,-25.1332 -70.46634,-25.13355 -70.46545,-25.13429 -70.4649,-25.13529 -70.46285,-25.1381 -70.46244,-25.13922 -70.46233,-25.14168 -70.46266,-25.14214 -70.46272,-25.14262 -70.4632,-25.1433 -70.46326,-25.14459 -70.46237,-25.1452 -70.46223,-25.1455 -70.4621,-25.14667 -70.46187,-25.14701 -70.46161,-25.14856 -70.46054,-25.14995 -70.46007,-25.1503 -70.4588,-25.15083 -70.45767,-25.15161 -70.45745,-25.15243 -70.45779,-25.15337 -70.45691,-25.15463 -70.457,-25.1548 -70.45678,-25.15592 -70.45622,-25.15627 -70.45619,-25.15752 -70.45658,-25.15889 -70.45849,-25.16076 -70.45906,-25.16093 -70.45925,-25.16131 -70.45902,-25.16162 -70.45855,-25.16158 -70.45841,-25.16171 -70.45729,-25.16318 -70.45601,-25.16298 -70.45475,-25.16415 -70.45339,-25.16494 -70.45293,-25.16581 -70.45101,-25.16759 -70.45046,-25.16905 -70.45023,-25.16931 -70.44976,-25.16975 -70.44854,-25.17036 -70.44789,-25.17097 -70.44669,-25.17343 -70.44622,-25.17408 -70.44589,-25.17426</coordinates></LinearRing></outerBoundaryIs></Polygon>"
11,4198,Arica y Parinacota Region,region,CL,Chile,True,True,Polygons not found.
12,667,Bío Bío Region,region,CL,Chile,True,True,Polygons not found.
